text,intent,sentiment
Ai tạo ra bạn thế,Chitchat,Neutral
Ai tạo ra bạn thế bot,Chitchat,Neutral
Ai tạo ra bạn thế bạn,Chitchat,Neutral
Ai tạo ra bạn thế mình,Chitchat,Neutral
Ai tạo ra bạn thế tui,Chitchat,Neutral
App chạy ổn không,Chitchat,Neutral
Ban hay qua troi,Chitchat,Positive
Biết rồi để đó đi,Chitchat,Neutral
Bot dễ thương ghê,Chitchat,Positive
Bot dễ thương ghê luôn,Chitchat,Positive
Bot dễ thương ghê nha,Chitchat,Positive
Bot xịn quá xịn,Chitchat,Positive
"Bot ơi, bạn làm được gì",Chitchat,Neutral
"Bot ơi, bạn làm được gì bot",Chitchat,Neutral
"Bot ơi, bạn làm được gì bạn",Chitchat,Neutral
"Bot ơi, bạn làm được gì mình",Chitchat,Neutral
"Bot ơi, bạn làm được gì tui",Chitchat,Neutral
"Bot ơi, giới thiệu bạn chút đi",Chitchat,Neutral
Buon khong ta noi,Chitchat,Negative
Buon lam khong biet lam sao,Chitchat,Negative
Buon qua khoc luon,Chitchat,Negative
Buon qua muon tam su,Chitchat,Negative
Buon vi khong ai hieu,Chitchat,Negative
Buon vi met,Chitchat,Negative
Buồn ngủ mà deadline dí sát cổ,Chitchat,Negative
"Bye bye, hẹn gặp lại",Chitchat,Positive
Bye nha,Chitchat,Positive
Bái bai nha,Chitchat,Positive
Bái bai nha luôn,Chitchat,Positive
Bái bai nha nha,Chitchat,Positive
"Bái bai, đi đây nè",Chitchat,Positive
"Bái bai, đi đây nè #267",Chitchat,Positive
"Bái bai, đi đây nè #292",Chitchat,Positive
Bạn có biết hát không,Chitchat,Neutral
Bạn có biết kể chuyện cười không,Chitchat,Neutral
Bạn có biết kể chuyện cười không #270,Chitchat,Neutral
Bạn có biết kể chuyện cười không #295,Chitchat,Neutral
Bạn có biết kể chuyện không,Chitchat,Neutral
Bạn có biết làm thơ không,Chitchat,Neutral
Bạn có biết đùa không,Chitchat,Neutral
Bạn có giúp được gì không,Chitchat,Neutral
Bạn có hiểu tiếng Việt không,Chitchat,Neutral
Bạn có khỏe không,Chitchat,Neutral
Bạn có mệt không,Chitchat,Neutral
Bạn có người yêu chưa,Chitchat,Neutral
Bạn có người yêu chưa bot,Chitchat,Neutral
Bạn có người yêu chưa bạn,Chitchat,Neutral
Bạn có người yêu chưa mình,Chitchat,Neutral
Bạn có người yêu chưa tui,Chitchat,Neutral
Bạn có nhớ tui không,Chitchat,Neutral
Bạn có online không,Chitchat,Neutral
Bạn có online không #281,Chitchat,Neutral
Bạn có phải AI không,Chitchat,Neutral
Bạn có phải AI không bot,Chitchat,Neutral
Bạn có phải AI không bạn,Chitchat,Neutral
Bạn có phải AI không mình,Chitchat,Neutral
Bạn có phải AI không tui,Chitchat,Neutral
Bạn có rảnh không,Chitchat,Neutral
Bạn có thông minh không,Chitchat,Neutral
Bạn có thể tư vấn giúp mình không,Chitchat,Negative
Bạn có đang nghe tui không,Chitchat,Neutral
Bạn hoạt động thế nào,Chitchat,Neutral
Bạn học từ đâu vậy,Chitchat,Neutral
Bạn khỏe không,Chitchat,Positive
Bạn là ai vậy,Chitchat,Neutral
Bạn là ai vậy bot,Chitchat,Neutral
Bạn là ai vậy bạn,Chitchat,Neutral
Bạn là ai vậy mình,Chitchat,Neutral
Bạn là ai vậy tui,Chitchat,Neutral
Bạn là bot hay người thật,Chitchat,Neutral
Bạn là bot hay người thật vậy,Chitchat,Neutral
Bạn nói chuyện kiểu gì mà hay ghê,Chitchat,Neutral
Bạn nói chuyện vui ghê á,Chitchat,Positive
Bạn nói chuyện vui ghê á #263,Chitchat,Positive
Bạn nói chuyện vui ghê á #288,Chitchat,Positive
Bạn rảnh không,Chitchat,Negative
Bạn thấy thời tiết hôm nay sao,Chitchat,Negative
Bạn trả lời hay quá mình muốn share cho bạn bè,Chitchat,Positive
Bạn trả lời kiểu gì vậy,Chitchat,Neutral
Bạn tên gì vậy,Chitchat,Neutral
Bị trừ lương oan mình tức muốn khóc,Chitchat,Negative
Bữa nay khỏe hong,Chitchat,Neutral
Bữa nay nóng ghê,Chitchat,Neutral
Cam on ban da giup,Chitchat,Positive
Cam on ban nhieu lam,Chitchat,Positive
Cam on rat nhieu nha,Chitchat,Positive
Cam on tam long ban,Chitchat,Positive
Cam on vi da lang nghe,Chitchat,Positive
Chan app roi that,Chitchat,Negative
Chan doi lam roi,Chitchat,Negative
Chan doi qua roi,Chitchat,Negative
Chan het roi that,Chitchat,Negative
Chan het suc roi,Chitchat,Negative
Chan qua roi di,Chitchat,Negative
Chao ban,Chitchat,Negative
Chao ban a,Chitchat,Positive
Chao ban ban,Chitchat,Negative
Chao ban bot,Chitchat,Neutral
Chao ban chut xiu,Chitchat,Negative
Chao ban di,Chitchat,Neutral
Chao ban ha,Chitchat,Positive
Chao ban hen,Chitchat,Neutral
Chao ban may,Chitchat,Positive
Chao ban may ban,Chitchat,Positive
Chao ban may bot,Chitchat,Positive
Chao ban may di,Chitchat,Positive
Chao ban may ha,Chitchat,Positive
Chao ban may nha,Chitchat,Positive
Chao ban may oi,Chitchat,Positive
Chao ban may thoi,Chitchat,Positive
Chao ban may vay,Chitchat,Positive
Chao ban minh di day,Chitchat,Neutral
Chao ban nha,Chitchat,Neutral
Chao ban nhe,Chitchat,Positive
Chao ban oi,Chitchat,Negative
Chao ban thoi,Chitchat,Neutral
Chao ban thoi nha,Chitchat,Neutral
Chao ban thui,Chitchat,Neutral
Chao ban vay,Chitchat,Neutral
Chill chút nha,Chitchat,Positive
Chill đi bạn ơi,Chitchat,Positive
Chill đi bạn ơi #279,Chitchat,Positive
Cho mình hỏi tí thôi nhé,Chitchat,Neutral
Cho mình xin lời khuyên,Chitchat,Negative
Chuc ban ngay tot lanh,Chitchat,Positive
Chuc mung ban nhe,Chitchat,Positive
Chào,Chitchat,Negative
Chào a,Chitchat,Neutral
Chào ban,Chitchat,Neutral
Chào bot,Chitchat,Neutral
Chào bot bot,Chitchat,Neutral
Chào bot bạn,Chitchat,Neutral
Chào bot mình,Chitchat,Neutral
Chào bot tui,Chitchat,Neutral
Chào buổi sáng nha,Chitchat,Neutral
Chào buổi sáng nha bot,Chitchat,Neutral
Chào buổi sáng nha bạn,Chitchat,Neutral
Chào buổi sáng nha mình,Chitchat,Neutral
Chào buổi sáng nha tui,Chitchat,Neutral
Chào buổi trưa nha,Chitchat,Neutral
Chào buổi tối nha,Chitchat,Neutral
Chào bạn,Chitchat,Neutral
Chào bạn bot,Chitchat,Neutral
Chào bạn bạn,Chitchat,Neutral
Chào bạn mình,Chitchat,Neutral
"Chào bạn nha, ghé chào chút",Chitchat,Neutral
"Chào bạn nha, ghé chào chút #261",Chitchat,Neutral
"Chào bạn nha, ghé chào chút #286",Chitchat,Neutral
Chào bạn tui,Chitchat,Neutral
Chào chut xiu,Chitchat,Neutral
Chào cái coi,Chitchat,Neutral
Chào cả nhà,Chitchat,Neutral
Chào di,Chitchat,Neutral
Chào ha,Chitchat,Neutral
Chào hen,Chitchat,Neutral
Chào may,Chitchat,Positive
Chào minh di day,Chitchat,Neutral
Chào mn,Chitchat,Neutral
Chào nha,Chitchat,Neutral
Chào nhe,Chitchat,Negative
Chào oi,Chitchat,Neutral
Chào thoi,Chitchat,Neutral
Chào thoi nha,Chitchat,Neutral
Chào thui,Chitchat,Neutral
Chào vay,Chitchat,Neutral
Chán nhẹ luôn,Chitchat,Negative
Chúc bạn hôm nay bảnh hơn hôm qua,Chitchat,Positive
Chúc bạn hôm nay bảnh hơn hôm qua #274,Chitchat,Positive
Chúc bạn hôm nay bảnh hơn hôm qua #299,Chitchat,Positive
Chúc bạn một ngày vui vẻ,Chitchat,Positive
Chúc bạn ngày mới vui vẻ,Chitchat,Negative
Chúc bạn ngủ ngon,Chitchat,Positive
Chúc cuối tuần ổn áp,Chitchat,Positive
Chúc ngủ ngon nha,Chitchat,Positive
Chúc team làm app ngày càng thành công nha,Chitchat,Positive
Chưa bắt nhịp kịp luôn,Chitchat,Negative
Chưa hiểu lắm,Chitchat,Neutral
Chỉ hỏi thăm chút thôi,Chitchat,Neutral
Chỉ tui cách làm với,Chitchat,Neutral
Cuối tuần làm gì đó,Chitchat,Neutral
Cám ơn nhiều,Chitchat,Positive
Câu này đỉnh quá,Chitchat,Positive
Câu trả lời rất ổn,Chitchat,Positive
Cãi nhau với sếp mệt nghỉ luôn,Chitchat,Negative
Có ai online không,Chitchat,Neutral
Có ai trả lời tui không,Chitchat,Neutral
Có ai ở đây không,Chitchat,Neutral
Có ai ở đây không bot,Chitchat,Neutral
Có ai ở đây không bạn,Chitchat,Neutral
Có ai ở đây không mình,Chitchat,Neutral
Có ai ở đây không tui,Chitchat,Neutral
Có chuyện gì vui không,Chitchat,Neutral
Có chút cộc nhẹ,Chitchat,Negative
Có gì mới không,Chitchat,Neutral
Có gì mới kể tui nghe với,Chitchat,Neutral
Có hỗ trợ tiếng Anh không,Chitchat,Neutral
Cũng vui phết đó,Chitchat,Positive
Cảm giác cô đơn quá đi mất,Chitchat,Negative
Cảm giác hôm nay bình thường,Chitchat,Negative
Cảm giác vui hơn hẳn,Chitchat,Positive
Cảm ơn bot nhiều nè,Chitchat,Positive
Cảm ơn bot nhiều nè #262,Chitchat,Positive
Cảm ơn bot nhiều nè #287,Chitchat,Positive
Cảm ơn bạn nhiều,Chitchat,Negative
Cảm ơn bạn nhiều lắm luôn,Chitchat,Positive
Cảm ơn bạn đã giúp mình,Chitchat,Positive
"Cảm ơn bạn, dễ thương ghê",Chitchat,Positive
Cảm ơn hén,Chitchat,Positive
Cảm ơn nha,Chitchat,Positive
Cảm ơn nha luôn,Chitchat,Positive
Cảm ơn nha nha,Chitchat,Positive
Cảm ơn nhiều nhiều luôn,Chitchat,Positive
Cảm ơn nhiều nhiều luôn luôn,Chitchat,Positive
Cảm ơn nhiều nhiều luôn nha,Chitchat,Positive
"Cảm ơn nhé, mình thấy tốt hơn",Chitchat,Positive
Cảm ơn vì đã lắng nghe,Chitchat,Negative
Cứu tui với,Chitchat,Neutral
Cực kỳ dễ thương,Chitchat,Positive
Dang buon lam,Chitchat,Negative
Dang rat met moi,Chitchat,Negative
Dang yeu qua di,Chitchat,Positive
Dạo này ổn không,Chitchat,Neutral
Dễ thương xỉu luôn,Chitchat,Positive
Dễ thương xỉu luôn #277,Chitchat,Positive
Gap ban la vui roi,Chitchat,Positive
Giao diện nhìn ổn áp,Chitchat,Neutral
Giờ mấy giờ rồi nhỉ,Chitchat,Neutral
Haha cuoi met,Chitchat,Positive
Hay quá trời,Chitchat,Positive
Hay that su luon,Chitchat,Positive
Hello,Chitchat,Negative
Hello a,Chitchat,Negative
Hello ban,Chitchat,Neutral
Hello bot,Chitchat,Neutral
"Hello bot, nghe nè",Chitchat,Neutral
Hello chut xiu,Chitchat,Neutral
Hello di,Chitchat,Neutral
Hello ha,Chitchat,Positive
Hello hello,Chitchat,Neutral
Hello hello #271,Chitchat,Neutral
Hello hello #296,Chitchat,Neutral
Hello hen,Chitchat,Neutral
Hello may,Chitchat,Positive
Hello minh di day,Chitchat,Neutral
Hello nha,Chitchat,Positive
Hello nhe,Chitchat,Negative
Hello oi,Chitchat,Negative
Hello thoi,Chitchat,Neutral
Hello thoi nha,Chitchat,Positive
Hello thui,Chitchat,Negative
Hello vay,Chitchat,Neutral
Hi a,Chitchat,Negative
Hi ban,Chitchat,Neutral
Hi bot,Chitchat,Neutral
Hi bot bot,Chitchat,Neutral
Hi bot bạn,Chitchat,Neutral
Hi bot mình,Chitchat,Neutral
Hi bot tui,Chitchat,Neutral
Hi bạn ơi,Chitchat,Neutral
Hi chut xiu,Chitchat,Neutral
Hi di,Chitchat,Negative
Hi ha,Chitchat,Positive
Hi hen,Chitchat,Neutral
Hi hi,Chitchat,Positive
Hi hi #272,Chitchat,Positive
Hi hi #297,Chitchat,Positive
Hi may,Chitchat,Negative
Hi minh di day,Chitchat,Neutral
Hi nha,Chitchat,Negative
Hi nhe,Chitchat,Neutral
Hi oi,Chitchat,Positive
Hi thoi,Chitchat,Neutral
Hi thoi nha,Chitchat,Neutral
Hi thui,Chitchat,Positive
Hi vay,Chitchat,Negative
Hihi vui ghie,Chitchat,Positive
Hom nay buon qua di,Chitchat,Negative
Hom nay vui qua ha,Chitchat,Positive
"Hí hí, tui tới nè",Chitchat,Neutral
Hôm nay bình thường,Chitchat,Neutral
Hôm nay bạn thế nào,Chitchat,Neutral
Hôm nay bạn vui không,Chitchat,Neutral
Hôm nay chán thật,Chitchat,Negative
Hôm nay là ngày tuyệt vời,Chitchat,Positive
Hôm nay là thứ mấy vậy bạn,Chitchat,Neutral
Hôm nay mood bạn sao rồi,Chitchat,Neutral
Hôm nay mood bạn sao rồi bot,Chitchat,Neutral
Hôm nay mood bạn sao rồi bạn,Chitchat,Neutral
Hôm nay mood bạn sao rồi mình,Chitchat,Neutral
Hôm nay mood bạn sao rồi tui,Chitchat,Neutral
Hôm nay mình buồn quá,Chitchat,Negative
Hôm nay mình vui quá,Chitchat,Positive
Hôm nay mệt bở hơi tai luôn,Chitchat,Negative
Hôm nay nắng hay mưa ta,Chitchat,Neutral
Hôm nay trúng mini game vui ghê,Chitchat,Positive
Hôm nay trời sao rồi ta,Chitchat,Neutral
Hôm nay trời đẹp không,Chitchat,Neutral
Hôm nay trời đẹp không bot,Chitchat,Neutral
Hôm nay trời đẹp không bạn,Chitchat,Neutral
Hôm nay trời đẹp không mình,Chitchat,Neutral
Hôm nay trời đẹp không tui,Chitchat,Neutral
Hôm nay trời ổn không bạn,Chitchat,Neutral
Hôm nay trời ổn không bạn #265,Chitchat,Neutral
Hôm nay trời ổn không bạn #290,Chitchat,Neutral
Hơi căng đó nha,Chitchat,Negative
Hơi cấn nha,Chitchat,Negative
Hơi cấn nha xíu,Chitchat,Negative
Hơi khó hiểu thật,Chitchat,Negative
Hơi lăn tăn chút,Chitchat,Negative
Hơi lăn tăn chút #278,Chitchat,Negative
Hơi mệt nhưng vẫn ổn,Chitchat,Negative
Hơi rối một tí,Chitchat,Neutral
Hẹn gặp lại sau,Chitchat,Positive
Hế lô,Chitchat,Neutral
Hế lô a,Chitchat,Neutral
Hế lô ban,Chitchat,Neutral
Hế lô bot,Chitchat,Neutral
Hế lô chut xiu,Chitchat,Positive
Hế lô di,Chitchat,Positive
Hế lô ha,Chitchat,Negative
Hế lô hen,Chitchat,Neutral
Hế lô may,Chitchat,Negative
Hế lô minh di day,Chitchat,Neutral
Hế lô nha,Chitchat,Neutral
Hế lô nhe,Chitchat,Neutral
Hế lô oi,Chitchat,Neutral
Hế lô thoi,Chitchat,Neutral
Hế lô thoi nha,Chitchat,Neutral
Hế lô thui,Chitchat,Positive
Hế lô vay,Chitchat,Neutral
Hỏi chơi chút thôi,Chitchat,Neutral
Hỏi chơi chút thôi #268,Chitchat,Neutral
Hỏi chơi chút thôi #293,Chitchat,Neutral
Không biết phải nói gì,Chitchat,Negative
Không có gì quan trọng đâu,Chitchat,Neutral
Không hiểu lắm,Chitchat,Negative
Không hiểu lắm #283,Chitchat,Negative
Không vào được,Chitchat,Neutral
Không vào được bot,Chitchat,Neutral
Không vào được bạn,Chitchat,Neutral
Không vào được mình,Chitchat,Neutral
Không vào được tui,Chitchat,Neutral
Không ổn chút nào,Chitchat,Negative
Lâu quá chưa tám,Chitchat,Neutral
Lú quá trời,Chitchat,Negative
Mai gặp lại nha,Chitchat,Positive
Mai gặp lại nha #276,Chitchat,Positive
Mai nói chuyện tiếp nha,Chitchat,Positive
Mai tính tiếp nha,Chitchat,Neutral
Met moi roi that su,Chitchat,Negative
Met moi vo cung,Chitchat,Negative
Met nguoi roi,Chitchat,Negative
Met qua khong noi nen loi,Chitchat,Negative
Met qua muon nghi roi,Chitchat,Negative
Met qua roi ngu thang,Chitchat,Negative
Met qua roi ve ngu,Chitchat,Negative
Met vi lam nhieu qua,Chitchat,Negative
"Mlem, nghe thích ghê",Chitchat,Positive
Màn hình bị đứng rồi,Chitchat,Neutral
Mê câu này ghê,Chitchat,Positive
Mình chỉ muốn nói chuyện chút thôi,Chitchat,Neutral
Mình chỉ đang lướt app cho đỡ buồn,Chitchat,Neutral
Mình có chuyện muốn hỏi,Chitchat,Neutral
Mình căng thẳng quá,Chitchat,Negative
Mình cần bạn giúp chút,Chitchat,Neutral
Mình cần tư vấn nhẹ,Chitchat,Neutral
Mình hơi chán không muốn làm gì cả,Chitchat,Negative
Mình lo lắng nhiều quá,Chitchat,Negative
Mình muốn hỏi chút,Chitchat,Positive
Mình muốn hỏi ý kiến,Chitchat,Neutral
Mình muốn tâm sự chút,Chitchat,Neutral
Mình mệt mỏi lắm,Chitchat,Negative
Mình mới uống cà phê xong tinh thần phơi phới,Chitchat,Positive
Mình rất hài lòng,Chitchat,Positive
Mình stress quá,Chitchat,Negative
Mình thất vọng quá,Chitchat,Negative
Mình thấy có động lực hơn,Chitchat,Positive
Mình thấy nhẹ nhõm rồi,Chitchat,Positive
Mình thấy nặng nề,Chitchat,Negative
Mình vui quá đi mất thôi,Chitchat,Positive
Mình đang băn khoăn,Chitchat,Neutral
Mình đang hơi mệt,Chitchat,Positive
Mình đang nghĩ linh tinh,Chitchat,Neutral
Mình đang rảnh,Chitchat,Neutral
Mình đi đây nha,Chitchat,Positive
Mạng hôm nay lag ghê,Chitchat,Neutral
Mọi thứ đang ổn lên,Chitchat,Positive
Nay bạn sao rồi,Chitchat,Neutral
Nghe hợp lý ghê,Chitchat,Positive
Nghe nhạc chill một mình cũng được,Chitchat,Neutral
Nghe vậy mà tui vẫn mơ hồ,Chitchat,Negative
Nghe vậy mình thấy yên tâm,Chitchat,Positive
Ngủ ngon nghen,Chitchat,Positive
"Ngủ sớm nha, mai tám tiếp",Chitchat,Positive
"Ngủ sớm nha, mai tám tiếp #266",Chitchat,Positive
"Ngủ sớm nha, mai tám tiếp #291",Chitchat,Positive
Nhắn lại giúp tui với,Chitchat,Neutral
Nhớ giữ sức khỏe đó,Chitchat,Neutral
Noi chuyen rat vui,Chitchat,Positive
Nè a,Chitchat,Neutral
Nè ban,Chitchat,Neutral
Nè bot,Chitchat,Neutral
Nè chut xiu,Chitchat,Neutral
Nè di,Chitchat,Neutral
Nè ha,Chitchat,Neutral
Nè hen,Chitchat,Negative
Nè may,Chitchat,Neutral
Nè minh di day,Chitchat,Neutral
Nè nha,Chitchat,Positive
Nè nhe,Chitchat,Neutral
"Nè nè, có ai ở đó không",Chitchat,Neutral
Nè oi,Chitchat,Negative
Nè thoi,Chitchat,Negative
Nè thoi nha,Chitchat,Positive
Nè thui,Chitchat,Neutral
Nè vay,Chitchat,Neutral
Nói chuyện cho đỡ chán,Chitchat,Neutral
Nói chuyện chơi chút đi,Chitchat,Neutral
Nói chuyện xíu nha,Chitchat,Neutral
Nút này bấm sao,Chitchat,Neutral
Năm mới chúc mọi người an khang thịnh vượng,Chitchat,Positive
Ok cảm ơn để mình xem lại,Chitchat,Neutral
"Okela, hiểu rồi",Chitchat,Positive
"Okela, hiểu rồi luôn",Chitchat,Positive
"Okela, hiểu rồi nha",Chitchat,Positive
"Okie, cảm ơn nha",Chitchat,Positive
Peace nha,Chitchat,Positive
Ping thử xem bot có online không,Chitchat,Neutral
Pó tay thật sự,Chitchat,Negative
Pó tay thật sự xíu,Chitchat,Negative
Qua tuyet voi luon,Chitchat,Positive
Random chat thôi đừng ghi chi tiêu giùm,Chitchat,Neutral
Rat biet on ban,Chitchat,Positive
Rat hai long ve ban,Chitchat,Positive
Rat vui khi chat,Chitchat,Positive
"Rảnh không, tám chút nha",Chitchat,Neutral
Rất cảm ơn bạn,Chitchat,Positive
Rất hợp vibe,Chitchat,Positive
Rối như tơ vò,Chitchat,Negative
Stress hoc tap qua,Chitchat,Negative
Stress qua di mat,Chitchat,Negative
Stress quá không biết làm sao,Chitchat,Negative
Sáng nay dậy chưa,Chitchat,Neutral
Sợ không đủ tiền cuối tháng quá,Chitchat,Negative
Tam su vui lam,Chitchat,Positive
Thanks ban that tot,Chitchat,Positive
Thanks bot rat tot,Chitchat,Positive
Thanks nhieu nha,Chitchat,Positive
That buon ve chuyen do,Chitchat,Negative
That buon ve cuoc doi,Chitchat,Negative
That su rat buon,Chitchat,Negative
That vong tram trong,Chitchat,Negative
That vong ve ket qua,Chitchat,Negative
That vong ve minh,Chitchat,Negative
Thich bot qua di,Chitchat,Positive
"Thx bot, xịn quá",Chitchat,Positive
"Thx bot, xịn quá luôn",Chitchat,Positive
"Thx bot, xịn quá nha",Chitchat,Positive
Thích app của bạn quá đi mất,Chitchat,Positive
Thông minh ghê á,Chitchat,Positive
Thương bot quá trời,Chitchat,Positive
Thương bot quá trời #284,Chitchat,Positive
Thất vọng ghê chuyện gì cũng hỏng,Chitchat,Negative
Thử lại đi,Chitchat,Neutral
Thử lại đi bot,Chitchat,Neutral
Thử lại đi bạn,Chitchat,Neutral
Thử lại đi mình,Chitchat,Neutral
Thử lại đi tui,Chitchat,Neutral
Toang nhẹ rồi,Chitchat,Negative
Toang nhẹ rồi xíu,Chitchat,Negative
Tot hon minh nghi,Chitchat,Positive
Tot qua troi oi,Chitchat,Positive
Trưa nay ăn gì chưa,Chitchat,Neutral
Trời ngoài kia sao rồi,Chitchat,Neutral
Tui bị kẹt chỗ này,Chitchat,Neutral
Tui bị đứng hình mất rồi,Chitchat,Negative
Tui chỉ ghé qua thôi,Chitchat,Neutral
Tui cười xỉu luôn,Chitchat,Positive
Tui ghé chào cái thôi,Chitchat,Neutral
Tui hơi bối rối xíu,Chitchat,Negative
Tui hơi bối rối xíu #269,Chitchat,Negative
Tui hơi bối rối xíu #294,Chitchat,Negative
Tui hơi lú xíu,Chitchat,Negative
Tui hơi lú xíu xíu,Chitchat,Negative
Tui hỏi vu vơ thôi nha,Chitchat,Neutral
Tui hỏi vu vơ thôi nha #280,Chitchat,Neutral
Tui hỏi vu vơ thôi nha bot,Chitchat,Neutral
Tui hỏi vu vơ thôi nha bạn,Chitchat,Neutral
Tui hỏi vu vơ thôi nha mình,Chitchat,Neutral
Tui hỏi vu vơ thôi nha tui,Chitchat,Neutral
Tui lạc đường rồi,Chitchat,Neutral
Tui muốn tám chút,Chitchat,Neutral
Tui out đây,Chitchat,Positive
Tui thấy hơi rối,Chitchat,Negative
Tui thấy ổn áp,Chitchat,Positive
Tui xin phép off nha,Chitchat,Neutral
Tui xin phép off nha #275,Chitchat,Neutral
Tui xin phép off nha #300,Chitchat,Neutral
Tui đang buồn ngủ quá,Chitchat,Negative
Tui đang chờ nè,Chitchat,Neutral
Tui đang hóng nè,Chitchat,Neutral
Tui đang hóng nè #264,Chitchat,Neutral
Tui đang hóng nè #289,Chitchat,Neutral
Tui đang hơi đuối,Chitchat,Negative
Tui đang rảnh xíu,Chitchat,Neutral
Tui đang rảnh xíu #282,Chitchat,Neutral
Tui đang rảnh xỉu,Chitchat,Neutral
Tâm trạng hôm nay ổn không,Chitchat,Neutral
Tâm trạng tệ quá,Chitchat,Negative
Tâm trạng ổn hơn nhiều,Chitchat,Positive
Tạm biệt nè,Chitchat,Positive
Tết xa nhà hơi buồn xíu,Chitchat,Negative
Tối nay ngủ sớm nha,Chitchat,Neutral
Vui khi co ban,Chitchat,Positive
Vui qua di mat,Chitchat,Positive
Vui qua khong ta noi,Chitchat,Positive
Vui suong vo cung,Chitchat,Positive
Vui ve qua di,Chitchat,Positive
Xỉu ngang vì bạn,Chitchat,Positive
Xỉu ngang vì bạn luôn,Chitchat,Positive
Xỉu ngang vì bạn nha,Chitchat,Positive
Xịn sò luôn,Chitchat,Positive
Yeu doi qua di,Chitchat,Positive
Yo a,Chitchat,Neutral
Yo ban,Chitchat,Negative
Yo bot,Chitchat,Positive
Yo bro,Chitchat,Neutral
Yo bro #273,Chitchat,Neutral
Yo bro #298,Chitchat,Neutral
Yo chut xiu,Chitchat,Neutral
Yo di,Chitchat,Neutral
Yo ha,Chitchat,Neutral
Yo hen,Chitchat,Neutral
Yo may,Chitchat,Neutral
Yo minh di day,Chitchat,Neutral
Yo nha,Chitchat,Negative
Yo nhe,Chitchat,Neutral
Yo oi,Chitchat,Neutral
Yo thoi,Chitchat,Neutral
Yo thoi nha,Chitchat,Positive
Yo thui,Chitchat,Positive
Yo vay,Chitchat,Neutral
ai tao ra ban,Chitchat,Neutral
ai tao ra ban ban,Chitchat,Neutral
ai tao ra ban bot,Chitchat,Neutral
ai tao ra ban di,Chitchat,Neutral
ai tao ra ban ha,Chitchat,Neutral
ai tao ra ban nha,Chitchat,Neutral
ai tao ra ban oi,Chitchat,Neutral
ai tao ra ban thoi,Chitchat,Neutral
ai tao ra ban vay,Chitchat,Neutral
app co bao cao khong,Chitchat,Neutral
app co ghi chi tieu khong hay chi tro chuyen,Chitchat,Neutral
app co mien phi khong,Chitchat,Neutral
app de lam gi,Chitchat,Neutral
app de lam gi di,Chitchat,Neutral
app de lam gi nha,Chitchat,Neutral
app de lam gi vay,Chitchat,Neutral
app hay,Chitchat,Positive
app hay bot,Chitchat,Positive
app hay di,Chitchat,Positive
app hay ha,Chitchat,Positive
app hay nha,Chitchat,Positive
app hay qua,Chitchat,Positive
app hay qua ban,Chitchat,Positive
app hay qua bot,Chitchat,Positive
app hay qua di,Chitchat,Positive
app hay qua ha,Chitchat,Positive
app hay qua nha,Chitchat,Positive
app hay qua oi,Chitchat,Positive
app hay qua thoi,Chitchat,Positive
app hay qua vay,Chitchat,Positive
app hay vay,Chitchat,Positive
app kia bật dark mode xấu quá cười muốn xỉu,Chitchat,Positive
app lam gi,Chitchat,Neutral
app lam gi ban,Chitchat,Neutral
app lam gi bot,Chitchat,Neutral
app lam gi di,Chitchat,Neutral
app lam gi ha,Chitchat,Neutral
app lam gi nha,Chitchat,Neutral
app lam gi oi,Chitchat,Neutral
app lam gi thoi,Chitchat,Neutral
app lam gi vay,Chitchat,Neutral
app nay co chuc nang gi,Chitchat,Neutral
app nay de lam gi,Chitchat,Neutral
app nay de lam gi a,Chitchat,Negative
app nay de lam gi ban,Chitchat,Neutral
app nay de lam gi bot,Chitchat,Negative
app nay de lam gi chut xiu,Chitchat,Positive
app nay de lam gi di,Chitchat,Neutral
app nay de lam gi ha,Chitchat,Neutral
app nay de lam gi hen,Chitchat,Negative
app nay de lam gi may,Chitchat,Neutral
app nay de lam gi minh di day,Chitchat,Neutral
app nay de lam gi nha,Chitchat,Negative
app nay de lam gi nhe,Chitchat,Neutral
app nay de lam gi oi,Chitchat,Negative
app nay de lam gi thoi,Chitchat,Positive
app nay de lam gi thoi nha,Chitchat,Neutral
app nay de lam gi thui,Chitchat,Neutral
app nay de lam gi vay,Chitchat,Neutral
app nay lam gi,Chitchat,Neutral
app nay lam gi di,Chitchat,Neutral
app nay lam gi nha,Chitchat,Neutral
app nay lam gi vay,Chitchat,Neutral
app quan ly chi tieu la sao,Chitchat,Neutral
ban chay tren gi,Chitchat,Neutral
ban chay tren gi ban,Chitchat,Neutral
ban chay tren gi bot,Chitchat,Neutral
ban chay tren gi di,Chitchat,Neutral
ban chay tren gi ha,Chitchat,Neutral
ban chay tren gi nha,Chitchat,Neutral
ban chay tren gi oi,Chitchat,Neutral
ban chay tren gi thoi,Chitchat,Neutral
ban chay tren gi vay,Chitchat,Neutral
ban co ban khong,Chitchat,Negative
ban co ban khong a,Chitchat,Neutral
ban co ban khong ban,Chitchat,Neutral
ban co ban khong bot,Chitchat,Neutral
ban co ban khong chut xiu,Chitchat,Neutral
ban co ban khong di,Chitchat,Neutral
ban co ban khong ha,Chitchat,Neutral
ban co ban khong hen,Chitchat,Neutral
ban co ban khong may,Chitchat,Neutral
ban co ban khong minh di day,Chitchat,Neutral
ban co ban khong nha,Chitchat,Positive
ban co ban khong nhe,Chitchat,Neutral
ban co ban khong oi,Chitchat,Negative
ban co ban khong thoi,Chitchat,Positive
ban co ban khong thoi nha,Chitchat,Positive
ban co ban khong thui,Chitchat,Negative
ban co ban khong vay,Chitchat,Positive
ban co phai ai khong,Chitchat,Neutral
ban co phai ai khong ban,Chitchat,Neutral
ban co phai ai khong bot,Chitchat,Neutral
ban co phai ai khong di,Chitchat,Neutral
ban co phai ai khong ha,Chitchat,Neutral
ban co phai ai khong nha,Chitchat,Neutral
ban co phai ai khong oi,Chitchat,Neutral
ban co phai ai khong thoi,Chitchat,Neutral
ban co phai ai khong vay,Chitchat,Neutral
ban giup minh lam gi trong app,Chitchat,Neutral
ban khoe khong,Chitchat,Neutral
ban khoe khong a,Chitchat,Neutral
ban khoe khong ban,Chitchat,Negative
ban khoe khong bot,Chitchat,Neutral
ban khoe khong chut xiu,Chitchat,Positive
ban khoe khong di,Chitchat,Neutral
ban khoe khong ha,Chitchat,Neutral
ban khoe khong hen,Chitchat,Neutral
ban khoe khong may,Chitchat,Positive
ban khoe khong minh di day,Chitchat,Neutral
ban khoe khong nha,Chitchat,Negative
ban khoe khong nhe,Chitchat,Neutral
ban khoe khong oi,Chitchat,Neutral
ban khoe khong thoi,Chitchat,Neutral
ban khoe khong thoi nha,Chitchat,Negative
ban khoe khong thui,Chitchat,Positive
ban khoe khong vay,Chitchat,Neutral
ban la ai,Chitchat,Neutral
ban la ai a,Chitchat,Negative
ban la ai ban,Chitchat,Positive
ban la ai bot,Chitchat,Neutral
ban la ai chut xiu,Chitchat,Negative
ban la ai di,Chitchat,Negative
ban la ai ha,Chitchat,Negative
ban la ai hen,Chitchat,Negative
ban la ai may,Chitchat,Neutral
ban la ai minh di day,Chitchat,Neutral
ban la ai nha,Chitchat,Positive
ban la ai nhe,Chitchat,Neutral
ban la ai oi,Chitchat,Neutral
ban la ai thoi,Chitchat,Neutral
ban la ai thoi nha,Chitchat,Negative
ban la ai thui,Chitchat,Neutral
ban la ai vay,Chitchat,Neutral
ban la ai vay ban,Chitchat,Neutral
ban la ai vay bot,Chitchat,Neutral
ban la ai vay di,Chitchat,Neutral
ban la ai vay ha,Chitchat,Neutral
ban la ai vay nha,Chitchat,Neutral
ban la ai vay oi,Chitchat,Neutral
ban la ai vay thoi,Chitchat,Neutral
ban la ai vay vay,Chitchat,Neutral
ban la nguoi hay bot,Chitchat,Neutral
ban noi hay qua,Chitchat,Neutral
ban noi hay qua a,Chitchat,Neutral
ban noi hay qua ban,Chitchat,Positive
ban noi hay qua bot,Chitchat,Neutral
ban noi hay qua chut xiu,Chitchat,Neutral
ban noi hay qua di,Chitchat,Neutral
ban noi hay qua ha,Chitchat,Neutral
ban noi hay qua hen,Chitchat,Negative
ban noi hay qua may,Chitchat,Negative
ban noi hay qua minh di day,Chitchat,Neutral
ban noi hay qua nha,Chitchat,Neutral
ban noi hay qua nhe,Chitchat,Negative
ban noi hay qua oi,Chitchat,Negative
ban noi hay qua thoi,Chitchat,Neutral
ban noi hay qua thoi nha,Chitchat,Neutral
ban noi hay qua thui,Chitchat,Negative
ban noi hay qua vay,Chitchat,Neutral
ban noi tieng Viet a,Chitchat,Neutral
ban noi tieng Viet a a,Chitchat,Neutral
ban noi tieng Viet a ban,Chitchat,Neutral
ban noi tieng Viet a bot,Chitchat,Negative
ban noi tieng Viet a chut xiu,Chitchat,Neutral
ban noi tieng Viet a di,Chitchat,Neutral
ban noi tieng Viet a ha,Chitchat,Positive
ban noi tieng Viet a hen,Chitchat,Neutral
ban noi tieng Viet a may,Chitchat,Negative
ban noi tieng Viet a minh di day,Chitchat,Neutral
ban noi tieng Viet a nha,Chitchat,Neutral
ban noi tieng Viet a nhe,Chitchat,Neutral
ban noi tieng Viet a oi,Chitchat,Neutral
ban noi tieng Viet a thoi,Chitchat,Neutral
ban noi tieng Viet a thoi nha,Chitchat,Neutral
ban noi tieng Viet a thui,Chitchat,Neutral
ban noi tieng Viet a vay,Chitchat,Positive
ban ten gi,Chitchat,Negative
ban ten gi a,Chitchat,Neutral
ban ten gi ban,Chitchat,Neutral
ban ten gi bot,Chitchat,Neutral
ban ten gi chut xiu,Chitchat,Neutral
ban ten gi di,Chitchat,Neutral
ban ten gi ha,Chitchat,Neutral
ban ten gi hen,Chitchat,Positive
ban ten gi may,Chitchat,Negative
ban ten gi minh di day,Chitchat,Neutral
ban ten gi nha,Chitchat,Positive
ban ten gi nhe,Chitchat,Neutral
ban ten gi oi,Chitchat,Neutral
ban ten gi thoi,Chitchat,Positive
ban ten gi thoi nha,Chitchat,Negative
ban ten gi thui,Chitchat,Neutral
ban ten gi vay,Chitchat,Negative
ban ten la gi,Chitchat,Neutral
ban ten la gi ban,Chitchat,Neutral
ban ten la gi bot,Chitchat,Neutral
ban ten la gi di,Chitchat,Neutral
ban ten la gi ha,Chitchat,Neutral
ban ten la gi nha,Chitchat,Neutral
ban ten la gi oi,Chitchat,Neutral
ban ten la gi thoi,Chitchat,Neutral
ban ten la gi vay,Chitchat,Neutral
bot co lam duoc gi,Chitchat,Neutral
bot cute,Chitchat,Positive
bot cute bot,Chitchat,Positive
bot cute di,Chitchat,Positive
bot cute ha,Chitchat,Positive
bot cute nha,Chitchat,Positive
bot cute qua,Chitchat,Positive
bot cute qua ban,Chitchat,Positive
bot cute qua bot,Chitchat,Positive
bot cute qua di,Chitchat,Positive
bot cute qua ha,Chitchat,Positive
bot cute qua nha,Chitchat,Positive
bot cute qua oi,Chitchat,Positive
bot cute qua thoi,Chitchat,Positive
bot cute qua vay,Chitchat,Positive
bot cute vay,Chitchat,Positive
bot gioi,Chitchat,Positive
bot gioi bot,Chitchat,Positive
bot gioi di,Chitchat,Positive
bot gioi ha,Chitchat,Positive
bot gioi nha,Chitchat,Positive
bot gioi vay,Chitchat,Positive
bot la gi,Chitchat,Neutral
bot la gi ban,Chitchat,Neutral
bot la gi bot,Chitchat,Neutral
bot la gi di,Chitchat,Neutral
bot la gi ha,Chitchat,Neutral
bot la gi nha,Chitchat,Neutral
bot la gi oi,Chitchat,Neutral
bot la gi thoi,Chitchat,Neutral
bot la gi vay,Chitchat,Neutral
bot xinh,Chitchat,Positive
bot xinh bot,Chitchat,Positive
bot xinh di,Chitchat,Positive
bot xinh ha,Chitchat,Positive
bot xinh nha,Chitchat,Positive
bot xinh qua,Chitchat,Positive
bot xinh qua ban,Chitchat,Positive
bot xinh qua bot,Chitchat,Positive
bot xinh qua di,Chitchat,Positive
bot xinh qua ha,Chitchat,Positive
bot xinh qua nha,Chitchat,Positive
bot xinh qua oi,Chitchat,Positive
bot xinh qua thoi,Chitchat,Positive
bot xinh qua vay,Chitchat,Positive
bot xinh vay,Chitchat,Positive
buon that,Chitchat,Negative
buon that ban,Chitchat,Negative
buon that bot,Chitchat,Negative
buon that di,Chitchat,Negative
buon that ha,Chitchat,Negative
buon that nha,Chitchat,Negative
buon that oi,Chitchat,Negative
buon that thoi,Chitchat,Negative
buon that vay,Chitchat,Negative
buon vi ban,Chitchat,Negative
buon vi ban ban,Chitchat,Negative
buon vi ban bot,Chitchat,Negative
buon vi ban di,Chitchat,Negative
buon vi ban ha,Chitchat,Negative
buon vi ban nha,Chitchat,Negative
buon vi ban oi,Chitchat,Negative
buon vi ban thoi,Chitchat,Negative
buon vi ban vay,Chitchat,Negative
buon vi nguoi yeu cu,Chitchat,Negative
buon vi nguoi yeu cu ban,Chitchat,Negative
buon vi nguoi yeu cu bot,Chitchat,Negative
buon vi nguoi yeu cu di,Chitchat,Negative
buon vi nguoi yeu cu ha,Chitchat,Negative
buon vi nguoi yeu cu nha,Chitchat,Negative
buon vi nguoi yeu cu oi,Chitchat,Negative
buon vi nguoi yeu cu thoi,Chitchat,Negative
buon vi nguoi yeu cu vay,Chitchat,Negative
buon vi tien,Chitchat,Negative
buon vi tien ban,Chitchat,Negative
buon vi tien bot,Chitchat,Negative
buon vi tien di,Chitchat,Negative
buon vi tien ha,Chitchat,Negative
buon vi tien nha,Chitchat,Negative
buon vi tien oi,Chitchat,Negative
buon vi tien thoi,Chitchat,Negative
buon vi tien vay,Chitchat,Negative
buon vi viec hoc,Chitchat,Negative
buon vi viec hoc ban,Chitchat,Negative
buon vi viec hoc bot,Chitchat,Negative
buon vi viec hoc di,Chitchat,Negative
buon vi viec hoc ha,Chitchat,Negative
buon vi viec hoc nha,Chitchat,Negative
buon vi viec hoc oi,Chitchat,Negative
buon vi viec hoc thoi,Chitchat,Negative
buon vi viec hoc vay,Chitchat,Negative
buổi tối tốt lành nhé,Chitchat,Neutral
bye nha,Chitchat,Neutral
bye nha a,Chitchat,Neutral
bye nha ban,Chitchat,Negative
bye nha bot,Chitchat,Negative
bye nha chut xiu,Chitchat,Neutral
bye nha di,Chitchat,Neutral
bye nha ha,Chitchat,Neutral
bye nha hen,Chitchat,Neutral
bye nha may,Chitchat,Positive
bye nha minh di day,Chitchat,Negative
bye nha nha,Chitchat,Neutral
bye nha nhe,Chitchat,Positive
bye nha oi,Chitchat,Neutral
bye nha thoi,Chitchat,Neutral
bye nha thoi nha,Chitchat,Negative
bye nha thui,Chitchat,Positive
bye nha vay,Chitchat,Negative
bạn có thích theme pastel không hay chỉ thích đen trắng,Chitchat,Neutral
bạn hiểu nhầm rồi mình không bảo bật dark mode đâu,Chitchat,Neutral
bạn nghĩ chế độ sáng có hại mắt không khi làm đêm,Chitchat,Neutral
bạn nghĩ sao về giao diện tối của messenger zalo,Chitchat,Neutral
cach ghi chi tieu,Chitchat,Neutral
cach ghi chi tieu ban,Chitchat,Neutral
cach ghi chi tieu bot,Chitchat,Neutral
cach ghi chi tieu di,Chitchat,Neutral
cach ghi chi tieu ha,Chitchat,Neutral
cach ghi chi tieu nha,Chitchat,Neutral
cach ghi chi tieu oi,Chitchat,Neutral
cach ghi chi tieu thoi,Chitchat,Neutral
cach ghi chi tieu vay,Chitchat,Neutral
cai dat o dau,Chitchat,Neutral
cai dat o dau ban,Chitchat,Neutral
cai dat o dau bot,Chitchat,Neutral
cai dat o dau di,Chitchat,Neutral
cai dat o dau ha,Chitchat,Neutral
cai dat o dau nha,Chitchat,Neutral
cai dat o dau oi,Chitchat,Neutral
cai dat o dau thoi,Chitchat,Neutral
cai dat o dau vay,Chitchat,Neutral
cam on bot,Chitchat,Positive
cam on bot bot,Chitchat,Positive
cam on bot di,Chitchat,Positive
cam on bot ha,Chitchat,Positive
cam on bot nha,Chitchat,Positive
cam on bot vay,Chitchat,Positive
cam on nhe,Chitchat,Neutral
cam on nhe a,Chitchat,Negative
cam on nhe ban,Chitchat,Neutral
cam on nhe bot,Chitchat,Neutral
cam on nhe bot ban,Chitchat,Positive
cam on nhe bot bot,Chitchat,Positive
cam on nhe bot di,Chitchat,Positive
cam on nhe bot ha,Chitchat,Positive
cam on nhe bot nha,Chitchat,Positive
cam on nhe bot oi,Chitchat,Positive
cam on nhe bot thoi,Chitchat,Positive
cam on nhe bot vay,Chitchat,Positive
cam on nhe chut xiu,Chitchat,Positive
cam on nhe di,Chitchat,Neutral
cam on nhe ha,Chitchat,Neutral
cam on nhe hen,Chitchat,Neutral
cam on nhe may,Chitchat,Positive
cam on nhe minh di day,Chitchat,Neutral
cam on nhe nha,Chitchat,Neutral
cam on nhe nhe,Chitchat,Positive
cam on nhe oi,Chitchat,Positive
cam on nhe thoi,Chitchat,Neutral
cam on nhe thoi nha,Chitchat,Neutral
cam on nhe thui,Chitchat,Negative
cam on nhe vay,Chitchat,Neutral
chan hoc,Chitchat,Negative
chan hoc ban,Chitchat,Negative
chan hoc bot,Chitchat,Negative
chan hoc di,Chitchat,Negative
chan hoc ha,Chitchat,Negative
chan hoc nha,Chitchat,Negative
chan hoc oi,Chitchat,Negative
chan hoc thoi,Chitchat,Negative
chan hoc vay,Chitchat,Negative
chan lam,Chitchat,Negative
chan lam ban,Chitchat,Negative
chan lam bot,Chitchat,Negative
chan lam di,Chitchat,Negative
chan lam ha,Chitchat,Negative
chan lam nha,Chitchat,Negative
chan lam oi,Chitchat,Negative
chan lam thoi,Chitchat,Negative
chan lam vay,Chitchat,Negative
chan lam viec,Chitchat,Negative
chan lam viec ban,Chitchat,Negative
chan lam viec bot,Chitchat,Negative
chan lam viec di,Chitchat,Negative
chan lam viec ha,Chitchat,Negative
chan lam viec nha,Chitchat,Negative
chan lam viec oi,Chitchat,Negative
chan lam viec thoi,Chitchat,Negative
chan lam viec vay,Chitchat,Negative
chan qua di,Chitchat,Negative
chan qua di ban,Chitchat,Negative
chan qua di bot,Chitchat,Negative
chan qua di di,Chitchat,Negative
chan qua di ha,Chitchat,Negative
chan qua di nha,Chitchat,Negative
chan qua di oi,Chitchat,Negative
chan qua di thoi,Chitchat,Negative
chan qua di vay,Chitchat,Negative
chao ban may,Chitchat,Positive
chao ban may bot,Chitchat,Positive
chao ban may di,Chitchat,Positive
chao ban may ha,Chitchat,Positive
chao ban may nha,Chitchat,Positive
chao ban may nha ban,Chitchat,Positive
chao ban may nha bot,Chitchat,Positive
chao ban may nha di,Chitchat,Positive
chao ban may nha ha,Chitchat,Positive
chao ban may nha nha,Chitchat,Positive
chao ban may nha oi,Chitchat,Positive
chao ban may nha thoi,Chitchat,Positive
chao ban may nha vay,Chitchat,Positive
chao ban may vay,Chitchat,Positive
chao bot,Chitchat,Negative
chao bot a,Chitchat,Positive
chao bot ban,Chitchat,Negative
chao bot bot,Chitchat,Positive
chao bot chut xiu,Chitchat,Neutral
chao bot di,Chitchat,Neutral
chao bot ha,Chitchat,Neutral
chao bot hen,Chitchat,Neutral
chao bot may,Chitchat,Neutral
chao bot minh di day,Chitchat,Neutral
chao bot nha,Chitchat,Negative
chao bot nha ban,Chitchat,Positive
chao bot nha bot,Chitchat,Positive
chao bot nha di,Chitchat,Positive
chao bot nha ha,Chitchat,Positive
chao bot nha nha,Chitchat,Positive
chao bot nha oi,Chitchat,Positive
chao bot nha thoi,Chitchat,Positive
chao bot nha vay,Chitchat,Positive
chao bot nhe,Chitchat,Neutral
chao bot oi,Chitchat,Neutral
chao bot thoi,Chitchat,Neutral
chao bot thoi nha,Chitchat,Negative
chao bot thui,Chitchat,Negative
chao bot vay,Chitchat,Neutral
chi hoi app thoi nhe,Chitchat,Neutral
chi muon tam su,Chitchat,Positive
chi muon tam su a,Chitchat,Positive
chi muon tam su ban,Chitchat,Positive
chi muon tam su bot,Chitchat,Neutral
chi muon tam su chut xiu,Chitchat,Neutral
chi muon tam su di,Chitchat,Neutral
chi muon tam su ha,Chitchat,Neutral
chi muon tam su hen,Chitchat,Negative
chi muon tam su may,Chitchat,Positive
chi muon tam su minh di day,Chitchat,Neutral
chi muon tam su nha,Chitchat,Neutral
chi muon tam su nhe,Chitchat,Negative
chi muon tam su oi,Chitchat,Neutral
chi muon tam su thoi,Chitchat,Neutral
chi muon tam su thoi nha,Chitchat,Neutral
chi muon tam su thui,Chitchat,Neutral
chi muon tam su vay,Chitchat,Neutral
cho hoi nhanh ve app,Chitchat,Neutral
cho minh hoi,Chitchat,Neutral
cho minh hoi app lam gi,Chitchat,Neutral
cho minh hoi app lam gi di,Chitchat,Neutral
cho minh hoi app lam gi nha,Chitchat,Neutral
cho minh hoi app lam gi vay,Chitchat,Neutral
cho minh hoi ban,Chitchat,Neutral
cho minh hoi bot,Chitchat,Neutral
cho minh hoi di,Chitchat,Neutral
cho minh hoi ha,Chitchat,Neutral
cho minh hoi nha,Chitchat,Neutral
cho minh hoi nhanh,Chitchat,Neutral
cho minh hoi nhanh a,Chitchat,Negative
cho minh hoi nhanh ban,Chitchat,Neutral
cho minh hoi nhanh bot,Chitchat,Neutral
cho minh hoi nhanh chut xiu,Chitchat,Neutral
cho minh hoi nhanh di,Chitchat,Neutral
cho minh hoi nhanh ha,Chitchat,Negative
cho minh hoi nhanh hen,Chitchat,Neutral
cho minh hoi nhanh may,Chitchat,Negative
cho minh hoi nhanh minh di day,Chitchat,Neutral
cho minh hoi nhanh nha,Chitchat,Positive
cho minh hoi nhanh nhe,Chitchat,Neutral
cho minh hoi nhanh oi,Chitchat,Negative
cho minh hoi nhanh thoi,Chitchat,Positive
cho minh hoi nhanh thoi nha,Chitchat,Neutral
cho minh hoi nhanh thui,Chitchat,Neutral
cho minh hoi nhanh vay,Chitchat,Neutral
cho minh hoi oi,Chitchat,Neutral
cho minh hoi thoi,Chitchat,Neutral
cho minh hoi tro ly nay lam gi,Chitchat,Neutral
cho minh hoi vay,Chitchat,Neutral
chuc ngon mieng,Chitchat,Neutral
chuc ngon mieng a,Chitchat,Negative
chuc ngon mieng ban,Chitchat,Negative
chuc ngon mieng bot,Chitchat,Neutral
chuc ngon mieng chut xiu,Chitchat,Positive
chuc ngon mieng di,Chitchat,Positive
chuc ngon mieng ha,Chitchat,Positive
chuc ngon mieng hen,Chitchat,Neutral
chuc ngon mieng may,Chitchat,Negative
chuc ngon mieng minh di day,Chitchat,Neutral
chuc ngon mieng nha,Chitchat,Neutral
chuc ngon mieng nhe,Chitchat,Positive
chuc ngon mieng oi,Chitchat,Neutral
chuc ngon mieng thoi,Chitchat,Neutral
chuc ngon mieng thoi nha,Chitchat,Neutral
chuc ngon mieng thui,Chitchat,Negative
chuc ngon mieng vay,Chitchat,Positive
"chào buổi tối, hôm nay mệt quá",Chitchat,Negative
chúc bạn buổi tối vui vẻ,Chitchat,Neutral
chúc ngủ ngon buổi tối,Chitchat,Neutral
chế độ hài hước của bạn làm mình cười suốt,Chitchat,Positive
chế độ nói chuyện này của bot dễ thương quá ha,Chitchat,Positive
chế độ trả lời của bạn hơi máy móc nhưng cũng dễ thương,Chitchat,Neutral
chỉ muốn chat về UX chung chung không cấu hình app,Chitchat,Neutral
co ai khong,Chitchat,Neutral
co ai khong a,Chitchat,Neutral
co ai khong ban,Chitchat,Neutral
co ai khong bot,Chitchat,Neutral
co ai khong chut xiu,Chitchat,Neutral
co ai khong di,Chitchat,Neutral
co ai khong ha,Chitchat,Neutral
co ai khong hen,Chitchat,Neutral
co ai khong may,Chitchat,Neutral
co ai khong minh di day,Chitchat,Neutral
co ai khong nha,Chitchat,Neutral
co ai khong nhe,Chitchat,Neutral
co ai khong oi,Chitchat,Neutral
co ai khong thoi,Chitchat,Neutral
co ai khong thoi nha,Chitchat,Neutral
co ai khong thui,Chitchat,Neutral
co ai khong vay,Chitchat,Neutral
co bao cao khong,Chitchat,Neutral
co bao cao khong ban,Chitchat,Neutral
co bao cao khong bot,Chitchat,Neutral
co bao cao khong di,Chitchat,Neutral
co bao cao khong ha,Chitchat,Neutral
co bao cao khong nha,Chitchat,Neutral
co bao cao khong oi,Chitchat,Neutral
co bao cao khong thoi,Chitchat,Neutral
co bao cao khong vay,Chitchat,Neutral
co bao mat khong,Chitchat,Neutral
co bao mat khong ban,Chitchat,Neutral
co bao mat khong bot,Chitchat,Neutral
co bao mat khong di,Chitchat,Neutral
co bao mat khong ha,Chitchat,Neutral
co bao mat khong nha,Chitchat,Neutral
co bao mat khong oi,Chitchat,Neutral
co bao mat khong thoi,Chitchat,Neutral
co bao mat khong vay,Chitchat,Neutral
co the hoi khong,Chitchat,Neutral
co the hoi khong ban,Chitchat,Neutral
co the hoi khong bot,Chitchat,Neutral
co the hoi khong di,Chitchat,Neutral
co the hoi khong ha,Chitchat,Neutral
co the hoi khong nha,Chitchat,Neutral
co the hoi khong oi,Chitchat,Neutral
co the hoi khong thoi,Chitchat,Neutral
co the hoi khong vay,Chitchat,Neutral
cool bot,Chitchat,Positive
cool bot bot,Chitchat,Positive
cool bot di,Chitchat,Positive
cool bot ha,Chitchat,Positive
cool bot nha,Chitchat,Positive
cool bot vay,Chitchat,Positive
câu vừa rồi chỉ là ví dụ ngữ pháp có chữ chế độ thôi,Chitchat,Neutral
dang nhap the nao,Chitchat,Neutral
dang nhap the nao ban,Chitchat,Neutral
dang nhap the nao bot,Chitchat,Neutral
dang nhap the nao di,Chitchat,Neutral
dang nhap the nao ha,Chitchat,Neutral
dang nhap the nao nha,Chitchat,Neutral
dang yeu qua,Chitchat,Positive
dang yeu qua ban,Chitchat,Positive
dang yeu qua bot,Chitchat,Positive
dang yeu qua di,Chitchat,Positive
dang yeu qua ha,Chitchat,Positive
dang yeu qua nha,Chitchat,Positive
dang yeu qua oi,Chitchat,Positive
dang yeu qua thoi,Chitchat,Positive
dang yeu qua vay,Chitchat,Positive
dark mode là gì vậy bạn giải thích chơi thôi,Chitchat,Neutral
dark mode meme trên mạng nhiều quá chán ghê,Chitchat,Negative
doi luc can dong vien,Chitchat,Negative
doi luc can dong vien a,Chitchat,Neutral
doi luc can dong vien ban,Chitchat,Neutral
doi luc can dong vien bot,Chitchat,Neutral
doi luc can dong vien chut xiu,Chitchat,Positive
doi luc can dong vien di,Chitchat,Neutral
doi luc can dong vien ha,Chitchat,Negative
doi luc can dong vien hen,Chitchat,Neutral
doi luc can dong vien may,Chitchat,Positive
doi luc can dong vien minh di day,Chitchat,Neutral
doi luc can dong vien nha,Chitchat,Negative
doi luc can dong vien nhe,Chitchat,Positive
doi luc can dong vien oi,Chitchat,Positive
doi luc can dong vien thoi,Chitchat,Neutral
doi luc can dong vien thoi nha,Chitchat,Neutral
doi luc can dong vien thui,Chitchat,Neutral
doi luc can dong vien vay,Chitchat,Neutral
doi luc met,Chitchat,Neutral
doi luc met a,Chitchat,Negative
doi luc met ban,Chitchat,Negative
doi luc met bot,Chitchat,Negative
doi luc met chut xiu,Chitchat,Neutral
doi luc met di,Chitchat,Neutral
doi luc met ha,Chitchat,Neutral
doi luc met hen,Chitchat,Neutral
doi luc met may,Chitchat,Neutral
doi luc met minh di day,Chitchat,Neutral
doi luc met nha,Chitchat,Neutral
doi luc met nhe,Chitchat,Neutral
doi luc met oi,Chitchat,Positive
doi luc met thoi,Chitchat,Positive
doi luc met thoi nha,Chitchat,Negative
doi luc met thui,Chitchat,Negative
doi luc met vay,Chitchat,Neutral
doi mat khau,Chitchat,Neutral
doi mat khau ban,Chitchat,Neutral
doi mat khau bot,Chitchat,Neutral
doi mat khau di,Chitchat,Neutral
doi mat khau ha,Chitchat,Neutral
doi mat khau nha,Chitchat,Neutral
doi mat khau oi,Chitchat,Neutral
doi mat khau thoi,Chitchat,Neutral
doi mat khau vay,Chitchat,Neutral
dth qua,Chitchat,Positive
dth qua bot,Chitchat,Positive
dth qua di,Chitchat,Positive
dth qua ha,Chitchat,Positive
dth qua nha,Chitchat,Positive
dth qua vay,Chitchat,Positive
du lieu luu o dau,Chitchat,Neutral
du lieu luu o dau ban,Chitchat,Neutral
du lieu luu o dau bot,Chitchat,Neutral
du lieu luu o dau di,Chitchat,Neutral
du lieu luu o dau ha,Chitchat,Neutral
du lieu luu o dau nha,Chitchat,Neutral
du lieu luu o dau oi,Chitchat,Neutral
du lieu luu o dau thoi,Chitchat,Neutral
du lieu luu o dau vay,Chitchat,Neutral
em chào anh buổi tối ạ,Chitchat,Neutral
fan bot,Chitchat,Positive
fan bot bot,Chitchat,Positive
fan bot di,Chitchat,Positive
fan bot ha,Chitchat,Positive
fan bot nha,Chitchat,Positive
fan bot vay,Chitchat,Positive
ghi chi tieu the nao,Chitchat,Neutral
ghi chi tieu the nao ban,Chitchat,Neutral
ghi chi tieu the nao bot,Chitchat,Neutral
ghi chi tieu the nao di,Chitchat,Neutral
ghi chi tieu the nao ha,Chitchat,Neutral
ghi chi tieu the nao nha,Chitchat,Neutral
ghi chi tieu the nao oi,Chitchat,Neutral
ghi chi tieu the nao thoi,Chitchat,Neutral
ghi chi tieu the nao vay,Chitchat,Neutral
giao diện tối của phim noir rất hợp vibe chứ không nói app đâu,Chitchat,Neutral
gio may roi,Chitchat,Positive
gio may roi a,Chitchat,Positive
gio may roi ban,Chitchat,Negative
gio may roi bot,Chitchat,Positive
gio may roi chut xiu,Chitchat,Neutral
gio may roi di,Chitchat,Negative
gio may roi ha,Chitchat,Negative
gio may roi hen,Chitchat,Negative
gio may roi may,Chitchat,Neutral
gio may roi minh di day,Chitchat,Negative
gio may roi nha,Chitchat,Negative
gio may roi nhe,Chitchat,Neutral
gio may roi oi,Chitchat,Positive
gio may roi thoi,Chitchat,Negative
gio may roi thoi nha,Chitchat,Neutral
gio may roi thui,Chitchat,Negative
gio may roi vay,Chitchat,Neutral
gioi thieu app di,Chitchat,Neutral
haha,Chitchat,Negative
haha a,Chitchat,Neutral
haha ban,Chitchat,Neutral
haha bot,Chitchat,Neutral
haha chut xiu,Chitchat,Positive
haha di,Chitchat,Neutral
haha ha,Chitchat,Neutral
haha hen,Chitchat,Neutral
haha may,Chitchat,Neutral
haha minh di day,Chitchat,Neutral
haha nha,Chitchat,Negative
haha nhe,Chitchat,Neutral
haha oi,Chitchat,Neutral
haha thoi,Chitchat,Neutral
haha thoi nha,Chitchat,Negative
haha thui,Chitchat,Neutral
haha vay,Chitchat,Neutral
hay qua di,Chitchat,Positive
hay qua di ban,Chitchat,Positive
hay qua di bot,Chitchat,Positive
hay qua di di,Chitchat,Positive
hay qua di ha,Chitchat,Positive
hay qua di nha,Chitchat,Positive
hay qua di oi,Chitchat,Positive
hay qua di thoi,Chitchat,Positive
hay qua di vay,Chitchat,Positive
hay qua ha,Chitchat,Positive
hay qua ha ban,Chitchat,Positive
hay qua ha bot,Chitchat,Positive
hay qua ha di,Chitchat,Positive
hay qua ha ha,Chitchat,Positive
hay qua ha nha,Chitchat,Positive
hay qua ha oi,Chitchat,Positive
hay qua ha thoi,Chitchat,Positive
hay qua ha vay,Chitchat,Positive
hay qua nha,Chitchat,Positive
hay qua nha bot,Chitchat,Positive
hay qua nha di,Chitchat,Positive
hay qua nha ha,Chitchat,Positive
hay qua nha nha,Chitchat,Positive
hay qua nha vay,Chitchat,Positive
hehe,Chitchat,Positive
hehe bot,Chitchat,Positive
hehe di,Chitchat,Positive
hehe ha,Chitchat,Positive
hehe nha,Chitchat,Positive
hehe vay,Chitchat,Positive
hen gap,Chitchat,Positive
hen gap bot,Chitchat,Positive
hen gap lai,Chitchat,Neutral
hen gap lai a,Chitchat,Neutral
hen gap lai ban,Chitchat,Negative
hen gap lai bot,Chitchat,Neutral
hen gap lai chut xiu,Chitchat,Negative
hen gap lai di,Chitchat,Neutral
hen gap lai ha,Chitchat,Neutral
hen gap lai hen,Chitchat,Neutral
hen gap lai may,Chitchat,Neutral
hen gap lai minh di day,Chitchat,Positive
hen gap lai nha,Chitchat,Neutral
hen gap lai nhe,Chitchat,Neutral
hen gap lai oi,Chitchat,Positive
hen gap lai thoi,Chitchat,Neutral
hen gap lai thoi nha,Chitchat,Neutral
hen gap lai thui,Chitchat,Neutral
hen gap lai vay,Chitchat,Neutral
hen gap nha,Chitchat,Positive
hihi,Chitchat,Positive
hihi a,Chitchat,Neutral
hihi ban,Chitchat,Positive
hihi bot,Chitchat,Positive
hihi cam on,Chitchat,Positive
hihi cam on ban,Chitchat,Positive
hihi cam on bot,Chitchat,Positive
hihi cam on di,Chitchat,Positive
hihi cam on ha,Chitchat,Positive
hihi cam on nha,Chitchat,Positive
hihi cam on oi,Chitchat,Positive
hihi cam on thoi,Chitchat,Positive
hihi cam on vay,Chitchat,Positive
hihi chut xiu,Chitchat,Neutral
hihi di,Chitchat,Neutral
hihi ha,Chitchat,Neutral
hihi hen,Chitchat,Neutral
hihi may,Chitchat,Neutral
hihi minh di day,Chitchat,Neutral
hihi nha,Chitchat,Positive
hihi nhe,Chitchat,Neutral
hihi oi,Chitchat,Neutral
hihi thoi,Chitchat,Positive
hihi thoi nha,Chitchat,Neutral
hihi thui,Chitchat,Positive
hihi vay,Chitchat,Neutral
hoi choi app thoi nha,Chitchat,Neutral
hoi chut,Chitchat,Neutral
hoi chut ban,Chitchat,Neutral
hoi chut bot,Chitchat,Neutral
hoi chut di,Chitchat,Neutral
hoi chut ha,Chitchat,Neutral
hoi chut nha,Chitchat,Neutral
hoi chut oi,Chitchat,Neutral
hoi chut thoi,Chitchat,Neutral
hoi chut vay,Chitchat,Neutral
hom nay,Chitchat,Neutral
hom nay a,Chitchat,Negative
hom nay ban,Chitchat,Neutral
hom nay bot,Chitchat,Negative
hom nay buon,Chitchat,Negative
hom nay buon ban,Chitchat,Negative
hom nay buon bot,Chitchat,Negative
hom nay buon di,Chitchat,Negative
hom nay buon ha,Chitchat,Negative
hom nay buon nha,Chitchat,Negative
hom nay buon oi,Chitchat,Negative
hom nay buon qua,Chitchat,Negative
hom nay buon qua di,Chitchat,Negative
hom nay buon qua nha,Chitchat,Negative
hom nay buon qua vay,Chitchat,Negative
hom nay buon thoi,Chitchat,Negative
hom nay buon vay,Chitchat,Negative
hom nay chan,Chitchat,Negative
hom nay chan di,Chitchat,Negative
hom nay chan nha,Chitchat,Negative
hom nay chan vay,Chitchat,Negative
hom nay chut xiu,Chitchat,Neutral
hom nay di,Chitchat,Neutral
hom nay ha,Chitchat,Positive
hom nay hen,Chitchat,Neutral
hom nay la thu may,Chitchat,Neutral
hom nay la thu may a,Chitchat,Neutral
hom nay la thu may ban,Chitchat,Positive
hom nay la thu may bot,Chitchat,Negative
hom nay la thu may chut xiu,Chitchat,Positive
hom nay la thu may di,Chitchat,Neutral
hom nay la thu may ha,Chitchat,Neutral
hom nay la thu may hen,Chitchat,Neutral
hom nay la thu may may,Chitchat,Positive
hom nay la thu may minh di day,Chitchat,Negative
hom nay la thu may nha,Chitchat,Neutral
hom nay la thu may nhe,Chitchat,Neutral
hom nay la thu may oi,Chitchat,Neutral
hom nay la thu may thoi,Chitchat,Neutral
hom nay la thu may thoi nha,Chitchat,Neutral
hom nay la thu may thui,Chitchat,Neutral
hom nay la thu may vay,Chitchat,Neutral
hom nay may,Chitchat,Neutral
hom nay met qua roi,Chitchat,Negative
hom nay met qua roi a,Chitchat,Neutral
hom nay met qua roi ban,Chitchat,Neutral
hom nay met qua roi bot,Chitchat,Neutral
hom nay met qua roi chut xiu,Chitchat,Positive
hom nay met qua roi di,Chitchat,Neutral
hom nay met qua roi ha,Chitchat,Neutral
hom nay met qua roi hen,Chitchat,Neutral
hom nay met qua roi may,Chitchat,Neutral
hom nay met qua roi minh di day,Chitchat,Neutral
hom nay met qua roi nha,Chitchat,Positive
hom nay met qua roi nhe,Chitchat,Negative
hom nay met qua roi oi,Chitchat,Negative
hom nay met qua roi thoi,Chitchat,Neutral
hom nay met qua roi thoi nha,Chitchat,Negative
hom nay met qua roi thui,Chitchat,Positive
hom nay met qua roi vay,Chitchat,Neutral
hom nay minh di day,Chitchat,Neutral
hom nay nha,Chitchat,Neutral
hom nay nhe,Chitchat,Neutral
hom nay oi,Chitchat,Neutral
hom nay thoi,Chitchat,Negative
hom nay thoi nha,Chitchat,Neutral
hom nay thui,Chitchat,Neutral
hom nay vay,Chitchat,Neutral
huong dan su dung,Chitchat,Neutral
huong dan su dung app,Chitchat,Neutral
huong dan su dung ban,Chitchat,Neutral
huong dan su dung bot,Chitchat,Neutral
huong dan su dung di,Chitchat,Neutral
huong dan su dung ha,Chitchat,Neutral
huong dan su dung nha,Chitchat,Neutral
huong dan su dung oi,Chitchat,Neutral
huong dan su dung thoi,Chitchat,Neutral
huong dan su dung vay,Chitchat,Neutral
hẹn tối mai gặp lại,Chitchat,Neutral
hỏi cho vui: night mode có giúp ngủ ngon hơn không ta,Chitchat,Neutral
ke chuyen vui di,Chitchat,Neutral
ke chuyen vui di a,Chitchat,Neutral
ke chuyen vui di ban,Chitchat,Neutral
ke chuyen vui di bot,Chitchat,Neutral
ke chuyen vui di chut xiu,Chitchat,Negative
ke chuyen vui di di,Chitchat,Positive
ke chuyen vui di ha,Chitchat,Neutral
ke chuyen vui di hen,Chitchat,Positive
ke chuyen vui di may,Chitchat,Negative
ke chuyen vui di minh di day,Chitchat,Positive
ke chuyen vui di nha,Chitchat,Neutral
ke chuyen vui di nhe,Chitchat,Positive
ke chuyen vui di oi,Chitchat,Neutral
ke chuyen vui di thoi,Chitchat,Neutral
ke chuyen vui di thoi nha,Chitchat,Neutral
ke chuyen vui di thui,Chitchat,Negative
ke chuyen vui di vay,Chitchat,Positive
ket thuc chat nhe,Chitchat,Neutral
ket thuc chat nhe a,Chitchat,Neutral
ket thuc chat nhe ban,Chitchat,Neutral
ket thuc chat nhe bot,Chitchat,Neutral
ket thuc chat nhe chut xiu,Chitchat,Neutral
ket thuc chat nhe di,Chitchat,Neutral
ket thuc chat nhe ha,Chitchat,Neutral
ket thuc chat nhe hen,Chitchat,Positive
ket thuc chat nhe may,Chitchat,Positive
ket thuc chat nhe minh di day,Chitchat,Positive
ket thuc chat nhe nha,Chitchat,Neutral
ket thuc chat nhe nhe,Chitchat,Neutral
ket thuc chat nhe oi,Chitchat,Positive
ket thuc chat nhe thoi,Chitchat,Neutral
ket thuc chat nhe thoi nha,Chitchat,Positive
ket thuc chat nhe thui,Chitchat,Neutral
ket thuc chat nhe vay,Chitchat,Neutral
khen bot,Chitchat,Positive
khen bot bot,Chitchat,Positive
khen bot di,Chitchat,Positive
khen bot ha,Chitchat,Positive
khen bot nha,Chitchat,Positive
khen bot vay,Chitchat,Positive
khong biet app lam gi het,Chitchat,Neutral
khong biet hoi ai,Chitchat,Positive
khong biet hoi ai a,Chitchat,Negative
khong biet hoi ai ban,Chitchat,Positive
khong biet hoi ai bot,Chitchat,Positive
khong biet hoi ai chut xiu,Chitchat,Positive
khong biet hoi ai di,Chitchat,Neutral
khong biet hoi ai ha,Chitchat,Negative
khong biet hoi ai hen,Chitchat,Positive
khong biet hoi ai may,Chitchat,Negative
khong biet hoi ai minh di day,Chitchat,Neutral
khong biet hoi ai nha,Chitchat,Positive
khong biet hoi ai nhe,Chitchat,Negative
khong biet hoi ai oi,Chitchat,Neutral
khong biet hoi ai thoi,Chitchat,Negative
khong biet hoi ai thoi nha,Chitchat,Neutral
khong biet hoi ai thui,Chitchat,Positive
khong biet hoi ai vay,Chitchat,Negative
khong lien quan tien,Chitchat,Neutral
khong lien quan tien a,Chitchat,Neutral
khong lien quan tien ban,Chitchat,Neutral
khong lien quan tien bot,Chitchat,Negative
khong lien quan tien chut xiu,Chitchat,Neutral
khong lien quan tien di,Chitchat,Neutral
khong lien quan tien ha,Chitchat,Negative
khong lien quan tien hen,Chitchat,Neutral
khong lien quan tien may,Chitchat,Neutral
khong lien quan tien minh di day,Chitchat,Neutral
khong lien quan tien nha,Chitchat,Neutral
khong lien quan tien nhe,Chitchat,Neutral
khong lien quan tien oi,Chitchat,Negative
khong lien quan tien thoi,Chitchat,Negative
khong lien quan tien thoi nha,Chitchat,Negative
khong lien quan tien thui,Chitchat,Neutral
khong lien quan tien vay,Chitchat,Positive
khong muon nhap chi tieu,Chitchat,Neutral
khong muon nhap chi tieu a,Chitchat,Neutral
khong muon nhap chi tieu ban,Chitchat,Neutral
khong muon nhap chi tieu bot,Chitchat,Neutral
khong muon nhap chi tieu chut xiu,Chitchat,Negative
khong muon nhap chi tieu di,Chitchat,Neutral
khong muon nhap chi tieu ha,Chitchat,Neutral
khong muon nhap chi tieu hen,Chitchat,Negative
khong muon nhap chi tieu may,Chitchat,Neutral
khong muon nhap chi tieu minh di day,Chitchat,Neutral
khong muon nhap chi tieu nha,Chitchat,Positive
khong muon nhap chi tieu nhe,Chitchat,Neutral
khong muon nhap chi tieu oi,Chitchat,Neutral
khong muon nhap chi tieu thoi,Chitchat,Negative
khong muon nhap chi tieu thoi nha,Chitchat,Neutral
khong muon nhap chi tieu thui,Chitchat,Neutral
khong muon nhap chi tieu vay,Chitchat,Negative
khong phai ghi chi tieu dau minh hoi thoi,Chitchat,Neutral
khong vui,Chitchat,Negative
khong vui ban,Chitchat,Negative
khong vui bot,Chitchat,Negative
khong vui di,Chitchat,Negative
khong vui ha,Chitchat,Negative
khong vui nha,Chitchat,Negative
khong vui oi,Chitchat,Negative
khong vui thoi,Chitchat,Negative
khong vui vay,Chitchat,Negative
không cần bật chế độ gì đâu mình chỉ hỏi chơi thôi,Chitchat,Neutral
kể chuyện dark mode hoá ra là trend tiktok thôi,Chitchat,Neutral
mai minh,Chitchat,Neutral
mai minh a,Chitchat,Negative
mai minh ban,Chitchat,Negative
mai minh bot,Chitchat,Neutral
mai minh chut xiu,Chitchat,Positive
mai minh di,Chitchat,Neutral
mai minh ha,Chitchat,Negative
mai minh hen,Chitchat,Neutral
mai minh may,Chitchat,Neutral
mai minh minh di day,Chitchat,Negative
mai minh nha,Chitchat,Negative
mai minh nhe,Chitchat,Positive
mai minh oi,Chitchat,Neutral
mai minh thoi,Chitchat,Neutral
mai minh thoi nha,Chitchat,Negative
mai minh thui,Chitchat,Neutral
mai minh vay,Chitchat,Positive
may la bot gi vay,Chitchat,Neutral
met ca nguoi,Chitchat,Negative
met ca nguoi bot,Chitchat,Negative
met ca nguoi di,Chitchat,Negative
met ca nguoi ha,Chitchat,Negative
met ca nguoi nha,Chitchat,Negative
met moi qua,Chitchat,Negative
met moi qua ban,Chitchat,Negative
met moi qua bot,Chitchat,Negative
met moi qua di,Chitchat,Negative
met moi qua ha,Chitchat,Negative
met moi qua nha,Chitchat,Negative
met moi qua oi,Chitchat,Negative
met moi qua thoi,Chitchat,Negative
met moi qua vay,Chitchat,Negative
met qua di,Chitchat,Neutral
met qua di a,Chitchat,Neutral
met qua di ban,Chitchat,Positive
met qua di bot,Chitchat,Neutral
met qua di chut xiu,Chitchat,Negative
met qua di di,Chitchat,Neutral
met qua di ha,Chitchat,Negative
met qua di hen,Chitchat,Neutral
met qua di may,Chitchat,Neutral
met qua di minh di day,Chitchat,Neutral
met qua di nha,Chitchat,Neutral
met qua di nhe,Chitchat,Neutral
met qua di oi,Chitchat,Neutral
met qua di thoi,Chitchat,Neutral
met qua di thoi nha,Chitchat,Negative
met qua di thui,Chitchat,Neutral
met qua di vay,Chitchat,Neutral
met qua roi,Chitchat,Negative
met qua roi ban,Chitchat,Negative
met qua roi bot,Chitchat,Negative
met qua roi di,Chitchat,Negative
met qua roi ha,Chitchat,Negative
met qua roi nha,Chitchat,Negative
met qua roi oi,Chitchat,Negative
met qua roi thoi,Chitchat,Negative
met qua roi vay,Chitchat,Negative
minh can hoi ve tinh nang app,Chitchat,Neutral
minh chi tam su,Chitchat,Negative
minh chi tam su a,Chitchat,Neutral
minh chi tam su ban,Chitchat,Negative
minh chi tam su bot,Chitchat,Neutral
minh chi tam su chut xiu,Chitchat,Positive
minh chi tam su di,Chitchat,Positive
minh chi tam su ha,Chitchat,Neutral
minh chi tam su hen,Chitchat,Positive
minh chi tam su may,Chitchat,Neutral
minh chi tam su minh di day,Chitchat,Negative
minh chi tam su nha,Chitchat,Neutral
minh chi tam su nhe,Chitchat,Positive
minh chi tam su oi,Chitchat,Positive
minh chi tam su thoi,Chitchat,Positive
minh chi tam su thoi nha,Chitchat,Positive
minh chi tam su thui,Chitchat,Positive
minh chi tam su vay,Chitchat,Neutral
minh hoi app chu khong ghi tien,Chitchat,Neutral
minh hoi chut,Chitchat,Neutral
minh hoi chut a,Chitchat,Neutral
minh hoi chut ban,Chitchat,Positive
minh hoi chut bot,Chitchat,Neutral
minh hoi chut chut xiu,Chitchat,Negative
minh hoi chut di,Chitchat,Positive
minh hoi chut ha,Chitchat,Neutral
minh hoi chut hen,Chitchat,Positive
minh hoi chut may,Chitchat,Negative
minh hoi chut minh di day,Chitchat,Neutral
minh hoi chut nha,Chitchat,Neutral
minh hoi chut nhe,Chitchat,Positive
minh hoi chut oi,Chitchat,Neutral
minh hoi chut thoi,Chitchat,Neutral
minh hoi chut thoi nha,Chitchat,Neutral
minh hoi chut thui,Chitchat,Neutral
minh hoi chut vay,Chitchat,Positive
minh moi tai app chua biet dung sao,Chitchat,Neutral
mình chỉ muốn chào buổi tối thôi,Chitchat,Neutral
mình khen chế độ đùa của bạn thôi không phải lệnh đâu nha,Chitchat,Positive
mình không muốn đổi cài đặt gì chỉ buồn muốn tâm sự,Chitchat,Negative
mình thích theme sáng hơn theme tối khi đọc sách ở ngoài,Chitchat,Neutral
mình đang phàn nàn giao diện web chứ không chỉnh app chi tiêu,Chitchat,Negative
mình đang tám chuyện chứ không nhờ bạn bật tính năng đâu,Chitchat,Neutral
ngu ngon,Chitchat,Neutral
ngu ngon a,Chitchat,Negative
ngu ngon ban,Chitchat,Negative
ngu ngon bot,Chitchat,Neutral
ngu ngon chut xiu,Chitchat,Neutral
ngu ngon di,Chitchat,Neutral
ngu ngon ha,Chitchat,Positive
ngu ngon hen,Chitchat,Neutral
ngu ngon may,Chitchat,Neutral
ngu ngon minh di day,Chitchat,Neutral
ngu ngon nha,Chitchat,Neutral
ngu ngon nhe,Chitchat,Neutral
ngu ngon oi,Chitchat,Negative
ngu ngon thoi,Chitchat,Neutral
ngu ngon thoi nha,Chitchat,Negative
ngu ngon thui,Chitchat,Neutral
ngu ngon vay,Chitchat,Positive
nice bot,Chitchat,Positive
nice bot bot,Chitchat,Positive
nice bot di,Chitchat,Positive
nice bot ha,Chitchat,Positive
nice bot nha,Chitchat,Positive
nice bot vay,Chitchat,Positive
night mode trên điện thoại có tốn pin không nhỉ,Chitchat,Neutral
noi choi thoi,Chitchat,Neutral
noi choi thoi a,Chitchat,Neutral
noi choi thoi ban,Chitchat,Neutral
noi choi thoi bot,Chitchat,Neutral
noi choi thoi chut xiu,Chitchat,Neutral
noi choi thoi di,Chitchat,Neutral
noi choi thoi ha,Chitchat,Positive
noi choi thoi hen,Chitchat,Neutral
noi choi thoi may,Chitchat,Neutral
noi choi thoi minh di day,Chitchat,Positive
noi choi thoi nha,Chitchat,Neutral
noi choi thoi nhe,Chitchat,Negative
noi choi thoi oi,Chitchat,Neutral
noi choi thoi thoi,Chitchat,Neutral
noi choi thoi thoi nha,Chitchat,Neutral
noi choi thoi thui,Chitchat,Neutral
noi choi thoi vay,Chitchat,Negative
noi chuyen chan thoi,Chitchat,Neutral
noi chuyen chan thoi a,Chitchat,Neutral
noi chuyen chan thoi ban,Chitchat,Neutral
noi chuyen chan thoi bot,Chitchat,Neutral
noi chuyen chan thoi chut xiu,Chitchat,Neutral
noi chuyen chan thoi di,Chitchat,Negative
noi chuyen chan thoi ha,Chitchat,Neutral
noi chuyen chan thoi hen,Chitchat,Neutral
noi chuyen chan thoi may,Chitchat,Neutral
noi chuyen chan thoi minh di day,Chitchat,Negative
noi chuyen chan thoi nha,Chitchat,Positive
noi chuyen chan thoi nhe,Chitchat,Neutral
noi chuyen chan thoi oi,Chitchat,Neutral
noi chuyen chan thoi thoi,Chitchat,Positive
noi chuyen chan thoi thoi nha,Chitchat,Neutral
noi chuyen chan thoi thui,Chitchat,Neutral
noi chuyen chan thoi vay,Chitchat,Neutral
okela,Chitchat,Negative
okela a,Chitchat,Neutral
okela ban,Chitchat,Positive
okela bot,Chitchat,Positive
okela chut xiu,Chitchat,Neutral
okela di,Chitchat,Positive
okela di ban,Chitchat,Positive
okela di bot,Chitchat,Positive
okela di di,Chitchat,Positive
okela di ha,Chitchat,Positive
okela di nha,Chitchat,Positive
okela di oi,Chitchat,Positive
okela di thoi,Chitchat,Positive
okela di vay,Chitchat,Positive
okela ha,Chitchat,Negative
okela hen,Chitchat,Positive
okela hen ban,Chitchat,Positive
okela hen bot,Chitchat,Positive
okela hen di,Chitchat,Positive
okela hen ha,Chitchat,Positive
okela hen nha,Chitchat,Positive
okela hen oi,Chitchat,Positive
okela hen thoi,Chitchat,Positive
okela hen vay,Chitchat,Positive
okela may,Chitchat,Neutral
okela minh di day,Chitchat,Neutral
okela nha,Chitchat,Negative
okela nha ban,Chitchat,Positive
okela nha bot,Chitchat,Positive
okela nha di,Chitchat,Positive
okela nha ha,Chitchat,Positive
okela nha nha,Chitchat,Positive
okela nha oi,Chitchat,Positive
okela nha thoi,Chitchat,Positive
okela nha vay,Chitchat,Positive
okela nhe,Chitchat,Negative
okela oi,Chitchat,Positive
okela thoi,Chitchat,Neutral
okela thoi nha,Chitchat,Positive
okela thui,Chitchat,Positive
okela vay,Chitchat,Neutral
okela vay ban,Chitchat,Positive
okela vay bot,Chitchat,Positive
okela vay di,Chitchat,Positive
okela vay ha,Chitchat,Positive
okela vay nha,Chitchat,Positive
okela vay oi,Chitchat,Positive
okela vay thoi,Chitchat,Positive
okela vay vay,Chitchat,Positive
okie la,Chitchat,Positive
okie la bot,Chitchat,Positive
okie la di,Chitchat,Positive
okie la di bot,Chitchat,Positive
okie la di di,Chitchat,Positive
okie la di ha,Chitchat,Positive
okie la di nha,Chitchat,Positive
okie la di vay,Chitchat,Positive
okie la ha,Chitchat,Positive
okie la nha,Chitchat,Positive
okie la vay,Chitchat,Positive
ping bot,Chitchat,Neutral
ping bot a,Chitchat,Neutral
ping bot ban,Chitchat,Neutral
ping bot bot,Chitchat,Neutral
ping bot chut xiu,Chitchat,Neutral
ping bot di,Chitchat,Neutral
ping bot ha,Chitchat,Neutral
ping bot hen,Chitchat,Positive
ping bot may,Chitchat,Neutral
ping bot minh di day,Chitchat,Neutral
ping bot nha,Chitchat,Negative
ping bot nhe,Chitchat,Neutral
ping bot oi,Chitchat,Neutral
ping bot thoi,Chitchat,Negative
ping bot thoi nha,Chitchat,Neutral
ping bot thui,Chitchat,Neutral
ping bot vay,Chitchat,Neutral
rảnh không,Chitchat,Neutral
rảnh không a,Chitchat,Neutral
rảnh không ban,Chitchat,Neutral
rảnh không bot,Chitchat,Neutral
rảnh không chut xiu,Chitchat,Neutral
rảnh không di,Chitchat,Neutral
rảnh không ha,Chitchat,Neutral
rảnh không hen,Chitchat,Neutral
rảnh không may,Chitchat,Neutral
rảnh không minh di day,Chitchat,Neutral
rảnh không nha,Chitchat,Neutral
rảnh không nhe,Chitchat,Neutral
rảnh không oi,Chitchat,Neutral
rảnh không thoi,Chitchat,Neutral
rảnh không thoi nha,Chitchat,Neutral
rảnh không thui,Chitchat,Neutral
rảnh không vay,Chitchat,Neutral
sao ban im lang,Chitchat,Neutral
sao ban im lang a,Chitchat,Neutral
sao ban im lang ban,Chitchat,Negative
sao ban im lang bot,Chitchat,Neutral
sao ban im lang chut xiu,Chitchat,Negative
sao ban im lang di,Chitchat,Positive
sao ban im lang ha,Chitchat,Neutral
sao ban im lang hen,Chitchat,Neutral
sao ban im lang may,Chitchat,Neutral
sao ban im lang minh di day,Chitchat,Positive
sao ban im lang nha,Chitchat,Neutral
sao ban im lang nhe,Chitchat,Neutral
sao ban im lang oi,Chitchat,Neutral
sao ban im lang thoi,Chitchat,Neutral
sao ban im lang thoi nha,Chitchat,Neutral
sao ban im lang thui,Chitchat,Neutral
sao ban im lang vay,Chitchat,Neutral
see you,Chitchat,Positive
see you a,Chitchat,Positive
see you ban,Chitchat,Neutral
see you bot,Chitchat,Neutral
see you chut xiu,Chitchat,Positive
see you di,Chitchat,Positive
see you ha,Chitchat,Positive
see you hen,Chitchat,Neutral
see you may,Chitchat,Neutral
see you minh di day,Chitchat,Positive
see you nha,Chitchat,Neutral
see you nhe,Chitchat,Negative
see you oi,Chitchat,Positive
see you thoi,Chitchat,Neutral
see you thoi nha,Chitchat,Neutral
see you thui,Chitchat,Negative
see you vay,Chitchat,Neutral
stress lam,Chitchat,Negative
stress lam ban,Chitchat,Negative
stress lam bot,Chitchat,Negative
stress lam di,Chitchat,Negative
stress lam ha,Chitchat,Negative
stress lam nha,Chitchat,Negative
stress lam oi,Chitchat,Negative
stress lam thoi,Chitchat,Negative
stress lam vay,Chitchat,Negative
stress qua,Chitchat,Negative
stress qua ban,Chitchat,Negative
stress qua bot,Chitchat,Negative
stress qua di,Chitchat,Negative
stress qua ha,Chitchat,Negative
stress qua nha,Chitchat,Negative
stress qua oi,Chitchat,Negative
stress qua thoi,Chitchat,Negative
stress qua vay,Chitchat,Negative
tai sao phai dung app nay,Chitchat,Neutral
tam biet,Chitchat,Neutral
tam biet a,Chitchat,Neutral
tam biet ban,Chitchat,Neutral
tam biet bot,Chitchat,Neutral
tam biet chut xiu,Chitchat,Neutral
tam biet di,Chitchat,Neutral
tam biet ha,Chitchat,Neutral
tam biet hen,Chitchat,Negative
tam biet may,Chitchat,Neutral
tam biet minh di day,Chitchat,Negative
tam biet nha,Chitchat,Neutral
tam biet nhe,Chitchat,Neutral
tam biet oi,Chitchat,Positive
tam biet thoi,Chitchat,Neutral
tam biet thoi nha,Chitchat,Neutral
tam biet thui,Chitchat,Neutral
tam biet vay,Chitchat,Positive
tam dung chut,Chitchat,Neutral
tam dung chut a,Chitchat,Neutral
tam dung chut ban,Chitchat,Neutral
tam dung chut bot,Chitchat,Neutral
tam dung chut chut xiu,Chitchat,Neutral
tam dung chut di,Chitchat,Neutral
tam dung chut ha,Chitchat,Neutral
tam dung chut hen,Chitchat,Neutral
tam dung chut may,Chitchat,Neutral
tam dung chut minh di day,Chitchat,Neutral
tam dung chut nha,Chitchat,Neutral
tam dung chut nhe,Chitchat,Neutral
tam dung chut oi,Chitchat,Neutral
tam dung chut thoi,Chitchat,Neutral
tam dung chut thoi nha,Chitchat,Neutral
tam dung chut thui,Chitchat,Neutral
tam dung chut vay,Chitchat,Neutral
tam trang khong tot,Chitchat,Negative
tam trang khong tot ban,Chitchat,Negative
tam trang khong tot bot,Chitchat,Negative
tam trang khong tot di,Chitchat,Negative
tam trang khong tot ha,Chitchat,Negative
tam trang khong tot nha,Chitchat,Negative
tam trang khong tot oi,Chitchat,Negative
tam trang khong tot thoi,Chitchat,Negative
tam trang khong tot vay,Chitchat,Negative
tam trang te,Chitchat,Negative
tam trang te ban,Chitchat,Negative
tam trang te bot,Chitchat,Negative
tam trang te di,Chitchat,Negative
tam trang te ha,Chitchat,Negative
tam trang te nha,Chitchat,Negative
tam trang te oi,Chitchat,Negative
tam trang te thoi,Chitchat,Negative
tam trang te vay,Chitchat,Negative
test chat thoi,Chitchat,Positive
test chat thoi a,Chitchat,Neutral
test chat thoi ban,Chitchat,Negative
test chat thoi bot,Chitchat,Neutral
test chat thoi chut xiu,Chitchat,Positive
test chat thoi di,Chitchat,Neutral
test chat thoi ha,Chitchat,Neutral
test chat thoi hen,Chitchat,Neutral
test chat thoi may,Chitchat,Neutral
test chat thoi minh di day,Chitchat,Negative
test chat thoi nha,Chitchat,Neutral
test chat thoi nhe,Chitchat,Positive
test chat thoi oi,Chitchat,Positive
test chat thoi thoi,Chitchat,Negative
test chat thoi thoi nha,Chitchat,Neutral
test chat thoi thui,Chitchat,Positive
test chat thoi vay,Chitchat,Negative
thanks ban,Chitchat,Positive
thanks ban a,Chitchat,Neutral
thanks ban ban,Chitchat,Neutral
thanks ban bot,Chitchat,Positive
thanks ban chut xiu,Chitchat,Neutral
thanks ban di,Chitchat,Negative
thanks ban ha,Chitchat,Neutral
thanks ban hen,Chitchat,Neutral
thanks ban may,Chitchat,Neutral
thanks ban minh di day,Chitchat,Positive
thanks ban nha,Chitchat,Neutral
thanks ban nha ban,Chitchat,Positive
thanks ban nha bot,Chitchat,Positive
thanks ban nha di,Chitchat,Positive
thanks ban nha ha,Chitchat,Positive
thanks ban nha nha,Chitchat,Positive
thanks ban nha oi,Chitchat,Positive
thanks ban nha thoi,Chitchat,Positive
thanks ban nha vay,Chitchat,Positive
thanks ban nhe,Chitchat,Positive
thanks ban oi,Chitchat,Positive
thanks ban thoi,Chitchat,Neutral
thanks ban thoi nha,Chitchat,Neutral
thanks ban thui,Chitchat,Positive
thanks ban vay,Chitchat,Neutral
thanks bot,Chitchat,Positive
thanks bot bot,Chitchat,Positive
thanks bot di,Chitchat,Positive
thanks bot ha,Chitchat,Positive
thanks bot nha,Chitchat,Positive
thanks bot vay,Chitchat,Positive
thanks nha,Chitchat,Positive
thanks nha bot,Chitchat,Positive
thanks nha di,Chitchat,Positive
thanks nha ha,Chitchat,Positive
thanks nha nha,Chitchat,Positive
thanks nha vay,Chitchat,Positive
that buon,Chitchat,Negative
that buon ban,Chitchat,Negative
that buon bot,Chitchat,Negative
that buon di,Chitchat,Negative
that buon ha,Chitchat,Negative
that buon nha,Chitchat,Negative
that buon oi,Chitchat,Negative
that buon thoi,Chitchat,Negative
that buon vay,Chitchat,Negative
that vong qua,Chitchat,Negative
that vong qua ban,Chitchat,Negative
that vong qua bot,Chitchat,Negative
that vong qua di,Chitchat,Negative
that vong qua ha,Chitchat,Negative
that vong qua nha,Chitchat,Negative
that vong qua oi,Chitchat,Negative
that vong qua thoi,Chitchat,Negative
that vong qua vay,Chitchat,Negative
theme tối hay theme sáng dễ nhìn hơn theo bạn,Chitchat,Neutral
theme đẹp trên pinterest xem cho vui thôi,Chitchat,Neutral
thich app nay,Chitchat,Positive
thich app nay ban,Chitchat,Positive
thich app nay bot,Chitchat,Positive
thich app nay di,Chitchat,Positive
thich app nay ha,Chitchat,Positive
thich app nay nha,Chitchat,Positive
thich app nay oi,Chitchat,Positive
thich app nay thoi,Chitchat,Positive
thich app nay vay,Chitchat,Positive
thich lam,Chitchat,Positive
thich lam bot,Chitchat,Positive
thich lam di,Chitchat,Positive
thich lam ha,Chitchat,Positive
thich lam nha,Chitchat,Positive
thich lam vay,Chitchat,Positive
thoi tiet the nao,Chitchat,Neutral
thoi tiet the nao a,Chitchat,Negative
thoi tiet the nao ban,Chitchat,Positive
thoi tiet the nao bot,Chitchat,Positive
thoi tiet the nao chut xiu,Chitchat,Neutral
thoi tiet the nao di,Chitchat,Neutral
thoi tiet the nao ha,Chitchat,Positive
thoi tiet the nao hen,Chitchat,Neutral
thoi tiet the nao may,Chitchat,Negative
thoi tiet the nao minh di day,Chitchat,Neutral
thoi tiet the nao nha,Chitchat,Neutral
thoi tiet the nao nhe,Chitchat,Positive
thoi tiet the nao oi,Chitchat,Neutral
thoi tiet the nao thoi,Chitchat,Negative
thoi tiet the nao thoi nha,Chitchat,Negative
thoi tiet the nao thui,Chitchat,Neutral
thoi tiet the nao vay,Chitchat,Positive
tinh nang co gi,Chitchat,Neutral
tinh nang co gi ban,Chitchat,Neutral
tinh nang co gi bot,Chitchat,Neutral
tinh nang co gi di,Chitchat,Neutral
tinh nang co gi ha,Chitchat,Neutral
tinh nang co gi nha,Chitchat,Neutral
tinh nang co gi oi,Chitchat,Neutral
tinh nang co gi thoi,Chitchat,Neutral
tinh nang co gi vay,Chitchat,Neutral
toi buon,Chitchat,Neutral
toi buon a,Chitchat,Negative
toi buon ban,Chitchat,Neutral
toi buon bot,Chitchat,Neutral
toi buon chut xiu,Chitchat,Negative
toi buon di,Chitchat,Neutral
toi buon ha,Chitchat,Neutral
toi buon hen,Chitchat,Positive
toi buon may,Chitchat,Neutral
toi buon minh di day,Chitchat,Negative
toi buon nha,Chitchat,Neutral
toi buon nhe,Chitchat,Neutral
toi buon oi,Chitchat,Positive
toi buon qua,Chitchat,Negative
toi buon qua ban,Chitchat,Negative
toi buon qua bot,Chitchat,Negative
toi buon qua di,Chitchat,Negative
toi buon qua ha,Chitchat,Negative
toi buon qua nha,Chitchat,Negative
toi buon qua oi,Chitchat,Negative
toi buon qua thoi,Chitchat,Negative
toi buon qua vay,Chitchat,Negative
toi buon thoi,Chitchat,Positive
toi buon thoi nha,Chitchat,Negative
toi buon thui,Chitchat,Neutral
toi buon vay,Chitchat,Neutral
tot lam,Chitchat,Positive
tot lam bot,Chitchat,Positive
tot lam di,Chitchat,Positive
tot lam ha,Chitchat,Positive
tot lam nha,Chitchat,Positive
tot lam nha ban,Chitchat,Positive
tot lam nha bot,Chitchat,Positive
tot lam nha di,Chitchat,Positive
tot lam nha ha,Chitchat,Positive
tot lam nha nha,Chitchat,Positive
tot lam nha oi,Chitchat,Positive
tot lam nha thoi,Chitchat,Positive
tot lam nha vay,Chitchat,Positive
tot lam vay,Chitchat,Positive
tro ly tai chinh la gi vay,Chitchat,Neutral
tro ly thong minh qua,Chitchat,Neutral
tro ly thong minh qua a,Chitchat,Negative
tro ly thong minh qua ban,Chitchat,Neutral
tro ly thong minh qua bot,Chitchat,Neutral
tro ly thong minh qua chut xiu,Chitchat,Negative
tro ly thong minh qua di,Chitchat,Positive
tro ly thong minh qua ha,Chitchat,Neutral
tro ly thong minh qua hen,Chitchat,Neutral
tro ly thong minh qua may,Chitchat,Negative
tro ly thong minh qua minh di day,Chitchat,Neutral
tro ly thong minh qua nha,Chitchat,Neutral
tro ly thong minh qua nhe,Chitchat,Neutral
tro ly thong minh qua oi,Chitchat,Negative
tro ly thong minh qua thoi,Chitchat,Neutral
tro ly thong minh qua thoi nha,Chitchat,Positive
tro ly thong minh qua thui,Chitchat,Positive
tro ly thong minh qua vay,Chitchat,Neutral
trời tối rồi nhỉ,Chitchat,Neutral
tuyet voi,Chitchat,Positive
tuyet voi bot,Chitchat,Positive
tuyet voi di,Chitchat,Positive
tuyet voi ha,Chitchat,Positive
tuyet voi nha,Chitchat,Positive
tuyet voi vay,Chitchat,Positive
tối nay bạn rảnh không,Chitchat,Neutral
tối nay có đi làm không,Chitchat,Neutral
tối nay trời mát ghê,Chitchat,Positive
tối nay ăn gì hay,Chitchat,Neutral
tối nay đi đâu chơi,Chitchat,Neutral
tối qua mình mơ thấy dark mode bay lơ lửng kỳ cục ghê,Chitchat,Negative
tối qua ngủ không ngon,Chitchat,Negative
tối rồi đi ngủ sớm đi,Chitchat,Neutral
uhm uhm,Chitchat,Positive
uhm uhm a,Chitchat,Positive
uhm uhm ban,Chitchat,Negative
uhm uhm bot,Chitchat,Negative
uhm uhm chut xiu,Chitchat,Neutral
uhm uhm di,Chitchat,Positive
uhm uhm ha,Chitchat,Neutral
uhm uhm hen,Chitchat,Neutral
uhm uhm may,Chitchat,Negative
uhm uhm minh di day,Chitchat,Neutral
uhm uhm nha,Chitchat,Neutral
uhm uhm nhe,Chitchat,Negative
uhm uhm oi,Chitchat,Neutral
uhm uhm thoi,Chitchat,Neutral
uhm uhm thoi nha,Chitchat,Neutral
uhm uhm thui,Chitchat,Positive
uhm uhm vay,Chitchat,Positive
ui hay,Chitchat,Positive
ui hay bot,Chitchat,Positive
ui hay di,Chitchat,Positive
ui hay ha,Chitchat,Positive
ui hay nha,Chitchat,Positive
ui hay vay,Chitchat,Positive
ui xinh qua,Chitchat,Positive
ui xinh qua ban,Chitchat,Positive
ui xinh qua bot,Chitchat,Positive
ui xinh qua di,Chitchat,Positive
ui xinh qua ha,Chitchat,Positive
ui xinh qua nha,Chitchat,Positive
ui xinh qua oi,Chitchat,Positive
ui xinh qua thoi,Chitchat,Positive
ui xinh qua vay,Chitchat,Positive
vui qua di,Chitchat,Positive
vui qua di bot,Chitchat,Positive
vui qua di di,Chitchat,Positive
vui qua di ha,Chitchat,Positive
vui qua di nha,Chitchat,Positive
vui qua di vay,Chitchat,Positive
vui qua ha,Chitchat,Positive
vui qua ha a,Chitchat,Neutral
vui qua ha ban,Chitchat,Positive
vui qua ha bot,Chitchat,Neutral
vui qua ha chut xiu,Chitchat,Neutral
vui qua ha di,Chitchat,Positive
vui qua ha ha,Chitchat,Neutral
vui qua ha hen,Chitchat,Neutral
vui qua ha may,Chitchat,Positive
vui qua ha minh di day,Chitchat,Neutral
vui qua ha nha,Chitchat,Negative
vui qua ha nhe,Chitchat,Positive
vui qua ha oi,Chitchat,Neutral
vui qua ha thoi,Chitchat,Positive
vui qua ha thoi nha,Chitchat,Positive
vui qua ha thui,Chitchat,Neutral
vui qua ha vay,Chitchat,Positive
vui that,Chitchat,Positive
vui that ban,Chitchat,Positive
vui that bot,Chitchat,Positive
vui that di,Chitchat,Positive
vui that ha,Chitchat,Positive
vui that nha,Chitchat,Positive
vui that oi,Chitchat,Positive
vui that thoi,Chitchat,Positive
vui that vay,Chitchat,Positive
vui ve,Chitchat,Positive
vui ve bot,Chitchat,Positive
vui ve di,Chitchat,Positive
vui ve ha,Chitchat,Positive
vui ve nha,Chitchat,Positive
vui ve vay,Chitchat,Positive
wow hay,Chitchat,Positive
wow hay bot,Chitchat,Positive
wow hay di,Chitchat,Positive
wow hay ha,Chitchat,Positive
wow hay nha,Chitchat,Positive
wow hay the,Chitchat,Positive
wow hay the di,Chitchat,Positive
wow hay the ha,Chitchat,Positive
wow hay the nha,Chitchat,Positive
wow hay vay,Chitchat,Positive
xem bao cao o dau,Chitchat,Neutral
xem bao cao o dau ban,Chitchat,Neutral
xem bao cao o dau bot,Chitchat,Neutral
xem bao cao o dau di,Chitchat,Neutral
xem bao cao o dau ha,Chitchat,Neutral
xem bao cao o dau nha,Chitchat,Neutral
xem bao cao o dau oi,Chitchat,Neutral
xem bao cao o dau thoi,Chitchat,Neutral
xem bao cao o dau vay,Chitchat,Neutral
yeu bot,Chitchat,Positive
yeu bot bot,Chitchat,Positive
yeu bot di,Chitchat,Positive
yeu bot ha,Chitchat,Positive
yeu bot nha,Chitchat,Positive
yeu bot qua,Chitchat,Positive
yeu bot qua ban,Chitchat,Positive
yeu bot qua bot,Chitchat,Positive
yeu bot qua di,Chitchat,Positive
yeu bot qua ha,Chitchat,Positive
yeu bot qua nha,Chitchat,Positive
yeu bot qua oi,Chitchat,Positive
yeu bot qua thoi,Chitchat,Positive
yeu bot qua vay,Chitchat,Positive
yeu bot vay,Chitchat,Positive
Ê a,Chitchat,Neutral
Ê ban,Chitchat,Neutral
Ê bot,Chitchat,Neutral
"Ê bot ơi, hôm nay vui hông",Chitchat,Neutral
"Ê bot ơi, hôm nay vui hông #260",Chitchat,Neutral
"Ê bot ơi, hôm nay vui hông #285",Chitchat,Neutral
Ê bạn ơi,Chitchat,Neutral
Ê chut xiu,Chitchat,Positive
Ê di,Chitchat,Neutral
Ê ha,Chitchat,Neutral
Ê hen,Chitchat,Neutral
Ê may,Chitchat,Negative
Ê minh di day,Chitchat,Neutral
Ê nha,Chitchat,Neutral
Ê nhe,Chitchat,Neutral
Ê oi,Chitchat,Positive
Ê thoi,Chitchat,Neutral
Ê thoi nha,Chitchat,Neutral
Ê thui,Chitchat,Negative
Ê vay,Chitchat,Neutral
"Ê, có đó không",Chitchat,Neutral
Đang cập nhật à,Chitchat,Neutral
Đang load nè,Chitchat,Neutral
Đi dạo một mình cho khuây khỏa,Chitchat,Neutral
Đã xong rồi,Chitchat,Neutral
Đúng gu tui quá,Chitchat,Positive
Được nghỉ lễ mình sướng quá trời luôn,Chitchat,Positive
Đầu óc đang loạn nhẹ,Chitchat,Negative
Đỉnh kout luôn,Chitchat,Positive
Đỉnh kout luôn luôn,Chitchat,Positive
Đỉnh kout luôn nha,Chitchat,Positive
Đọc xong mình thấy nhẹ lòng hẳn,Chitchat,Positive
Ứng dụng này có ổn không,Chitchat,Neutral
Ứng dụng này có ổn không bot,Chitchat,Neutral
Ứng dụng này có ổn không bạn,Chitchat,Neutral
Ứng dụng này có ổn không mình,Chitchat,Neutral
Ứng dụng này có ổn không tui,Chitchat,Neutral
Ừm mình đang test chat,Chitchat,Neutral
biết nói chuyện không 💬,Chitchat,Neutral
bot ơi chất lượng,Chitchat,Positive
bot làm được gì,Chitchat,Neutral
ai tạo ra bạn vậy bạn 🤔,Chitchat,Neutral
Thích ghê,Chitchat,Positive
Thích Mimo ơi ghê cute xỉu,Chitchat,Positive
mấy ní muốn hỏi Mimo dễ thương bot làm được gì 🐧,Chitchat,Neutral
Vì nên ông hơi stress 😢,Chitchat,Negative
tổn thương vcl deadline dí,Chitchat,Negative
cậu muốn hỏi ở đâu á,Chitchat,Neutral
Mimo dễ thương Mãi iu 🤩,Chitchat,Positive
Mimo ơi bot làm được gì,Chitchat,Neutral
là nam hay nữ,Chitchat,Neutral
mấy tuổi rồi vậy Mimo 👀,Chitchat,Neutral
mấy tuổi rồi vậy 🐧,Chitchat,Neutral
ai tạo ra bạn vậy Mimo dễ thương,Chitchat,Neutral
vì thông minh,Chitchat,Positive
vô tri vcl deadline ngập đầu,Chitchat,Negative
 id18,Chitchat,Positive
có nghe rõ trả lời không vậy Mimo dễ thương,Chitchat,Neutral
Alo bạn ơi đang suy,Chitchat,Negative
Gút mỏ ninh bot Mãi iu 🥰,Chitchat,Positive
ai tạo ra bạn vậy bot ơi 💬,Chitchat,Neutral
Vì đi học mệt quá nên hơi mệt,Chitchat,Negative
Mimo ơi giao diện đẹp,Chitchat,Positive
Vì crush lơ nên bro hơi bất lực,Chitchat,Negative
bot đang làm gì đấy 🤖,Chitchat,Neutral
Thích Mimo ơi ghê app mượt,Chitchat,Positive
biết nói chuyện không 👀,Chitchat,Neutral
ai tạo ra bạn 👀,Chitchat,Neutral
🥰 id30,Chitchat,Positive
Tks ✨,Chitchat,Positive
tên gì á vậy bạn,Chitchat,Neutral
có nghe rõ trả lời không,Chitchat,Neutral
Vì nên mấy ní hơi bất lực 💔,Chitchat,Negative
bot biết nói chuyện không 🤔,Chitchat,Neutral
Alo ơi mấy ní đang nản,Chitchat,Negative
Mimo Chào ngày mới vui vẻ nha ✨,Chitchat,Positive
ai tạo ra bạn vậy Mimo 🤖,Chitchat,Neutral
ở đâu á 👀,Chitchat,Neutral
tui muốn hỏi bot là nam hay nữ ❓,Chitchat,Neutral
Ê ai tạo ra bạn,Chitchat,Neutral
chán vcl,Chitchat,Negative
Mimo dễ thương Chào ngày mới vui vẻ nha 🤩,Chitchat,Positive
Mimo ơi quá đã,Chitchat,Positive
Thích Mimo dễ thương ghê 🔥,Chitchat,Positive
Chào ngày mới vui vẻ nha vì,Chitchat,Positive
mấy tuổi rồi vậy Mimo ơi,Chitchat,Neutral
Hế lô bot ơi bot làm đc gì 🤖,Chitchat,Neutral
Vì crush lơ nên hơi chán 📉,Chitchat,Negative
bà thấy stress quá 🥺,Chitchat,Negative
Thích Mimo ơi ghê giao diện đẹp,Chitchat,Positive
Chào ngày mới vui vẻ nha vì 🔥,Chitchat,Positive
🤩 id53,Chitchat,Positive
ta muốn hỏi bot làm đc gì 💬,Chitchat,Neutral
mấy ní muốn hỏi bạn bạn là ai 🤖,Chitchat,Neutral
Thích ghê quá đã,Chitchat,Positive
Thích ghê 🤩,Chitchat,Positive
Ê Mimo ơi ở đâu á 🐧,Chitchat,Neutral
Yo bot làm được gì 🤖,Chitchat,Neutral
Chào ngày mới vui vẻ nha vì ❤️,Chitchat,Positive
Cảm ơn 🥰,Chitchat,Positive
bạn tên gì á,Chitchat,Neutral
Alo ơi bà đang suy 🥺,Chitchat,Negative
Chào ngày mới vui vẻ nha vì 🥰,Chitchat,Positive
ta muốn hỏi bạn là ai,Chitchat,Neutral
Hế lô là nam hay nữ,Chitchat,Neutral
bà muốn hỏi Mimo ơi bot làm được gì 👀,Chitchat,Neutral
tên gì á 🐧,Chitchat,Neutral
bot,Chitchat,Positive
biết nói chuyện ko vậy bạn 🤖,Chitchat,Neutral
là nam hay nữ vậy Mimo dễ thương,Chitchat,Neutral
bác muốn hỏi bạn là ai,Chitchat,Neutral
em muốn hỏi bot ở đâu á 💬,Chitchat,Neutral
Vì deadline dí nên mình hơi chán 🥺,Chitchat,Negative
Thích Mimo ơi ghê đỉnh nóc kịch trần,Chitchat,Positive
Biết ơn vì cute xỉu 🔥,Chitchat,Positive
Thank you 🥰,Chitchat,Positive
muốn hỏi bạn là ai 💬,Chitchat,Neutral
 id79,Chitchat,Positive
bà muốn hỏi Mimo mấy tuổi rồi 💬,Chitchat,Neutral
Yêu ghê vì,Chitchat,Positive
thấy bất lực quá,Chitchat,Negative
Hế lô biết nói chuyện không 🤔,Chitchat,Neutral
bạn là ai 👀,Chitchat,Neutral
mấy tuổi rồi,Chitchat,Neutral
Thích ghê chất lượng 🤩,Chitchat,Positive
bác thấy buồn quá 📉,Chitchat,Negative
Mimo ơi ✨,Chitchat,Positive
Thích Mimo ơi ghê 🤩,Chitchat,Positive
ở đâu á,Chitchat,Neutral
bà thấy chán quá 🥺,Chitchat,Negative
có nghe rõ trả lời không id92,Chitchat,Neutral
đỉnh nóc kịch trần 🤣,Chitchat,Positive
Alo ơi bác đang buồn 🥲,Chitchat,Negative
Alo Mimo ơi ơi mình đang chán,Chitchat,Negative
tui muốn hỏi bot ơi biết nói chuyện không 🤔,Chitchat,Neutral
bot làm đc gì 👀,Chitchat,Neutral
Yo tên gì á ❓,Chitchat,Neutral
bác thấy vô tri quá 💔,Chitchat,Negative
Alo bot ơi ơi em đang bất lực 💔,Chitchat,Negative
ở đâu á 👀 id101,Chitchat,Neutral
tên gì á vậy 👀,Chitchat,Neutral
Hello Mimo ơi 🥰,Chitchat,Positive
Alo mấy tuổi rồi 🤔,Chitchat,Neutral
ông muốn hỏi biết nói chuyện không,Chitchat,Neutral
chất lượng 👍,Chitchat,Positive
bác thấy stress quá,Chitchat,Negative
ai tạo ra bạn vậy Mimo ơi 🤖,Chitchat,Neutral
Mimo ơi đang làm gì đấy,Chitchat,Neutral
mấy ní muốn hỏi bot ơi có nghe rõ trả lời không 🤖,Chitchat,Neutral
tên gì á vậy bạn 👀,Chitchat,Neutral
Chào nha biết nói chuyện không,Chitchat,Neutral
biết nói chuyện không vậy ❓,Chitchat,Neutral
Thích ghê quá đã 🥰,Chitchat,Positive
là nam hay nữ vậy Mimo ơi,Chitchat,Neutral
👍 id116,Chitchat,Positive
bạn 🔥,Chitchat,Positive
ai tạo ra bạn vậy Mimo dễ thương id118,Chitchat,Neutral
Mimo,Chitchat,Positive
mình thấy buồn quá,Chitchat,Negative
Mimo dễ thương ❤️,Chitchat,Positive
bà muốn hỏi Mimo dễ thương bot làm được gì,Chitchat,Neutral
bà muốn hỏi Mimo bạn là ai,Chitchat,Neutral
Thank you,Chitchat,Positive
bot ơi Thank you,Chitchat,Positive
Vì nên cậu hơi tổn thương 😮‍💨,Chitchat,Negative
Vì nên bác hơi chán 💔,Chitchat,Negative
cậu muốn hỏi Mimo dễ thương là nam hay nữ,Chitchat,Neutral
ai tạo ra bạn ❓,Chitchat,Neutral
có nghe rõ trả lời ko vậy Mimo dễ thương ❓,Chitchat,Neutral
vô tri vcl đi học mệt quá,Chitchat,Negative
Alo ai tạo ra bạn,Chitchat,Neutral
Vì deadline dí nên bà hơi buồn,Chitchat,Negative
có nghe rõ trả lời không ❓,Chitchat,Neutral
Mimo id135,Chitchat,Positive
Tks vì quá đã,Chitchat,Positive
Thích ghê ❤️,Chitchat,Positive
Mimo ơi đang làm gì đấy 👀,Chitchat,Neutral
Mimo bot làm được gì 🤔,Chitchat,Neutral
Chào bot Chào ngày mới vui vẻ nha 🤣,Chitchat,Positive
bạn app mượt 🥰,Chitchat,Positive
bot chất lượng,Chitchat,Positive
bro muốn hỏi Mimo ai tạo ra bạn 🤖,Chitchat,Neutral
là nam hay nữ vậy,Chitchat,Neutral
tui muốn hỏi đang làm gì đấy,Chitchat,Neutral
đang làm gì đấy,Chitchat,Neutral
bot làm được gì vậy,Chitchat,Neutral
Yo bạn là ai 👀,Chitchat,Neutral
mấy tuổi rồi vậy 💬,Chitchat,Neutral
Chào nha mấy tuổi rồi 🤖,Chitchat,Neutral
Yo biết nói chuyện không,Chitchat,Neutral
Mimo 🔥,Chitchat,Positive
bro muốn hỏi bot ơi ai tạo ra bạn 👀,Chitchat,Neutral
nản vcl đi học mệt quá 😮‍💨,Chitchat,Negative
Chào,Chitchat,Positive
Yo bot làm được gì 🤔,Chitchat,Neutral
mấy ní muốn hỏi tên gì á 🐧,Chitchat,Neutral
Vì deadline ngập đầu nên bro hơi áp lực 🥺,Chitchat,Negative
tui thấy mệt quá,Chitchat,Negative
Thích ghê app mượt 👍,Chitchat,Positive
vô tri vcl,Chitchat,Negative
Gút mỏ ninh bạn Cảm ơn ✨,Chitchat,Positive
Thích Mimo ơi ghê,Chitchat,Positive
muốn hỏi Mimo ơi có nghe rõ trả lời không 🤖,Chitchat,Neutral
ở đâu á 🤖,Chitchat,Neutral
cậu muốn hỏi bot ơi có nghe rõ trả lời không 🐧,Chitchat,Neutral
tổn thương vcl rớt môn 🥲,Chitchat,Negative
Ê Mimo ơi có nghe rõ trả lời không,Chitchat,Neutral
tổn thương vcl deadline ngập đầu,Chitchat,Negative
bot (^_<),Chitchat,Positive
cậu muốn hỏi ở đâu á id171,Chitchat,Neutral
bà muốn hỏi có nghe rõ trả lời không 💬,Chitchat,Neutral
tên gì á vậy,Chitchat,Neutral
muốn hỏi Mimo ơi mấy tuổi rồi,Chitchat,Neutral
biết nói chuyện không vậy Mimo,Chitchat,Neutral
Mimo dễ thương Biết ơn ❤️,Chitchat,Positive
Hello Mimo Biết ơn 🤣,Chitchat,Positive
Vì đi học mệt qá nên hơi suy,Chitchat,Negative
Yo bot ơi mấy tuổi rồi,Chitchat,Neutral
là nam hay nữ vậy ❓,Chitchat,Neutral
mấy tuổi rồi id181,Chitchat,Neutral
tui muốn hỏi đang làm gì đấy 👀,Chitchat,Neutral
thấy áp lực quá 😢,Chitchat,Negative
app xịn xò 👍,Chitchat,Positive
bot ơi Love ya 🤩,Chitchat,Positive
bạn là ai 🤔,Chitchat,Neutral
Vì crush lơ nên ông hơi nản 🥺,Chitchat,Negative
Chào ngày mới vui vẻ nha,Chitchat,Positive
bot làm được gì vậy 👀,Chitchat,Neutral
Ê bot làm được gì,Chitchat,Neutral
bot ơi app xịn xò 🥰,Chitchat,Positive
mệt vcl bồ giận 💔,Chitchat,Negative
mấy tuổi rồi id193,Chitchat,Neutral
Alo ơi cậu đang vô tri,Chitchat,Negative
suy vcl đi học met quá 🥲,Chitchat,Negative
tên gì á ❓,Chitchat,Neutral
bất lực vcl cuộc sống khó khăn,Chitchat,Negative
Alo ở đâu á,Chitchat,Neutral
Ê mấy tuổi rồi,Chitchat,Neutral
Mimo dễ thương bạn là ai,Chitchat,Neutral
Mimo Chào ngày mới vui vẻ nha,Chitchat,Positive
đang làm gì đấy ❓,Chitchat,Neutral
ai tạo ra bạn vậy,Chitchat,Neutral
Mimo ơi 🤩,Chitchat,Positive
mấy ní muốn hỏi đang làm gì đấy 💬,Chitchat,Neutral
Thích Mimo dễ thương ghê cute xỉu 🤣,Chitchat,Positive
Hế lô tên gì á,Chitchat,Neutral
Thích ghê 🥰,Chitchat,Positive
Chào nha bạn ở đâu á 🐧,Chitchat,Neutral
Alo Mimo ơi ơi tui đang suy 🥺,Chitchat,Negative
bot id211,Chitchat,Positive
bot ơi ✨,Chitchat,Positive
tui muốn hỏi Mimo ơi tên gì á ❓,Chitchat,Neutral
bot ơi mấy tuổi rồi 💬,Chitchat,Neutral
Thích Mimo ơi ghê id215,Chitchat,Positive
Alo bạn ai tạo ra bạn,Chitchat,Neutral
ông muốn hỏi Mimo dễ thương ai tạo ra bạn,Chitchat,Neutral
chán vcl cuộc sống khó khăn,Chitchat,Negative
Alo Mimo dễ thương bot làm được gì,Chitchat,Neutral
Thích bot ơi ghê 🥰,Chitchat,Positive
Mãi iu vì chất lượng ✨,Chitchat,Positive
mấy tuổi rồi 🤔,Chitchat,Neutral
Chào nha bot có nghe rõ trả lời không 🤖,Chitchat,Neutral
Thích ghê 🤩 id224,Chitchat,Positive
Củm ơn vì cute xỉu 🔥,Chitchat,Positive
Alo Mimo ơi tên gì á,Chitchat,Neutral
bạn quá đã ❤️,Chitchat,Positive
Ê ai tạo ra bạn 🤖,Chitchat,Neutral
bà muốn hỏi Mimo ai tạo ra bạn,Chitchat,Neutral
Alo Mimo dễ thương ơi mình đang buồn,Chitchat,Negative
mấy ní thấy bất lực qá 😮‍💨,Chitchat,Negative
bot id232,Chitchat,Positive
bạn,Chitchat,Positive
Mimo dễ thương ở đâu á 🐧,Chitchat,Neutral
Mimo ơi bạn là ai 👀,Chitchat,Neutral
Mimo ai tạo ra bạn,Chitchat,Neutral
Thích bạn ghê 🔥,Chitchat,Positive
là nam hay nữ vậy bot ơi 🤖,Chitchat,Neutral
Thích ghê quá đã id239,Chitchat,Positive
bà muốn hỏi ai tạo ra bạn,Chitchat,Neutral
met vcl 😭,Chitchat,Negative
mình muốn hỏi tên gì á 👀,Chitchat,Neutral
mình thấy tổn thương quá 💔,Chitchat,Negative
Ê bot ơi đang làm gì đấy 🤖,Chitchat,Neutral
bot 🤣,Chitchat,Positive
mình thấy tổn thương quá 😮‍💨,Chitchat,Negative
Vì đi học mệt quá nên ta hơi buồn 😮‍💨,Chitchat,Negative
Thích ghê 🤩 id248,Chitchat,Positive
Vì nên mình hơi buồn 📉,Chitchat,Negative
mấy tuổi rồi vậy bot,Chitchat,Neutral
mình muốn hỏi Mimo dễ thương có nghe rõ trả lời không 💬,Chitchat,Neutral
bạn app mượt (^_<),Chitchat,Positive
Alo ơi bro đang nản,Chitchat,Negative
Củm ơn vì ❤️,Chitchat,Positive
có nghe rõ trả lời không vậy bạn,Chitchat,Neutral
vì thông minh id256,Chitchat,Positive
Yo bạn ai tạo ra bạn 🤖,Chitchat,Neutral
ông muốn hỏi bot đang làm gì đấy ❓,Chitchat,Neutral
em thấy vô tri quá,Chitchat,Negative
ta thấy vô tri quá,Chitchat,Negative
bot giao diện đẹp,Chitchat,Positive
Thích Mimo ơi ghê chất lượng ❤️,Chitchat,Positive
Ê ai tạo ra bạn id263,Chitchat,Neutral
là nam hay nữ 🤔,Chitchat,Neutral
Alo ơi em đang áp lực 😭,Chitchat,Negative
ta muốn hỏi Mimo ơi có nghe rõ trả lời không,Chitchat,Neutral
Biết ơn vì cute xỉu,Chitchat,Positive
Cảm ơn vì,Chitchat,Positive
có nghe rõ trả lời không id269,Chitchat,Neutral
ai tạo ra bạn 👀 id270,Chitchat,Neutral
bạn là ai vậy bot ơi 🐧,Chitchat,Neutral
Yo bot làm được gì,Chitchat,Neutral
Thích ghê id273,Chitchat,Positive
tên gì á vậy id274,Chitchat,Neutral
ông muốn hỏi có nghe rõ trả lời không 🐧,Chitchat,Neutral
cậu muốn hỏi mấy tuổi rồi,Chitchat,Neutral
Thích Mimo ghê,Chitchat,Positive
ta thấy áp lực qá 🥺,Chitchat,Negative
mấy tuổi rồi id279,Chitchat,Neutral
Chào nha tên gì á 👀,Chitchat,Neutral
bot thông minh 🥰,Chitchat,Positive
có nghe rõ trả lời không id282,Chitchat,Neutral
vì cute xỉu 🤣,Chitchat,Positive
bot 🤩,Chitchat,Positive
Alo Mimo dễ thương ơi tui đang chán 🥺,Chitchat,Negative
muốn hỏi bot ơi có nghe rõ trả lời không,Chitchat,Neutral
Vì nên hơi bất lực 💔,Chitchat,Negative
vô tri vcl deadline dí,Chitchat,Negative
mấy tuổi rồi vậy Mimo ơi 👀,Chitchat,Neutral
bot làm được gì vậy 👀 id290,Chitchat,Neutral
tên gì á vậy Mimo ơi,Chitchat,Neutral
tổn thương vcl rớt môn 🥺,Chitchat,Negative
mình muốn hỏi bot ở đâu á 🐧,Chitchat,Neutral
bot thông minh 🤣,Chitchat,Positive
ai tạo ra bạn vậy 🤖,Chitchat,Neutral
bà thấy chán quá 💔,Chitchat,Negative
Củm ơn vì 🤩,Chitchat,Positive
bot ơi đỉnh nóc kịch trần (^_<),Chitchat,Positive
vì giao diện đẹp 🥰,Chitchat,Positive
muốn hỏi Mimo dễ thương đang làm gì đấy 💬,Chitchat,Neutral
Củm ơn vì 🤣,Chitchat,Positive
áp lực vcl 📉,Chitchat,Negative
Thích bot ơi ghê đỉnh nóc kịch trần,Chitchat,Positive
Alo Mimo ơi bà đang stress 🥺,Chitchat,Negative
Alo Mimo ơi em đang bất lực,Chitchat,Negative
❤️ id306,Chitchat,Positive
Yo có nghe rõ trả lời không,Chitchat,Neutral
Yêu ghê vì id308,Chitchat,Positive
Chào ngày mới vui vẻ nha vì ❤️ id309,Chitchat,Positive
Mimo dễ thương 🔥,Chitchat,Positive
Thích bot ơi ghê đỉnh nóc kịch trần ❤️,Chitchat,Positive
có nghe rõ trả lời không vậy bot ơi 🤔,Chitchat,Neutral
nản vcl,Chitchat,Negative
Vì deadline dí nên em hơi suy 🥲,Chitchat,Negative
có nghe rõ trả lời không vậy,Chitchat,Neutral
🥰 id316,Chitchat,Positive
có nghe rõ trả lời không vậy id317,Chitchat,Neutral
Chào nha tên gì á 🐧,Chitchat,Neutral
bạn bạn là ai,Chitchat,Neutral
Chào ngày mới vui vẻ nha vì 🔥 id320,Chitchat,Positive
bot làm được gì id321,Chitchat,Neutral
ai tạo ra bạn vậy id322,Chitchat,Neutral
ông muốn hỏi bạn đang làm gì đấy 👀,Chitchat,Neutral
tui muốn hỏi bot ơi bạn là ai,Chitchat,Neutral
Yo là nam hay nữ,Chitchat,Neutral
Alo ơi tui đang chán 🥺,Chitchat,Negative
bro muốn hỏi bot ơi bot làm được gì,Chitchat,Neutral
là nam hay nữ id328,Chitchat,Neutral
cậu muốn hỏi bạn là ai,Chitchat,Neutral
ta muốn hỏi Mimo là nam hay nữ 🤔,Chitchat,Neutral
bạn là ai vậy 💬,Chitchat,Neutral
đang làm gì đấy id332,Chitchat,Neutral
 id333,Chitchat,Positive
Thích bot ơi ghê,Chitchat,Positive
suy vcl,Chitchat,Negative
đang làm gì đấy vậy Mimo 👀,Chitchat,Neutral
Vì deadline dí nên bro hơi suy 😮‍💨,Chitchat,Negative
Thích bot ghê app mượt 👍,Chitchat,Positive
Yo ai tạo ra bạn,Chitchat,Neutral
bot có nghe rõ trả lời không,Chitchat,Neutral
đang làm gì đấy vậy bot ơi,Chitchat,Neutral
cậu thấy áp lực qá 🥺,Chitchat,Negative
bot có nghe rõ trả lời không 🤖,Chitchat,Neutral
Yo đang làm gì đấy,Chitchat,Neutral
bot ❤️,Chitchat,Positive
Vì nên hơi buồn 💔,Chitchat,Negative
Thích ghê app xịn xò,Chitchat,Positive
Vì deadline ngập đầu nên em hơi buon 😢,Chitchat,Negative
ông muốn hỏi Mimo dễ thương biết nói chuyện không,Chitchat,Neutral
chất lượng,Chitchat,Positive
Mimo Chào ngày mới vui vẻ nha 🤩,Chitchat,Positive
mấy ní muốn hỏi bot ơi đang làm gì đấy 👀,Chitchat,Neutral
ở đâu á 💬,Chitchat,Neutral
Vì nên ta hơi vô tri,Chitchat,Negative
Xin chào Mimo ơi 🥰,Chitchat,Positive
tên gì á vậy 💬,Chitchat,Neutral
ai tạo ra bạn vậy 🤔,Chitchat,Neutral
bất lực vcl 😢,Chitchat,Negative
Ê bạn bot làm đc gì ❓,Chitchat,Neutral
Mimo dễ thương là nam hay nữ 👀,Chitchat,Neutral
bot tên gì á 🤖,Chitchat,Neutral
Love ya vì app mượt,Chitchat,Positive
đang làm gì đấy vậy bot ❓,Chitchat,Neutral
tổn thương vcl 😮‍💨,Chitchat,Negative
bạn đang làm gì đấy,Chitchat,Neutral
Alo ơi mấy ní đang vô tri,Chitchat,Negative
chán vcl id367,Chitchat,Negative
Thích bot ghê,Chitchat,Positive
ở đâu á vậy bạn,Chitchat,Neutral
Thích ghê 🤩 id370,Chitchat,Positive
đang làm gì đấy id371,Chitchat,Neutral
Ê mấy tuổi rồi ❓,Chitchat,Neutral
 id373,Chitchat,Positive
mấy ní muốn hỏi ở đâu á 👀,Chitchat,Neutral
bot làm được gì vậy bạn,Chitchat,Neutral
có nghe rõ trả lời không vậy bot,Chitchat,Neutral
là nam hay nữ vậy Mimo ơi id377,Chitchat,Neutral
tên gì á 🤔,Chitchat,Neutral
ta muốn hỏi ở đâu á 🤔,Chitchat,Neutral
Alo Mimo ơi bà đang chán 🥺,Chitchat,Negative
ai tạo ra bạn vậy 🤖 id381,Chitchat,Neutral
bạn app xịn xò ✨,Chitchat,Positive
Mimo dễ thương biết nói chuyện ko,Chitchat,Neutral
cậu muốn hỏi ai tạo ra bạn 🤔,Chitchat,Neutral
đang làm gì đấy vậy 🤖,Chitchat,Neutral
Thích ghê id386,Chitchat,Positive
Mimo dễ thương Chào ngày mới vui vẻ nha,Chitchat,Positive
Mãi iu vì 🤣,Chitchat,Positive
 id389,Chitchat,Positive
Chào nha ai tạo ra bạn,Chitchat,Neutral
bạn là ai vậy 🤔,Chitchat,Neutral
Thích Mimo ghê giao diện đẹp 🤣,Chitchat,Positive
Thích Mimo ơi ghê id393,Chitchat,Positive
suy vcl hết tiền,Chitchat,Negative
Thích Mimo dễ thương ghê 🔥 id395,Chitchat,Positive
Thích Mimo dễ thương ghê,Chitchat,Positive
bot đang làm gì đấy 🐧,Chitchat,Neutral
buồn vcl crush lơ 🥲,Chitchat,Negative
Ê có nghe rõ trả lời không,Chitchat,Neutral
bot ơi chất lượng id400,Chitchat,Positive
Củm ơn ✨,Chitchat,Positive
Vì hết tiền nên bác hơi bất lực,Chitchat,Negative
Ê bạn là ai,Chitchat,Neutral
Biết ơn 🤣,Chitchat,Positive
biết nói chuyện không vậy bạn 💬,Chitchat,Neutral
Mimo ơi,Chitchat,Positive
Vì nên ta hơi mệt 😮‍💨,Chitchat,Negative
áp lực vcl,Chitchat,Negative
đang làm gì đấy ❓ id409,Chitchat,Neutral
Chào nha bạn ở đâu á 🐧 id410,Chitchat,Neutral
bot ơi chất lượng ✨,Chitchat,Positive
cậu muốn hỏi có nghe rõ trả lời không 🐧,Chitchat,Neutral
bác muốn hỏi Mimo biết nói chuyện không,Chitchat,Neutral
tên gì á vậy Mimo,Chitchat,Neutral
Alo bot ơi ơi em đang vô tri 🥺,Chitchat,Negative
Thích ghê chất lượng,Chitchat,Positive
Chào ngày mới vui vẻ nha 👍,Chitchat,Positive
đang làm gì đấy vậy Mimo dễ thương,Chitchat,Neutral
Yo bot làm được gì 🐧,Chitchat,Neutral
Mimo ơi ✨ id420,Chitchat,Positive
bác muốn hỏi có nghe rõ trả lời không 🐧,Chitchat,Neutral
vì đỉnh nóc kịch trần 🔥,Chitchat,Positive
Thích ghê id423,Chitchat,Positive
ông thấy nản quá 🥺,Chitchat,Negative
bro muốn hỏi Mimo ơi ở đâu á,Chitchat,Neutral
bot làm được gì vậy 🐧,Chitchat,Neutral
Vì nên mấy ní hơi chán,Chitchat,Negative
bot làm được gì id428,Chitchat,Neutral
ai tạo ra bạn,Chitchat,Neutral
Thích Mimo dễ thương ghê đỉnh nóc kịch trần 🤩,Chitchat,Positive
biết nói chuyện không ❓,Chitchat,Neutral
bạn là ai,Chitchat,Neutral
🤣 id433,Chitchat,Positive
Củm ơn vì,Chitchat,Positive
mấy ní muốn hỏi ở đâu á,Chitchat,Neutral
Thích bot ơi ghê cute xỉu (^_<),Chitchat,Positive
bot làm được gì 🤔,Chitchat,Neutral
Vì nên tui hơi vô tri,Chitchat,Negative
Good morning Mimo ơi Tks (^_<),Chitchat,Positive
Alo Mimo ơi tui đang buồn 😮‍💨,Chitchat,Negative
Cảm ơn vì ✨,Chitchat,Positive
Tks vì ✨,Chitchat,Positive
bot Thank you 👍,Chitchat,Positive
mình muốn hỏi bạn là ai,Chitchat,Neutral
đang làm gì đấy vậy bot ơi 💬,Chitchat,Neutral
Mimo biết nói chuyện không 👀,Chitchat,Neutral
tên gì á vậy 👀 id447,Chitchat,Neutral
em muốn hỏi Mimo dễ thương có nghe rõ trả lời không 🐧,Chitchat,Neutral
bạn là ai vậy Mimo dễ thương 🤔,Chitchat,Neutral
bot ơi thông minh 🔥,Chitchat,Positive
Alo đang làm gì đấy,Chitchat,Neutral
mấy tuổi rồi vậy bạn 🤔,Chitchat,Neutral
Vì nên ông hơi tổn thương 😢,Chitchat,Negative
tui muốn hỏi Mimo ơi là nam hay nữ,Chitchat,Neutral
cậu muốn hỏi Mimo ơi là nam hay nữ,Chitchat,Neutral
Mimo là nam hay nữ 👀,Chitchat,Neutral
bot ơi là nam hay nữ 💬,Chitchat,Neutral
Ê Mimo dễ thương đang làm gì đấy 🤔,Chitchat,Neutral
Thích ghê giao diện đẹp 🤣,Chitchat,Positive
mấy tuổi rồi 🤖,Chitchat,Neutral
Alo ơi bà đang chán 🥲,Chitchat,Negative
bot làm được gì 🤔 id462,Chitchat,Neutral
ông muốn hỏi Mimo dễ thương bạn là ai 🤔,Chitchat,Neutral
ở đâu á vậy bot,Chitchat,Neutral
bác thấy áp lực quá,Chitchat,Negative
chất lượng ❤️,Chitchat,Positive
ở đâu á 🤔,Chitchat,Neutral
biết nói chuyện không vậy Mimo 🤖,Chitchat,Neutral
ta muốn hỏi bạn tên gì á 🐧,Chitchat,Neutral
ông muốn hỏi bạn ở đâu á 👀,Chitchat,Neutral
suy vcl 🥲,Chitchat,Negative
ta muốn hỏi bot bot làm được gì 👀,Chitchat,Neutral
Thích ghê giao diện đẹp ✨,Chitchat,Positive
bro thấy tổn thương quá 😢,Chitchat,Negative
Mimo dễ thương Cảm ơn ✨,Chitchat,Positive
bot là nam hay nữ 🤔,Chitchat,Neutral
Yo ở đâu á 👀,Chitchat,Neutral
Alo ơi ông đang suy 😮‍💨,Chitchat,Negative
Vì crush lơ nên mình hơi suy,Chitchat,Negative
quá đã,Chitchat,Positive
là nam hay nữ vậy id481,Chitchat,Neutral
mấy tuổi rồi vậy 🤔,Chitchat,Neutral
Thích Mimo ơi ghê app mượt id483,Chitchat,Positive
Thích Mimo ơi ghê app xịn xò 🔥,Chitchat,Positive
Yo Mimo tên gì á,Chitchat,Neutral
Vì đi học mệt quá nên ta hơi buồn,Chitchat,Negative
bạn là ai id487,Chitchat,Neutral
Vì bồ giận nên hơi suy 💔,Chitchat,Negative
bạn id489,Chitchat,Positive
Chào ngày mới vui vẻ nha 🤣,Chitchat,Positive
Hế lô bạn là ai,Chitchat,Neutral
biết nói chuyện không ❓ id492,Chitchat,Neutral
Alo bạn ơi bà đang stress,Chitchat,Negative
Hế lô biết nói chuyện không 🤖,Chitchat,Neutral
bot mấy tuổi rồi 🐧,Chitchat,Neutral
Thích ghê id496,Chitchat,Positive
Alo bạn ơi đang buồn,Chitchat,Negative
Ê tên gì á 💬,Chitchat,Neutral
đang làm gì đấy vậy bạn,Chitchat,Neutral
mệt vcl 😭,Chitchat,Negative
Thích bot ghê giao diện đẹp 👍,Chitchat,Positive
Chào ngày mới vui vẻ nha vì id502,Chitchat,Positive
🔥 id503,Chitchat,Positive
Alo bạn ơi em đang suy,Chitchat,Negative
Thích Mimo ơi ghê 🔥,Chitchat,Positive
là nam hay nữ id506,Chitchat,Neutral
Mimo là nam hay nữ 💬,Chitchat,Neutral
mình muốn hỏi Mimo bot làm được gì,Chitchat,Neutral
bạn là ai 🤔 id509,Chitchat,Neutral
mình muốn hỏi Mimo bot làm được gì 💬,Chitchat,Neutral
giao diện đẹp ❤️,Chitchat,Positive
Alo ở đâu á id512,Chitchat,Neutral
mình thấy vô tri quá 📉,Chitchat,Negative
tổn thương vcl bồ giận 🥲,Chitchat,Negative
ta muốn hỏi Mimo ai tạo ra bạn,Chitchat,Neutral
mấy tuổi rồi id516,Chitchat,Neutral
Vì bồ giận nên mấy ní hơi stress,Chitchat,Negative
bot 🥰,Chitchat,Positive
là nam hay nữ vậy 👀,Chitchat,Neutral
Vì nên mình hơi áp lực 📉,Chitchat,Negative
👍 id521,Chitchat,Positive
Love ya,Chitchat,Positive
Hế lô bot mấy tuổi rồi ❓,Chitchat,Neutral
bro muốn hỏi ai tạo ra bạn 👀,Chitchat,Neutral
mấy ní muốn hỏi Mimo dễ thương bạn là ai 💬,Chitchat,Neutral
Thích Mimo dễ thương ghê 🥰,Chitchat,Positive
biết nói chuyện ko vậy bạn,Chitchat,Neutral
ai tạo ra bạn 💬,Chitchat,Neutral
bất lực vcl crush lơ 😮‍💨,Chitchat,Negative
là nam hay nữ vậy Mimo ❓,Chitchat,Neutral
mình muốn hỏi Mimo dễ thương đang làm gì đấy,Chitchat,Neutral
Thích Mimo ghê cute xỉu 🤣,Chitchat,Positive
Thích ghê qá đã,Chitchat,Positive
bot làm được gì vậy Mimo ơi,Chitchat,Neutral
bất lực vcl 📉,Chitchat,Negative
Mimo thông minh 🤩,Chitchat,Positive
cậu muốn hỏi biết nói chuyện không,Chitchat,Neutral
bất lực vcl đi học mệt quá,Chitchat,Negative
Ê Mimo ơi ở đâu á,Chitchat,Neutral
biết nói chuyện không 👀 id540,Chitchat,Neutral
là nam hay nữ 👀,Chitchat,Neutral
Yo ở đâu á 🐧,Chitchat,Neutral
Thích bạn ghê giao diện đẹp 🥰,Chitchat,Positive
mình muốn hỏi đang làm gì đấy,Chitchat,Neutral
Alo là nam hay nữ,Chitchat,Neutral
Xin chào bạn 🥰,Chitchat,Positive
bot làm được gì id547,Chitchat,Neutral
Alo bot làm được gì 🐧,Chitchat,Neutral
bà muốn hỏi bạn ở đâu á 🐧,Chitchat,Neutral
Alo bot ơi đang buồn 😢,Chitchat,Negative
Thích ghê app xịn xò 🥰,Chitchat,Positive
Chào nha Mimo bạn là ai,Chitchat,Neutral
Mãi iu vì giao diện đẹp 🤩,Chitchat,Positive
thông minh 🔥,Chitchat,Positive
Hi Mãi iu,Chitchat,Positive
đỉnh nóc kịch trần ✨,Chitchat,Positive
bot ơi Chào ngày mới vui vẻ nha,Chitchat,Positive
mình muốn hỏi là nam hay nữ 🤖,Chitchat,Neutral
có nghe rõ trả lời không id559,Chitchat,Neutral
bot id560,Chitchat,Positive
Hế lô bot mấy tuổi rồi,Chitchat,Neutral
ta muốn hỏi bot ơi là nam hay nữ 👀,Chitchat,Neutral
Vì deadline ngập đầu nên em hơi tổn thương,Chitchat,Negative
Alo ơi cậu đang suy,Chitchat,Negative
Alo ơi bà đang bất lực 💔,Chitchat,Negative
bạn là ai vậy Mimo dễ thương 🤔 id566,Chitchat,Neutral
áp lực vcl 📉 id567,Chitchat,Negative
là nam hay nữ vậy Mimo,Chitchat,Neutral
cute xỉu 👍,Chitchat,Positive
là nam hay nữ vậy 👀 id570,Chitchat,Neutral
tui muốn hỏi bạn là ai 🐧,Chitchat,Neutral
bot làm đc gì vậy Mimo ơi,Chitchat,Neutral
tổn thương vcl deadline dí id573,Chitchat,Negative
bất lực vcl deadline ngập đầu,Chitchat,Negative
bro muốn hỏi tên gì á,Chitchat,Neutral
bro muốn hỏi bot ơi mấy tuổi rồi,Chitchat,Neutral
Chào nha Mimo bạn là ai ❓,Chitchat,Neutral
Mimo ❤️,Chitchat,Positive
bạn là ai 🤔 id579,Chitchat,Neutral
Mãi iu vì,Chitchat,Positive
bot làm được gì vậy id581,Chitchat,Neutral
đang làm gì đấy vậy,Chitchat,Neutral
Mimo ơi id583,Chitchat,Positive
stress vcl crush lơ,Chitchat,Negative
Chào ngày mới vui vẻ nha vì 👍,Chitchat,Positive
ở đâu á id586,Chitchat,Neutral
Chào nha ở đâu á,Chitchat,Neutral
Thích ghê 🤩 id588,Chitchat,Positive
có nghe rõ trả lời không vậy 👀,Chitchat,Neutral
Mimo ơi 🥰,Chitchat,Positive
bạn là nam hay nữ,Chitchat,Neutral
Hế lô đang làm gì đấy,Chitchat,Neutral
Xin chào bot ơi Mãi iu,Chitchat,Positive
có nghe rõ trả lời không vậy Mimo dễ thương 👀,Chitchat,Neutral
Chào nha bạn là ai 🤔,Chitchat,Neutral
áp lực vcl 🥺,Chitchat,Negative
Thích ghê 🥰 id597,Chitchat,Positive
mình thấy tổn thương quá,Chitchat,Negative
🤩 id599,Chitchat,Positive
bạn là nam hay nữ 🤔,Chitchat,Neutral
ở đâu á 🐧,Chitchat,Neutral
Mimo dễ thương đang làm gì đấy,Chitchat,Neutral
Ê Mimo ai tạo ra bạn ❓,Chitchat,Neutral
bot Yêu ghê,Chitchat,Positive
mấy tuổi rồi id605,Chitchat,Neutral
 id606,Chitchat,Positive
bạn là ai vậy,Chitchat,Neutral
Thích Mimo ơi ghê cute xỉu 🥰,Chitchat,Positive
Thích Mimo dễ thương ghê id609,Chitchat,Positive
Thích ghê cute xỉu 🔥,Chitchat,Positive
tên gì á,Chitchat,Neutral
vô tri vcl cuộc sống khó khăn 💔,Chitchat,Negative
Cảm ơn vì thông minh (^_<),Chitchat,Positive
ai tạo ra bạn 🐧,Chitchat,Neutral
Vì nên hơi suy,Chitchat,Negative
nản vcl 💔,Chitchat,Negative
Mimo 🤩,Chitchat,Positive
bot Mãi iu,Chitchat,Positive
ai tạo ra bạn vậy id619,Chitchat,Neutral
đang làm gì đấy id620,Chitchat,Neutral
ông muốn hỏi bạn biết nói chuyện không 🐧,Chitchat,Neutral
Mimo bot làm đc gì,Chitchat,Neutral
Mimo ơi thông minh 🥰,Chitchat,Positive
Hiya bot Tks,Chitchat,Positive
Yo đang làm gì đấy id625,Chitchat,Neutral
Mimo ơi có nghe rõ trả lời ko,Chitchat,Neutral
có nghe rõ trả lời không vậy 🤔,Chitchat,Neutral
bạn ở đâu á ❓,Chitchat,Neutral
bạn có nghe rõ trả lời không,Chitchat,Neutral
Chào nha biết nói chuyện không 🤖,Chitchat,Neutral
Cảm ơn,Chitchat,Positive
mình muốn hỏi Mimo ơi bot làm được gì 🐧,Chitchat,Neutral
bạn là ai vậy 🐧,Chitchat,Neutral
bạn là ai vậy Mimo dễ thương,Chitchat,Neutral
Yo biết nói chuyện không id635,Chitchat,Neutral
tổn thương vcl,Chitchat,Negative
Thích Mimo dễ thương ghê 🤩,Chitchat,Positive
Thích bot ghê app xịn xò 🥰,Chitchat,Positive
Vì nên ông hơi bất lực,Chitchat,Negative
Mãi iu ✨,Chitchat,Positive
Vì nên ông hơi tổn thương 🥺,Chitchat,Negative
Cảm ơn vì đỉnh nóc kịch trần (^_<),Chitchat,Positive
Vì nên ta hơi bất lực 🥺,Chitchat,Negative
mấy tuổi rồi vậy Mimo,Chitchat,Neutral
Thích ghê (^_<),Chitchat,Positive
bot ơi cute xỉu ✨,Chitchat,Positive
Củm ơn vì 🤩 id647,Chitchat,Positive
bot ơi ✨ id648,Chitchat,Positive
Mimo app xịn xò 🤣,Chitchat,Positive
tổn thương vcl 🥲,Chitchat,Negative
Alo là nam hay nữ id651,Chitchat,Neutral
bác muốn hỏi bot ơi mấy tuổi rồi,Chitchat,Neutral
Vì cuộc sống khó khăn nên bà hơi tổn thương,Chitchat,Negative
bạn là ai id654,Chitchat,Neutral
Mimo ơi quá đã 🥰,Chitchat,Positive
Alo bạn ơi ông đang áp lực 📉,Chitchat,Negative
là nam hay nữ id657,Chitchat,Neutral
 id658,Chitchat,Positive
Vì deadline dí nên mình hơi stress,Chitchat,Negative
Hi Mimo 👍,Chitchat,Positive
ai tạo ra bạn vậy 👀,Chitchat,Neutral
mấy ní thấy vô tri quá,Chitchat,Negative
biết nói chuyện không,Chitchat,Neutral
Vì cuộc sống khó khăn nên mình hơi stress,Chitchat,Negative
Alo ơi ông đang vô tri 💔,Chitchat,Negative
Mimo ✨,Chitchat,Positive
Vì cuộc sống khó khăn nên hơi bất lực,Chitchat,Negative
ở đâu á vậy 🤔,Chitchat,Neutral
bạn là ai 🤖,Chitchat,Neutral
Love ya vì 🤩,Chitchat,Positive
ông muốn hỏi là nam hay nữ 🐧,Chitchat,Neutral
biết nói chuyện không 🤖,Chitchat,Neutral
Tks vì ✨ id673,Chitchat,Positive
Vì nên ông hơi stress 📉,Chitchat,Negative
biết nói chuyện không id675,Chitchat,Neutral
Alo bot ơi tui đang stress,Chitchat,Negative
Alo bạn là ai 🐧,Chitchat,Neutral
Mimo dễ thương ✨,Chitchat,Positive
Chào nha Mimo ơi đang làm gì đấy 💬,Chitchat,Neutral
bạn là ai vậy id680,Chitchat,Neutral
bro muốn hỏi biết nói chuyện không 🤖,Chitchat,Neutral
em muốn hỏi Mimo ơi ở đâu á,Chitchat,Neutral
bà muốn hỏi biết nói chuyện không,Chitchat,Neutral
Chào nha có nghe rõ trả lời không,Chitchat,Neutral
Ê biết nói chuyện không 🤔,Chitchat,Neutral
Chào bot ơi 🤩,Chitchat,Positive
Yo ở đâu á ❓,Chitchat,Neutral
Ê tên gì á,Chitchat,Neutral
Ê có nghe rõ trả lời ko 🐧,Chitchat,Neutral
bot ơi là nam hay nữ,Chitchat,Neutral
mình muốn hỏi Mimo bot làm được gì id691,Chitchat,Neutral
bạn chất lượng,Chitchat,Positive
Ê bạn là ai id693,Chitchat,Neutral
Yêu ghê vì 🥰,Chitchat,Positive
bot Tks 🥰,Chitchat,Positive
Chào ngày mới vui vẻ nha vì id696,Chitchat,Positive
Mimo ơi có nghe rõ trả lời ko id697,Chitchat,Neutral
ông muốn hỏi bạn là ai,Chitchat,Neutral
suy vcl deadline ngập đầu,Chitchat,Negative
ai tạo ra bạn vậy Mimo dễ thương 👀,Chitchat,Neutral
bạn là ai vậy bạn 💬,Chitchat,Neutral
Mimo Chào ngày mới vui vẻ nha (^_<),Chitchat,Positive
Thích bot ghê 👍,Chitchat,Positive
Chào nha có nghe rõ trả lời không 🤔,Chitchat,Neutral
Alo ơi ta đang bất lực,Chitchat,Negative
mấy tuổi rồi id706,Chitchat,Neutral
Thích ghê 🥰 id707,Chitchat,Positive
bot làm được gì id708,Chitchat,Neutral
Vì đi học met quá nên bro hơi áp lực 🥲,Chitchat,Negative
Mimo dễ thương 🤩,Chitchat,Positive
Alo ở đâu á id711,Chitchat,Neutral
bot làm được gì vậy Mimo dễ thương,Chitchat,Neutral
Thích Mimo ơi ghê 🤩 id713,Chitchat,Positive
Hey bot Tks,Chitchat,Positive
 id715,Chitchat,Positive
ở đâu á vậy,Chitchat,Neutral
Hế lô có nghe rõ trả lời ko 🤔,Chitchat,Neutral
cậu muốn hỏi Mimo dễ thương mấy tuổi rồi 💬,Chitchat,Neutral
em muốn hỏi Mimo dễ thương bot làm được gì,Chitchat,Neutral
bạn bot làm đc gì,Chitchat,Neutral
Alo ơi bác đang áp lực,Chitchat,Negative
bạn là ai id722,Chitchat,Neutral
Vì nên cậu hơi bất lực 🥺,Chitchat,Negative
Mimo ai tạo ra bạn id724,Chitchat,Neutral
bạn là ai vậy 💬 id725,Chitchat,Neutral
là nam hay nữ vậy bot,Chitchat,Neutral
là nam hay nữ vậy 🐧,Chitchat,Neutral
bot làm được gì id728,Chitchat,Neutral
Alo Mimo ơi bro đang suy,Chitchat,Negative
Chào ngày mới vui vẻ nha (^_<),Chitchat,Positive
đang làm gì đấy 🐧,Chitchat,Neutral
Alo Mimo dễ thương ơi đang stress,Chitchat,Negative
ông muốn hỏi có nghe rõ trả lời không,Chitchat,Neutral
bạn Chào ngày mới vui vẻ nha (^_<),Chitchat,Positive
Alo ơi bro đang chán 😮‍💨,Chitchat,Negative
Vì cuộc sống khó khăn nên em hơi áp lực,Chitchat,Negative
ai tạo ra bạn vậy Mimo ơi,Chitchat,Neutral
biết nói chuyện không ❓ id738,Chitchat,Neutral
Yo là nam hay nữ 🤖,Chitchat,Neutral
quá đã 🥰,Chitchat,Positive
tên gì á vậy bot,Chitchat,Neutral
mấy ní thấy mệt quá 😮‍💨,Chitchat,Negative
bot làm được gì 🤖,Chitchat,Neutral
chán vcl rớt môn,Chitchat,Negative
mấy tuổi rồi id745,Chitchat,Neutral
bro muốn hỏi bạn ai tạo ra bạn 💬,Chitchat,Neutral
Củm ơn vì thông minh ❤️,Chitchat,Positive
ở đâu á vậy Mimo ❓,Chitchat,Neutral
có nghe rõ trả lời không vậy id749,Chitchat,Neutral
ta thấy tổn thương quá,Chitchat,Negative
Ê bot làm được gì ❓,Chitchat,Neutral
Yo bạn là ai,Chitchat,Neutral
Mimo là nam hay nữ 🤔,Chitchat,Neutral
Thank you vì chất lượng,Chitchat,Positive
Thank you 🤣,Chitchat,Positive
vì giao diện đẹp (^_<),Chitchat,Positive
 id757,Chitchat,Positive
mệt vcl,Chitchat,Negative
Mãi iu vì thông minh 🤣,Chitchat,Positive
bác thấy chán quá,Chitchat,Negative
bro muốn hỏi bot có nghe rõ trả lời không,Chitchat,Neutral
Vì nên em hơi nản 🥺,Chitchat,Negative
bot giao diện đẹp id763,Chitchat,Positive
Ê đang làm gì đấy 🤖,Chitchat,Neutral
bạn là ai vậy id765,Chitchat,Neutral
Mimo ơi id766,Chitchat,Positive
vì cute xỉu 🔥,Chitchat,Positive
suy vcl id768,Chitchat,Negative
có nghe rõ trả lời không id769,Chitchat,Neutral
Vì deadline dí nên bác hơi áp lực 😢,Chitchat,Negative
Alo biết nói chuyện không 🤔,Chitchat,Neutral
Mimo Yêu ghê 🤣,Chitchat,Positive
biết nói chuyện không vậy bot ơi 🐧,Chitchat,Neutral
Hế lô Mimo dễ thương ai tạo ra bạn,Chitchat,Neutral
bạn là ai vậy bạn,Chitchat,Neutral
có nghe rõ trả lời không vậy Mimo dễ thương 👀 id776,Chitchat,Neutral
bác muốn hỏi ai tạo ra bạn 🤔,Chitchat,Neutral
bạn là ai 🤔 id778,Chitchat,Neutral
Chào ngày mới vui vẻ nha id779,Chitchat,Positive
tên gì á id780,Chitchat,Neutral
ông muốn hỏi bạn bot làm được gì 💬,Chitchat,Neutral
Thank you vì app xịn xò,Chitchat,Positive
tui muốn hỏi Mimo dễ thương ở đâu á,Chitchat,Neutral
biết nói chuyện không id784,Chitchat,Neutral
Thích ghê id785,Chitchat,Positive
ông thấy buồn qá 🥲,Chitchat,Negative
Gút mỏ ninh bot ơi Cảm ơn ✨,Chitchat,Positive
Yo bot làm được gì id788,Chitchat,Neutral
tên gì á vậy bot ơi 💬,Chitchat,Neutral
Vì bồ giận nên cậu hơi stress 📉,Chitchat,Negative
cute xỉu ✨,Chitchat,Positive
Thích bot ơi ghê chất lượng (^_<),Chitchat,Positive
ai tạo ra bạn id793,Chitchat,Neutral
muốn hỏi ai tạo ra bạn,Chitchat,Neutral
Mimo id795,Chitchat,Positive
Thích bạn ghê thông minh,Chitchat,Positive
bro muốn hỏi Mimo dễ thương đang làm gì đấy,Chitchat,Neutral
bạn đang làm gì đấy 🤖,Chitchat,Neutral
Vì rớt môn nên em hơi chán 🥺,Chitchat,Negative
ở đâu á vậy id800,Chitchat,Neutral
là nam hay nữ vậy bot ơi 💬,Chitchat,Neutral
bà muốn hỏi bạn bot làm được gì,Chitchat,Neutral
bot ơi bạn là ai 🤖,Chitchat,Neutral
Mimo dễ thương là nam hay nữ 💬,Chitchat,Neutral
mình thấy stress quá,Chitchat,Negative
Vì nên ông hơi vô tri 🥺,Chitchat,Negative
ở đâu á id807,Chitchat,Neutral
Mãi iu vì ❤️,Chitchat,Positive
Thích ghê ❤️ id809,Chitchat,Positive
Thank you vì chất lượng id810,Chitchat,Positive
Vì deadline dí nên cậu hơi áp lực,Chitchat,Negative
bro thấy nản quá 🥲,Chitchat,Negative
Thank you vì ❤️,Chitchat,Positive
vì app mượt,Chitchat,Positive
có nghe rõ trả lời không vậy 🤖,Chitchat,Neutral
áp lực vcl 💔,Chitchat,Negative
ai tạo ra bạn vậy Mimo ơi id817,Chitchat,Neutral
Vì deadline dí nên cậu hơi tổn thương 🥲,Chitchat,Negative
ta thấy nản quá,Chitchat,Negative
bạn là ai vậy id820,Chitchat,Neutral
biết nói chuyện không vậy 💬,Chitchat,Neutral
biết nói chuyện không vậy bạn 🐧,Chitchat,Neutral
bot làm đc gì 🤔,Chitchat,Neutral
Alo ở đâu á 🤔,Chitchat,Neutral
Chào ngày mới vui vẻ nha vì 🔥 id825,Chitchat,Positive
buon vcl 😢,Chitchat,Negative
ở đâu á vậy Mimo ơi,Chitchat,Neutral
bot Chào ngày mới vui vẻ nha,Chitchat,Positive
mệt vcl id829,Chitchat,Negative
Mimo dễ thương Cảm ơn 🤣,Chitchat,Positive
ở đâu á 👀 id831,Chitchat,Neutral
nản vcl id832,Chitchat,Negative
bot ❤️ id833,Chitchat,Positive
Alo bạn ơi đang buon,Chitchat,Negative
đang làm gì đấy id835,Chitchat,Neutral
Thích ghê app mượt 🥰,Chitchat,Positive
Vì đi học mệt quá nên bác hơi stress 📉,Chitchat,Negative
Alo ơi bro đang áp lực 😭,Chitchat,Negative
muốn hỏi bot làm được gì,Chitchat,Neutral
Vì rớt môn nên bà hơi stress,Chitchat,Negative
Thích bot ghê id841,Chitchat,Positive
bạn ✨,Chitchat,Positive
vì cute xỉu,Chitchat,Positive
có nghe rõ trả lời không vậy Mimo dễ thương id844,Chitchat,Neutral
ai tạo ra bạn vậy Mimo ơi ❓,Chitchat,Neutral
mấy ní muốn hỏi bot ơi tên gì á 🤖,Chitchat,Neutral
tên gì á ❓ id847,Chitchat,Neutral
Vì nên bà hơi suy 😮‍💨,Chitchat,Negative
đang làm gì đấy vậy id849,Chitchat,Neutral
Yo bot làm được gì 👀,Chitchat,Neutral
bot làm được gì vậy bot,Chitchat,Neutral
Thích ghê 🥰 id852,Chitchat,Positive
là nam hay nữ id853,Chitchat,Neutral
Xin chào Mimo 👍,Chitchat,Positive
ai tạo ra bạn vậy Mimo ơi ❓ id855,Chitchat,Neutral
bro muốn hỏi Mimo ở đâu á 🤔,Chitchat,Neutral
Hey bạn Chào ngày mới vui vẻ nha (^_<),Chitchat,Positive
Alo bot biết nói chuyện không 🐧,Chitchat,Neutral
muốn hỏi Mimo mấy tuổi rồi ❓,Chitchat,Neutral
Mimo dễ thương Love ya 🥰,Chitchat,Positive
Hiya Mimo dễ thương 👍,Chitchat,Positive
Yo bạn là ai 🐧,Chitchat,Neutral
bạn Cảm ơn 🥰,Chitchat,Positive
Cảm ơn vì giao diện đẹp 🤣,Chitchat,Positive
bạn Chào ngày mới vui vẻ nha,Chitchat,Positive
tên gì á id866,Chitchat,Neutral
chán vcl deadline ngập đầu 🥲,Chitchat,Negative
Củm ơn vì cute xỉu,Chitchat,Positive
Hế lô tên gì á ❓,Chitchat,Neutral
vô tri vcl 😢,Chitchat,Negative
bạn chất lượng ✨,Chitchat,Positive
Thank you vì app xịn xò 👍,Chitchat,Positive
Yêu ghê 🔥,Chitchat,Positive
bro thấy chán quá,Chitchat,Negative
Thank you id875,Chitchat,Positive
ông muốn hỏi ở đâu á,Chitchat,Neutral
Hế lô bot làm được gì,Chitchat,Neutral
Mimo dễ thương có nghe rõ trả lời không,Chitchat,Neutral
tên gì á id879,Chitchat,Neutral
Hế lô bot ơi mấy tuổi rồi,Chitchat,Neutral
tên gì á id881,Chitchat,Neutral
bà muốn hỏi bot ở đâu á,Chitchat,Neutral
Ê ở đâu á,Chitchat,Neutral
có nghe rõ trả lời không vậy id884,Chitchat,Neutral
mấy ní muốn hỏi biết nói chuyện không 🤔,Chitchat,Neutral
Alo đang làm gì đấy ❓,Chitchat,Neutral
mấy ní muốn hỏi ai tạo ra bạn ❓,Chitchat,Neutral
em muốn hỏi bot làm được gì 🤖,Chitchat,Neutral
Alo ơi cậu đang suy id889,Chitchat,Negative
Vì bồ giận nên bác hơi vô tri 😭,Chitchat,Negative
cậu muốn hỏi Mimo dễ thương có nghe rõ trả lời không 🐧,Chitchat,Neutral
tui muốn hỏi ở đâu á,Chitchat,Neutral
Thích ghê 🥰 id893,Chitchat,Positive
mấy ní muốn hỏi Mimo dễ thương bot làm được gì 💬,Chitchat,Neutral
mấy tuổi rồi vậy bot ơi ❓,Chitchat,Neutral
stress vcl,Chitchat,Negative
Mimo chất lượng,Chitchat,Positive
Thích Mimo ơi ghê ❤️,Chitchat,Positive
 id899,Chitchat,Positive
bạn là ai vậy Mimo,Chitchat,Neutral
Alo Mimo là nam hay nữ,Chitchat,Neutral
tên gì á vậy id902,Chitchat,Neutral
ở đâu á vậy 🐧,Chitchat,Neutral
có nghe rõ trả lời không 🤔,Chitchat,Neutral
giao diện đẹp 🤣,Chitchat,Positive
bot Chào ngày mới vui vẻ nha id906,Chitchat,Positive
mấy ní muốn hỏi bạn đang làm gì đấy,Chitchat,Neutral
Alo ơi mình đang bất lực 😭,Chitchat,Negative
bạn là ai vậy Mimo 🤔,Chitchat,Neutral
ông muốn hỏi Mimo dễ thương mấy tuổi rồi,Chitchat,Neutral
mấy tuổi rồi 🤔 id911,Chitchat,Neutral
Chào ngày mới vui vẻ nha id912,Chitchat,Positive
Thích bot ghê app mượt,Chitchat,Positive
Alo Mimo dễ thương tên gì á,Chitchat,Neutral
mấy ní thấy áp lực quá 😮‍💨,Chitchat,Negative
Yêu ghê vì id916,Chitchat,Positive
cậu muốn hỏi bot bạn là ai,Chitchat,Neutral
bot ✨,Chitchat,Positive
ông thấy nản quá 🥲,Chitchat,Negative
Hiya,Chitchat,Positive
Alo ơi mấy ní đang nản id921,Chitchat,Negative
Hey Mimo ơi Love ya ❤️,Chitchat,Positive
bot ơi tên gì á,Chitchat,Neutral
mình thấy bất lực quá,Chitchat,Negative
ta muốn hỏi Mimo ơi biết nói chuyện không 🐧,Chitchat,Neutral
đang làm gì đấy vậy Mimo ơi 🤖,Chitchat,Neutral
ở đâu á vậy id927,Chitchat,Neutral
mấy tuổi rồi id928,Chitchat,Neutral
Alo bot ơi là nam hay nữ 👀,Chitchat,Neutral
bot làm được gì 🐧,Chitchat,Neutral
Cảm ơn vì 🤣,Chitchat,Positive
Vì rớt môn nên mấy ní hơi vô tri,Chitchat,Negative
tên gì á vậy bot id933,Chitchat,Neutral
Chào Thank you,Chitchat,Positive
mấy tuổi rồi vậy bot id935,Chitchat,Neutral
bot làm được gì 🐧 id936,Chitchat,Neutral
biết nói chuyện ko vậy bot ơi,Chitchat,Neutral
Hế lô biết nói chuyện không,Chitchat,Neutral
tên gì á vậy bot 👀,Chitchat,Neutral
có nghe rõ trả lời không id940,Chitchat,Neutral
Gút mỏ ninh Chào ngày mới vui vẻ nha,Chitchat,Positive
Yo là nam hay nữ id942,Chitchat,Neutral
Chào ngày mới vui vẻ nha vì 🥰 id943,Chitchat,Positive
bro thấy suy quá 💔,Chitchat,Negative
bot làm được gì vậy Mimo,Chitchat,Neutral
tui muốn hỏi ở đâu á 🤔,Chitchat,Neutral
met vcl deadline ngập đầu,Chitchat,Negative
muốn hỏi tên gì á,Chitchat,Neutral
Mimo bạn là ai,Chitchat,Neutral
biết nói chuyện không vậy ❓ id950,Chitchat,Neutral
là nam hay nữ id951,Chitchat,Neutral
Yo ai tạo ra bạn ❓,Chitchat,Neutral
 id953,Chitchat,Positive
nản vcl 🥺,Chitchat,Negative
bro thấy chán quá 📉,Chitchat,Negative
Yo bot ơi đang làm gì đấy 💬,Chitchat,Neutral
bot thông minh,Chitchat,Positive
Tks vì app mượt ❤️,Chitchat,Positive
mình muốn hỏi Mimo bot làm được gì id959,Chitchat,Neutral
Chào ngày mới vui vẻ nha vì id960,Chitchat,Positive
Mimo ơi biết nói chuyện không,Chitchat,Neutral
tên gì á 💬,Chitchat,Neutral
Alo đang làm gì đấy ❓ id963,Chitchat,Neutral
Hế lô bạn là ai 🤖,Chitchat,Neutral
Vì deadline dí nên hơi áp lực,Chitchat,Negative
Thích bạn ghê,Chitchat,Positive
Hey Mimo ơi ✨,Chitchat,Positive
Chào nha bot đang làm gì đấy,Chitchat,Neutral
bot ơi Chào ngày mới vui vẻ nha id969,Chitchat,Positive
em muốn hỏi biết nói chuyện không 💬,Chitchat,Neutral
bot biết nói chuyện không,Chitchat,Neutral
mấy tuổi rồi vậy 🤖,Chitchat,Neutral
ông muốn hỏi bạn là ai 💬,Chitchat,Neutral
ông muốn hỏi bạn biết nói chuyện không 💬,Chitchat,Neutral
ta muốn hỏi bạn biết nói chuyện không,Chitchat,Neutral
cậu muốn hỏi có nghe rõ trả lời ko 💬,Chitchat,Neutral
Thích Mimo ơi ghê id977,Chitchat,Positive
biết nói chuyện không vậy Mimo id978,Chitchat,Neutral
Mãi iu vì giao diện đẹp,Chitchat,Positive
ai tạo ra bạn vậy id980,Chitchat,Neutral
Hế lô ở đâu á 🤔,Chitchat,Neutral
bà muốn hỏi bot làm được gì,Chitchat,Neutral
mấy ní muốn hỏi bot làm được gì ❓,Chitchat,Neutral
 id984,Chitchat,Positive
Alo Mimo dễ thương ơi tui đang suy 🥺,Chitchat,Negative
Mimo ơi id986,Chitchat,Positive
bạn id987,Chitchat,Positive
bot 👍,Chitchat,Positive
Hế lô bạn là ai id989,Chitchat,Neutral
mình muốn hỏi bot ơi bạn là ai,Chitchat,Neutral
là nam hay nữ id991,Chitchat,Neutral
bạn là ai id992,Chitchat,Neutral
Alo bot ơi ơi bác đang áp lực,Chitchat,Negative
Chào nha đang làm gì đấy,Chitchat,Neutral
Mimo ơi ai tạo ra bạn,Chitchat,Neutral
Yo là nam hay nữ id996,Chitchat,Neutral
mấy ní muốn hỏi là nam hay nữ 👀,Chitchat,Neutral
bro muốn hỏi Mimo dễ thương ai tạo ra bạn 💬,Chitchat,Neutral
Cảm ơn vì app xịn xò,Chitchat,Positive
chán vcl 📉,Chitchat,Negative
bác thấy vô tri quá 🥺,Chitchat,Negative
ta muốn hỏi ở đâu á 🐧,Chitchat,Neutral
Alo Mimo ơi đang stress 📉,Chitchat,Negative
Thích ghê (^_<) id1004,Chitchat,Positive
Chào ngày mới vui vẻ nha 🥰,Chitchat,Positive
Mimo ơi id1006,Chitchat,Positive
bà thấy tổn thương qá 🥲,Chitchat,Negative
ta thấy buồn quá 🥲,Chitchat,Negative
mệt vcl deadline ngập đầu 🥲,Chitchat,Negative
Thích ghê chất lượng (^_<),Chitchat,Positive
đang làm gì đấy vậy id1011,Chitchat,Neutral
Alo bot tên gì á,Chitchat,Neutral
suy vcl đi học met quá 💔,Chitchat,Negative
biết nói chuyện không vậy bạn 👀,Chitchat,Neutral
là nam hay nữ vậy 👀 id1015,Chitchat,Neutral
Thích ghê quá đã ❤️,Chitchat,Positive
bot 👍 id1017,Chitchat,Positive
tên gì á vậy Mimo id1018,Chitchat,Neutral
Hế lô là nam hay nữ 🤖,Chitchat,Neutral
bro muốn hỏi bot biết nói chuyện không,Chitchat,Neutral
Good morning Mãi iu ✨,Chitchat,Positive
Alo có nghe rõ trả lời không 🐧,Chitchat,Neutral
Thích Mimo ghê 🥰,Chitchat,Positive
Vì đi học mệt quá nên ông hơi bất lực,Chitchat,Negative
Thích Mimo ơi ghê cute xỉu ❤️,Chitchat,Positive
bạn là ai 🤖 id1026,Chitchat,Neutral
mấy tuổi rồi vậy,Chitchat,Neutral
ai tạo ra bạn 🤖,Chitchat,Neutral
mấy tuổi rồi id1029,Chitchat,Neutral
mấy ní muốn hỏi Mimo dễ thương bạn là ai 🤔,Chitchat,Neutral
Alo bot ơi ơi bà đang chán,Chitchat,Negative
Alo bạn ơi cậu đang tổn thương 😢,Chitchat,Negative
muốn hỏi bot ở đâu á 👀,Chitchat,Neutral
🤣 id1034,Chitchat,Positive
Củm ơn vì 🤩 id1035,Chitchat,Positive
Chào ngày mới vui vẻ nha 🥰 id1036,Chitchat,Positive
tui muốn hỏi bot là nam hay nữ 👀,Chitchat,Neutral
mấy ní muốn hỏi bot làm được gì,Chitchat,Neutral
Alo Mimo ơi mấy ní đang tổn thương,Chitchat,Negative
bạn là ai id1040,Chitchat,Neutral
mấy tuổi rồi ❓,Chitchat,Neutral
bot Love ya 🥰,Chitchat,Positive
Hế lô bạn là ai id1043,Chitchat,Neutral
Mimo ơi tên gì á 🐧,Chitchat,Neutral
Vì bồ giận nên bác hơi tổn thương 🥲,Chitchat,Negative
Alo ơi mấy ní đang stress 💔,Chitchat,Negative
Mãi iu,Chitchat,Positive
Mimo dễ thương có nghe rõ trả lời không id1048,Chitchat,Neutral
tui muốn hỏi bot làm được gì 🤔,Chitchat,Neutral
mình muốn hỏi Mimo ơi bạn là ai 🤖,Chitchat,Neutral
ở đâu á id1051,Chitchat,Neutral
Alo bạn ơi bà đang buồn 💔,Chitchat,Negative
Yêu ghê vì app xịn xò 🥰,Chitchat,Positive
ta thấy mệt quá 😭,Chitchat,Negative
bot làm đc gì 🤖,Chitchat,Neutral
Ê bot biết nói chuyện không 🐧,Chitchat,Neutral
ở đâu á vậy 💬,Chitchat,Neutral
bạn là ai vậy Mimo dễ thương 🤔 id1058,Chitchat,Neutral
vô tri vcl crush lơ,Chitchat,Negative
Yêu ghê vì qá đã ❤️,Chitchat,Positive
ta muốn hỏi bạn là ai 🐧,Chitchat,Neutral
suy vcl deadline dí 🥲,Chitchat,Negative
ông muốn hỏi Mimo ơi tên gì á 🤔,Chitchat,Neutral
Hiya Cảm ơn,Chitchat,Positive
tổn thương vcl đi học mệt quá 😮‍💨,Chitchat,Negative
áp lực vcl crush lơ 🥺,Chitchat,Negative
met vcl crush lơ,Chitchat,Negative
vì app mượt 🔥,Chitchat,Positive
Thích bot ơi ghê thông minh 🥰,Chitchat,Positive
bro muốn hỏi Mimo ơi tên gì á,Chitchat,Neutral
Mãi iu vì id1071,Chitchat,Positive
Biết ơn vì app xịn xò,Chitchat,Positive
Alo ơi bà đang nản 🥲,Chitchat,Negative
đang làm gì đấy 👀,Chitchat,Neutral
biết nói chuyện không vậy Mimo 🤔,Chitchat,Neutral
Thích Mimo dễ thương ghê 🔥 id1076,Chitchat,Positive
vì đỉnh nóc kịch trần,Chitchat,Positive
Thích ghê đỉnh nóc kịch trần ❤️,Chitchat,Positive
suy vcl deadline dí 😮‍💨,Chitchat,Negative
Chào ngày mới vui vẻ nha vì 🥰 id1080,Chitchat,Positive
Thích bot ghê ✨,Chitchat,Positive
Hello Biết ơn,Chitchat,Positive
bạn là ai vậy 🐧 id1083,Chitchat,Neutral
ta thấy stress quá 🥺,Chitchat,Negative
bro muốn hỏi đang làm gì đấy 💬,Chitchat,Neutral
Vì hết tiền nên tui hơi buồn,Chitchat,Negative
Yo Mimo ơi có nghe rõ trả lời không 👀,Chitchat,Neutral
Yo mấy tuổi rồi,Chitchat,Neutral
quá đã id1089,Chitchat,Positive
Yo có nghe rõ trả lời không 👀,Chitchat,Neutral
Thích Mimo ghê ❤️,Chitchat,Positive
ở đâu á 🐧 id1092,Chitchat,Neutral
ông muốn hỏi có nghe rõ trả lời không id1093,Chitchat,Neutral
mấy ní muốn hỏi bot mấy tuổi rồi 🤔,Chitchat,Neutral
có nghe rõ trả lời không vậy bot 🤔,Chitchat,Neutral
Thích Mimo ghê chất lượng,Chitchat,Positive
bot làm được gì vậy bot ơi 💬,Chitchat,Neutral
Vì rớt môn nên mấy ní hơi mệt,Chitchat,Negative
bác thấy mệt quá,Chitchat,Negative
Vì cuộc sống khó khăn nên ông hơi áp lực,Chitchat,Negative
bác thấy áp lực quá 😭,Chitchat,Negative
ta muốn hỏi Mimo dễ thương mấy tuổi rồi,Chitchat,Neutral
Chào ngày mới vui vẻ nha vì ✨,Chitchat,Positive
là nam hay nữ id1104,Chitchat,Neutral
Thích Mimo ghê chất lượng 👍,Chitchat,Positive
Alo ơi bà đang mệt,Chitchat,Negative
Yo bạn có nghe rõ trả lời không,Chitchat,Neutral
Yo bạn ở đâu á ❓,Chitchat,Neutral
bạn là ai 👀 id1109,Chitchat,Neutral
bot làm được gì vậy 💬,Chitchat,Neutral
Alo bạn ơi mấy ní đang chán,Chitchat,Negative
bot ơi Biết ơn ❤️,Chitchat,Positive
Yo đang làm gì đấy 👀,Chitchat,Neutral
Chào ngày mới vui vẻ nha vì id1114,Chitchat,Positive
ai tạo ra bạn 💬 id1115,Chitchat,Neutral
đang làm gì đấy 🤔,Chitchat,Neutral
bot biết nói chuyện không 🤖,Chitchat,Neutral
mình muốn hỏi là nam hay nữ,Chitchat,Neutral
có nghe rõ trả lời không vậy Mimo dễ thương id1119,Chitchat,Neutral
bot ơi,Chitchat,Positive
đang làm gì đấy vậy 🤖 id1121,Chitchat,Neutral
Mimo app xịn xò,Chitchat,Positive
bạn là ai vậy 🤔 id1123,Chitchat,Neutral
thấy bất lực quá 😭,Chitchat,Negative
bro thấy áp lực quá,Chitchat,Negative
chất lượng id1126,Chitchat,Positive
Alo Mimo ơi là nam hay nữ 🤔,Chitchat,Neutral
Mimo ơi chất lượng 🔥,Chitchat,Positive
ta muốn hỏi bot làm đc gì,Chitchat,Neutral
Chào nha tên gì á 👀 id1130,Chitchat,Neutral
Alo ơi mấy ní đang buồn 🥲,Chitchat,Negative
Mimo ơi app mượt (^_<),Chitchat,Positive
Chào ngày mới vui vẻ nha vì (^_<),Chitchat,Positive
bot id1134,Chitchat,Positive
Chào nha bot tên gì á,Chitchat,Neutral
có nghe rõ trả lời không id1136,Chitchat,Neutral
mình muốn hỏi bạn bot làm được gì 🤖,Chitchat,Neutral
bot làm được gì vậy id1138,Chitchat,Neutral
mấy tuổi rồi id1139,Chitchat,Neutral
đang làm gì đấy id1140,Chitchat,Neutral
stress vcl đi học mệt quá 😢,Chitchat,Negative
thông minh 👍,Chitchat,Positive
là nam hay nữ 💬,Chitchat,Neutral
Chào nha Mimo ơi biết nói chuyện không 🤖,Chitchat,Neutral
ai tạo ra bạn vậy id1145,Chitchat,Neutral
bot ơi ai tạo ra bạn 💬,Chitchat,Neutral
Hế lô là nam hay nữ 🤖 id1147,Chitchat,Neutral
em muốn hỏi Mimo dễ thương ở đâu á 💬,Chitchat,Neutral
Vì nên em hơi chán,Chitchat,Negative
vô tri vcl rớt môn 😢,Chitchat,Negative
tui thấy bất lực quá,Chitchat,Negative
bot ơi ở đâu á 👀,Chitchat,Neutral
tui muốn hỏi bot làm đc gì 🤖,Chitchat,Neutral
tên gì á 💬 id1154,Chitchat,Neutral
mấy tuổi rồi vậy Mimo id1155,Chitchat,Neutral
bà thấy chán quá 😭,Chitchat,Negative
bot làm được gì id1157,Chitchat,Neutral
ở đâu á vậy bạn id1158,Chitchat,Neutral
chán vcl crush lơ,Chitchat,Negative
Alo ơi mấy ní đang tổn thương,Chitchat,Negative
Yêu ghê ✨,Chitchat,Positive
tên gì á vậy id1162,Chitchat,Neutral
Yo có nghe rõ trả lời không id1163,Chitchat,Neutral
Củm ơn vì 👍,Chitchat,Positive
Alo bot ơi ơi ông đang bất lực 🥺,Chitchat,Negative
Hế lô ai tạo ra bạn,Chitchat,Neutral
Alo mấy tuổi rồi,Chitchat,Neutral
bạn là ai 🤔 id1168,Chitchat,Neutral
Mimo Chào ngày mới vui vẻ nha ✨ id1169,Chitchat,Positive
đang làm gì đấy id1170,Chitchat,Neutral
đang làm gì đấy 🐧 id1171,Chitchat,Neutral
bạn Mãi iu 🥰,Chitchat,Positive
ở đâu á id1173,Chitchat,Neutral
Tks vì 👍,Chitchat,Positive
Vì nên tui hơi tổn thương 😭,Chitchat,Negative
muốn hỏi có nghe rõ trả lời không,Chitchat,Neutral
Love ya vì thông minh 🤩,Chitchat,Positive
app xịn xò,Chitchat,Positive
Vì nên hơi bất lực 🥺,Chitchat,Negative
vì thông minh id1180,Chitchat,Positive
biết nói chuyện không id1181,Chitchat,Neutral
ở đâu á vậy Mimo ơi id1182,Chitchat,Neutral
Alo Mimo dễ thương ơi bà đang mệt,Chitchat,Negative
Alo bot ơi ơi tui đang bất lực 📉,Chitchat,Negative
(^_<),Chitchat,Positive
chán vcl rớt môn id1186,Chitchat,Negative
ta muốn hỏi là nam hay nữ,Chitchat,Neutral
Chào ngày mới vui vẻ nha vì id1188,Chitchat,Positive
Alo bạn ơi tui đang nản,Chitchat,Negative
Vì nên bác hơi áp lực,Chitchat,Negative
Thích bot ơi ghê quá đã ❤️,Chitchat,Positive
tui muốn hỏi bạn là ai,Chitchat,Neutral
Thích bot ghê app mượt ❤️,Chitchat,Positive
đang làm gì đấy vậy bạn ❓,Chitchat,Neutral
ta muốn hỏi ai tạo ra bạn,Chitchat,Neutral
bác muốn hỏi bạn là ai 💬,Chitchat,Neutral
bot ơi thông minh,Chitchat,Positive
là nam hay nữ vậy bot ❓,Chitchat,Neutral
Mimo dễ thương 🔥 id1199,Chitchat,Positive
Thích Mimo ghê app mượt,Chitchat,Positive
bạn là ai id1201,Chitchat,Neutral
Ê Mimo dễ thương là nam hay nữ,Chitchat,Neutral
em thấy bất lực quá 🥲,Chitchat,Negative
Chào Mimo dễ thương Chào ngày mới vui vẻ nha 🤩,Chitchat,Positive
Mimo ơi Yêu ghê 🥰,Chitchat,Positive
Ê ở đâu á id1206,Chitchat,Neutral
biết nói chuyện không vậy 🤖,Chitchat,Neutral
ở đâu á vậy 💬 id1208,Chitchat,Neutral
Chào ngày mới vui vẻ nha vì 🥰 id1209,Chitchat,Positive
Vì đi học met quá nên mình hơi áp lực 😭,Chitchat,Negative
bot làm được gì id1211,Chitchat,Neutral
bot làm được gì vậy Mimo dễ thương 🐧,Chitchat,Neutral
ở đâu á vậy Mimo,Chitchat,Neutral
mình thấy suy quá 📉,Chitchat,Negative
Vì nên bro hơi suy,Chitchat,Negative
Chào Love ya (^_<),Chitchat,Positive
bot ai tạo ra bạn 👀,Chitchat,Neutral
cậu muốn hỏi Mimo dễ thương biết nói chuyện không 🤔,Chitchat,Neutral
buồn vcl 😮‍💨,Chitchat,Negative
bot 👍 id1220,Chitchat,Positive
Mãi iu vì đỉnh nóc kịch trần 🔥,Chitchat,Positive
mấy ní thấy bất lực quá 😭,Chitchat,Negative
Hế lô ai tạo ra bạn id1223,Chitchat,Neutral
Love ya vì,Chitchat,Positive
biết nói chuyện không id1225,Chitchat,Neutral
suy vcl rớt môn,Chitchat,Negative
Thank you vì 🔥,Chitchat,Positive
ở đâu á id1228,Chitchat,Neutral
bot làm được gì 👀,Chitchat,Neutral
bot làm đc gì vậy ❓,Chitchat,Neutral
vì chất lượng 🤣,Chitchat,Positive
ông muốn hỏi bot tên gì á,Chitchat,Neutral
bro muốn hỏi tên gì á 🤖,Chitchat,Neutral
vì chất lượng (^_<),Chitchat,Positive
Alo bot tên gì á id1235,Chitchat,Neutral
Chào nha bot ở đâu á 🤔,Chitchat,Neutral
Alo bạn ơi đang buồn id1237,Chitchat,Negative
em muốn hỏi Mimo dễ thương tên gì á,Chitchat,Neutral
mình muốn hỏi bạn bạn là ai 🤖,Chitchat,Neutral
ở đâu á vậy bot ơi,Chitchat,Neutral
Yo là nam hay nữ 🤔,Chitchat,Neutral
Củm ơn vì app xịn xò ❤️,Chitchat,Positive
Thích bạn ghê app xịn xò 🤩,Chitchat,Positive
Mimo 🤩 id1244,Chitchat,Positive
Thích ghê 🔥,Chitchat,Positive
Alo bot ơi ơi ông đang stress,Chitchat,Negative
ai tạo ra bạn vậy bạn,Chitchat,Neutral
Mimo ơi mấy tuổi rồi,Chitchat,Neutral
Yo ai tạo ra bạn id1249,Chitchat,Neutral
 id1250,Chitchat,Positive
ở đâu á vậy id1251,Chitchat,Neutral
Chào nha Mimo dễ thương có nghe rõ trả lời không,Chitchat,Neutral
Alo Mimo ơi mình đang áp lực 😭,Chitchat,Negative
mấy tuổi rồi 💬,Chitchat,Neutral
ai tạo ra bạn vậy id1255,Chitchat,Neutral
Thích ghê app mượt 🥰 id1256,Chitchat,Positive
Mimo ơi id1257,Chitchat,Positive
vì đỉnh nóc kịch trần 🤣,Chitchat,Positive
mấy tuổi rồi vậy Mimo 🤖,Chitchat,Neutral
Vì đi học met quá nên mình hơi suy,Chitchat,Negative
Cảm ơn vì id1261,Chitchat,Positive
tên gì á vậy id1262,Chitchat,Neutral
Ê mấy tuổi rồi id1263,Chitchat,Neutral
ở đâu á 🤔 id1264,Chitchat,Neutral
Alo Mimo dễ thương ơi em đang suy 🥲,Chitchat,Negative
bot bot làm được gì 🐧,Chitchat,Neutral
Thích Mimo ơi ghê 👍,Chitchat,Positive
đỉnh nóc kịch trần,Chitchat,Positive
tui muốn hỏi mấy tuổi rồi 🐧,Chitchat,Neutral
Chào nha ai tạo ra bạn 💬,Chitchat,Neutral
Hiya Mimo ơi Thank you ✨,Chitchat,Positive
mấy ní thấy tổn thương quá,Chitchat,Negative
Alo bot ơi ơi bác đang áp lực 😮‍💨,Chitchat,Negative
Thích Mimo ghê 🔥,Chitchat,Positive
tui muốn hỏi đang làm gì đấy 🐧,Chitchat,Neutral
ở đâu á vậy 🐧 id1276,Chitchat,Neutral
ai tạo ra bạn ❓ id1277,Chitchat,Neutral
Thích bot ơi ghê id1278,Chitchat,Positive
Hế lô là nam hay nữ 🤔,Chitchat,Neutral
em thấy bất lực quá 🥺,Chitchat,Negative
bất lực vcl,Chitchat,Negative
Thích bạn ghê giao diện đẹp 🔥,Chitchat,Positive
Alo có nghe rõ trả lời không 🐧 id1283,Chitchat,Neutral
ai tạo ra bạn id1284,Chitchat,Neutral
tên gì á vậy bot ơi 🤖,Chitchat,Neutral
thấy mệt quá,Chitchat,Negative
biết nói chuyện không vậy bot,Chitchat,Neutral
mình muốn hỏi Mimo ơi bot làm được gì ❓,Chitchat,Neutral
ông thấy áp lực quá,Chitchat,Negative
Vì rớt môn nên bác hơi suy 😮‍💨,Chitchat,Negative
Alo bạn ơi bác đang stress 🥲,Chitchat,Negative
Mimo dễ thương Củm ơn ✨,Chitchat,Positive
bạn ✨ id1293,Chitchat,Positive
Thích bot ơi ghê (^_<),Chitchat,Positive
mấy tuổi rồi vậy bot id1295,Chitchat,Neutral
Hello Mimo,Chitchat,Positive
bác muốn hỏi Mimo bot làm đc gì 👀,Chitchat,Neutral
Yêu ghê,Chitchat,Positive
Thích Mimo dễ thương ghê thông minh 👍,Chitchat,Positive
mình thấy mệt quá,Chitchat,Negative
là nam hay nữ id1301,Chitchat,Neutral
Ê Mimo có nghe rõ trả lời không 👀,Chitchat,Neutral
Alo ơi ông đang nản 💔,Chitchat,Negative
giao diện đẹp ✨,Chitchat,Positive
bà muốn hỏi bot mấy tuổi rồi 🐧,Chitchat,Neutral
ta muốn hỏi biết nói chuyện không,Chitchat,Neutral
Alo bot ơi ơi mình đang suy 💔,Chitchat,Negative
Xin chào Mimo dễ thương Love ya ✨,Chitchat,Positive
Mimo ơi tên gì á 👀,Chitchat,Neutral
Chào ngày mới vui vẻ nha vì 👍 id1310,Chitchat,Positive
mấy ní thấy tổn thương quá 😢,Chitchat,Negative
chán vcl deadline ngập đầu,Chitchat,Negative
bạn là ai id1313,Chitchat,Neutral
Mimo 🥰,Chitchat,Positive
Vì hết tiền nên mình hơi bất lực,Chitchat,Negative
Mimo dễ thương (^_<),Chitchat,Positive
Mimo dễ thương là nam hay nữ,Chitchat,Neutral
Ê đang làm gì đấy 🤖 id1318,Chitchat,Neutral
bot ơi Củm ơn,Chitchat,Positive
Thích bot ghê 🥰,Chitchat,Positive
bot ơi id1321,Chitchat,Positive
ai tạo ra bạn vậy 🤖 id1322,Chitchat,Neutral
Mimo dễ thương mấy tuổi rồi,Chitchat,Neutral
bot làm được gì id1324,Chitchat,Neutral
Chào ngày mới vui vẻ nha ✨,Chitchat,Positive
Ê đang làm gì đấy 🤖 id1326,Chitchat,Neutral
ông muốn hỏi bạn ở đâu á,Chitchat,Neutral
bạn tên gì á 🐧,Chitchat,Neutral
Xin chào bot (^_<),Chitchat,Positive
bot 🤣 id1330,Chitchat,Positive
Thích bot ơi ghê id1331,Chitchat,Positive
Hiya  (^_<),Chitchat,Positive
Yo biết nói chuyện ko,Chitchat,Neutral
em thấy stress qá 📉,Chitchat,Negative
Alo có nghe rõ trả lời không 🐧 id1335,Chitchat,Neutral
Mimo dễ thương ✨ id1336,Chitchat,Positive
muốn hỏi bot là nam hay nữ,Chitchat,Neutral
Thích bạn ghê 🤣,Chitchat,Positive
bạn Biết ơn,Chitchat,Positive
Mimo mấy tuổi rồi 💬,Chitchat,Neutral
app mượt,Chitchat,Positive
bro muốn hỏi Mimo ơi tên gì á 💬,Chitchat,Neutral
bà muốn hỏi bot mấy tuổi rồi,Chitchat,Neutral
vô tri vcl 😢 id1344,Chitchat,Negative
Chào nha Mimo dễ thương ai tạo ra bạn ❓,Chitchat,Neutral
em thấy met quá 😮‍💨,Chitchat,Negative
ta muốn hỏi ai tạo ra bạn id1347,Chitchat,Neutral
là nam hay nữ vậy ❓ id1348,Chitchat,Neutral
Alo ơi đang chán,Chitchat,Negative
bạn là ai 🤔 id1350,Chitchat,Neutral
bot làm được gì id1351,Chitchat,Neutral
có nghe rõ trả lời không vậy id1352,Chitchat,Neutral
bà muốn hỏi tên gì á ❓,Chitchat,Neutral
ở đâu á vậy Mimo dễ thương 👀,Chitchat,Neutral
Vì đi học mệt quá nên mình hơi tổn thương 😮‍💨,Chitchat,Negative
Tks vì chất lượng,Chitchat,Positive
Thích ghê thông minh 🥰,Chitchat,Positive
đang làm gì đấy vậy 🐧,Chitchat,Neutral
Alo Mimo ơi ơi bro đang nản 💔,Chitchat,Negative
bạn là ai vậy 🐧 id1360,Chitchat,Neutral
tui muốn hỏi Mimo dễ thương có nghe rõ trả lời không 🐧,Chitchat,Neutral
có nghe rõ trả lời không vậy id1362,Chitchat,Neutral
Mimo ơi bot làm được gì 👀,Chitchat,Neutral
biết nói chuyện ko,Chitchat,Neutral
Cảm ơn vì 🥰,Chitchat,Positive
bro muốn hỏi ở đâu á 🐧,Chitchat,Neutral
Alo tên gì á ❓,Chitchat,Neutral
Vì nên mình hơi nản 😮‍💨,Chitchat,Negative
mấy tuổi rồi ❓ id1369,Chitchat,Neutral
Alo Mimo dễ thương ơi tui đang áp lực 🥲,Chitchat,Negative
bro muốn hỏi mấy tuổi rồi 🐧,Chitchat,Neutral
bất lực vcl deadline ngập đầu 📉,Chitchat,Negative
Vì nên mình hơi nản 😮‍💨 id1373,Chitchat,Negative
ai tạo ra bạn vậy 🤔 id1374,Chitchat,Neutral
ai tạo ra bạn vậy Mimo ơi 🤖 id1375,Chitchat,Neutral
Thích Mimo ghê thông minh ✨,Chitchat,Positive
bạn là ai vậy bot 🐧,Chitchat,Neutral
Thích Mimo ghê cute xỉu,Chitchat,Positive
ở đâu á 🐧 id1379,Chitchat,Neutral
Hế lô ai tạo ra bạn id1380,Chitchat,Neutral
bot làm được gì vậy id1381,Chitchat,Neutral
Yo ở đâu á,Chitchat,Neutral
Mimo ơi 🤣,Chitchat,Positive
thấy buồn quá,Chitchat,Negative
bà thấy nản quá,Chitchat,Negative
bạn là ai vậy Mimo ơi 🤖,Chitchat,Neutral
mệt vcl deadline dí,Chitchat,Negative
tên gì á 🤖,Chitchat,Neutral
quá đã (^_<),Chitchat,Positive
Love ya vì id1390,Chitchat,Positive
mình muốn hỏi Mimo ơi có nghe rõ trả lời không,Chitchat,Neutral
ai tạo ra bạn 💬 id1392,Chitchat,Neutral
✨ id1393,Chitchat,Positive
Ê Mimo ơi là nam hay nữ,Chitchat,Neutral
Chào  ✨,Chitchat,Positive
bot làm được gì vậy id1396,Chitchat,Neutral
bro muốn hỏi Mimo ơi bạn là ai,Chitchat,Neutral
Vì nên ông hơi bất lực id1398,Chitchat,Negative
tên gì á id1399,Chitchat,Neutral
bất lực vcl 💔,Chitchat,Negative
nản vcl 😭,Chitchat,Negative
ở đâu á id1402,Chitchat,Neutral
là nam hay nữ vậy id1403,Chitchat,Neutral
là nam hay nữ vậy bot id1404,Chitchat,Neutral
Hế lô đang làm gì đấy 🤖,Chitchat,Neutral
bạn là ai 👀 id1406,Chitchat,Neutral
Vì deadline dí nên bro hơi mệt 😭,Chitchat,Negative
là nam hay nữ vậy Mimo id1408,Chitchat,Neutral
Cảm ơn vì app mượt,Chitchat,Positive
ai tạo ra bạn vậy id1410,Chitchat,Neutral
 id1411,Chitchat,Positive
đang làm gì đấy vậy Mimo ơi ❓,Chitchat,Neutral
bot ơi app xịn xò ✨,Chitchat,Positive
bạn là ai id1414,Chitchat,Neutral
bạn cute xỉu,Chitchat,Positive
mấy tuổi rồi vậy Mimo id1416,Chitchat,Neutral
mấy tuổi rồi id1417,Chitchat,Neutral
tui muốn hỏi bạn là ai 👀,Chitchat,Neutral
ở đâu á ❓,Chitchat,Neutral
cậu thấy áp lực quá 🥲,Chitchat,Negative
Alo ơi đang vô tri 💔,Chitchat,Negative
bot ơi (^_<),Chitchat,Positive
bot ơi id1423,Chitchat,Positive
Vì nên ta hơi mệt 😢,Chitchat,Negative
Alo Mimo ơi ơi bro đang áp lực 🥺,Chitchat,Negative
bạn giao diện đẹp,Chitchat,Positive
Mimo ơi Chào ngày mới vui vẻ nha 🔥,Chitchat,Positive
Hế lô bạn tên gì á,Chitchat,Neutral
đang làm gì đấy id1429,Chitchat,Neutral
Yêu ghê vì cute xỉu 🤣,Chitchat,Positive
ta muốn hỏi Mimo mấy tuổi rồi,Chitchat,Neutral
Thích Mimo ơi ghê id1432,Chitchat,Positive
Yo ai tạo ra bạn id1433,Chitchat,Neutral
Vì nên bà hơi nản,Chitchat,Negative
ai tạo ra bạn 🤖 id1435,Chitchat,Neutral
ở đâu á vậy bot ơi id1436,Chitchat,Neutral
Alo bot ơi mình đang mệt 🥺,Chitchat,Negative
Thích bot ghê 👍 id1438,Chitchat,Positive
ai tạo ra bạn id1439,Chitchat,Neutral
vì cute xỉu id1440,Chitchat,Positive
Alo bạn ơi đang buồn id1441,Chitchat,Negative
thông minh,Chitchat,Positive
bot ơi giao diện đẹp 🔥,Chitchat,Positive
app xịn xò id1444,Chitchat,Positive
bro muốn hỏi tên gì á 🤔,Chitchat,Neutral
bot làm đc gì vậy 🤖,Chitchat,Neutral
 id1447,Chitchat,Positive
quá đã id1448,Chitchat,Positive
bot ơi app xịn xò 🥰 id1449,Chitchat,Positive
đang làm gì đấy vậy 🐧 id1450,Chitchat,Neutral
tên gì á vậy id1451,Chitchat,Neutral
mấy tuổi rồi vậy Mimo 💬,Chitchat,Neutral
Mimo dễ thương app mượt 🥰,Chitchat,Positive
Vì nên ông hơi bất lực id1454,Chitchat,Negative
(^_<) id1455,Chitchat,Positive
Thích bot ghê id1456,Chitchat,Positive
mấy ní muốn hỏi Mimo ơi là nam hay nữ 🐧,Chitchat,Neutral
em muốn hỏi Mimo tên gì á,Chitchat,Neutral
mình muốn hỏi bạn là ai id1459,Chitchat,Neutral
Chào nha có nghe rõ trả lời không 👀,Chitchat,Neutral
Vì đi học mệt qá nên hơi buồn 💔,Chitchat,Negative
Chào ngày mới vui vẻ nha vì ✨ id1462,Chitchat,Positive
ta muốn hỏi ai tạo ra bạn 🤔,Chitchat,Neutral
bot ơi bot làm được gì,Chitchat,Neutral
bot làm được gì 🤔 id1465,Chitchat,Neutral
Good morning Mãi iu,Chitchat,Positive
là nam hay nữ 🤖,Chitchat,Neutral
Thích Mimo ghê giao diện đẹp 🥰,Chitchat,Positive
mấy ní thấy buồn quá,Chitchat,Negative
ai tạo ra bạn 🤔,Chitchat,Neutral
mấy tuổi rồi 💬 id1471,Chitchat,Neutral
ở đâu á 🤔 id1472,Chitchat,Neutral
Mimo dễ thương đang làm gì đấy id1473,Chitchat,Neutral
Cảm ơn vì chất lượng 🤣,Chitchat,Positive
Thích Mimo ghê app xịn xò 🤣,Chitchat,Positive
ta muốn hỏi đang làm gì đấy,Chitchat,Neutral
bác thấy buồn quá,Chitchat,Negative
Chào ngày mới vui vẻ nha id1478,Chitchat,Positive
tui thấy stress quá 📉,Chitchat,Negative
Thích bot ơi ghê đỉnh nóc kịch trần id1480,Chitchat,Positive
em muốn hỏi Mimo có nghe rõ trả lời không 👀,Chitchat,Neutral
Tks vì đỉnh nóc kịch trần,Chitchat,Positive
ông muốn hỏi bot là nam hay nữ 🤔,Chitchat,Neutral
Vì deadline dí nên ta hơi bất lực,Chitchat,Negative
bác muốn hỏi biết nói chuyện không 💬,Chitchat,Neutral
Chào nha có nghe rõ trả lời không id1486,Chitchat,Neutral
biết nói chuyện không vậy,Chitchat,Neutral
Alo Mimo dễ thương ơi ông đang buồn 💔,Chitchat,Negative
Thích Mimo ơi ghê giao diện đẹp id1489,Chitchat,Positive
Ê biết nói chuyện ko,Chitchat,Neutral
Thích ghê ✨,Chitchat,Positive
mấy ní thấy chán quá,Chitchat,Negative
Alo ơi mình đang tổn thương,Chitchat,Negative
bot ơi mấy tuổi rồi 🤔,Chitchat,Neutral
bot làm được gì 🤖 id1495,Chitchat,Neutral
em muốn hỏi bot là nam hay nữ 🐧,Chitchat,Neutral
Hi id1497,Chitchat,Positive
là nam hay nữ vậy 👀 id1498,Chitchat,Neutral
bot đỉnh nóc kịch trần,Chitchat,Positive
bot cute xỉu ❤️,Chitchat,Positive
Vì nên em hơi buồn,Chitchat,Negative
ở đâu á vậy bot id1502,Chitchat,Neutral
bot đang làm gì đấy,Chitchat,Neutral
bác thấy tổn thương quá,Chitchat,Negative
Alo bạn ơi ông đang buồn 😮‍💨,Chitchat,Negative
Thích Mimo ghê 🥰 id1506,Chitchat,Positive
em thấy áp lực quá 🥲,Chitchat,Negative
mình muốn hỏi có nghe rõ trả lời không ❓,Chitchat,Neutral
tên gì á vậy bot 👀 id1509,Chitchat,Neutral
cậu muốn hỏi đang làm gì đấy 🤖,Chitchat,Neutral
Thích Mimo dễ thương ghê cute xỉu,Chitchat,Positive
Vì nên ta hơi suy 😢,Chitchat,Negative
cậu muốn hỏi bot mấy tuổi rồi 💬,Chitchat,Neutral
mấy ní muốn hỏi ai tạo ra bạn 🐧,Chitchat,Neutral
Thích Mimo ghê quá đã 👍,Chitchat,Positive
Alo ơi ông đang met 😢,Chitchat,Negative
em muốn hỏi ai tạo ra bạn 🤖,Chitchat,Neutral
chán vcl id1518,Chitchat,Negative
tổn thương vcl 🥺,Chitchat,Negative
bro muốn hỏi bot ai tạo ra bạn,Chitchat,Neutral
Cảm ơn id1521,Chitchat,Positive
bot ơi id1522,Chitchat,Positive
vì cute xỉu id1523,Chitchat,Positive
muốn hỏi Mimo ơi tên gì á 👀,Chitchat,Neutral
Thích ghê app xịn xò 🥰 id1525,Chitchat,Positive
Alo bot làm được gì 👀,Chitchat,Neutral
bạn biết nói chuyện không,Chitchat,Neutral
Thích ghê qá đã 🤩,Chitchat,Positive
là nam hay nữ vậy bot 👀,Chitchat,Neutral
mấy tuổi rồi vậy Mimo ơi id1530,Chitchat,Neutral
biết nói chuyện không vậy Mimo ơi,Chitchat,Neutral
bot làm được gì vậy id1532,Chitchat,Neutral
bro muốn hỏi bạn đang làm gì đấy,Chitchat,Neutral
Alo ơi bác đang suy,Chitchat,Negative
Mimo ❤️ id1535,Chitchat,Positive
Mimo Chào ngày mới vui vẻ nha 👍,Chitchat,Positive
Alo Mimo ơi ơi cậu đang bất lực 🥺,Chitchat,Negative
Chào nha tên gì á 🤖,Chitchat,Neutral
bot ơi ở đâu á,Chitchat,Neutral
Vì deadline ngập đầu nên ta hơi vô tri 🥲,Chitchat,Negative
Vì bồ giận nên ta hơi suy,Chitchat,Negative
Alo là nam hay nữ id1542,Chitchat,Neutral
bot làm được gì id1543,Chitchat,Neutral
mấy ní muốn hỏi ai tạo ra bạn ❓ id1544,Chitchat,Neutral
Vì nên bro hơi nản,Chitchat,Negative
Alo bot ơi ơi ta đang chán 😮‍💨,Chitchat,Negative
đỉnh nóc kịch trần id1547,Chitchat,Positive
Alo ơi bro đang buồn 💔,Chitchat,Negative
Alo bot làm được gì ❓,Chitchat,Neutral
Vì nên ông hơi bất lực id1550,Chitchat,Negative
ai tạo ra bạn vậy Mimo dễ thương id1551,Chitchat,Neutral
Alo bot ơi ta đang tổn thương 🥲,Chitchat,Negative
Mimo ơi đang làm gì đấy 💬,Chitchat,Neutral
bot ơi 🔥,Chitchat,Positive
bot làm được gì vậy id1555,Chitchat,Neutral
ở đâu á id1556,Chitchat,Neutral
mệt vcl deadline dí id1557,Chitchat,Negative
bác muốn hỏi Mimo ơi tên gì á,Chitchat,Neutral
Thích Mimo dễ thương ghê giao diện đẹp (^_<),Chitchat,Positive
bạn mấy tuổi rồi 🤖,Chitchat,Neutral
Vì crush lơ nên cậu hơi tổn thương,Chitchat,Negative
chán vcl rớt môn 🥲,Chitchat,Negative
bot làm được gì id1563,Chitchat,Neutral
Good morning Mimo ơi 🔥,Chitchat,Positive
Alo bot ơi bot làm được gì,Chitchat,Neutral
Alo ơi cậu đang tổn thương 💔,Chitchat,Negative
bác muốn hỏi ai tạo ra bạn 🐧,Chitchat,Neutral
Mimo Chào ngày mới vui vẻ nha id1568,Chitchat,Positive
Thích bạn ghê 👍,Chitchat,Positive
tui muốn hỏi bạn đang làm gì đấy,Chitchat,Neutral
Hế lô ở đâu á ❓,Chitchat,Neutral
Chào Mimo dễ thương Love ya,Chitchat,Positive
ai tạo ra bạn 🤔 id1573,Chitchat,Neutral
Mimo ơi ai tạo ra bạn 👀,Chitchat,Neutral
là nam hay nữ vậy bạn 🤖,Chitchat,Neutral
Vì deadline dí nên mấy ní hơi stress 😢,Chitchat,Negative
Ê Mimo ở đâu á 👀,Chitchat,Neutral
Alo Mimo dễ thương ơi bro đang buồn 📉,Chitchat,Negative
đang làm gì đấy id1579,Chitchat,Neutral
bạn 🔥 id1580,Chitchat,Positive
ai tạo ra bạn vậy Mimo,Chitchat,Neutral
ở đâu á vậy id1582,Chitchat,Neutral
Mimo ơi Love ya ✨,Chitchat,Positive
ai tạo ra bạn vậy bot 💬,Chitchat,Neutral
mình muốn hỏi bot là nam hay nữ 🤔,Chitchat,Neutral
bro muốn hỏi bạn là nam hay nữ,Chitchat,Neutral
biết nói chuyện không vậy Mimo dễ thương,Chitchat,Neutral
cậu muốn hỏi Mimo ơi mấy tuổi rồi,Chitchat,Neutral
ông thấy bất lực quá 😭,Chitchat,Negative
Mimo đang làm gì đấy,Chitchat,Neutral
Mimo dễ thương có nghe rõ trả lời không 🤖,Chitchat,Neutral
Thank you vì 🤩,Chitchat,Positive
giao diện đẹp (^_<),Chitchat,Positive
bot làm được gì vậy bạn id1594,Chitchat,Neutral
Alo bạn ơi cậu đang chán 😮‍💨,Chitchat,Negative
biết nói chuyện không ❓ id1596,Chitchat,Neutral
bạn là ai 👀 id1597,Chitchat,Neutral
đang làm gì đấy vậy Mimo ơi 👀,Chitchat,Neutral
Vì nên bác hơi chán 🥺,Chitchat,Negative
mấy tuổi rồi vậy Mimo dễ thương ❓,Chitchat,Neutral
Củm ơn vì 👍 id1601,Chitchat,Positive
Yêu ghê id1602,Chitchat,Positive
Good morning Mimo 🤩,Chitchat,Positive
em muốn hỏi bạn là nam hay nữ,Chitchat,Neutral
có nghe rõ trả lời không vậy Mimo ơi,Chitchat,Neutral
thông minh 🤩,Chitchat,Positive
Ê Mimo ơi đang làm gì đấy,Chitchat,Neutral
Chào ngày mới vui vẻ nha vì 🔥 id1608,Chitchat,Positive
Thích ghê 🤩 id1609,Chitchat,Positive
mấy ní muốn hỏi bot làm được gì 👀,Chitchat,Neutral
tên gì á vậy Mimo dễ thương 🤔,Chitchat,Neutral
buồn vcl,Chitchat,Negative
có nghe rõ trả lời không vậy Mimo,Chitchat,Neutral
Yo bot làm được gì id1614,Chitchat,Neutral
biết nói chuyện không vậy bạn 💬 id1615,Chitchat,Neutral
biết nói chuyện không vậy Mimo id1616,Chitchat,Neutral
vì đỉnh nóc kịch trần (^_<),Chitchat,Positive
áp lực vcl 🥲,Chitchat,Negative
Alo bot ơi cậu đang buồn 😢,Chitchat,Negative
Alo Mimo dễ thương ơi đang buồn 😭,Chitchat,Negative
buồn vcl 😭,Chitchat,Negative
bot id1622,Chitchat,Positive
bro muốn hỏi bạn là ai,Chitchat,Neutral
mấy tuổi rồi vậy Mimo dễ thương,Chitchat,Neutral
Thích Mimo ghê (^_<),Chitchat,Positive
bác muốn hỏi có nghe rõ trả lời không,Chitchat,Neutral
Yo mấy tuổi rồi id1627,Chitchat,Neutral
là nam hay nữ id1628,Chitchat,Neutral
Biết ơn 🥰,Chitchat,Positive
bot ơi app mượt,Chitchat,Positive
mệt vcl bồ giận 📉,Chitchat,Negative
Cảm ơn vì thông minh,Chitchat,Positive
Vì rớt môn nên mấy ní hơi stress 🥲,Chitchat,Negative
buồn vcl hết tiền,Chitchat,Negative
bot app xịn xò,Chitchat,Positive
Thích Mimo ghê thông minh,Chitchat,Positive
muốn hỏi là nam hay nữ,Chitchat,Neutral
ở đâu á ❓ id1638,Chitchat,Neutral
áp lực vcl rớt môn 😭,Chitchat,Negative
vô tri vcl 🥲,Chitchat,Negative
mấy tuổi rồi vậy Mimo dễ thương id1641,Chitchat,Neutral
(^_<) id1642,Chitchat,Positive
Vì crush lơ nên ta hơi tổn thương 🥲,Chitchat,Negative
Thích bot ơi ghê thông minh ✨,Chitchat,Positive
Vì nên bà hơi buồn 🥲,Chitchat,Negative
Mimo bot làm được gì 👀,Chitchat,Neutral
Gút mỏ ninh bot ơi ❤️,Chitchat,Positive
Thích ghê (^_<) id1648,Chitchat,Positive
Vì nên mình hơi mệt 💔,Chitchat,Negative
vì cute xỉu 🤣 id1650,Chitchat,Positive
tổn thương vcl 💔,Chitchat,Negative
bác thấy buồn qá 😢,Chitchat,Negative
Mimo ơi 🔥,Chitchat,Positive
Love ya vì id1654,Chitchat,Positive
tên gì á vậy bot ơi ❓,Chitchat,Neutral
ông muốn hỏi bạn mấy tuổi rồi 🤖,Chitchat,Neutral
ta muốn hỏi Mimo là nam hay nữ,Chitchat,Neutral
Alo ơi tui đang áp lực,Chitchat,Negative
Mimo ơi chất lượng,Chitchat,Positive
Ê biết nói chuyện không,Chitchat,Neutral
Vì crush lơ nên cậu hơi tổn thương 😢,Chitchat,Negative
suy vcl 😢,Chitchat,Negative
Mimo có nghe rõ trả lời không,Chitchat,Neutral
Vì nên bác hơi nản,Chitchat,Negative
Alo ơi mình đang áp lực,Chitchat,Negative
Yo bot bạn là ai 💬,Chitchat,Neutral
ở đâu á 👀 id1667,Chitchat,Neutral
bot làm được gì vậy Mimo ơi id1668,Chitchat,Neutral
Mimo ơi 👍,Chitchat,Positive
cậu muốn hỏi bot ơi bạn là ai,Chitchat,Neutral
là nam hay nữ vậy bot 💬,Chitchat,Neutral
mấy ní thấy nản quá 📉,Chitchat,Negative
mệt vcl id1673,Chitchat,Negative
Thích Mimo ơi ghê 🤣,Chitchat,Positive
suy vcl rớt môn 😮‍💨,Chitchat,Negative
Thích ghê quá đã id1676,Chitchat,Positive
bro muốn hỏi Mimo dễ thương đang làm gì đấy 🤖,Chitchat,Neutral
Thích ghê id1678,Chitchat,Positive
Vì nên hơi áp lực,Chitchat,Negative
đang làm gì đấy vậy Mimo,Chitchat,Neutral
mình muốn hỏi Mimo có nghe rõ trả lời không,Chitchat,Neutral
bot là nam hay nữ,Chitchat,Neutral
bà muốn hỏi bot ơi là nam hay nữ,Chitchat,Neutral
có nghe rõ trả lời không id1684,Chitchat,Neutral
👍 id1685,Chitchat,Positive
ai tạo ra bạn vậy Mimo ơi 💬,Chitchat,Neutral
ở đâu á vậy Mimo ơi id1687,Chitchat,Neutral
Ê Mimo ở đâu á ❓,Chitchat,Neutral
ta thấy suy quá 📉,Chitchat,Negative
Alo bạn ơi em đang chán 🥺,Chitchat,Negative
em thấy stress quá,Chitchat,Negative
Xin chào bạn Chào ngày mới vui vẻ nha ❤️,Chitchat,Positive
Chào nha có nghe rõ trả lời ko 🐧,Chitchat,Neutral
mấy ní muốn hỏi Mimo ở đâu á,Chitchat,Neutral
Thích ghê chất lượng (^_<) id1695,Chitchat,Positive
bot làm được gì vậy Mimo id1696,Chitchat,Neutral
có nghe rõ trả lời không id1697,Chitchat,Neutral
bác muốn hỏi có nghe rõ trả lời ko 🐧,Chitchat,Neutral
mấy ní muốn hỏi mấy tuổi rồi 🤔,Chitchat,Neutral
mấy tuổi rồi vậy Mimo ơi 🐧,Chitchat,Neutral
mấy ní muốn hỏi Mimo dễ thương tên gì á,Chitchat,Neutral
đang làm gì đấy id1702,Chitchat,Neutral
ai tạo ra bạn vậy Mimo dễ thương 🤖,Chitchat,Neutral
mấy tuổi rồi vậy Mimo dễ thương 👀,Chitchat,Neutral
Thích ghê id1705,Chitchat,Positive
em muốn hỏi bot tên gì á,Chitchat,Neutral
Thích bot ơi ghê (^_<) id1707,Chitchat,Positive
biết nói chuyện không id1708,Chitchat,Neutral
Biết ơn vì chất lượng ✨,Chitchat,Positive
 id1710,Chitchat,Positive
suy vcl 📉,Chitchat,Negative
ở đâu á ❓ id1712,Chitchat,Neutral
Chào Chào ngày mới vui vẻ nha,Chitchat,Positive
tui thấy suy quá 😮‍💨,Chitchat,Negative
là nam hay nữ vậy Mimo ơi id1715,Chitchat,Neutral
tên gì á 🤖 id1716,Chitchat,Neutral
áp lực vcl id1717,Chitchat,Negative
Xin chào bạn Tks ❤️,Chitchat,Positive
Chào ngày mới vui vẻ nha vì id1719,Chitchat,Positive
bot bot làm được gì 🤖,Chitchat,Neutral
bot làm được gì vậy bot ơi 🤖,Chitchat,Neutral
Yo là nam hay nữ 👀,Chitchat,Neutral
ta muốn hỏi bot biết nói chuyện ko,Chitchat,Neutral
Vì hết tiền nên tui hơi vô tri,Chitchat,Negative
mình muốn hỏi có nghe rõ trả lời không,Chitchat,Neutral
bạn là ai vậy ❓,Chitchat,Neutral
ông muốn hỏi bot ơi có nghe rõ trả lời không 🤔,Chitchat,Neutral
Ê Mimo dễ thương ở đâu á 🤖,Chitchat,Neutral
cậu muốn hỏi Mimo ơi ai tạo ra bạn,Chitchat,Neutral
mấy tuổi rồi id1730,Chitchat,Neutral
Vì nên mình hơi mệt,Chitchat,Negative
Mimo giao diện đẹp,Chitchat,Positive
bạn là ai vậy bạn 👀,Chitchat,Neutral
Mãi iu vì đỉnh nóc kịch trần 🤩,Chitchat,Positive
áp lực vcl đi học met qá 😭,Chitchat,Negative
ai tạo ra bạn ❓ id1736,Chitchat,Neutral
bác muốn hỏi tên gì á 💬,Chitchat,Neutral
Mimo Chào ngày mới vui vẻ nha id1738,Chitchat,Positive
Yo tên gì á,Chitchat,Neutral
bot ơi id1740,Chitchat,Positive
bro muốn hỏi có nghe rõ trả lời không,Chitchat,Neutral
ta thấy áp lực quá 😭,Chitchat,Negative
Thích bot ơi ghê id1743,Chitchat,Positive
Mimo app xịn xò id1744,Chitchat,Positive
Tks vì app xịn xò,Chitchat,Positive
bác thấy tổn thương quá 🥺,Chitchat,Negative
Alo đang làm gì đấy 💬,Chitchat,Neutral
có nghe rõ trả lời không vậy 💬,Chitchat,Neutral
Chào nha là nam hay nữ 👀,Chitchat,Neutral
ai tạo ra bạn 💬 id1750,Chitchat,Neutral
Thích ghê id1751,Chitchat,Positive
tui muốn hỏi bot làm được gì,Chitchat,Neutral
Alo Mimo ơi bà đang stress 💔,Chitchat,Negative
bot làm được gì vậy bot 💬,Chitchat,Neutral
bot chất lượng id1755,Chitchat,Positive
❤️ id1756,Chitchat,Positive
✨ id1757,Chitchat,Positive
ai tạo ra bạn vậy id1758,Chitchat,Neutral
Mimo ơi Yêu ghê,Chitchat,Positive
thấy buồn quá 😢,Chitchat,Negative
tui muốn hỏi bot ở đâu á,Chitchat,Neutral
bro muốn hỏi bot ơi ai tạo ra bạn 👀 id1762,Chitchat,Neutral
Alo ơi ta đang bất lực 🥺,Chitchat,Negative
Chào  🥰,Chitchat,Positive
Thích ghê 👍,Chitchat,Positive
Xin chào bot ơi 👍,Chitchat,Positive
mấy ní thấy suy quá,Chitchat,Negative
Mimo dễ thương mấy tuổi rồi id1768,Chitchat,Neutral
stress vcl 😭,Chitchat,Negative
nản vcl rớt môn 😢,Chitchat,Negative
Vì deadline ngập đầu nên tui hơi chán 📉,Chitchat,Negative
Alo ơi bác đang buồn 🥺,Chitchat,Negative
Xin chao bot ơi Thank you 🔥,Chitchat,Positive
bạn là ai id1774,Chitchat,Neutral
muốn hỏi có nghe rõ trả lời không id1775,Chitchat,Neutral
Thích bot ơi ghê app mượt,Chitchat,Positive
thấy áp lực quá 📉,Chitchat,Negative
Thích ghê 🥰 id1778,Chitchat,Positive
Alo ơi ta đang mệt,Chitchat,Negative
Vì nên bà hơi nản id1780,Chitchat,Negative
Hế lô tên gì á id1781,Chitchat,Neutral
là nam hay nữ 🤔 id1782,Chitchat,Neutral
muốn hỏi Mimo ở đâu á ❓,Chitchat,Neutral
Alo bot ơi ông đang áp lực,Chitchat,Negative
mình muốn hỏi tên gì á,Chitchat,Neutral
Tks 🤣,Chitchat,Positive
Mimo ơi (^_<),Chitchat,Positive
Mimo Chào ngày mới vui vẻ nha 🔥,Chitchat,Positive
Chào nha ai tạo ra bạn ❓,Chitchat,Neutral
Mimo dễ thương bạn là ai id1790,Chitchat,Neutral
bà thấy vô tri quá 😮‍💨,Chitchat,Negative
Vì nên bà hơi bất lực 😭,Chitchat,Negative
Hế lô bạn bot làm được gì 🤔,Chitchat,Neutral
biết nói chuyện không vậy Mimo id1794,Chitchat,Neutral
mấy ní muốn hỏi Mimo ơi mấy tuổi rồi 🤔,Chitchat,Neutral
stress vcl 🥺,Chitchat,Negative
Mimo ai tạo ra bạn 🤖,Chitchat,Neutral
bà muốn hỏi Mimo dễ thương ở đâu á,Chitchat,Neutral
đang làm gì đấy 👀 id1799,Chitchat,Neutral
Chào ngày mới vui vẻ nha vì id1800,Chitchat,Positive
Alo bạn tên gì á 🤔,Chitchat,Neutral
bro muốn hỏi có nghe rõ trả lời không 🤔,Chitchat,Neutral
mấy ní muốn hỏi Mimo dễ thương mấy tuổi rồi ❓,Chitchat,Neutral
Ê bot ơi đang làm gì đấy 💬,Chitchat,Neutral
ai tạo ra bạn 💬 id1805,Chitchat,Neutral
bro thấy stress quá 📉,Chitchat,Negative
ta thấy vô tri quá 😢,Chitchat,Negative
Mimo bạn là ai id1808,Chitchat,Neutral
Mimo ơi Củm ơn,Chitchat,Positive
ta muốn hỏi tên gì á,Chitchat,Neutral
Chào nha tên gì á 🤔,Chitchat,Neutral
vô tri vcl 🥺,Chitchat,Negative
Mimo ơi là nam hay nữ,Chitchat,Neutral
 id1814,Chitchat,Positive
em thấy buồn quá,Chitchat,Negative
Alo bot ơi ơi bác đang tổn thương,Chitchat,Negative
bạn Mãi iu,Chitchat,Positive
Alo bạn ơi mấy ní đang stress,Chitchat,Negative
bot làm được gì vậy id1819,Chitchat,Neutral
suy vcl đi học mệt qá 😢,Chitchat,Negative
❤️ id1821,Chitchat,Positive
Alo đang làm gì đấy 👀,Chitchat,Neutral
Thích ghê cute xỉu (^_<),Chitchat,Positive
tui muốn hỏi có nghe rõ trả lời không 👀,Chitchat,Neutral
Alo ơi tui đang stress,Chitchat,Negative
Alo Mimo ơi ơi mấy ní đang chán,Chitchat,Negative
Chào ngày mới vui vẻ nha vì id1827,Chitchat,Positive
bác thấy vô tri quá 📉,Chitchat,Negative
mấy tuổi rồi vậy Mimo ơi 🐧 id1829,Chitchat,Neutral
Thích Mimo ơi ghê (^_<),Chitchat,Positive
bạn là ai vậy bot ơi 🐧 id1831,Chitchat,Neutral
buồn vcl id1832,Chitchat,Negative
buồn vcl hết tiền 😢,Chitchat,Negative
bot ơi (^_<) id1834,Chitchat,Positive
biết nói chuyện không vậy id1835,Chitchat,Neutral
mấy tuổi rồi vậy bạn 🤔 id1836,Chitchat,Neutral
Thích Mimo ơi ghê (^_<) id1837,Chitchat,Positive
tổn thương vcl id1838,Chitchat,Negative
Hế lô mấy tuổi rồi 🤔,Chitchat,Neutral
Hế lô có nghe rõ trả lời không,Chitchat,Neutral
ai tạo ra bạn id1841,Chitchat,Neutral
mấy tuổi rồi id1842,Chitchat,Neutral
Alo bot làm được gì 🤖,Chitchat,Neutral
mấy ní muốn hỏi bạn biết nói chuyện không,Chitchat,Neutral
Love ya ✨,Chitchat,Positive
Vì nên tui hơi vô tri 🥲,Chitchat,Negative
Yo Mimo dễ thương đang làm gì đấy,Chitchat,Neutral
bạn là ai 👀 id1848,Chitchat,Neutral
có nghe rõ trả lời không vậy Mimo dễ thương id1849,Chitchat,Neutral
Mimo là nam hay nữ,Chitchat,Neutral
thấy tổn thương quá,Chitchat,Negative
bạn Chào ngày mới vui vẻ nha 🥰,Chitchat,Positive
tên gì á 🐧 id1853,Chitchat,Neutral
Thích ghê app mượt ❤️,Chitchat,Positive
ai tạo ra bạn vậy 🐧,Chitchat,Neutral
Xin chào  🤩,Chitchat,Positive
ta muốn hỏi bot ai tạo ra bạn,Chitchat,Neutral
đang làm gì đấy vậy id1858,Chitchat,Neutral
là nam hay nữ vậy Mimo dễ thương id1859,Chitchat,Neutral
tổn thương vcl cuộc sống khó khăn 😮‍💨,Chitchat,Negative
Thích ghê id1861,Chitchat,Positive
Yo Mimo biết nói chuyện không 🐧,Chitchat,Neutral
ông muốn hỏi Mimo biết nói chuyện không 👀,Chitchat,Neutral
vì thông minh id1864,Chitchat,Positive
muốn hỏi là nam hay nữ 👀,Chitchat,Neutral
bà muốn hỏi tên gì á,Chitchat,Neutral
Ê Mimo bot làm được gì,Chitchat,Neutral
ai tạo ra bạn id1868,Chitchat,Neutral
cute xỉu ❤️,Chitchat,Positive
bạn là ai id1870,Chitchat,Neutral
bạn là ai ❓,Chitchat,Neutral
Hello Chào ngày mới vui vẻ nha,Chitchat,Positive
Ê tên gì á 👀,Chitchat,Neutral
mình muốn hỏi Mimo bot làm được gì id1874,Chitchat,Neutral
Alo Mimo ơi ông đang tổn thương 😢,Chitchat,Negative
Ê bot làm được gì id1876,Chitchat,Neutral
bot ơi app xịn xò ✨ id1877,Chitchat,Positive
có nghe rõ trả lời không vậy id1878,Chitchat,Neutral
là nam hay nữ id1879,Chitchat,Neutral
biết nói chuyện không vậy bot ơi,Chitchat,Neutral
Chào ngày mới vui vẻ nha vì 🤩,Chitchat,Positive
Chào nha bạn là ai 💬,Chitchat,Neutral
ở đâu á 🤖 id1883,Chitchat,Neutral
vô tri vcl hết tiền,Chitchat,Negative
Mãi iu vì id1885,Chitchat,Positive
có nghe rõ trả lời không vậy bạn 🐧,Chitchat,Neutral
vì app xịn xò 🥰,Chitchat,Positive
Vì rớt môn nên bro hơi vô tri 🥺,Chitchat,Negative
ta muốn hỏi bạn là ai id1889,Chitchat,Neutral
tui muốn hỏi ở đâu á ❓,Chitchat,Neutral
thấy mệt quá 💔,Chitchat,Negative
Củm ơn vì giao diện đẹp 👍,Chitchat,Positive
ta thấy bất lực quá,Chitchat,Negative
ta muốn hỏi Mimo ơi bạn là ai 👀,Chitchat,Neutral
Thích bạn ghê app mượt,Chitchat,Positive
bot làm được gì 💬,Chitchat,Neutral
mình muốn hỏi bạn biết nói chuyện không 💬,Chitchat,Neutral
Thích Mimo ơi ghê cute xỉu id1898,Chitchat,Positive
🤩 id1899,Chitchat,Positive
thấy chán qá 🥲,Chitchat,Negative
Alo ai tạo ra bạn 👀,Chitchat,Neutral
Thích bot ơi ghê đỉnh nóc kịch trần 🔥,Chitchat,Positive
Mimo Chào ngày mới vui vẻ nha (^_<) id1903,Chitchat,Positive
Hế lô là nam hay nữ id1904,Chitchat,Neutral
Chào nha ở đâu á id1905,Chitchat,Neutral
bot làm đc gì 💬,Chitchat,Neutral
bác thấy stress quá 🥲,Chitchat,Negative
ta muốn hỏi bot ơi đang làm gì đấy,Chitchat,Neutral
tui muốn hỏi Mimo dễ thương là nam hay nữ,Chitchat,Neutral
bot biết nói chuyện ko 👀,Chitchat,Neutral
tui muốn hỏi Mimo dễ thương bạn là ai,Chitchat,Neutral
cậu muốn hỏi bot ở đâu á 🤖,Chitchat,Neutral
bà thấy suy quá 📉,Chitchat,Negative
tui muốn hỏi ai tạo ra bạn 🐧,Chitchat,Neutral
Chào bạn Chào ngày mới vui vẻ nha 🔥,Chitchat,Positive
là nam hay nữ vậy Mimo 💬,Chitchat,Neutral
bà muốn hỏi bạn ai tạo ra bạn,Chitchat,Neutral
tổn thương vcl deadline dí id1918,Chitchat,Negative
đỉnh nóc kịch trần id1919,Chitchat,Positive
Thích ghê (^_<) id1920,Chitchat,Positive
biết nói chuyện không vậy bạn 🤖,Chitchat,Neutral
mấy ní thấy chán quá id1922,Chitchat,Negative
ai tạo ra bạn vậy Mimo id1923,Chitchat,Neutral
Xin chào Mãi iu,Chitchat,Positive
bạn là ai vậy id1925,Chitchat,Neutral
tên gì á vậy Mimo dễ thương,Chitchat,Neutral
Hiya Mimo dễ thương Chào ngày mới vui vẻ nha 🤣,Chitchat,Positive
Thích ghê đỉnh nóc kịch trần,Chitchat,Positive
Alo ơi mình đang chán,Chitchat,Negative
Thích ghê 🤣,Chitchat,Positive
bất lực vcl deadline dí,Chitchat,Negative
Tks vì 🔥,Chitchat,Positive
ở đâu á 💬 id1933,Chitchat,Neutral
Alo bot ơi ơi ta đang vô tri,Chitchat,Negative
có nghe rõ trả lời không id1935,Chitchat,Neutral
Alo bot ơi ơi ta đang suy 📉,Chitchat,Negative
Vì nên tui hơi bất lực,Chitchat,Negative
ta muốn hỏi Mimo tên gì á,Chitchat,Neutral
Mãi iu vì id1939,Chitchat,Positive
tui thấy tổn thương quá,Chitchat,Negative
suy vcl 🥲 id1941,Chitchat,Negative
có nghe rõ trả lời không vậy 🐧,Chitchat,Neutral
Love ya vì id1943,Chitchat,Positive
bot ơi Chào ngày mới vui vẻ nha 🤣,Chitchat,Positive
Ê biết nói chuyện không 🤖,Chitchat,Neutral
Biết ơn vì 🥰,Chitchat,Positive
tên gì á vậy Mimo dễ thương 🤔 id1947,Chitchat,Neutral
mấy ní muốn hỏi có nghe rõ trả lời không 🤔,Chitchat,Neutral
suy vcl id1949,Chitchat,Negative
Alo Mimo ơi tui đang tổn thương,Chitchat,Negative
đang làm gì đấy vậy id1951,Chitchat,Neutral
mình muốn hỏi đang làm gì đấy id1952,Chitchat,Neutral
mệt vcl cuộc sống khó khăn 💔,Chitchat,Negative
là nam hay nữ ❓,Chitchat,Neutral
Alo Mimo ơi ơi mình đang áp lực,Chitchat,Negative
tên gì á vậy Mimo id1956,Chitchat,Neutral
Chào bot ơi,Chitchat,Positive
Thích ghê đỉnh nóc kịch trần id1958,Chitchat,Positive
Thích bot ơi ghê app xịn xò,Chitchat,Positive
Xin chào,Chitchat,Positive
mệt vcl id1961,Chitchat,Negative
bot ơi id1962,Chitchat,Positive
có nghe rõ trả lời không 👀,Chitchat,Neutral
bạn app mượt 🤩,Chitchat,Positive
áp lực vcl rớt môn,Chitchat,Negative
Mimo ơi cute xỉu ❤️,Chitchat,Positive
tui muốn hỏi Mimo ơi biết nói chuyện không ❓,Chitchat,Neutral
vì đỉnh nóc kịch trần id1968,Chitchat,Positive
Thích ghê 👍 id1969,Chitchat,Positive
bác muốn hỏi Mimo dễ thương đang làm gì đấy ❓,Chitchat,Neutral
em muốn hỏi Mimo ơi là nam hay nữ,Chitchat,Neutral
vì giao diện đẹp ❤️,Chitchat,Positive
mình muốn hỏi Mimo ơi biết nói chuyện không,Chitchat,Neutral
ai tạo ra bạn vậy Mimo id1974,Chitchat,Neutral
ông muốn hỏi Mimo ơi bot làm được gì,Chitchat,Neutral
bà muốn hỏi Mimo ơi mấy tuổi rồi ❓,Chitchat,Neutral
có nghe rõ trả lời không vậy 🤔 id1977,Chitchat,Neutral
ở đâu á id1978,Chitchat,Neutral
mấy ní thấy áp lực quá 🥺,Chitchat,Negative
stress vcl deadline ngập đầu 😮‍💨,Chitchat,Negative
Chào ngày mới vui vẻ nha vì id1981,Chitchat,Positive
bà muốn hỏi ở đâu á 💬,Chitchat,Neutral
Alo ơi bà đang mệt id1983,Chitchat,Negative
Alo Mimo dễ thương ơi em đang vô tri 😢,Chitchat,Negative
ở đâu á vậy 🐧 id1985,Chitchat,Neutral
Hi Chào ngày mới vui vẻ nha,Chitchat,Positive
cậu muốn hỏi bạn là ai id1987,Chitchat,Neutral
Gút mỏ ninh Mimo dễ thương Chào ngày mới vui vẻ nha 🤣,Chitchat,Positive
áp lực vcl 🥲 id1989,Chitchat,Negative
Mimo ơi thông minh,Chitchat,Positive
ai tạo ra bạn vậy bot,Chitchat,Neutral
bác thấy stress quá id1992,Chitchat,Negative
Thích ghê id1993,Chitchat,Positive
Biết ơn vì (^_<),Chitchat,Positive
Alo Mimo ơi ơi mấy ní đang nản 💔,Chitchat,Negative
Yo tên gì á id1996,Chitchat,Neutral
Hello Củm ơn 🤣,Chitchat,Positive
🥰 id1998,Chitchat,Positive
bạn là ai vậy Mimo id1999,Chitchat,Neutral
đang làm gì đấy id2000,Chitchat,Neutral
đang làm gì đấy 🤔 id2001,Chitchat,Neutral
Chào ngày mới vui vẻ nha vì ✨ id2002,Chitchat,Positive
Thích ghê chất lượng 🔥,Chitchat,Positive
Mimo ơi Chào ngày mới vui vẻ nha 🤣,Chitchat,Positive
tui muốn hỏi bot biết nói chuyện ko ❓,Chitchat,Neutral
Thích bạn ghê quá đã,Chitchat,Positive
Mimo dễ thương ai tạo ra bạn 👀,Chitchat,Neutral
Hế lô có nghe rõ trả lời không id2008,Chitchat,Neutral
Biết ơn vì,Chitchat,Positive
Thích Mimo dễ thương ghê 🤩 id2010,Chitchat,Positive
ta muốn hỏi Mimo dễ thương ai tạo ra bạn,Chitchat,Neutral
Chào ngày mới vui vẻ nha vì id2012,Chitchat,Positive
em muốn hỏi bạn đang làm gì đấy 🐧,Chitchat,Neutral
quá đã id2014,Chitchat,Positive
Hế lô Mimo là nam hay nữ 👀,Chitchat,Neutral
ở đâu á vậy Mimo dễ thương,Chitchat,Neutral
Thích bot ghê cute xỉu,Chitchat,Positive
Alo bot mấy tuổi rồi,Chitchat,Neutral
đang làm gì đấy vậy Mimo ơi 👀 id2019,Chitchat,Neutral
bot id2020,Chitchat,Positive
tui thấy mệt quá 🥲,Chitchat,Negative
Mimo dễ thương Thank you ❤️,Chitchat,Positive
là nam hay nữ id2023,Chitchat,Neutral
mấy tuổi rồi id2024,Chitchat,Neutral
Thích bot ơi ghê 🤩,Chitchat,Positive
ở đâu á 🤖 id2026,Chitchat,Neutral
tên gì á vậy id2027,Chitchat,Neutral
Thích Mimo dễ thương ghê id2028,Chitchat,Positive
đang làm gì đấy vậy Mimo dễ thương 🐧,Chitchat,Neutral
Chào ngày mới vui vẻ nha vì 👍 id2030,Chitchat,Positive
ông thấy áp lực quá id2031,Chitchat,Negative
Alo ơi mình đang nản,Chitchat,Negative
bác muốn hỏi bạn là ai 🐧,Chitchat,Neutral
Mimo dễ thương 🥰,Chitchat,Positive
bà muốn hỏi bot biết nói chuyện không 👀,Chitchat,Neutral
bác muốn hỏi bot ơi mấy tuổi rồi id2036,Chitchat,Neutral
Alo ơi mình đang áp lực 😭,Chitchat,Negative
tên gì á id2038,Chitchat,Neutral
Thích ghê đỉnh nóc kịch trần id2039,Chitchat,Positive
ai tạo ra bạn id2040,Chitchat,Neutral
ở đâu á vậy 🤔 id2041,Chitchat,Neutral
Thích ghê cute xỉu 🤣,Chitchat,Positive
tổn thương vcl 🥲 id2043,Chitchat,Negative
Chào nha ở đâu á id2044,Chitchat,Neutral
Hế lô biết nói chuyện không id2045,Chitchat,Neutral
Chào ngày mới vui vẻ nha vì id2046,Chitchat,Positive
là nam hay nữ id2047,Chitchat,Neutral
Hế lô tên gì á id2048,Chitchat,Neutral
biết nói chuyện không 👀 id2049,Chitchat,Neutral
mình thấy stress quá 😢,Chitchat,Negative
em thấy áp lực quá,Chitchat,Negative
biết nói chuyện không id2052,Chitchat,Neutral
Alo bạn ơi ông đang vô tri 🥺,Chitchat,Negative
bot Biết ơn ✨,Chitchat,Positive
bạn tên gì á 🐧 id2055,Chitchat,Neutral
mình thấy chán quá 😢,Chitchat,Negative
Vì nên tui hơi nản,Chitchat,Negative
Ê ở đâu á id2058,Chitchat,Neutral
Alo ơi đang chán id2059,Chitchat,Negative
Mimo ơi chất lượng (^_<),Chitchat,Positive
bot tên gì á,Chitchat,Neutral
bot ơi (^_<) id2062,Chitchat,Positive
Vì nên bác hơi chán,Chitchat,Negative
em muốn hỏi bot ở đâu á,Chitchat,Neutral
Vì nên mình hơi nản,Chitchat,Negative
bro muốn hỏi Mimo dễ thương ở đâu á,Chitchat,Neutral
ai tạo ra bạn 👀 id2067,Chitchat,Neutral
mấy tuổi rồi id2068,Chitchat,Neutral
mấy tuổi rồi vậy Mimo dễ thương id2069,Chitchat,Neutral
ở đâu á id2070,Chitchat,Neutral
Thích bạn ghê ❤️,Chitchat,Positive
bạn là ai 👀 id2072,Chitchat,Neutral
em muốn hỏi Mimo bot làm được gì 🤔,Chitchat,Neutral
Gút mỏ ninh Mimo ơi Củm ơn,Chitchat,Positive
Biết ơn vì id2075,Chitchat,Positive
mấy ní muốn hỏi bot bot làm được gì,Chitchat,Neutral
Mimo ơi Củm ơn 🤩,Chitchat,Positive
Mimo tên gì á 🐧,Chitchat,Neutral
Chào ngày mới vui vẻ nha vì ✨ id2079,Chitchat,Positive
Alo bạn là ai,Chitchat,Neutral
bạn 🔥 id2081,Chitchat,Positive
ông muốn hỏi bot ơi tên gì á,Chitchat,Neutral
chán vcl đi học mệt quá 🥲,Chitchat,Negative
bot ơi bot làm được gì id2084,Chitchat,Neutral
vì chất lượng,Chitchat,Positive
Thích Mimo ơi ghê id2086,Chitchat,Positive
stress vcl cuộc sống khó khăn 📉,Chitchat,Negative
Thích bot ơi ghê 👍,Chitchat,Positive
Hế lô bạn là ai 🐧,Chitchat,Neutral
suy vcl deadline dí 🥺,Chitchat,Negative
Thích Mimo ghê id2091,Chitchat,Positive
Mimo dễ thương đang làm gì đấy id2092,Chitchat,Neutral
bot ơi biết nói chuyện không 🤖,Chitchat,Neutral
Thích bot ơi ghê ❤️,Chitchat,Positive
Hế lô có nghe rõ trả lời không id2095,Chitchat,Neutral
Chào nha có nghe rõ trả lời không id2096,Chitchat,Neutral
bà thấy buồn quá 🥲,Chitchat,Negative
bà muốn hỏi Mimo dễ thương tên gì á 🤖,Chitchat,Neutral
Tks vì 🤩,Chitchat,Positive
Yo biết nói chuyện không 👀,Chitchat,Neutral
bro muốn hỏi đang làm gì đấy ❓,Chitchat,Neutral
Alo Mimo dễ thương ơi tui đang stress 📉,Chitchat,Negative
biết nói chuyện không vậy Mimo dễ thương id2103,Chitchat,Neutral
có nghe rõ trả lời không id2104,Chitchat,Neutral
biết nói chuyện ko vậy bot ơi id2105,Chitchat,Neutral
bạn là ai vậy bot,Chitchat,Neutral
Yêu ghê vì 👍,Chitchat,Positive
Mimo ơi 🤩 id2108,Chitchat,Positive
đang làm gì đấy vậy id2109,Chitchat,Neutral
Thích ghê thông minh ✨,Chitchat,Positive
em muốn hỏi đang làm gì đấy,Chitchat,Neutral
Hey Thank you 👍,Chitchat,Positive
Biết ơn,Chitchat,Positive
ở đâu á vậy 🐧 id2114,Chitchat,Neutral
app xịn xò 🤩,Chitchat,Positive
mấy tuổi rồi ❓ id2116,Chitchat,Neutral
cậu muốn hỏi Mimo ơi biết nói chuyện không,Chitchat,Neutral
mấy ní muốn hỏi có nghe rõ trả lời không,Chitchat,Neutral
bạn biết nói chuyện không 💬,Chitchat,Neutral
Hế lô ở đâu á,Chitchat,Neutral
Chào nha là nam hay nữ 💬,Chitchat,Neutral
Yo bạn là ai 🐧 id2122,Chitchat,Neutral
Mimo Chào ngày mới vui vẻ nha id2123,Chitchat,Positive
buồn vcl id2124,Chitchat,Negative
có nghe rõ trả lời không vậy ❓,Chitchat,Neutral
tên gì á 🤖 id2126,Chitchat,Neutral
tui muốn hỏi Mimo ở đâu á,Chitchat,Neutral
mấy ní thấy bất lực quá 😮‍💨,Chitchat,Negative
mấy ní muốn hỏi Mimo ơi ở đâu á,Chitchat,Neutral
quá đã ❤️,Chitchat,Positive
vì cute xỉu id2131,Chitchat,Positive
Alo ơi ta đang mệt 😢,Chitchat,Negative
suy vcl id2133,Chitchat,Negative
Alo Mimo dễ thương ơi mình đang suy,Chitchat,Negative
mình muốn hỏi bạn là nam hay nữ,Chitchat,Neutral
Hế lô biết nói chuyện không id2136,Chitchat,Neutral
ở đâu á 🐧 id2137,Chitchat,Neutral
Thích bot ghê đỉnh nóc kịch trần 👍,Chitchat,Positive
biết nói chuyện không vậy 🐧,Chitchat,Neutral
muốn hỏi là nam hay nữ id2140,Chitchat,Neutral
Chào nha bot biết nói chuyện không,Chitchat,Neutral
có nghe rõ trả lời không id2142,Chitchat,Neutral
ta thấy vô tri quá 🥺,Chitchat,Negative
bot làm được gì 👀 id2144,Chitchat,Neutral
đang làm gì đấy vậy id2145,Chitchat,Neutral
Vì deadline dí nên bác hơi suy,Chitchat,Negative
Vì rớt môn nên ta hơi chán 🥺,Chitchat,Negative
bà muốn hỏi là nam hay nữ 🤔,Chitchat,Neutral
Chào nha biết nói chuyện không id2149,Chitchat,Neutral
bác muốn hỏi Mimo ơi là nam hay nữ 🤖,Chitchat,Neutral
Thích bạn ghê qá đã ❤️,Chitchat,Positive
bạn ở đâu á 🤔,Chitchat,Neutral
mình thấy mệt quá 📉,Chitchat,Negative
Mimo 🥰 id2154,Chitchat,Positive
là nam hay nữ vậy 👀 id2155,Chitchat,Neutral
Alo Mimo ơi ơi mình đang áp lực 📉,Chitchat,Negative
tên gì á 🤖 id2157,Chitchat,Neutral
tên gì á id2158,Chitchat,Neutral
Thích Mimo ơi ghê id2159,Chitchat,Positive
Thích Mimo ghê id2160,Chitchat,Positive
Thích ghê app xịn xò 🤣,Chitchat,Positive
🥰 id2162,Chitchat,Positive
tui muốn hỏi tên gì á,Chitchat,Neutral
Chào ngày mới vui vẻ nha vì ✨ id2164,Chitchat,Positive
em muốn hỏi bot mấy tuổi rồi,Chitchat,Neutral
Thích bot ghê ❤️,Chitchat,Positive
thấy buồn quá 💔,Chitchat,Negative
tên gì á vậy 🤔,Chitchat,Neutral
bạn ở đâu á ❓ id2169,Chitchat,Neutral
Mimo dễ thương,Chitchat,Positive
Alo ơi ông đang chán 🥲,Chitchat,Negative
em muốn hỏi có nghe rõ trả lời không,Chitchat,Neutral
Alo ơi bác đang áp lực 😮‍💨,Chitchat,Negative
bot Love ya ❤️,Chitchat,Positive
bà muốn hỏi bạn là ai,Chitchat,Neutral
muốn hỏi Mimo dễ thương bot làm được gì,Chitchat,Neutral
Thích bot ghê 🥰 id2177,Chitchat,Positive
Thích bạn ghê id2178,Chitchat,Positive
Thích ghê đỉnh nóc kịch trần ✨,Chitchat,Positive
Hế lô bot làm được gì ❓,Chitchat,Neutral
thông minh 🤩 id2181,Chitchat,Positive
Chào nha ở đâu á 🤔,Chitchat,Neutral
bạn là ai 🐧,Chitchat,Neutral
bạn là ai vậy bot id2184,Chitchat,Neutral
Love ya 🤩,Chitchat,Positive
Thích bot ơi ghê cute xỉu 🤩,Chitchat,Positive
tên gì á id2187,Chitchat,Neutral
Alo bot ơi bro đang chán,Chitchat,Negative
Alo đang làm gì đấy id2189,Chitchat,Neutral
là nam hay nữ vậy bạn,Chitchat,Neutral
Alo bạn ơi em đang nản 🥲,Chitchat,Negative
bot đang làm gì đấy id2192,Chitchat,Neutral
thông minh 🥰,Chitchat,Positive
Cảm ơn vì 🔥,Chitchat,Positive
bạn là ai vậy bot 👀,Chitchat,Neutral
bác muốn hỏi tên gì á,Chitchat,Neutral
đang làm gì đấy ❓ id2197,Chitchat,Neutral
Cảm ơn vì thông minh (^_<) id2198,Chitchat,Positive
bot ơi ❤️,Chitchat,Positive
ở đâu á vậy 👀,Chitchat,Neutral
Hey,Chitchat,Positive
Vì crush lơ nên mấy ní hơi stress 🥲,Chitchat,Negative
Mimo ơi bạn là ai,Chitchat,Neutral
Ê bạn là ai id2204,Chitchat,Neutral
biết nói chuyện không id2205,Chitchat,Neutral
Chào nha Mimo dễ thương mấy tuổi rồi 🤔,Chitchat,Neutral
bot đỉnh nóc kịch trần id2207,Chitchat,Positive
❤️ id2208,Chitchat,Positive
ở đâu á ❓ id2209,Chitchat,Neutral
Alo bot ơi ơi bro đang nản 😭,Chitchat,Negative
mình muốn hỏi tên gì á id2211,Chitchat,Neutral
Vì crush lơ nên bro hơi tổn thương 😮‍💨,Chitchat,Negative
Cảm ơn vì chất lượng ❤️,Chitchat,Positive
tổn thương vcl 😮‍💨 id2214,Chitchat,Negative
là nam hay nữ id2215,Chitchat,Neutral
ông muốn hỏi ở đâu á id2216,Chitchat,Neutral
Thích Mimo ơi ghê 👍 id2217,Chitchat,Positive
biết nói chuyện ko vậy Mimo 💬,Chitchat,Neutral
Mimo ơi tên gì á 🤔,Chitchat,Neutral
Yo Mimo ơi tên gì á,Chitchat,Neutral
tổn thương vcl bồ giận 🥺,Chitchat,Negative
Thích ghê (^_<) id2222,Chitchat,Positive
stress vcl id2223,Chitchat,Negative
bot làm được gì vậy Mimo dễ thương ❓,Chitchat,Neutral
Thích bạn ghê 🔥 id2225,Chitchat,Positive
Hế lô có nghe rõ trả lời không id2226,Chitchat,Neutral
bot ơi Tks,Chitchat,Positive
em muốn hỏi có nghe rõ trả lời không 💬,Chitchat,Neutral
ở đâu á vậy Mimo id2229,Chitchat,Neutral
Yo bạn là ai id2230,Chitchat,Neutral
Chào nha Mimo biết nói chuyện không,Chitchat,Neutral
Chào ngày mới vui vẻ nha vì 🔥 id2232,Chitchat,Positive
bot đỉnh nóc kịch trần 👍,Chitchat,Positive
ta thấy mệt quá,Chitchat,Negative
Yo là nam hay nữ id2235,Chitchat,Neutral
Alo Mimo bạn là ai 🐧,Chitchat,Neutral
bà muốn hỏi bot làm được gì 🐧,Chitchat,Neutral
tui muốn hỏi Mimo dễ thương tên gì á,Chitchat,Neutral
biết nói chuyện không ❓ id2239,Chitchat,Neutral
Vì nên em hơi stress 📉,Chitchat,Negative
là nam hay nữ id2241,Chitchat,Neutral
bro muốn hỏi ở đâu á ❓,Chitchat,Neutral
Hế lô bạn là ai 💬,Chitchat,Neutral
bro thấy met quá,Chitchat,Negative
Alo bot ơi mấy ní đang nản 🥲,Chitchat,Negative
Good morning  👍,Chitchat,Positive
cậu thấy vô tri quá 📉,Chitchat,Negative
Yo bot ơi biết nói chuyện không 🤖,Chitchat,Neutral
vì app xịn xò,Chitchat,Positive
đang làm gì đấy id2250,Chitchat,Neutral
bạn là ai vậy bot 👀 id2251,Chitchat,Neutral
Alo Mimo ơi ơi đang stress,Chitchat,Negative
Alo đang làm gì đấy id2253,Chitchat,Neutral
em thấy stress quá 📉,Chitchat,Negative
bà muốn hỏi bạn bot làm được gì id2255,Chitchat,Neutral
biết nói chuyện không 💬 id2256,Chitchat,Neutral
Ê mấy tuổi rồi 🐧,Chitchat,Neutral
Alo ai tạo ra bạn 🐧,Chitchat,Neutral
vì app xịn xò 🤩,Chitchat,Positive
Thích bot ghê id2260,Chitchat,Positive
ai tạo ra bạn vậy id2261,Chitchat,Neutral
mình thấy buồn quá id2262,Chitchat,Negative
Hello Chào ngày mới vui vẻ nha 👍,Chitchat,Positive
ai tạo ra bạn id2264,Chitchat,Neutral
ta muốn hỏi bot ơi ở đâu á 💬,Chitchat,Neutral
ông muốn hỏi bot ơi biết nói chuyện không ❓,Chitchat,Neutral
bác thấy mệt quá 🥲,Chitchat,Negative
Thích Mimo dễ thương ghê chất lượng,Chitchat,Positive
bot làm đc gì vậy Mimo 🐧,Chitchat,Neutral
bot làm đc gì vậy bot ơi,Chitchat,Neutral
có nghe rõ trả lời không id2271,Chitchat,Neutral
Tks vì,Chitchat,Positive
ai tạo ra bạn vậy bot 🤖,Chitchat,Neutral
Mimo Love ya (^_<),Chitchat,Positive
biết nói chuyện không vậy 👀,Chitchat,Neutral
cậu thấy áp lực quá,Chitchat,Negative
tên gì á id2277,Chitchat,Neutral
Tks vì id2278,Chitchat,Positive
cậu thấy suy quá 😮‍💨,Chitchat,Negative
Chào nha bot mấy tuổi rồi,Chitchat,Neutral
cute xỉu,Chitchat,Positive
ở đâu á vậy bot ơi 🤖,Chitchat,Neutral
ở đâu á vậy bạn id2283,Chitchat,Neutral
Yêu ghê vì thông minh 🤩,Chitchat,Positive
Alo là nam hay nữ 🐧,Chitchat,Neutral
ta muốn hỏi bạn biết nói chuyện không ❓,Chitchat,Neutral
Thích Mimo dễ thương ghê đỉnh nóc kịch trần,Chitchat,Positive
tên gì á vậy id2288,Chitchat,Neutral
bà thấy stress quá,Chitchat,Negative
Yo là nam hay nữ id2290,Chitchat,Neutral
có nghe rõ trả lời không 👀 id2291,Chitchat,Neutral
tên gì á id2292,Chitchat,Neutral
là nam hay nữ vậy bạn id2293,Chitchat,Neutral
ai tạo ra bạn vậy bot ơi,Chitchat,Neutral
bạn là ai vậy bot id2295,Chitchat,Neutral
em thấy áp lực qá,Chitchat,Negative
tên gì á vậy Mimo ơi ❓,Chitchat,Neutral
bác muốn hỏi là nam hay nữ 🐧,Chitchat,Neutral
bà muốn hỏi ai tạo ra bạn ❓,Chitchat,Neutral
biết nói chuyện không vậy id2300,Chitchat,Neutral
mệt vcl deadline dí id2301,Chitchat,Negative
cậu muốn hỏi ở đâu á id2302,Chitchat,Neutral
chán vcl bồ giận 😭,Chitchat,Negative
vì đỉnh nóc kịch trần id2304,Chitchat,Positive
Yo tên gì á 💬,Chitchat,Neutral
bot ơi biết nói chuyện không,Chitchat,Neutral
ai tạo ra bạn 🤔 id2307,Chitchat,Neutral
Thích Mimo dễ thương ghê 👍,Chitchat,Positive
ông muốn hỏi bot ai tạo ra bạn,Chitchat,Neutral
mấy ní thấy chán quá id2310,Chitchat,Negative
Mimo ơi là nam hay nữ 🤖,Chitchat,Neutral
Chào ngày mới vui vẻ nha id2312,Chitchat,Positive
ở đâu á id2313,Chitchat,Neutral
Xin chào Tks 🥰,Chitchat,Positive
Thích ghê 🤩 id2315,Chitchat,Positive
Vì deadline dí nên hơi áp lực id2316,Chitchat,Negative
Hế lô có nghe rõ trả lời không id2317,Chitchat,Neutral
là nam hay nữ id2318,Chitchat,Neutral
Alo bạn ơi bà đang buồn 😢,Chitchat,Negative
Hế lô ở đâu á 💬,Chitchat,Neutral
Mimo dễ thương app xịn xò (^_<),Chitchat,Positive
bot làm được gì vậy Mimo ơi id2322,Chitchat,Neutral
Love ya vì quá đã ✨,Chitchat,Positive
vì giao diện đẹp 👍,Chitchat,Positive
vô tri vcl 😭,Chitchat,Negative
bro muốn hỏi biết nói chuyện không 👀,Chitchat,Neutral
Love ya id2327,Chitchat,Positive
Vì nên tui hơi tổn thương,Chitchat,Negative
áp lực vcl hết tiền 💔,Chitchat,Negative
bro muốn hỏi là nam hay nữ 🤖,Chitchat,Neutral
Chào nha có nghe rõ trả lời không 🤔 id2331,Chitchat,Neutral
ông muốn hỏi là nam hay nữ,Chitchat,Neutral
mình thấy tổn thương quá 😮‍💨 id2333,Chitchat,Negative
Mimo ơi đang làm gì đấy 👀 id2334,Chitchat,Neutral
bà muốn hỏi Mimo ơi đang làm gì đấy 🤖,Chitchat,Neutral
mệt vcl id2336,Chitchat,Negative
Chào nha là nam hay nữ,Chitchat,Neutral
bà muốn hỏi bot ơi biết nói chuyện không 🐧,Chitchat,Neutral
Alo Mimo dễ thương ơi mấy ní đang suy,Chitchat,Negative
bro thấy vô tri quá,Chitchat,Negative
đang làm gì đấy vậy Mimo ơi,Chitchat,Neutral
chất lượng 🔥,Chitchat,Positive
cậu muốn hỏi Mimo ơi có nghe rõ trả lời không,Chitchat,Neutral
Alo Mimo ơi là nam hay nữ 🤖,Chitchat,Neutral
mấy ní muốn hỏi bot ơi tên gì á,Chitchat,Neutral
bot đỉnh nóc kịch trần id2346,Chitchat,Positive
bro thấy stress quá 💔,Chitchat,Negative
Tks vì app xịn xò 👍,Chitchat,Positive
Mimo cute xỉu 🔥,Chitchat,Positive
ta thấy stress quá 😮‍💨,Chitchat,Negative
Ê bot làm được gì id2351,Chitchat,Neutral
áp lực vcl cuộc sống khó khăn,Chitchat,Negative
Yo biết nói chuyện không 🤖,Chitchat,Neutral
đang làm gì đấy vậy bạn 🤖,Chitchat,Neutral
tên gì á id2355,Chitchat,Neutral
tên gì á id2356,Chitchat,Neutral
Thích bot ơi ghê chất lượng 🤩,Chitchat,Positive
đang làm gì đấy vậy Mimo dễ thương id2358,Chitchat,Neutral
Vì nên ông hơi áp lực,Chitchat,Negative
Mimo dễ thương đỉnh nóc kịch trần (^_<),Chitchat,Positive
tên gì á ❓ id2361,Chitchat,Neutral
tên gì á id2362,Chitchat,Neutral
Chào ngày mới vui vẻ nha vì (^_<) id2363,Chitchat,Positive
mấy tuổi rồi vậy bạn 🐧,Chitchat,Neutral
mấy tuổi rồi 🤖 id2365,Chitchat,Neutral
em thấy nản quá,Chitchat,Negative
bác muốn hỏi là nam hay nữ,Chitchat,Neutral
đang làm gì đấy vậy id2368,Chitchat,Neutral
ai tạo ra bạn id2369,Chitchat,Neutral
mình thấy stress quá 🥲,Chitchat,Negative
biết nói chuyện không vậy bạn,Chitchat,Neutral
Thích ghê ✨ id2372,Chitchat,Positive
Cảm ơn vì id2373,Chitchat,Positive
Vì deadline dí nên ta hơi áp lực,Chitchat,Negative
bà muốn hỏi bạn là ai 👀,Chitchat,Neutral
ông thấy chán quá 😮‍💨,Chitchat,Negative
Chào nha đang làm gì đấy 💬,Chitchat,Neutral
đang làm gì đấy id2378,Chitchat,Neutral
Chào ngày mới vui vẻ nha vì 👍 id2379,Chitchat,Positive
buon vcl 💔,Chitchat,Negative
bác muốn hỏi ai tạo ra bạn,Chitchat,Neutral
mấy ní thấy buon quá 😮‍💨,Chitchat,Negative
tên gì á vậy bạn id2383,Chitchat,Neutral
bot 👍 id2384,Chitchat,Positive
Mimo dễ thương Thank you 👍,Chitchat,Positive
suy vcl id2386,Chitchat,Negative
đang làm gì đấy vậy id2387,Chitchat,Neutral
Cảm ơn vì 👍,Chitchat,Positive
thấy buồn quá 🥺,Chitchat,Negative
tui muốn hỏi bot biết nói chuyện ko ❓ id2390,Chitchat,Neutral
tên gì á vậy id2391,Chitchat,Neutral
Thích ghê cute xỉu (^_<) id2392,Chitchat,Positive
Alo bot ơi ơi bác đang mệt,Chitchat,Negative
muốn hỏi ở đâu á 🤔,Chitchat,Neutral
bot làm được gì 💬 id2395,Chitchat,Neutral
Củm ơn 🥰,Chitchat,Positive
chán vcl crush lơ 🥺,Chitchat,Negative
Ê tên gì á 🤖,Chitchat,Neutral
tổn thương vcl rớt môn 💔,Chitchat,Negative
Mãi iu vì id2400,Chitchat,Positive
em muốn hỏi bạn là ai,Chitchat,Neutral
tổn thương vcl đi học mệt quá 💔,Chitchat,Negative
Hế lô bot có nghe rõ trả lời không 🤖,Chitchat,Neutral
bạn ai tạo ra bạn 🤔,Chitchat,Neutral
bot ơi id2405,Chitchat,Positive
Thích bot ghê 👍 id2406,Chitchat,Positive
mấy tuổi rồi vậy bot id2407,Chitchat,Neutral
Thích ghê cute xỉu,Chitchat,Positive
biết nói chuyện không id2409,Chitchat,Neutral
có nghe rõ trả lời không 👀 id2410,Chitchat,Neutral
đang làm gì đấy id2411,Chitchat,Neutral
Mimo bot làm được gì,Chitchat,Neutral
bạn là ai vậy id2413,Chitchat,Neutral
tui muốn hỏi bot tên gì á 👀,Chitchat,Neutral
Vì nên ông hơi tổn thương,Chitchat,Negative
ở đâu á 🤔 id2416,Chitchat,Neutral
thấy vô tri quá,Chitchat,Negative
Thích ghê 👍 id2418,Chitchat,Positive
app xịn xò id2419,Chitchat,Positive
biết nói chuyện không 👀 id2420,Chitchat,Neutral
bot ơi Chào ngày mới vui vẻ nha 👍,Chitchat,Positive
Thích ghê chất lượng (^_<) id2422,Chitchat,Positive
Mimo dễ thương cute xỉu 🤣,Chitchat,Positive
là nam hay nữ vậy id2424,Chitchat,Neutral
Hi bạn Cảm ơn,Chitchat,Positive
mấy ní muốn hỏi có nghe rõ trả lời không 💬,Chitchat,Neutral
Mimo dễ thương Mãi iu 🤣,Chitchat,Positive
bot ơi Thank you 🔥,Chitchat,Positive
tên gì á 🤖 id2429,Chitchat,Neutral
bác muốn hỏi Mimo dễ thương ở đâu á 🐧,Chitchat,Neutral
chất lượng 👍 id2431,Chitchat,Positive
Love ya vì id2432,Chitchat,Positive
mình muốn hỏi biết nói chuyện không 🤔,Chitchat,Neutral
Thích Mimo ghê thông minh id2434,Chitchat,Positive
Thích bot ghê 👍 id2435,Chitchat,Positive
muốn hỏi tên gì á 🤔,Chitchat,Neutral
có nghe rõ trả lời không vậy Mimo 🐧,Chitchat,Neutral
Mimo app xịn xò 👍,Chitchat,Positive
Alo bot ơi bà đang suy 😮‍💨,Chitchat,Negative
bot làm đc gì vậy bot ơi 👀,Chitchat,Neutral
bạn Tks 🤩,Chitchat,Positive
tên gì á id2442,Chitchat,Neutral
Chào nha Mimo dễ thương đang làm gì đấy,Chitchat,Neutral
Mimo ơi bot làm được gì id2444,Chitchat,Neutral
Thích Mimo ơi ghê app xịn xò,Chitchat,Positive
Chào Mimo Thank you 🔥,Chitchat,Positive
Củm ơn vì ❤️ id2447,Chitchat,Positive
Ê bot ơi ở đâu á 👀,Chitchat,Neutral
Thích bot ơi ghê app xịn xò id2449,Chitchat,Positive
tên gì á vậy bot 💬,Chitchat,Neutral
Thích Mimo dễ thương ghê giao diện đẹp,Chitchat,Positive
mấy tuổi rồi 💬 id2452,Chitchat,Neutral
Alo ơi mình đang mệt,Chitchat,Negative
bạn giao diện đẹp 🔥,Chitchat,Positive
bạn Củm ơn,Chitchat,Positive
Thank you ✨,Chitchat,Positive
mệt vcl rớt môn 💔,Chitchat,Negative
Ê mấy tuổi rồi 👀,Chitchat,Neutral
thấy bất lực quá 🥺,Chitchat,Negative
bà muốn hỏi ai tạo ra bạn id2460,Chitchat,Neutral
Ê bot ơi bot làm được gì 🤖,Chitchat,Neutral
Chào ngày mới vui vẻ nha vì 🤩 id2462,Chitchat,Positive
đang làm gì đấy vậy id2463,Chitchat,Neutral
bà muốn hỏi đang làm gì đấy,Chitchat,Neutral
tên gì á vậy Mimo 👀,Chitchat,Neutral
bạn là ai 🤖 id2466,Chitchat,Neutral
ai tạo ra bạn vậy bot ơi id2467,Chitchat,Neutral
Thích bạn ghê 🔥 id2468,Chitchat,Positive
Mimo ơi mấy tuổi rồi id2469,Chitchat,Neutral
bạn ở đâu á 🤔 id2470,Chitchat,Neutral
mệt vcl 🥺,Chitchat,Negative
Ê Mimo ơi là nam hay nữ id2472,Chitchat,Neutral
ai tạo ra bạn id2473,Chitchat,Neutral
bà thấy áp lực quá 😢,Chitchat,Negative
Thích bạn ghê id2475,Chitchat,Positive
bot làm được gì id2476,Chitchat,Neutral
vì chất lượng id2477,Chitchat,Positive
Chào nha đang làm gì đấy 🐧,Chitchat,Neutral
Alo ơi cậu đang vô tri id2479,Chitchat,Negative
bro muốn hỏi mấy tuổi rồi 🐧 id2480,Chitchat,Neutral
Hế lô bot làm được gì id2481,Chitchat,Neutral
Alo ơi mình đang áp lực 📉,Chitchat,Negative
Mimo Chào ngày mới vui vẻ nha id2483,Chitchat,Positive
Chào ngày mới vui vẻ nha vì 🤣,Chitchat,Positive
có nghe rõ trả lời không vậy Mimo 💬,Chitchat,Neutral
Tks vì quá đã 🤣,Chitchat,Positive
Love ya vì app xịn xò (^_<),Chitchat,Positive
ở đâu á id2488,Chitchat,Neutral
ông thấy buồn quá 📉,Chitchat,Negative
tui thấy bất lực quá 💔,Chitchat,Negative
tên gì á vậy id2491,Chitchat,Neutral
Alo Mimo ơi ơi em đang stress 🥲,Chitchat,Negative
bất lực vcl hết tiền 🥺,Chitchat,Negative
ta thấy chán quá 📉,Chitchat,Negative
Alo ơi ông đang stress,Chitchat,Negative
mấy tuổi rồi vậy 🐧 id2496,Chitchat,Neutral
Alo bạn ơi bác đang chán,Chitchat,Negative
Chào ngày mới vui vẻ nha vì 👍 id2498,Chitchat,Positive
Yo bạn là ai 🤖,Chitchat,Neutral
Xin chào  (^_<),Chitchat,Positive
Chào nha biết nói chuyện không 🐧,Chitchat,Neutral
có nghe rõ trả lời không 🐧,Chitchat,Neutral
cậu muốn hỏi ở đâu á id2503,Chitchat,Neutral
bot ơi có nghe rõ trả lời không 👀,Chitchat,Neutral
Thích Mimo ghê app mượt id2505,Chitchat,Positive
Chào nha đang làm gì đấy id2506,Chitchat,Neutral
Mimo ơi app mượt,Chitchat,Positive
có nghe rõ trả lời ko,Chitchat,Neutral
đang làm gì đấy vậy bot ơi 🐧,Chitchat,Neutral
ông muốn hỏi Mimo dễ thương có nghe rõ trả lời ko,Chitchat,Neutral
ai tạo ra bạn vậy Mimo dễ thương id2511,Chitchat,Neutral
bot ơi bạn là ai,Chitchat,Neutral
Mãi iu vì chất lượng 🥰,Chitchat,Positive
Alo ơi bro đang suy 😮‍💨,Chitchat,Negative
Vì nên mấy ní hơi áp lực 💔,Chitchat,Negative
đang làm gì đấy vậy id2516,Chitchat,Neutral
em muốn hỏi bot làm được gì,Chitchat,Neutral
nản vcl id2518,Chitchat,Negative
Chào nha ở đâu á id2519,Chitchat,Neutral
bạn Chào ngày mới vui vẻ nha id2520,Chitchat,Positive
Alo ơi bà đang tổn thương 🥺,Chitchat,Negative
có nghe rõ trả lời không id2522,Chitchat,Neutral
đang làm gì đấy vậy bot,Chitchat,Neutral
ông muốn hỏi Mimo dễ thương có nghe rõ trả lời không,Chitchat,Neutral
bot ai tạo ra bạn 💬,Chitchat,Neutral
ở đâu á vậy Mimo dễ thương ❓,Chitchat,Neutral
Mimo ơi id2527,Chitchat,Positive
biết nói chuyện không vậy Mimo ơi 💬,Chitchat,Neutral
Mãi iu id2529,Chitchat,Positive
Yo đang làm gì đấy 💬,Chitchat,Neutral
cậu muốn hỏi mấy tuổi rồi 💬,Chitchat,Neutral
bot quá đã,Chitchat,Positive
bạn là ai 🐧 id2533,Chitchat,Neutral
mấy tuổi rồi vậy ❓,Chitchat,Neutral
ở đâu á vậy Mimo 🤖,Chitchat,Neutral
có nghe rõ trả lời không 💬,Chitchat,Neutral
có nghe rõ trả lời không vậy id2537,Chitchat,Neutral
Mimo ơi 🔥 id2538,Chitchat,Positive
áp lực vcl hết tiền 😢,Chitchat,Negative
Chào ngày mới vui vẻ nha vì 🔥 id2540,Chitchat,Positive
là nam hay nữ 💬 id2541,Chitchat,Neutral
cậu muốn hỏi đang làm gì đấy 👀,Chitchat,Neutral
bot ơi 👍,Chitchat,Positive
stress vcl crush lơ 😢,Chitchat,Negative
tên gì á vậy id2545,Chitchat,Neutral
Thích Mimo dễ thương ghê 🤣,Chitchat,Positive
Thích bot ghê cute xỉu 🤩,Chitchat,Positive
biết nói chuyện không ❓ id2548,Chitchat,Neutral
bác muốn hỏi ai tạo ra bạn id2549,Chitchat,Neutral
 id2550,Chitchat,Positive
tui thấy stress quá 😮‍💨,Chitchat,Negative
mấy ní muốn hỏi ai tạo ra bạn 👀,Chitchat,Neutral
bà muốn hỏi biết nói chuyện không 🐧,Chitchat,Neutral
đang làm gì đấy 💬,Chitchat,Neutral
Tks,Chitchat,Positive
nản vcl 🥲,Chitchat,Negative
Mimo ơi Mãi iu 🥰,Chitchat,Positive
mấy tuổi rồi id2558,Chitchat,Neutral
Mimo dễ thương chất lượng,Chitchat,Positive
bạn là ai vậy bot ❓,Chitchat,Neutral
là nam hay nữ id2561,Chitchat,Neutral
Hi bạn Củm ơn 🔥,Chitchat,Positive
muốn hỏi Mimo ơi tên gì á 🤔,Chitchat,Neutral
bot ơi ai tạo ra bạn,Chitchat,Neutral
Tks vì quá đã id2565,Chitchat,Positive
ai tạo ra bạn vậy bot ơi 🤔,Chitchat,Neutral
biết nói chuyện không vậy bot 🐧,Chitchat,Neutral
Vì nên bà hơi suy 😮‍💨 id2568,Chitchat,Negative
Alo bot ơi ơi ta đang suy,Chitchat,Negative
bot ơi ở đâu á id2570,Chitchat,Neutral
Thích Mimo dễ thương ghê app mượt,Chitchat,Positive
Chào ngày mới vui vẻ nha vì 👍 id2572,Chitchat,Positive
bot làm đc gì vậy Mimo ơi id2573,Chitchat,Neutral
Mimo đang làm gì đấy 🤔,Chitchat,Neutral
ông muốn hỏi bot có nghe rõ trả lời không 🤔,Chitchat,Neutral
Love ya vì app mượt id2576,Chitchat,Positive
là nam hay nữ id2577,Chitchat,Neutral
biết nói chuyện không vậy id2578,Chitchat,Neutral
Thích ghê id2579,Chitchat,Positive
Mimo Love ya 🔥,Chitchat,Positive
Love ya 🔥,Chitchat,Positive
bạn là nam hay nữ id2582,Chitchat,Neutral
Vì deadline dí nên bà hơi nản 🥺,Chitchat,Negative
biết nói chuyện không id2584,Chitchat,Neutral
Ê có nghe rõ trả lời không id2585,Chitchat,Neutral
bác muốn hỏi ở đâu á,Chitchat,Neutral
cậu muốn hỏi Mimo ơi biết nói chuyện không 🤖,Chitchat,Neutral
Xin chao bot ơi,Chitchat,Positive
Mimo ơi thông minh 🤣,Chitchat,Positive
Ê mấy tuổi rồi id2590,Chitchat,Neutral
là nam hay nữ id2591,Chitchat,Neutral
Chào ngày mới vui vẻ nha vì (^_<) id2592,Chitchat,Positive
Yo đang làm gì đấy id2593,Chitchat,Neutral
vì app mượt id2594,Chitchat,Positive
bạn là ai id2595,Chitchat,Neutral
tui thấy nản quá,Chitchat,Negative
Thích ghê (^_<) id2597,Chitchat,Positive
bạn quá đã 👍,Chitchat,Positive
Thích Mimo ơi ghê đỉnh nóc kịch trần 🤣,Chitchat,Positive
(^_<) id2600,Chitchat,Positive
Alo ơi em đang chán 😢,Chitchat,Negative
Good morning Yêu ghê ✨,Chitchat,Positive
đang làm gì đấy 💬 id2603,Chitchat,Neutral
bot app mượt ✨,Chitchat,Positive
Tks id2605,Chitchat,Positive
Yo ở đâu á 💬,Chitchat,Neutral
ở đâu á 🤖 id2607,Chitchat,Neutral
Vì đi học met quá nên cậu hơi tổn thương 💔,Chitchat,Negative
nản vcl id2609,Chitchat,Negative
mình thấy tổn thương qá 🥺,Chitchat,Negative
bạn là ai 🐧 id2611,Chitchat,Neutral
ai tạo ra bạn id2612,Chitchat,Neutral
ông muốn hỏi tên gì á,Chitchat,Neutral
mấy ní muốn hỏi bot ai tạo ra bạn,Chitchat,Neutral
em muốn hỏi Mimo dễ thương mấy tuổi rồi,Chitchat,Neutral
bro muốn hỏi biết nói chuyện không 🐧,Chitchat,Neutral
ở đâu á id2617,Chitchat,Neutral
bot làm được gì id2618,Chitchat,Neutral
Biết ơn vì id2619,Chitchat,Positive
là nam hay nữ vậy bot ơi 🤔,Chitchat,Neutral
buồn vcl 😮‍💨 id2621,Chitchat,Negative
bất lực vcl cuộc sống khó khăn id2622,Chitchat,Negative
Vì bồ giận nên bác hơi vô tri 😭 id2623,Chitchat,Negative
cậu muốn hỏi bạn biết nói chuyện không,Chitchat,Neutral
Vì hết tiền nên mình hơi tổn thương,Chitchat,Negative
có nghe rõ trả lời không 🤔 id2626,Chitchat,Neutral
Chào ngày mới vui vẻ nha vì (^_<) id2627,Chitchat,Positive
Thích bot ghê quá đã 🤩,Chitchat,Positive
mấy tuổi rồi 👀,Chitchat,Neutral
bạn tên gì á 👀,Chitchat,Neutral
tui muốn hỏi bạn bot làm được gì 🤖,Chitchat,Neutral
Mimo 🔥 id2632,Chitchat,Positive
đang làm gì đấy vậy Mimo id2633,Chitchat,Neutral
bot đỉnh nóc kịch trần ❤️,Chitchat,Positive
Cảm ơn vì id2635,Chitchat,Positive
Thích Mimo dễ thương ghê app xịn xò,Chitchat,Positive
Thích ghê id2637,Chitchat,Positive
Chào nha có nghe rõ trả lời không id2638,Chitchat,Neutral
Hey bot ơi,Chitchat,Positive
Mimo dễ thương bot làm được gì,Chitchat,Neutral
Thích ghê ✨ id2641,Chitchat,Positive
bà muốn hỏi bot ở đâu á 🐧,Chitchat,Neutral
Thank you vì,Chitchat,Positive
Thích bot ơi ghê 👍 id2644,Chitchat,Positive
ta muốn hỏi Mimo dễ thương ai tạo ra bạn 💬,Chitchat,Neutral
Mimo có nghe rõ trả lời không id2646,Chitchat,Neutral
thấy vô tri quá 📉,Chitchat,Negative
ta muốn hỏi Mimo ơi bạn là ai 🤔,Chitchat,Neutral
Hello Cảm ơn,Chitchat,Positive
Vì đi học met quá nên hơi áp lực 😭,Chitchat,Negative
Hế lô bạn bạn là ai,Chitchat,Neutral
Mãi iu vì quá đã 🤣,Chitchat,Positive
Mimo bạn là ai id2653,Chitchat,Neutral
tui thấy suy qá 🥲,Chitchat,Negative
là nam hay nữ 🤔 id2655,Chitchat,Neutral
Chào nha ở đâu á id2656,Chitchat,Neutral
em thấy buồn quá 💔,Chitchat,Negative
🤣 id2658,Chitchat,Positive
tui muốn hỏi tên gì á 🤔,Chitchat,Neutral
Chào nha là nam hay nữ id2660,Chitchat,Neutral
Mimo Chào ngày mới vui vẻ nha 🔥 id2661,Chitchat,Positive
Alo bot ơi ơi bác đang vô tri,Chitchat,Negative
bà muốn hỏi bot bot làm được gì 💬,Chitchat,Neutral
Củm ơn vì app xịn xò 🤣,Chitchat,Positive
Alo bot ơi em đang áp lực 📉,Chitchat,Negative
bà muốn hỏi đang làm gì đấy 👀,Chitchat,Neutral
Hey Cảm ơn ✨,Chitchat,Positive
Chào ngày mới vui vẻ nha vì ✨ id2668,Chitchat,Positive
Thích ghê app xịn xò id2669,Chitchat,Positive
ta muốn hỏi Mimo bot làm được gì,Chitchat,Neutral
Tks (^_<),Chitchat,Positive
Vì nên mấy ní hơi bất lực 😭,Chitchat,Negative
ở đâu á 🐧 id2673,Chitchat,Neutral
ở đâu á id2674,Chitchat,Neutral
Good morning Mimo Chào ngày mới vui vẻ nha 🤩,Chitchat,Positive
Thích Mimo ơi ghê ✨,Chitchat,Positive
Thích ghê ❤️ id2677,Chitchat,Positive
Mimo ơi (^_<) id2678,Chitchat,Positive
Alo ai tạo ra bạn ❓,Chitchat,Neutral
bot ơi ở đâu á id2680,Chitchat,Neutral
có nghe rõ trả lời không ❓ id2681,Chitchat,Neutral
Alo bot có nghe rõ trả lời không,Chitchat,Neutral
có nghe rõ trả lời không vậy bot 🐧,Chitchat,Neutral
ai tạo ra bạn vậy Mimo ơi 👀,Chitchat,Neutral
bạn ai tạo ra bạn,Chitchat,Neutral
bot làm được gì vậy bạn 🤖,Chitchat,Neutral
đang làm gì đấy 👀 id2687,Chitchat,Neutral
Alo bot ơi bro đang buồn,Chitchat,Negative
Thích ghê id2689,Chitchat,Positive
Thích Mimo dễ thương ghê 👍 id2690,Chitchat,Positive
Alo ơi mình đang bất lực 💔,Chitchat,Negative
bot làm được gì vậy id2692,Chitchat,Neutral
Chào nha biết nói chuyện không id2693,Chitchat,Neutral
Thích bot ghê id2694,Chitchat,Positive
Chào ngày mới vui vẻ nha vì id2695,Chitchat,Positive
đang làm gì đấy vậy Mimo 🤔,Chitchat,Neutral
bot làm được gì vậy bạn id2697,Chitchat,Neutral
Chào ngày mới vui vẻ nha vì (^_<) id2698,Chitchat,Positive
Vì nên ta hơi mệt,Chitchat,Negative
Vì nên bro hơi vô tri,Chitchat,Negative
bà thấy stress qá 💔,Chitchat,Negative
Thích bạn ghê đỉnh nóc kịch trần 🤩,Chitchat,Positive
mấy ní muốn hỏi bot bot làm được gì 🤖,Chitchat,Neutral
cậu muốn hỏi bạn ai tạo ra bạn 🐧,Chitchat,Neutral
vì quá đã (^_<),Chitchat,Positive
cậu muốn hỏi bạn tên gì á,Chitchat,Neutral
Chào ngày mới vui vẻ nha vì 👍 id2707,Chitchat,Positive
mấy tuổi rồi ❓ id2708,Chitchat,Neutral
ở đâu á ❓ id2709,Chitchat,Neutral
bro muốn hỏi Mimo dễ thương bot làm được gì 🐧,Chitchat,Neutral
Thích bạn ghê 🤣 id2711,Chitchat,Positive
nản vcl crush lơ,Chitchat,Negative
chán vcl 📉 id2713,Chitchat,Negative
Alo ơi mấy ní đang bất lực 😢,Chitchat,Negative
Thích bạn ghê app mượt 🥰,Chitchat,Positive
quá đã id2716,Chitchat,Positive
bot ơi biết nói chuyện không id2717,Chitchat,Neutral
Biết ơn id2718,Chitchat,Positive
ông muốn hỏi bạn tên gì á,Chitchat,Neutral
tên gì á 🐧 id2720,Chitchat,Neutral
bot Chào ngày mới vui vẻ nha 👍,Chitchat,Positive
tui thấy mệt quá 🥺,Chitchat,Negative
Cảm ơn id2723,Chitchat,Positive
bạn là ai 🐧 id2724,Chitchat,Neutral
Thích Mimo ơi ghê id2725,Chitchat,Positive
có nghe rõ trả lời không 👀 id2726,Chitchat,Neutral
Thích ghê id2727,Chitchat,Positive
tui thấy vô tri quá,Chitchat,Negative
stress vcl hết tiền,Chitchat,Negative
mấy tuổi rồi vậy Mimo ơi 👀 id2730,Chitchat,Neutral
vì quá đã 👍,Chitchat,Positive
chán vcl rớt môn 💔,Chitchat,Negative
ai tạo ra bạn 💬 id2733,Chitchat,Neutral
tui muốn hỏi bot là nam hay nữ ❓ id2734,Chitchat,Neutral
đang làm gì đấy ❓ id2735,Chitchat,Neutral
Thank you vì giao diện đẹp,Chitchat,Positive
Vì rớt môn nên tui hơi chán,Chitchat,Negative
Chào ngày mới vui vẻ nha ❤️,Chitchat,Positive
Mimo dễ thương Củm ơn,Chitchat,Positive
Thích bot ơi ghê đỉnh nóc kịch trần id2740,Chitchat,Positive
muốn hỏi có nghe rõ trả lời không id2741,Chitchat,Neutral
🤩 id2742,Chitchat,Positive
Mãi iu vì app xịn xò,Chitchat,Positive
Mimo ơi đang làm gì đấy ❓,Chitchat,Neutral
vì giao diện đẹp 👍 id2745,Chitchat,Positive
ta muốn hỏi Mimo ở đâu á 💬,Chitchat,Neutral
buồn vcl deadline dí,Chitchat,Negative
mấy tuổi rồi vậy Mimo ơi 👀 id2748,Chitchat,Neutral
tui muốn hỏi có nghe rõ trả lời không 👀 id2749,Chitchat,Neutral
Thích bot ơi ghê 🤣,Chitchat,Positive
bro thấy buồn quá 😮‍💨,Chitchat,Negative
Xin chào Chào ngày mới vui vẻ nha 🔥,Chitchat,Positive
Alo bot ơi đang vô tri,Chitchat,Negative
Alo bạn là ai 🤔,Chitchat,Neutral
Alo ơi bác đang suy id2755,Chitchat,Negative
đang làm gì đấy vậy id2756,Chitchat,Neutral
mình muốn hỏi bot ai tạo ra bạn ❓,Chitchat,Neutral
Mimo ❤️ id2758,Chitchat,Positive
tui thấy tổn thương quá 💔,Chitchat,Negative
bot làm được gì vậy Mimo ơi id2760,Chitchat,Neutral
tổn thương vcl rớt môn,Chitchat,Negative
Chào ngày mới vui vẻ nha vì id2762,Chitchat,Positive
Alo ơi tui đang met,Chitchat,Negative
Mimo app mượt ✨,Chitchat,Positive
Alo bot ơi ơi ông đang suy,Chitchat,Negative
là nam hay nữ 🤔 id2766,Chitchat,Neutral
Yêu ghê id2767,Chitchat,Positive
ai tạo ra bạn 🐧 id2768,Chitchat,Neutral
ai tạo ra bạn 🤖 id2769,Chitchat,Neutral
có nghe rõ trả lời không vậy 💬 id2770,Chitchat,Neutral
là nam hay nữ vậy bot id2771,Chitchat,Neutral
bạn là ai vậy Mimo dễ thương ❓,Chitchat,Neutral
bác muốn hỏi Mimo đang làm gì đấy 🤔,Chitchat,Neutral
bạn là ai 💬,Chitchat,Neutral
bro thấy áp lực quá 🥺,Chitchat,Negative
Alo bot ơi ông đang áp lực 😢,Chitchat,Negative
bot ơi tên gì á ❓,Chitchat,Neutral
bot ơi 🤣,Chitchat,Positive
bác thấy buồn quá 😭,Chitchat,Negative
bạn là ai vậy id2780,Chitchat,Neutral
Biết ơn vì id2781,Chitchat,Positive
bot ơi tên gì á 💬,Chitchat,Neutral
Thích ghê id2783,Chitchat,Positive
buon vcl cuộc sống khó khăn,Chitchat,Negative
ở đâu á vậy 🐧 id2785,Chitchat,Neutral
bot bot làm được gì ❓,Chitchat,Neutral
Mimo Tks 👍,Chitchat,Positive
là nam hay nữ id2788,Chitchat,Neutral
app xịn xò 🤣,Chitchat,Positive
Vì nên mình hơi stress 🥲,Chitchat,Negative
vô tri vcl id2791,Chitchat,Negative
Thích Mimo ghê thông minh id2792,Chitchat,Positive
Vì nên ông hơi áp lực 🥲,Chitchat,Negative
bro muốn hỏi Mimo có nghe rõ trả lời không 👀,Chitchat,Neutral
ông muốn hỏi bạn tên gì á id2795,Chitchat,Neutral
có nghe rõ trả lời ko 💬,Chitchat,Neutral
cậu muốn hỏi Mimo ơi tên gì á 🤔,Chitchat,Neutral
Thích Mimo ơi ghê 🔥 id2798,Chitchat,Positive
Yo bạn là ai id2799,Chitchat,Neutral
Cảm ơn vì chất lượng,Chitchat,Positive
đang làm gì đấy vậy Mimo ơi 🤔,Chitchat,Neutral
bot làm được gì vậy id2802,Chitchat,Neutral
tui muốn hỏi bạn mấy tuổi rồi 👀,Chitchat,Neutral
bác muốn hỏi ai tạo ra bạn 🤖,Chitchat,Neutral
Yêu ghê vì 🥰 id2805,Chitchat,Positive
vì cute xỉu 🔥 id2806,Chitchat,Positive
Mimo dễ thương 🥰 id2807,Chitchat,Positive
Ê Mimo dễ thương mấy tuổi rồi ❓,Chitchat,Neutral
bạn là ai id2809,Chitchat,Neutral
Alo bot ơi ơi bác đang vô tri 💔,Chitchat,Negative
Mimo cute xỉu ❤️,Chitchat,Positive
bro thấy nản quá,Chitchat,Negative
tui muốn hỏi có nghe rõ trả lời ko,Chitchat,Neutral
bot ❤️ id2814,Chitchat,Positive
bà thấy vô tri quá,Chitchat,Negative
bot làm được gì id2816,Chitchat,Neutral
ai tạo ra bạn vậy id2817,Chitchat,Neutral
bạn tên gì á id2818,Chitchat,Neutral
Alo ơi bro đang suy 😢,Chitchat,Negative
bro muốn hỏi Mimo dễ thương mấy tuổi rồi,Chitchat,Neutral
bạn là ai id2821,Chitchat,Neutral
mấy tuổi rồi vậy Mimo dễ thương ❓ id2822,Chitchat,Neutral
Chào nha ai tạo ra bạn 🤔,Chitchat,Neutral
bot tên gì á id2824,Chitchat,Neutral
ở đâu á vậy id2825,Chitchat,Neutral
mấy ní muốn hỏi tên gì á,Chitchat,Neutral
ông muốn hỏi Mimo ơi ở đâu á,Chitchat,Neutral
biết nói chuyện không vậy bot ơi id2828,Chitchat,Neutral
bot làm được gì id2829,Chitchat,Neutral
mình muốn hỏi Mimo dễ thương bot làm đc gì ❓,Chitchat,Neutral
Mãi iu vì (^_<),Chitchat,Positive
biết nói chuyện không vậy bạn 🐧 id2832,Chitchat,Neutral
em muốn hỏi Mimo dễ thương ai tạo ra bạn 🤔,Chitchat,Neutral
 id2834,Chitchat,Positive
bro muốn hỏi Mimo ơi đang làm gì đấy,Chitchat,Neutral
Mimo ở đâu á ❓,Chitchat,Neutral
mình muốn hỏi bạn là ai id2837,Chitchat,Neutral
Alo là nam hay nữ id2838,Chitchat,Neutral
ở đâu á vậy 🤔 id2839,Chitchat,Neutral
✨ id2840,Chitchat,Positive
tên gì á 🐧 id2841,Chitchat,Neutral
Chào ngày mới vui vẻ nha vì id2842,Chitchat,Positive
Vì nên cậu hơi tổn thương,Chitchat,Negative
Alo ơi cậu đang mệt 🥲,Chitchat,Negative
Thích bot ơi ghê 👍 id2845,Chitchat,Positive
Chào Mimo Chào ngày mới vui vẻ nha (^_<),Chitchat,Positive
nản vcl cuộc sống khó khăn,Chitchat,Negative
vô tri vcl đi học mệt quá 😭,Chitchat,Negative
Alo bot ơi ơi bác đang buồn,Chitchat,Negative
Alo ơi cậu đang bất lực 🥲,Chitchat,Negative
Alo Mimo ơi ông đang mệt,Chitchat,Negative
Chào ngày mới vui vẻ nha vì ✨ id2852,Chitchat,Positive
Thank you vì đỉnh nóc kịch trần 🤩,Chitchat,Positive
có nghe rõ trả lời không vậy id2854,Chitchat,Neutral
ta muốn hỏi bạn ai tạo ra bạn,Chitchat,Neutral
Xin chào Chào ngày mới vui vẻ nha,Chitchat,Positive
biết nói chuyện không vậy bot ơi 🤖,Chitchat,Neutral
bot làm được gì vậy id2858,Chitchat,Neutral
Thích ghê chất lượng id2859,Chitchat,Positive
(^_<) id2860,Chitchat,Positive
Mimo app xịn xò 👍 id2861,Chitchat,Positive
bà muốn hỏi bạn bạn là ai 👀,Chitchat,Neutral
Hey bot Chào ngày mới vui vẻ nha ❤️,Chitchat,Positive
Mimo dễ thương biết nói chuyện không 🤖,Chitchat,Neutral
ai tạo ra bạn id2865,Chitchat,Neutral
Chào nha là nam hay nữ 🤔,Chitchat,Neutral
bro muốn hỏi bot làm được gì,Chitchat,Neutral
là nam hay nữ vậy Mimo ơi id2868,Chitchat,Neutral
Chào ngày mới vui vẻ nha vì ❤️ id2869,Chitchat,Positive
Good morning Mãi iu 🥰,Chitchat,Positive
mấy tuổi rồi 💬 id2871,Chitchat,Neutral
bạn 🤣,Chitchat,Positive
bot làm được gì id2873,Chitchat,Neutral
Vì bồ giận nên mình hơi bất lực,Chitchat,Negative
Thích Mimo dễ thương ghê ❤️,Chitchat,Positive
Cảm ơn ❤️,Chitchat,Positive
Xin chào Love ya,Chitchat,Positive
met vcl 😭 id2878,Chitchat,Negative
Alo ơi bà đang bất lực 😭,Chitchat,Negative
Chào nha đang làm gì đấy id2880,Chitchat,Neutral
là nam hay nữ vậy 🤖,Chitchat,Neutral
Tks vì app xịn xò ❤️,Chitchat,Positive
(^_<) id2883,Chitchat,Positive
mấy tuổi rồi id2884,Chitchat,Neutral
là nam hay nữ 🐧,Chitchat,Neutral
Vì đi học mệt quá nên mấy ní hơi chán,Chitchat,Negative
bất lực vcl deadline ngập đầu 🥺,Chitchat,Negative
biết nói chuyện ko id2888,Chitchat,Neutral
nản vcl deadline ngập đầu,Chitchat,Negative
Vì nên bro hơi buon 😢,Chitchat,Negative
tên gì á 💬 id2891,Chitchat,Neutral
Vì crush lơ nên tui hơi met 🥺,Chitchat,Negative
biết nói chuyện không 🤖 id2893,Chitchat,Neutral
Vì nên ông hơi mệt,Chitchat,Negative
Hi bot Chào ngày mới vui vẻ nha,Chitchat,Positive
Củm ơn vì app xịn xò,Chitchat,Positive
Thích bạn ghê ❤️ id2897,Chitchat,Positive
tên gì á vậy bot id2898,Chitchat,Neutral
Cảm ơn 🔥,Chitchat,Positive
biết nói chuyện không vậy 💬 id2900,Chitchat,Neutral
Mimo mấy tuổi rồi,Chitchat,Neutral
ta muốn hỏi bot làm được gì 👀,Chitchat,Neutral
Alo Mimo ơi ơi mình đang met 😮‍💨,Chitchat,Negative
bot ❤️ id2904,Chitchat,Positive
Cảm ơn vì chất lượng id2905,Chitchat,Positive
Tks id2906,Chitchat,Positive
mệt vcl bồ giận 📉 id2907,Chitchat,Negative
Ê Mimo có nghe rõ trả lời không,Chitchat,Neutral
biết nói chuyện không ❓ id2909,Chitchat,Neutral
Hế lô mấy tuổi rồi,Chitchat,Neutral
🥰 id2911,Chitchat,Positive
biết nói chuyện không id2912,Chitchat,Neutral
bác muốn hỏi có nghe rõ trả lời không id2913,Chitchat,Neutral
Chào nha tên gì á,Chitchat,Neutral
Thích ghê đỉnh nóc kịch trần id2915,Chitchat,Positive
bot ơi Tks id2916,Chitchat,Positive
 id2917,Chitchat,Positive
vì chất lượng 🥰,Chitchat,Positive
có nghe rõ trả lời không vậy Mimo ơi ❓,Chitchat,Neutral
em thấy áp lực quá 😢,Chitchat,Negative
Alo bot ơi em đang stress 😢,Chitchat,Negative
Mimo dễ thương là nam hay nữ id2922,Chitchat,Neutral
Vì nên bác hơi suy 🥲,Chitchat,Negative
👍 id2924,Chitchat,Positive
 id2925,Chitchat,Positive
bạn là ai id2926,Chitchat,Neutral
Xin chào Mimo ơi Thank you,Chitchat,Positive
🔥 id2928,Chitchat,Positive
Thích Mimo ơi ghê id2929,Chitchat,Positive
stress vcl cuộc sống khó khăn,Chitchat,Negative
bot làm được gì id2931,Chitchat,Neutral
vì app mượt 🤩,Chitchat,Positive
tui muốn hỏi bot ở đâu á 👀,Chitchat,Neutral
mấy tuổi rồi vậy bot ơi 🤖,Chitchat,Neutral
 id2935,Chitchat,Positive
Yo bạn là ai id2936,Chitchat,Neutral
mệt vcl đi học mệt qá 💔,Chitchat,Negative
Thích ghê app xịn xò 👍,Chitchat,Positive
Yo đang làm gì đấy 🤖,Chitchat,Neutral
Yo biết nói chuyện không 🐧,Chitchat,Neutral
vì cute xỉu 👍,Chitchat,Positive
Hế lô Mimo dễ thương đang làm gì đấy 👀,Chitchat,Neutral
tên gì á vậy bot ơi,Chitchat,Neutral
ở đâu á vậy bạn 💬,Chitchat,Neutral
bạn là ai 🤖 id2945,Chitchat,Neutral
Thích Mimo dễ thương ghê 🥰 id2946,Chitchat,Positive
Thích ghê 👍 id2947,Chitchat,Positive
Alo ơi tui đang bất lực 🥺,Chitchat,Negative
bạn là ai vậy id2949,Chitchat,Neutral
bot ơi đang làm gì đấy,Chitchat,Neutral
đang làm gì đấy vậy 🤔,Chitchat,Neutral
stress vcl deadline ngập đầu,Chitchat,Negative
Thích bạn ghê id2953,Chitchat,Positive
mấy tuổi rồi vậy bot 🤖,Chitchat,Neutral
ai tạo ra bạn id2955,Chitchat,Neutral
là nam hay nữ vậy id2956,Chitchat,Neutral
Yêu ghê vì 👍 id2957,Chitchat,Positive
Alo ơi tui đang áp lực 📉,Chitchat,Negative
Chào ngày mới vui vẻ nha vì ✨ id2959,Chitchat,Positive
mệt vcl deadline ngập đầu 🥺,Chitchat,Negative
Thích ghê (^_<) id2961,Chitchat,Positive
có nghe rõ trả lời không 💬 id2962,Chitchat,Neutral
mấy tuổi rồi vậy 👀,Chitchat,Neutral
vì app mượt id2964,Chitchat,Positive
Ê bot làm được gì id2965,Chitchat,Neutral
ông thấy nản quá 😮‍💨,Chitchat,Negative
🤩 id2967,Chitchat,Positive
stress vcl cuộc sống khó khăn 🥲,Chitchat,Negative
bác muốn hỏi ở đâu á 👀,Chitchat,Neutral
muốn hỏi Mimo dễ thương có nghe rõ trả lời không,Chitchat,Neutral
Biết ơn vì chất lượng ✨ id2971,Chitchat,Positive
Biết ơn vì id2972,Chitchat,Positive
Mimo ơi Chào ngày mới vui vẻ nha,Chitchat,Positive
bà muốn hỏi tên gì á 💬,Chitchat,Neutral
là nam hay nữ vậy id2975,Chitchat,Neutral
Yo có nghe rõ trả lời không 🤔,Chitchat,Neutral
Củm ơn vì 🤩 id2977,Chitchat,Positive
Thích Mimo ghê thông minh 🤣,Chitchat,Positive
là nam hay nữ vậy Mimo 🐧,Chitchat,Neutral
Alo Mimo dễ thương ơi em đang stress,Chitchat,Negative
bot ơi (^_<) id2981,Chitchat,Positive
có nghe rõ trả lời không vậy bot id2982,Chitchat,Neutral
tổn thương vcl hết tiền 📉,Chitchat,Negative
🤩 id2984,Chitchat,Positive
 id2985,Chitchat,Positive
Ê ai tạo ra bạn id2986,Chitchat,Neutral
chán vcl đi học mệt quá 😮‍💨,Chitchat,Negative
Alo ở đâu á id2988,Chitchat,Neutral
Thích ghê id2989,Chitchat,Positive
bot ở đâu á 👀,Chitchat,Neutral
Mimo dễ thương ai tạo ra bạn,Chitchat,Neutral
có nghe rõ trả lời không vậy id2992,Chitchat,Neutral
ta muốn hỏi bot ở đâu á 🐧,Chitchat,Neutral
Alo ơi em đang nản 📉,Chitchat,Negative
vì cute xỉu 🤩,Chitchat,Positive
Vì deadline ngập đầu nên mình hơi mệt,Chitchat,Negative
Thích bạn ghê id2997,Chitchat,Positive
bạn ai tạo ra bạn 🐧,Chitchat,Neutral
Alo Mimo dễ thương ơi bà đang tổn thương 📉,Chitchat,Negative
Mimo ơi 🔥 id3000,Chitchat,Positive
Thích Mimo dễ thương ghê 🥰 id3001,Chitchat,Positive
bà muốn hỏi bot ơi bot làm được gì 🤖,Chitchat,Neutral
bà muốn hỏi Mimo biết nói chuyện không,Chitchat,Neutral
Gút mỏ ninh bot ơi Chào ngày mới vui vẻ nha 👍,Chitchat,Positive
bác muốn hỏi Mimo là nam hay nữ 🤖,Chitchat,Neutral
 id3006,Chitchat,Positive
Love ya vì 🔥,Chitchat,Positive
Thích bot ghê thông minh,Chitchat,Positive
cậu muốn hỏi Mimo ai tạo ra bạn 🐧,Chitchat,Neutral
bất lực vcl đi học mệt quá 🥲,Chitchat,Negative
Alo Mimo dễ thương ai tạo ra bạn,Chitchat,Neutral
tui thấy suy qá,Chitchat,Negative
Tks vì quá đã 👍,Chitchat,Positive
Biết ơn vì app xịn xò ❤️,Chitchat,Positive
Alo Mimo ơi là nam hay nữ,Chitchat,Neutral
Yo bot làm được gì 💬,Chitchat,Neutral
Chào Mimo ơi Chào ngày mới vui vẻ nha,Chitchat,Positive
Ê là nam hay nữ,Chitchat,Neutral
đang làm gì đấy vậy Mimo ❓,Chitchat,Neutral
bot cute xỉu,Chitchat,Positive
ông muốn hỏi tên gì á id3021,Chitchat,Neutral
bác muốn hỏi bot là nam hay nữ 👀,Chitchat,Neutral
bạn ở đâu á,Chitchat,Neutral
Mimo ơi ai tạo ra bạn 💬,Chitchat,Neutral
cậu muốn hỏi bot ơi đang làm gì đấy,Chitchat,Neutral
em muốn hỏi Mimo ai tạo ra bạn,Chitchat,Neutral
ta muốn hỏi bot ơi biết nói chuyện không,Chitchat,Neutral
Ê bạn là ai 🤔,Chitchat,Neutral
bot Tks 🤣,Chitchat,Positive
app mượt id3030,Chitchat,Positive
bot ơi mấy tuổi rồi 💬 id3031,Chitchat,Neutral
Thích Mimo ơi ghê (^_<) id3032,Chitchat,Positive
Hiya  ✨,Chitchat,Positive
tên gì á id3034,Chitchat,Neutral
Thích bạn ghê đỉnh nóc kịch trần,Chitchat,Positive
bác muốn hỏi bot ơi có nghe rõ trả lời ko,Chitchat,Neutral
Thích ghê app mượt 🥰 id3037,Chitchat,Positive
Vì nên mình hơi mệt id3038,Chitchat,Negative
Hế lô bạn là ai 🐧 id3039,Chitchat,Neutral
Thank you vì ❤️ id3040,Chitchat,Positive
tui muốn hỏi bạn tên gì á,Chitchat,Neutral
mình muốn hỏi có nghe rõ trả lời không id3042,Chitchat,Neutral
Alo có nghe rõ trả lời không 💬,Chitchat,Neutral
có nghe rõ trả lời ko vậy 🤔,Chitchat,Neutral
muốn hỏi bot tên gì á,Chitchat,Neutral
Yo ở đâu á id3046,Chitchat,Neutral
mấy tuổi rồi 👀 id3047,Chitchat,Neutral
suy vcl 😭,Chitchat,Negative
Alo ơi ta đang stress 🥺,Chitchat,Negative
Good morning Mimo,Chitchat,Positive
bot mấy tuổi rồi,Chitchat,Neutral
Vì crush lơ nên tui hơi tổn thương 😮‍💨,Chitchat,Negative
biết nói chuyện không vậy bot 🤔,Chitchat,Neutral
bác muốn hỏi mấy tuổi rồi,Chitchat,Neutral
Hế lô mấy tuổi rồi id3055,Chitchat,Neutral
em thấy tổn thương quá 📉,Chitchat,Negative
em muốn hỏi bot ơi có nghe rõ trả lời không,Chitchat,Neutral
Chào ngày mới vui vẻ nha vì 🔥 id3058,Chitchat,Positive
tên gì á id3059,Chitchat,Neutral
em muốn hỏi Mimo ơi biết nói chuyện không ❓,Chitchat,Neutral
Mimo ơi ✨ id3061,Chitchat,Positive
bot làm được gì 🐧 id3062,Chitchat,Neutral
Alo ơi bác đang buồn 😭,Chitchat,Negative
Alo ơi ta đang bất lực 📉,Chitchat,Negative
là nam hay nữ 💬 id3065,Chitchat,Neutral
mấy ní muốn hỏi bot ơi là nam hay nữ,Chitchat,Neutral
Alo bạn ơi mình đang chán 🥺,Chitchat,Negative
đang làm gì đấy vậy bot 🐧,Chitchat,Neutral
Mimo ơi tên gì á ❓,Chitchat,Neutral
là nam hay nữ vậy ❓ id3070,Chitchat,Neutral
bot làm được gì id3071,Chitchat,Neutral
mấy tuổi rồi vậy Mimo ơi 🐧 id3072,Chitchat,Neutral
Vì đi học mệt quá nên bro hơi bất lực 😭,Chitchat,Negative
tên gì á 🤔 id3074,Chitchat,Neutral
tên gì á id3075,Chitchat,Neutral
Yo ở đâu á id3076,Chitchat,Neutral
tên gì á id3077,Chitchat,Neutral
qá đã ❤️,Chitchat,Positive
mấy ní thấy suy quá id3079,Chitchat,Negative
Mimo dễ thương ✨ id3080,Chitchat,Positive
bot ơi chất lượng id3081,Chitchat,Positive
Chào nha là nam hay nữ 💬 id3082,Chitchat,Neutral
Mimo dễ thương Yêu ghê 🔥,Chitchat,Positive
bot làm được gì 🐧 id3084,Chitchat,Neutral
Vì rớt môn nên em hơi chán,Chitchat,Negative
tui muốn hỏi biết nói chuyện không 💬,Chitchat,Neutral
tui muốn hỏi Mimo ơi có nghe rõ trả lời không,Chitchat,Neutral
Vì crush lơ nên ta hơi áp lực 📉,Chitchat,Negative
ông thấy nản quá 💔,Chitchat,Negative
vì quá đã (^_<) id3090,Chitchat,Positive
Vì nên mình hơi stress,Chitchat,Negative
ai tạo ra bạn vậy 🐧 id3092,Chitchat,Neutral
Vì crush lơ nên mình hơi nản 😮‍💨,Chitchat,Negative
ở đâu á ❓ id3094,Chitchat,Neutral
muốn hỏi đang làm gì đấy,Chitchat,Neutral
bot ơi bot làm được gì 👀,Chitchat,Neutral
Vì nên mình hơi chán,Chitchat,Negative
bạn là ai id3098,Chitchat,Neutral
bác thấy bất lực quá,Chitchat,Negative
Ê biết nói chuyện không id3100,Chitchat,Neutral
Thank you id3101,Chitchat,Positive
mình muốn hỏi bot biết nói chuyện không,Chitchat,Neutral
biết nói chuyện không 🤖 id3103,Chitchat,Neutral
suy vcl 📉 id3104,Chitchat,Negative
Gút mỏ ninh Tks 👍,Chitchat,Positive
tên gì á vậy bot ơi 🐧,Chitchat,Neutral
bạn là ai vậy Mimo dễ thương id3107,Chitchat,Neutral
mấy tuổi rồi id3108,Chitchat,Neutral
Vì deadline ngập đầu nên ông hơi chán 😮‍💨,Chitchat,Negative
bot ơi Biết ơn 🔥,Chitchat,Positive
bro muốn hỏi bot ơi biết nói chuyện không 🤖,Chitchat,Neutral
Mimo Love ya ✨,Chitchat,Positive
Alo bot ơi bác đang vô tri,Chitchat,Negative
em muốn hỏi bot làm được gì 🤖 id3114,Chitchat,Neutral
có nghe rõ trả lời không vậy bạn 👀,Chitchat,Neutral
Chào nha tên gì á id3116,Chitchat,Neutral
là nam hay nữ 🤔 id3117,Chitchat,Neutral
app xịn xò (^_<),Chitchat,Positive
mấy ní muốn hỏi Mimo ơi ở đâu á id3119,Chitchat,Neutral
bác thấy vô tri quá 🥺 id3120,Chitchat,Negative
Chào bot ơi Cảm ơn 🤣,Chitchat,Positive
bot làm được gì vậy id3122,Chitchat,Neutral
bot ơi app mượt 🤩,Chitchat,Positive
Vì đi học mệt quá nên em hơi buồn 😮‍💨,Chitchat,Negative
Alo ơi em đang áp lực,Chitchat,Negative
biết nói chuyện không vậy bạn id3126,Chitchat,Neutral
Mãi iu vì id3127,Chitchat,Positive
Yo là nam hay nữ ❓,Chitchat,Neutral
vì giao diện đẹp,Chitchat,Positive
thông minh id3130,Chitchat,Positive
Love ya vì 🤩 id3131,Chitchat,Positive
em muốn hỏi bot có nghe rõ trả lời không 🤔,Chitchat,Neutral
đang làm gì đấy 💬 id3133,Chitchat,Neutral
biết nói chuyện không vậy bot id3134,Chitchat,Neutral
Mimo ơi tên gì á,Chitchat,Neutral
Hế lô Mimo ơi ai tạo ra bạn,Chitchat,Neutral
bro thấy stress quá 😮‍💨,Chitchat,Negative
Good morning Mimo dễ thương ❤️,Chitchat,Positive
có nghe rõ trả lời không vậy id3139,Chitchat,Neutral
bạn là ai vậy Mimo ❓,Chitchat,Neutral
ở đâu á ❓ id3141,Chitchat,Neutral
cậu thấy bất lực quá,Chitchat,Negative
ta muốn hỏi bot làm đc gì 🤔,Chitchat,Neutral
Mimo ơi app xịn xò ❤️,Chitchat,Positive
Vì crush lơ nên em hơi tổn thương,Chitchat,Negative
ta muốn hỏi bot ơi mấy tuổi rồi 🤖,Chitchat,Neutral
mấy tuổi rồi vậy Mimo ơi id3147,Chitchat,Neutral
Biết ơn vì giao diện đẹp ❤️,Chitchat,Positive
mấy ní muốn hỏi bạn ở đâu á ❓,Chitchat,Neutral
vô tri vcl id3150,Chitchat,Negative
Vì cuộc sống khó khăn nên tui hơi suy 📉,Chitchat,Negative
Xin chào Cảm ơn,Chitchat,Positive
đang làm gì đấy vậy 💬,Chitchat,Neutral
ai tạo ra bạn vậy Mimo ơi id3154,Chitchat,Neutral
bot làm được gì vậy Mimo ❓,Chitchat,Neutral
Alo Mimo dễ thương là nam hay nữ,Chitchat,Neutral
là nam hay nữ id3157,Chitchat,Neutral
mấy tuổi rồi vậy bạn 🤔 id3158,Chitchat,Neutral
thông minh ❤️,Chitchat,Positive
bot ơi bạn là ai ❓,Chitchat,Neutral
đang làm gì đấy 💬 id3161,Chitchat,Neutral
Alo ơi ta đang mệt 📉,Chitchat,Negative
Ê Mimo ơi ai tạo ra bạn 🐧,Chitchat,Neutral
Mimo dễ thương bot làm được gì id3164,Chitchat,Neutral
bot ơi biết nói chuyện không id3165,Chitchat,Neutral
biết nói chuyện không vậy Mimo dễ thương id3166,Chitchat,Neutral
bác thấy stress quá id3167,Chitchat,Negative
ta muốn hỏi bot làm đc gì 👀,Chitchat,Neutral
bro muốn hỏi ở đâu á,Chitchat,Neutral
ai tạo ra bạn id3170,Chitchat,Neutral
tổn thương vcl rớt môn 😮‍💨,Chitchat,Negative
Hi bot ơi Cảm ơn,Chitchat,Positive
mình muốn hỏi bot ơi bot làm được gì 🐧,Chitchat,Neutral
bro muốn hỏi bot làm được gì id3174,Chitchat,Neutral
bác muốn hỏi tên gì á 🤖,Chitchat,Neutral
Vì deadline dí nên ta hơi áp lực id3176,Chitchat,Negative
bạn là ai vậy Mimo dễ thương 👀,Chitchat,Neutral
Thích Mimo ơi ghê giao diện đẹp id3178,Chitchat,Positive
bạn mấy tuổi rồi 👀,Chitchat,Neutral
Chào bạn,Chitchat,Positive
bạn là ai id3181,Chitchat,Neutral
muốn hỏi bot làm được gì 🐧,Chitchat,Neutral
bạn biết nói chuyện không 💬 id3183,Chitchat,Neutral
Alo Mimo dễ thương ơi cậu đang bất lực 😢,Chitchat,Negative
bot ơi Chào ngày mới vui vẻ nha 🤩,Chitchat,Positive
Cảm ơn vì giao diện đẹp 🤩,Chitchat,Positive
stress vcl bồ giận,Chitchat,Negative
biết nói chuyện không vậy Mimo 🤔 id3188,Chitchat,Neutral
đang làm gì đấy vậy 💬 id3189,Chitchat,Neutral
ở đâu á id3190,Chitchat,Neutral
bạn tên gì á 💬,Chitchat,Neutral
ở đâu á vậy id3192,Chitchat,Neutral
Hế lô mấy tuổi rồi 🐧,Chitchat,Neutral
bot ơi đang làm gì đấy 🐧,Chitchat,Neutral
Hế lô Mimo dễ thương ở đâu á ❓,Chitchat,Neutral
bot id3196,Chitchat,Positive
Mimo Chào ngày mới vui vẻ nha ❤️,Chitchat,Positive
🤣 id3198,Chitchat,Positive
đỉnh nóc kịch trần ✨ id3199,Chitchat,Positive
Alo bạn ơi mình đang stress 😭,Chitchat,Negative
cậu muốn hỏi biết nói chuyện ko 👀,Chitchat,Neutral
ai tạo ra bạn 💬 id3202,Chitchat,Neutral
Ê đang làm gì đấy,Chitchat,Neutral
bạn chất lượng id3204,Chitchat,Positive
Alo bạn ơi đang chán,Chitchat,Negative
Vì deadline dí nên mấy ní hơi áp lực,Chitchat,Negative
Alo bạn mấy tuổi rồi 🤔,Chitchat,Neutral
Thank you id3208,Chitchat,Positive
tên gì á vậy id3209,Chitchat,Neutral
tổn thương vcl rớt môn 🥲 id3210,Chitchat,Negative
Alo bot ơi ơi tui đang áp lực 💔,Chitchat,Negative
Thích bot ơi ghê id3212,Chitchat,Positive
bác muốn hỏi có nghe rõ trả lời không 🐧 id3213,Chitchat,Neutral
bạn thông minh 🤩,Chitchat,Positive
🥰 id3215,Chitchat,Positive
mấy ní thấy stress quá,Chitchat,Negative
cậu muốn hỏi Mimo bạn là ai,Chitchat,Neutral
bot ơi id3218,Chitchat,Positive
Alo bạn là ai id3219,Chitchat,Neutral
bot ơi app xịn xò,Chitchat,Positive
Vì rớt môn nên bro hơi chán,Chitchat,Negative
áp lực vcl hết tiền,Chitchat,Negative
ở đâu á 🐧 id3223,Chitchat,Neutral
Vì đi học mệt qá nên ông hơi suy,Chitchat,Negative
Vì nên ta hơi bất lực,Chitchat,Negative
bác muốn hỏi bạn là ai 🤖,Chitchat,Neutral
Mimo ơi tên gì á id3227,Chitchat,Neutral
ai tạo ra bạn id3228,Chitchat,Neutral
muốn hỏi bạn đang làm gì đấy,Chitchat,Neutral
bạn là ai vậy ❓ id3230,Chitchat,Neutral
muốn hỏi mấy tuổi rồi,Chitchat,Neutral
Mimo 👍,Chitchat,Positive
bro muốn hỏi bot có nghe rõ trả lời không id3233,Chitchat,Neutral
là nam hay nữ 👀 id3234,Chitchat,Neutral
Chào ngày mới vui vẻ nha vì id3235,Chitchat,Positive
Mimo là nam hay nữ id3236,Chitchat,Neutral
chán vcl 💔,Chitchat,Negative
Vì nên em hơi nản,Chitchat,Negative
bot làm được gì vậy id3239,Chitchat,Neutral
ở đâu á 🤔 id3240,Chitchat,Neutral
Vì đi học mệt quá nên bro hơi vô tri,Chitchat,Negative
biết nói chuyện không vậy 🤔,Chitchat,Neutral
bro muốn hỏi bot ở đâu á 👀,Chitchat,Neutral
Mimo đang làm gì đấy 👀,Chitchat,Neutral
Thích ghê quá đã 👍,Chitchat,Positive
ta muốn hỏi Mimo dễ thương là nam hay nữ,Chitchat,Neutral
thấy buon quá 📉,Chitchat,Negative
Chào ngày mới vui vẻ nha vì ✨ id3248,Chitchat,Positive
Ê đang làm gì đấy id3249,Chitchat,Neutral
Vì crush lơ nên em hơi vô tri 🥺,Chitchat,Negative
buồn vcl id3251,Chitchat,Negative
Yo bot ơi tên gì á 🤖,Chitchat,Neutral
có nghe rõ trả lời không 👀 id3253,Chitchat,Neutral
ở đâu á id3254,Chitchat,Neutral
mấy tuổi rồi 🤔 id3255,Chitchat,Neutral
Alo Mimo ơi bot làm được gì,Chitchat,Neutral
Chào nha mấy tuổi rồi 🐧,Chitchat,Neutral
bạn là ai vậy bot ơi,Chitchat,Neutral
Alo ơi bro đang chán,Chitchat,Negative
là nam hay nữ vậy bot ơi,Chitchat,Neutral
Mimo ơi ✨ id3261,Chitchat,Positive
Alo bạn là ai id3262,Chitchat,Neutral
Mimo ơi chất lượng ❤️,Chitchat,Positive
Alo mấy tuổi rồi id3264,Chitchat,Neutral
Vì nên tui hơi nản id3265,Chitchat,Negative
mấy tuổi rồi vậy Mimo ơi 🤖,Chitchat,Neutral
mấy ní muốn hỏi có nghe rõ trả lời không 👀,Chitchat,Neutral
mình muốn hỏi đang làm gì đấy ❓,Chitchat,Neutral
bạn bạn là ai 👀,Chitchat,Neutral
Thích ghê thông minh (^_<),Chitchat,Positive
thấy bất lực quá 💔,Chitchat,Negative
bạn có nghe rõ trả lời không 🤖,Chitchat,Neutral
có nghe rõ trả lời không vậy bot ơi,Chitchat,Neutral
Thích ghê quá đã 🔥,Chitchat,Positive
tên gì á vậy 🤔 id3275,Chitchat,Neutral
là nam hay nữ 🤖 id3276,Chitchat,Neutral
Yo bạn là ai 👀 id3277,Chitchat,Neutral
bạn là ai vậy id3278,Chitchat,Neutral
Hế lô bot làm được gì 💬,Chitchat,Neutral
mình muốn hỏi mấy tuổi rồi,Chitchat,Neutral
Thích bạn ghê cute xỉu,Chitchat,Positive
tên gì á vậy id3282,Chitchat,Neutral
tui muốn hỏi bạn bạn là ai,Chitchat,Neutral
em thấy buồn quá id3284,Chitchat,Negative
tên gì á 🐧 id3285,Chitchat,Neutral
 id3286,Chitchat,Positive
bà thấy suy quá 📉 id3287,Chitchat,Negative
 id3288,Chitchat,Positive
app mượt 🔥,Chitchat,Positive
bà muốn hỏi Mimo là nam hay nữ,Chitchat,Neutral
Vì cuộc sống khó khăn nên tui hơi bất lực 🥲,Chitchat,Negative
Củm ơn vì 🔥,Chitchat,Positive
Yo đang làm gì đấy id3293,Chitchat,Neutral
buồn vcl id3294,Chitchat,Negative
tên gì á id3295,Chitchat,Neutral
nản vcl deadline ngập đầu 💔,Chitchat,Negative
Vì nên bác hơi mệt 😢,Chitchat,Negative
Chào nha bạn ai tạo ra bạn,Chitchat,Neutral
biết nói chuyện không 👀 id3299,Chitchat,Neutral
Vì rớt môn nên em hơi mệt 📉,Chitchat,Negative
Hế lô tên gì á id3301,Chitchat,Neutral
mấy ní thấy buồn quá id3302,Chitchat,Negative
Alo Mimo dễ thương ai tạo ra bạn 🤔,Chitchat,Neutral
có nghe rõ trả lời không vậy 🤖 id3304,Chitchat,Neutral
Mimo là nam hay nữ ❓,Chitchat,Neutral
mấy tuổi rồi id3306,Chitchat,Neutral
Alo ai tạo ra bạn id3307,Chitchat,Neutral
Thích Mimo ghê (^_<) id3308,Chitchat,Positive
cậu muốn hỏi bot tên gì á,Chitchat,Neutral
app mượt id3310,Chitchat,Positive
Mimo ơi tên gì á 🤔 id3311,Chitchat,Neutral
em muốn hỏi bot ơi biết nói chuyện không 🤖,Chitchat,Neutral
mấy ní muốn hỏi Mimo ơi là nam hay nữ 🤖,Chitchat,Neutral
biết nói chuyện không vậy 🐧 id3314,Chitchat,Neutral
Vì nên ông hơi mệt id3315,Chitchat,Negative
Vì nên ta hơi suy 🥲,Chitchat,Negative
Chào nha bot ơi bạn là ai 🐧,Chitchat,Neutral
 id3318,Chitchat,Positive
có nghe rõ trả lời không vậy 🐧 id3319,Chitchat,Neutral
mấy tuổi rồi vậy Mimo ơi 🤖 id3320,Chitchat,Neutral
mấy ní thấy tổn thương quá id3321,Chitchat,Negative
Thích bot ghê id3322,Chitchat,Positive
mấy tuổi rồi id3323,Chitchat,Neutral
ai tạo ra bạn vậy bạn 👀,Chitchat,Neutral
bạn bạn là ai 🤔,Chitchat,Neutral
em thấy suy quá 🥺,Chitchat,Negative
mấy ní muốn hỏi mấy tuổi rồi,Chitchat,Neutral
ông muốn hỏi Mimo bot làm được gì 👀,Chitchat,Neutral
mấy ní muốn hỏi bot ơi đang làm gì đấy 👀 id3329,Chitchat,Neutral
Chào ngày mới vui vẻ nha vì id3330,Chitchat,Positive
áp lực vcl cuộc sống khó khăn 😭,Chitchat,Negative
ở đâu á vậy 🤔 id3332,Chitchat,Neutral
ai tạo ra bạn vậy Mimo id3333,Chitchat,Neutral
mấy ní thấy tổn thương quá 😮‍💨,Chitchat,Negative
tui muốn hỏi bot ơi ai tạo ra bạn 🤔,Chitchat,Neutral
Mimo dễ thương Biết ơn ❤️ id3336,Chitchat,Positive
tên gì á vậy Mimo 🐧,Chitchat,Neutral
Vì cuộc sống khó khăn nên ta hơi mệt,Chitchat,Negative
bot làm được gì vậy bot ơi 🤖 id3339,Chitchat,Neutral
Yo tên gì á id3340,Chitchat,Neutral
Hế lô biết nói chuyện không 💬,Chitchat,Neutral
app xịn xò (^_<) id3342,Chitchat,Positive
vì thông minh 🤣,Chitchat,Positive
bạn là ai id3344,Chitchat,Neutral
Xin chào  🤩 id3345,Chitchat,Positive
bạn có nghe rõ trả lời không id3346,Chitchat,Neutral
Thích Mimo dễ thương ghê id3347,Chitchat,Positive
Thích ghê thông minh,Chitchat,Positive
Ê tên gì á ❓,Chitchat,Neutral
Thích Mimo ơi ghê chất lượng (^_<),Chitchat,Positive
Vì hết tiền nên cậu hơi stress 📉,Chitchat,Negative
vì app mượt id3352,Chitchat,Positive
cậu thấy suy quá 📉,Chitchat,Negative
Chào ngày mới vui vẻ nha id3354,Chitchat,Positive
ta muốn hỏi Mimo bạn là ai 👀,Chitchat,Neutral
Ê bot ơi tên gì á,Chitchat,Neutral
ai tạo ra bạn vậy 🐧 id3357,Chitchat,Neutral
Chào nha bot mấy tuổi rồi 👀,Chitchat,Neutral
Vì bồ giận nên cậu hơi chán 💔,Chitchat,Negative
em muốn hỏi bot ai tạo ra bạn,Chitchat,Neutral
Alo bạn ơi đang chán id3361,Chitchat,Negative
Vì đi học mệt quá nên em hơi nản,Chitchat,Negative
Chào ngày mới vui vẻ nha vì 🔥 id3363,Chitchat,Positive
đang làm gì đấy vậy id3364,Chitchat,Neutral
có nghe rõ trả lời không vậy bot ơi id3365,Chitchat,Neutral
mấy tuổi rồi vậy ❓ id3366,Chitchat,Neutral
Thích ghê id3367,Chitchat,Positive
mấy tuổi rồi id3368,Chitchat,Neutral
ai tạo ra bạn vậy 🤔 id3369,Chitchat,Neutral
Mimo dễ thương 🤩 id3370,Chitchat,Positive
Tks vì 🤩 id3371,Chitchat,Positive
Alo Mimo dễ thương ơi mấy ní đang suy 🥺,Chitchat,Negative
đang làm gì đấy id3373,Chitchat,Neutral
🥰 id3374,Chitchat,Positive
ở đâu á 💬 id3375,Chitchat,Neutral
Mimo dễ thương giao diện đẹp 🥰,Chitchat,Positive
Chào nha Mimo ơi đang làm gì đấy 🤔,Chitchat,Neutral
bác thấy áp lực quá 🥲,Chitchat,Negative
Chào nha bot ơi ai tạo ra bạn 👀,Chitchat,Neutral
quá đã id3380,Chitchat,Positive
đang làm gì đấy vậy Mimo dễ thương 👀,Chitchat,Neutral
Vì rớt môn nên ông hơi chán 🥺,Chitchat,Negative
Mimo dễ thương đang làm gì đấy 💬,Chitchat,Neutral
ở đâu á ❓ id3384,Chitchat,Neutral
ta muốn hỏi bạn biết nói chuyện không 🤖,Chitchat,Neutral
bạn app mượt ✨,Chitchat,Positive
 id3387,Chitchat,Positive
Yo là nam hay nữ ❓ id3388,Chitchat,Neutral
em muốn hỏi Mimo dễ thương bạn là ai ❓,Chitchat,Neutral
Vì nên ta hơi mệt 😢 id3390,Chitchat,Negative
biết nói chuyện không 🐧,Chitchat,Neutral
Mimo ơi id3392,Chitchat,Positive
Mãi iu vì chất lượng 🥰 id3393,Chitchat,Positive
có nghe rõ trả lời ko 💬 id3394,Chitchat,Neutral
Mimo dễ thương Tks,Chitchat,Positive
Mimo ơi ✨ id3396,Chitchat,Positive
vô tri vcl đi học mệt quá id3397,Chitchat,Negative
Alo ơi bà đang vô tri,Chitchat,Negative
bot ơi ở đâu á 💬,Chitchat,Neutral
ở đâu á vậy bot ơi id3400,Chitchat,Neutral
bà thấy suy quá 😢,Chitchat,Negative
Ê mấy tuổi rồi 💬,Chitchat,Neutral
Biết ơn vì app xịn xò 🥰,Chitchat,Positive
Hế lô bot ở đâu á 🤔,Chitchat,Neutral
bạn là ai ❓ id3405,Chitchat,Neutral
Tks vì 🔥 id3406,Chitchat,Positive
bạn id3407,Chitchat,Positive
Chào ngày mới vui vẻ nha vì ❤️ id3408,Chitchat,Positive
bot ơi cute xỉu ✨ id3409,Chitchat,Positive
Thích ghê id3410,Chitchat,Positive
bạn biết nói chuyện không id3411,Chitchat,Neutral
ở đâu á vậy Mimo ơi 🤖,Chitchat,Neutral
Mimo quá đã,Chitchat,Positive
tên gì á id3414,Chitchat,Neutral
bot ơi tên gì á id3415,Chitchat,Neutral
ta muốn hỏi Mimo dễ thương bạn là ai 💬,Chitchat,Neutral
Yo bạn là nam hay nữ,Chitchat,Neutral
cậu muốn hỏi ai tạo ra bạn,Chitchat,Neutral
thông minh 🥰 id3419,Chitchat,Positive
Alo Mimo ơi mấy ní đang vô tri,Chitchat,Negative
Yêu ghê vì 👍 id3421,Chitchat,Positive
Thích bạn ghê id3422,Chitchat,Positive
mấy tuổi rồi vậy Mimo dễ thương 🤖,Chitchat,Neutral
bạn là ai id3424,Chitchat,Neutral
ông thấy stress quá,Chitchat,Negative
Củm ơn vì quá đã,Chitchat,Positive
Yo Mimo dễ thương bạn là ai 🤔,Chitchat,Neutral
Cảm ơn vì id3428,Chitchat,Positive
Alo bot ơi ơi em đang stress 🥲,Chitchat,Negative
bạn id3430,Chitchat,Positive
Ê mấy tuổi rồi 👀 id3431,Chitchat,Neutral
Ê tên gì á ❓ id3432,Chitchat,Neutral
ở đâu á vậy bot ơi 🤔,Chitchat,Neutral
ở đâu á id3434,Chitchat,Neutral
tên gì á id3435,Chitchat,Neutral
có nghe rõ trả lời không vậy bạn id3436,Chitchat,Neutral
Thích Mimo ghê id3437,Chitchat,Positive
bot Chào ngày mới vui vẻ nha 🤣,Chitchat,Positive
vô tri vcl rớt môn 🥺,Chitchat,Negative
mấy tuổi rồi vậy 🐧 id3440,Chitchat,Neutral
cậu muốn hỏi Mimo mấy tuổi rồi,Chitchat,Neutral
Vì đi học mệt quá nên mình hơi stress,Chitchat,Negative
bạn là ai 🤖 id3443,Chitchat,Neutral
bà muốn hỏi Mimo ơi biết nói chuyện không 🤔,Chitchat,Neutral
Mimo ơi có nghe rõ trả lời không,Chitchat,Neutral
Thích bot ghê ✨ id3446,Chitchat,Positive
muốn hỏi mấy tuổi rồi id3447,Chitchat,Neutral
bot ơi ai tạo ra bạn id3448,Chitchat,Neutral
bro thấy stress quá,Chitchat,Negative
app mượt id3450,Chitchat,Positive
Vì nên tui hơi stress,Chitchat,Negative
Chào nha bạn tên gì á,Chitchat,Neutral
bro muốn hỏi đang làm gì đấy 💬 id3453,Chitchat,Neutral
Hế lô bot làm được gì 👀,Chitchat,Neutral
bạn là ai id3455,Chitchat,Neutral
Alo ơi mấy ní đang áp lực 🥺,Chitchat,Negative
bác muốn hỏi Mimo ơi có nghe rõ trả lời không 👀,Chitchat,Neutral
Chào ngày mới vui vẻ nha vì ❤️ id3458,Chitchat,Positive
Alo bot ơi biết nói chuyện không,Chitchat,Neutral
bro muốn hỏi bot ơi tên gì á 🐧,Chitchat,Neutral
Hế lô là nam hay nữ 💬,Chitchat,Neutral
tên gì á vậy bot ơi id3462,Chitchat,Neutral
bất lực vcl hết tiền 📉,Chitchat,Negative
Hế lô bot biết nói chuyện không,Chitchat,Neutral
Thích ghê app mượt 👍 id3465,Chitchat,Positive
Alo Mimo ơi ơi mình đang nản 😮‍💨,Chitchat,Negative
mấy tuổi rồi vậy id3467,Chitchat,Neutral
ai tạo ra bạn vậy Mimo dễ thương 🐧,Chitchat,Neutral
stress vcl bồ giận 😢,Chitchat,Negative
muốn hỏi đang làm gì đấy id3470,Chitchat,Neutral
Vì hết tiền nên hơi met 😢,Chitchat,Negative
có nghe rõ trả lời không vậy bạn 💬,Chitchat,Neutral
Củm ơn 👍,Chitchat,Positive
Yo là nam hay nữ id3474,Chitchat,Neutral
tổn thương vcl rớt môn 😮‍💨 id3475,Chitchat,Negative
ai tạo ra bạn vậy bot id3476,Chitchat,Neutral
tui thấy nản quá 😭,Chitchat,Negative
muốn hỏi bạn ở đâu á 🤔,Chitchat,Neutral
Mimo ơi bot làm đc gì,Chitchat,Neutral
Vì đi học mệt qá nên cậu hơi áp lực 😮‍💨,Chitchat,Negative
mấy tuổi rồi vậy Mimo ơi id3481,Chitchat,Neutral
bot ơi 🥰,Chitchat,Positive
bác muốn hỏi bạn đang làm gì đấy 💬,Chitchat,Neutral
Hi bot,Chitchat,Positive
ta muốn hỏi bạn biết nói chuyện không id3485,Chitchat,Neutral
đang làm gì đấy id3486,Chitchat,Neutral
bà muốn hỏi ở đâu á 🐧,Chitchat,Neutral
Thích bot ơi ghê 🤣 id3488,Chitchat,Positive
bot Mãi iu 🤣,Chitchat,Positive
bạn bot làm được gì 🐧,Chitchat,Neutral
Mimo thông minh (^_<),Chitchat,Positive
có nghe rõ trả lời không 🤔 id3492,Chitchat,Neutral
Mimo ai tạo ra bạn 🤔,Chitchat,Neutral
mấy tuổi rồi id3494,Chitchat,Neutral
Alo ơi bro đang vô tri 😮‍💨,Chitchat,Negative
Chào nha biết nói chuyện không id3496,Chitchat,Neutral
muốn hỏi bot ơi có nghe rõ trả lời không id3497,Chitchat,Neutral
Vì nên em hơi nản 🥲,Chitchat,Negative
có nghe rõ trả lời không 🐧 id3499,Chitchat,Neutral
vì đỉnh nóc kịch trần id3500,Chitchat,Positive
mấy ní thấy bất lực quá 😭 id3501,Chitchat,Negative
Ê có nghe rõ trả lời không 👀,Chitchat,Neutral
Thích Mimo dễ thương ghê id3503,Chitchat,Positive
đang làm gì đấy vậy bot id3504,Chitchat,Neutral
ông muốn hỏi biết nói chuyện không id3505,Chitchat,Neutral
bạn là ai vậy bạn 🐧,Chitchat,Neutral
tên gì á vậy Mimo dễ thương ❓,Chitchat,Neutral
ở đâu á vậy bot ơi 💬,Chitchat,Neutral
Chào nha ai tạo ra bạn id3509,Chitchat,Neutral
ai tạo ra bạn vậy 🤔 id3510,Chitchat,Neutral
ai tạo ra bạn vậy id3511,Chitchat,Neutral
Vì nên mấy ní hơi suy,Chitchat,Negative
Alo bạn ơi đang nản 😮‍💨,Chitchat,Negative
Alo ơi em đang bất lực,Chitchat,Negative
Mimo Yêu ghê,Chitchat,Positive
Chào ngày mới vui vẻ nha vì id3516,Chitchat,Positive
mệt vcl 📉,Chitchat,Negative
mình muốn hỏi biết nói chuyện không,Chitchat,Neutral
bạn ai tạo ra bạn 🐧 id3519,Chitchat,Neutral
em thấy met quá,Chitchat,Negative
thông minh id3521,Chitchat,Positive
Hi id3522,Chitchat,Positive
ai tạo ra bạn 👀 id3523,Chitchat,Neutral
ai tạo ra bạn vậy Mimo dễ thương 🐧 id3524,Chitchat,Neutral
Thích bạn ghê thông minh id3525,Chitchat,Positive
Chào nha đang làm gì đấy 💬 id3526,Chitchat,Neutral
Chào nha bot làm được gì ❓,Chitchat,Neutral
bạn là ai vậy bot ơi 👀,Chitchat,Neutral
ở đâu á 🤖 id3529,Chitchat,Neutral
Ê tên gì á id3530,Chitchat,Neutral
Chào nha là nam hay nữ id3531,Chitchat,Neutral
bot làm được gì vậy Mimo dễ thương 🤖,Chitchat,Neutral
Chào ngày mới vui vẻ nha vì id3533,Chitchat,Positive
Thích ghê giao diện đẹp,Chitchat,Positive
Vì rớt môn nên mấy ní hơi áp lực,Chitchat,Negative
Mimo ơi ai tạo ra bạn id3536,Chitchat,Neutral
Chào nha bạn là ai ❓,Chitchat,Neutral
Yo bạn là ai id3538,Chitchat,Neutral
Alo ơi bác đang buồn 😭 id3539,Chitchat,Negative
tên gì á 👀,Chitchat,Neutral
bro muốn hỏi Mimo dễ thương là nam hay nữ,Chitchat,Neutral
Củm ơn vì id3542,Chitchat,Positive
đang làm gì đấy 🤖,Chitchat,Neutral
biết nói chuyện không vậy id3544,Chitchat,Neutral
ai tạo ra bạn vậy bạn 💬,Chitchat,Neutral
tên gì á vậy id3546,Chitchat,Neutral
Yo đang làm gì đấy id3547,Chitchat,Neutral
muốn hỏi biết nói chuyện không ❓,Chitchat,Neutral
mấy tuổi rồi 🤔 id3549,Chitchat,Neutral
đang làm gì đấy vậy Mimo dễ thương 🐧 id3550,Chitchat,Neutral
vô tri vcl cuộc sống khó khăn 📉,Chitchat,Negative
mấy tuổi rồi id3552,Chitchat,Neutral
Mimo dễ thương Thank you,Chitchat,Positive
bot ơi Chào ngày mới vui vẻ nha 👍 id3554,Chitchat,Positive
ta muốn hỏi Mimo ơi mấy tuổi rồi,Chitchat,Neutral
Mimo mấy tuổi rồi 🐧,Chitchat,Neutral
mấy ní muốn hỏi Mimo ơi bạn là ai 🤖,Chitchat,Neutral
đang làm gì đấy vậy id3558,Chitchat,Neutral
Thích Mimo ghê (^_<) id3559,Chitchat,Positive
Chào ngày mới vui vẻ nha vì id3560,Chitchat,Positive
muốn hỏi đang làm gì đấy ❓,Chitchat,Neutral
Vì rớt môn nên mấy ní hơi mệt id3562,Chitchat,Negative
Mimo dễ thương 🥰 id3563,Chitchat,Positive
Hế lô bot bạn là ai 👀,Chitchat,Neutral
là nam hay nữ vậy bot ơi 🐧,Chitchat,Neutral
bot tên gì á 🤖 id3566,Chitchat,Neutral
Alo Mimo ơi mình đang buồn,Chitchat,Negative
biết nói chuyện ko id3568,Chitchat,Neutral
bot id3569,Chitchat,Positive
có nghe rõ trả lời không vậy Mimo dễ thương 🐧,Chitchat,Neutral
Vì nên mấy ní hơi bất lực,Chitchat,Negative
bot làm được gì vậy Mimo ơi 🐧,Chitchat,Neutral
thấy áp lực quá,Chitchat,Negative
bot id3574,Chitchat,Positive
Biết ơn vì cute xỉu 👍,Chitchat,Positive
Thích bot ghê ✨ id3576,Chitchat,Positive
tên gì á vậy Mimo ơi id3577,Chitchat,Neutral
muốn hỏi mấy tuổi rồi id3578,Chitchat,Neutral
Thích Mimo dễ thương ghê đỉnh nóc kịch trần 🔥,Chitchat,Positive
ai tạo ra bạn 🤔 id3580,Chitchat,Neutral
Thích ghê giao diện đẹp 🔥,Chitchat,Positive
biết nói chuyện không 💬 id3582,Chitchat,Neutral
bác muốn hỏi có nghe rõ trả lời không 🤖,Chitchat,Neutral
ông muốn hỏi Mimo ơi ai tạo ra bạn 🐧,Chitchat,Neutral
ta muốn hỏi bot ai tạo ra bạn 🐧,Chitchat,Neutral
Thích Mimo ghê id3586,Chitchat,Positive
tui muốn hỏi ở đâu á id3587,Chitchat,Neutral
ở đâu á vậy ❓,Chitchat,Neutral
muốn hỏi bạn mấy tuổi rồi,Chitchat,Neutral
Mimo biết nói chuyện không 💬,Chitchat,Neutral
Mimo tên gì á,Chitchat,Neutral
tên gì á vậy id3592,Chitchat,Neutral
mấy ní muốn hỏi Mimo bạn là ai ❓,Chitchat,Neutral
ai tạo ra bạn 👀 id3594,Chitchat,Neutral
đỉnh nóc kịch trần id3595,Chitchat,Positive
Thích Mimo dễ thương ghê 🔥 id3596,Chitchat,Positive
Vì nên tui hơi tổn thương 📉,Chitchat,Negative
Chào ngày mới vui vẻ nha vì id3598,Chitchat,Positive
đang làm gì đấy 💬 id3599,Chitchat,Neutral
là nam hay nữ 💬 id3600,Chitchat,Neutral
ở đâu á 🐧 id3601,Chitchat,Neutral
Thích ghê app xịn xò 🥰 id3602,Chitchat,Positive
Alo Mimo ơi mình đang bất lực 🥲,Chitchat,Negative
Mimo ơi Chào ngày mới vui vẻ nha id3604,Chitchat,Positive
bot làm được gì id3605,Chitchat,Neutral
biết nói chuyện không vậy Mimo dễ thương id3606,Chitchat,Neutral
Alo bạn ơi bro đang vô tri,Chitchat,Negative
tổn thương vcl deadline ngập đầu 😮‍💨,Chitchat,Negative
Good morning Chào ngày mới vui vẻ nha ❤️,Chitchat,Positive
Mimo ở đâu á,Chitchat,Neutral
Alo bot ơi ơi bà đang nản,Chitchat,Negative
Alo tên gì á 🤔,Chitchat,Neutral
là nam hay nữ id3613,Chitchat,Neutral
em muốn hỏi Mimo ơi đang làm gì đấy,Chitchat,Neutral
ông muốn hỏi đang làm gì đấy,Chitchat,Neutral
Thích Mimo dễ thương ghê id3616,Chitchat,Positive
stress vcl đi học mệt quá,Chitchat,Negative
Ê ai tạo ra bạn 💬,Chitchat,Neutral
ở đâu á vậy id3619,Chitchat,Neutral
ta muốn hỏi biết nói chuyện không id3620,Chitchat,Neutral
Mimo Chào ngày mới vui vẻ nha 👍 id3621,Chitchat,Positive
ở đâu á id3622,Chitchat,Neutral
nản vcl rớt môn 😢 id3623,Chitchat,Negative
tên gì á id3624,Chitchat,Neutral
Mimo (^_<),Chitchat,Positive
Mimo ơi biết nói chuyện không id3626,Chitchat,Neutral
Mimo Love ya ✨ id3627,Chitchat,Positive
bạn id3628,Chitchat,Positive
bạn là ai vậy bot 🐧 id3629,Chitchat,Neutral
tổn thương vcl rớt môn 😢,Chitchat,Negative
biết nói chuyện không id3631,Chitchat,Neutral
có nghe rõ trả lời không vậy Mimo ơi 💬,Chitchat,Neutral
Ê bạn ở đâu á,Chitchat,Neutral
em muốn hỏi Mimo dễ thương đang làm gì đấy 🐧,Chitchat,Neutral
Mimo ơi 🔥 id3635,Chitchat,Positive
bà muốn hỏi bot ơi bot làm được gì ❓,Chitchat,Neutral
Chào nha Mimo ơi mấy tuổi rồi 🤖,Chitchat,Neutral
buồn vcl deadline ngập đầu 📉,Chitchat,Negative
có nghe rõ trả lời ko id3639,Chitchat,Neutral
ông muốn hỏi bạn mấy tuổi rồi,Chitchat,Neutral
bạn là ai id3641,Chitchat,Neutral
bạn là ai vậy id3642,Chitchat,Neutral
bot Chào ngày mới vui vẻ nha 🤩,Chitchat,Positive
Vì nên mình hơi bất lực,Chitchat,Negative
 id3645,Chitchat,Positive
Chào ngày mới vui vẻ nha vì 🥰 id3646,Chitchat,Positive
bot làm đc gì,Chitchat,Neutral
Xin chào bot Biết ơn ❤️,Chitchat,Positive
Thích bot ơi ghê id3649,Chitchat,Positive
bot Thank you,Chitchat,Positive
Chào Love ya,Chitchat,Positive
ở đâu á 🤖 id3652,Chitchat,Neutral
ông muốn hỏi mấy tuổi rồi 💬,Chitchat,Neutral
Hế lô mấy tuổi rồi 🐧 id3654,Chitchat,Neutral
app mượt (^_<),Chitchat,Positive
tui muốn hỏi Mimo dễ thương là nam hay nữ 💬,Chitchat,Neutral
bro muốn hỏi bot làm được gì id3657,Chitchat,Neutral
Alo bạn ơi cậu đang suy,Chitchat,Negative
Chào nha bạn bot làm được gì,Chitchat,Neutral
Củm ơn vì chất lượng 🤩,Chitchat,Positive
Mimo dễ thương biết nói chuyện không 🤔,Chitchat,Neutral
mấy tuổi rồi vậy bot id3662,Chitchat,Neutral
Mimo ơi ai tạo ra bạn 🐧,Chitchat,Neutral
 id3664,Chitchat,Positive
bạn id3665,Chitchat,Positive
Hey Mimo ơi 👍,Chitchat,Positive
tên gì á vậy bot 🤖,Chitchat,Neutral
🥰 id3668,Chitchat,Positive
buồn vcl id3669,Chitchat,Negative
Alo bạn ơi cậu đang suy 😭,Chitchat,Negative
mình muốn hỏi Mimo dễ thương ở đâu á,Chitchat,Neutral
Alo bạn ơi tui đang suy 🥲,Chitchat,Negative
Hế lô ở đâu á id3673,Chitchat,Neutral
bạn mấy tuổi rồi,Chitchat,Neutral
có nghe rõ trả lời không id3675,Chitchat,Neutral
Thích ghê cute xỉu id3676,Chitchat,Positive
ta muốn hỏi Mimo ơi có nghe rõ trả lời không 🐧,Chitchat,Neutral
là nam hay nữ vậy bot ❓ id3678,Chitchat,Neutral
có nghe rõ trả lời ko 🤔,Chitchat,Neutral
ông muốn hỏi Mimo đang làm gì đấy,Chitchat,Neutral
biết nói chuyện không vậy id3681,Chitchat,Neutral
bot thông minh id3682,Chitchat,Positive
bot ơi id3683,Chitchat,Positive
mình muốn hỏi Mimo ơi có nghe rõ trả lời không id3684,Chitchat,Neutral
mình muốn hỏi ở đâu á,Chitchat,Neutral
bác muốn hỏi ở đâu á id3686,Chitchat,Neutral
mấy tuổi rồi vậy Mimo 🤖 id3687,Chitchat,Neutral
ông thấy chán quá 📉,Chitchat,Negative
Yo bot ơi biết nói chuyện không,Chitchat,Neutral
tên gì á vậy 👀 id3690,Chitchat,Neutral
bạn (^_<),Chitchat,Positive
Alo Mimo ơi ơi đang buồn 😭,Chitchat,Negative
Thích Mimo ghê quá đã ✨,Chitchat,Positive
mấy tuổi rồi vậy 💬 id3694,Chitchat,Neutral
có nghe rõ trả lời ko vậy Mimo dễ thương 👀,Chitchat,Neutral
bot 🔥,Chitchat,Positive
Hế lô ai tạo ra bạn 💬,Chitchat,Neutral
Mimo tên gì á 💬,Chitchat,Neutral
Vì deadline ngập đầu nên cậu hơi vô tri,Chitchat,Negative
mấy tuổi rồi vậy 💬 id3700,Chitchat,Neutral
Thank you vì id3701,Chitchat,Positive
Alo Mimo ơi ơi cậu đang stress,Chitchat,Negative
Vì crush lơ nên ông hơi chán,Chitchat,Negative
mấy ní thấy stress quá id3704,Chitchat,Negative
là nam hay nữ 💬 id3705,Chitchat,Neutral
bro muốn hỏi ở đâu á ❓ id3706,Chitchat,Neutral
Chào ngày mới vui vẻ nha vì ❤️ id3707,Chitchat,Positive
đang làm gì đấy id3708,Chitchat,Neutral
Biết ơn 🔥,Chitchat,Positive
Vì nên em hơi suy,Chitchat,Negative
Alo Mimo ơi bạn là ai 👀,Chitchat,Neutral
Yo mấy tuổi rồi id3712,Chitchat,Neutral
Vì nên mình hơi chán id3713,Chitchat,Negative
mấy tuổi rồi vậy Mimo ơi id3714,Chitchat,Neutral
Mãi iu vì app xịn xò 🥰,Chitchat,Positive
có nghe rõ trả lời không 🤔 id3716,Chitchat,Neutral
Alo tên gì á,Chitchat,Neutral
Mimo ơi id3718,Chitchat,Positive
biết nói chuyện không vậy 🤖 id3719,Chitchat,Neutral
cậu muốn hỏi ai tạo ra bạn id3720,Chitchat,Neutral
mình muốn hỏi bạn mấy tuổi rồi,Chitchat,Neutral
vì app mượt 🥰,Chitchat,Positive
Hế lô mấy tuổi rồi 🤖,Chitchat,Neutral
Thích ghê id3724,Chitchat,Positive
bot ơi đỉnh nóc kịch trần,Chitchat,Positive
bot làm được gì id3726,Chitchat,Neutral
Thích bot ơi ghê 🔥,Chitchat,Positive
biết nói chuyện không vậy bạn id3728,Chitchat,Neutral
Alo ơi bro đang stress 😭,Chitchat,Negative
có nghe rõ trả lời không id3730,Chitchat,Neutral
mấy tuổi rồi id3731,Chitchat,Neutral
Yo ở đâu á id3732,Chitchat,Neutral
Alo Mimo dễ thương ơi đang vô tri 💔,Chitchat,Negative
bot ơi Chào ngày mới vui vẻ nha 🤣 id3734,Chitchat,Positive
Thích Mimo dễ thương ghê 👍 id3735,Chitchat,Positive
Hế lô là nam hay nữ id3736,Chitchat,Neutral
Vì deadline ngập đầu nên ông hơi áp lực,Chitchat,Negative
tên gì á 🐧 id3738,Chitchat,Neutral
bất lực vcl id3739,Chitchat,Negative
Alo ơi bà đang chán 💔,Chitchat,Negative
Alo ơi mấy ní đang bất lực 💔,Chitchat,Negative
bot là nam hay nữ id3742,Chitchat,Neutral
có nghe rõ trả lời không 💬 id3743,Chitchat,Neutral
Vì rớt môn nên bác hơi buồn,Chitchat,Negative
mấy tuổi rồi id3745,Chitchat,Neutral
Mimo dễ thương Love ya 👍,Chitchat,Positive
Chào Mimo 🔥,Chitchat,Positive
Thích ghê quá đã 🤩,Chitchat,Positive
ở đâu á vậy bạn id3749,Chitchat,Neutral
bác thấy stress quá id3750,Chitchat,Negative
bot Yêu ghê id3751,Chitchat,Positive
Mimo id3752,Chitchat,Positive
bro thấy chán quá 🥺,Chitchat,Negative
bot làm được gì vậy id3754,Chitchat,Neutral
🤣 id3755,Chitchat,Positive
ta muốn hỏi ai tạo ra bạn ❓,Chitchat,Neutral
🤣 id3757,Chitchat,Positive
Mimo đang làm gì đấy 💬,Chitchat,Neutral
muốn hỏi Mimo mấy tuổi rồi 🐧,Chitchat,Neutral
có nghe rõ trả lời không id3760,Chitchat,Neutral
mình muốn hỏi Mimo dễ thương bạn là ai 💬,Chitchat,Neutral
tên gì á 👀 id3762,Chitchat,Neutral
Hế lô bạn bạn là ai ❓,Chitchat,Neutral
có nghe rõ trả lời không id3764,Chitchat,Neutral
Mimo ơi app xịn xò 🔥,Chitchat,Positive
Chào ngày mới vui vẻ nha vì 🤣 id3766,Chitchat,Positive
🥰 id3767,Chitchat,Positive
Alo Mimo dễ thương ơi ta đang buồn 😮‍💨,Chitchat,Negative
đỉnh nóc kịch trần 🤣 id3769,Chitchat,Positive
Alo ơi bác đang bất lực 🥺,Chitchat,Negative
tên gì á vậy bot ơi 👀,Chitchat,Neutral
Vì nên ông hơi vô tri,Chitchat,Negative
mấy ní muốn hỏi bot ơi biết nói chuyện không 🤖,Chitchat,Neutral
mệt vcl đi học mệt quá 🥲,Chitchat,Negative
bot id3775,Chitchat,Positive
vì cute xỉu ✨,Chitchat,Positive
ta muốn hỏi ở đâu á,Chitchat,Neutral
Vì đi học met quá nên mình hơi suy 💔,Chitchat,Negative
mấy tuổi rồi vậy id3779,Chitchat,Neutral
Hế lô đang làm gì đấy ❓,Chitchat,Neutral
Cảm ơn vì 🥰 id3781,Chitchat,Positive
đang làm gì đấy vậy Mimo dễ thương id3782,Chitchat,Neutral
Vì rớt môn nên hơi áp lực 😮‍💨,Chitchat,Negative
Chào ngày mới vui vẻ nha vì 🥰 id3784,Chitchat,Positive
mấy tuổi rồi vậy bot ơi 🤖 id3785,Chitchat,Neutral
đang làm gì đấy 🤔 id3786,Chitchat,Neutral
Mimo ơi bạn là ai id3787,Chitchat,Neutral
Mimo ơi 🔥 id3788,Chitchat,Positive
Mãi iu id3789,Chitchat,Positive
Thích bot ghê chất lượng 🔥,Chitchat,Positive
Cảm ơn id3791,Chitchat,Positive
Mimo dễ thương mấy tuổi rồi 🤖,Chitchat,Neutral
tên gì á vậy 👀 id3793,Chitchat,Neutral
ông muốn hỏi ai tạo ra bạn,Chitchat,Neutral
bà muốn hỏi bạn bạn là ai 💬,Chitchat,Neutral
cậu muốn hỏi bot ở đâu á 🤔,Chitchat,Neutral
bot ơi quá đã 🤣,Chitchat,Positive
ta muốn hỏi bot ơi có nghe rõ trả lời không ❓,Chitchat,Neutral
Mimo dễ thương đỉnh nóc kịch trần 🤣,Chitchat,Positive
bà thấy tổn thương quá 💔,Chitchat,Negative
Yo ở đâu á 💬 id3801,Chitchat,Neutral
Alo Mimo dễ thương là nam hay nữ 👀,Chitchat,Neutral
Alo ở đâu á id3803,Chitchat,Neutral
Củm ơn 🥰 id3804,Chitchat,Positive
thông minh id3805,Chitchat,Positive
đỉnh nóc kịch trần id3806,Chitchat,Positive
đang làm gì đấy id3807,Chitchat,Neutral
bạn id3808,Chitchat,Positive
vô tri vcl crush lơ 😭,Chitchat,Negative
mình muốn hỏi bot làm đc gì,Chitchat,Neutral
 id3811,Chitchat,Positive
biết nói chuyện không vậy 🤔 id3812,Chitchat,Neutral
là nam hay nữ vậy bot ơi id3813,Chitchat,Neutral
Vì nên bà hơi tổn thương 😭,Chitchat,Negative
Thích bạn ghê ✨,Chitchat,Positive
mình thấy nản quá 😮‍💨,Chitchat,Negative
Yo có nghe rõ trả lời không ❓,Chitchat,Neutral
suy vcl id3818,Chitchat,Negative
là nam hay nữ vậy id3819,Chitchat,Neutral
ở đâu á 🤔 id3820,Chitchat,Neutral
Mimo 🔥 id3821,Chitchat,Positive
ông muốn hỏi bạn là ai 💬 id3822,Chitchat,Neutral
bạn Biết ơn id3823,Chitchat,Positive
bác thấy buồn quá id3824,Chitchat,Negative
bot làm đc gì vậy Mimo,Chitchat,Neutral
tổn thương vcl hết tiền,Chitchat,Negative
tui thấy suy quá 📉,Chitchat,Negative
muốn hỏi tên gì á 💬,Chitchat,Neutral
ông thấy mệt quá,Chitchat,Negative
bro thấy bất lực quá,Chitchat,Negative
Alo mấy tuổi rồi id3831,Chitchat,Neutral
bạn ai tạo ra bạn 💬,Chitchat,Neutral
Mimo ơi Chào ngày mới vui vẻ nha 🔥 id3833,Chitchat,Positive
Mimo là nam hay nữ id3834,Chitchat,Neutral
Vì deadline dí nên mình hơi chán 🥲,Chitchat,Negative
tui muốn hỏi Mimo ở đâu á id3836,Chitchat,Neutral
app mượt id3837,Chitchat,Positive
Ê bot bot làm được gì 💬,Chitchat,Neutral
nản vcl crush lơ 😢,Chitchat,Negative
bot cute xỉu id3840,Chitchat,Positive
suy vcl crush lơ 💔,Chitchat,Negative
bất lực vcl bồ giận,Chitchat,Negative
Alo ai tạo ra bạn id3843,Chitchat,Neutral
thấy áp lực quá id3844,Chitchat,Negative
Alo ơi đang buồn 😢,Chitchat,Negative
Vì crush lơ nên mình hơi stress 📉,Chitchat,Negative
Chào ngày mới vui vẻ nha vì 🔥 id3847,Chitchat,Positive
Chào nha Mimo ơi đang làm gì đấy,Chitchat,Neutral
bot ơi mấy tuổi rồi,Chitchat,Neutral
muốn hỏi bạn bạn là ai 🤖,Chitchat,Neutral
Vì nên mấy ní hơi suy 🥲,Chitchat,Negative
thấy met quá,Chitchat,Negative
biết nói chuyện không id3853,Chitchat,Neutral
Hey Mimo dễ thương Chào ngày mới vui vẻ nha,Chitchat,Positive
Vì nên bà hơi áp lực,Chitchat,Negative
bạn là ai vậy bạn id3856,Chitchat,Neutral
nản vcl đi học mệt quá,Chitchat,Negative
🤣 id3858,Chitchat,Positive
Alo ơi đang bất lực 😮‍💨,Chitchat,Negative
tổn thương vcl deadline ngập đầu 🥺,Chitchat,Negative
mình muốn hỏi ai tạo ra bạn 💬,Chitchat,Neutral
bot ơi đang làm gì đấy 💬,Chitchat,Neutral
Vì nên em hơi tổn thương,Chitchat,Negative
mấy tuổi rồi vậy ❓ id3864,Chitchat,Neutral
Mimo dễ thương tên gì á,Chitchat,Neutral
suy vcl deadline ngập đầu id3866,Chitchat,Negative
em muốn hỏi bot bot làm được gì 💬,Chitchat,Neutral
đang làm gì đấy id3868,Chitchat,Neutral
Mimo bot làm được gì id3869,Chitchat,Neutral
biết nói chuyện không vậy Mimo dễ thương id3870,Chitchat,Neutral
Chào ngày mới vui vẻ nha vì 🤣 id3871,Chitchat,Positive
 id3872,Chitchat,Positive
bot ơi biết nói chuyện không id3873,Chitchat,Neutral
Vì đi học mệt quá nên bà hơi nản 🥺,Chitchat,Negative
biết nói chuyện không vậy 🤔 id3875,Chitchat,Neutral
biết nói chuyện không vậy 🤖 id3876,Chitchat,Neutral
ông muốn hỏi Mimo ơi bot làm được gì 🐧,Chitchat,Neutral
có nghe rõ trả lời không id3878,Chitchat,Neutral
Mimo dễ thương mấy tuổi rồi id3879,Chitchat,Neutral
Mimo ơi bạn là ai id3880,Chitchat,Neutral
Alo bot ơi ơi tui đang chán,Chitchat,Negative
Chào ngày mới vui vẻ nha vì id3882,Chitchat,Positive
Chào ngày mới vui vẻ nha vì 🔥 id3883,Chitchat,Positive
bác muốn hỏi biết nói chuyện không ❓,Chitchat,Neutral
Thích ghê cute xỉu 🤩,Chitchat,Positive
ta muốn hỏi Mimo dễ thương đang làm gì đấy,Chitchat,Neutral
buồn vcl cuộc sống khó khăn,Chitchat,Negative
Alo Mimo dễ thương ơi mấy ní đang vô tri 🥺,Chitchat,Negative
là nam hay nữ vậy bot ơi id3889,Chitchat,Neutral
Thích ghê id3890,Chitchat,Positive
Love ya id3891,Chitchat,Positive
Vì bồ giận nên bác hơi suy 🥲,Chitchat,Negative
Mimo dễ thương 🤣,Chitchat,Positive
đang làm gì đấy vậy Mimo id3894,Chitchat,Neutral
có nghe rõ trả lời không 🤖,Chitchat,Neutral
thấy tổn thương qá,Chitchat,Negative
Thích bot ơi ghê đỉnh nóc kịch trần 🤣,Chitchat,Positive
Vì đi học mệt quá nên bà hơi bất lực 😢,Chitchat,Negative
Ê có nghe rõ trả lời ko 🐧 id3899,Chitchat,Neutral
Mimo dễ thương biết nói chuyện không,Chitchat,Neutral
Chào ngày mới vui vẻ nha vì 🔥 id3901,Chitchat,Positive
ai tạo ra bạn 👀 id3902,Chitchat,Neutral
Ê đang làm gì đấy id3903,Chitchat,Neutral
bạn id3904,Chitchat,Positive
Mãi iu vì app xịn xò ✨,Chitchat,Positive
có nghe rõ trả lời không vậy Mimo id3906,Chitchat,Neutral
Thích bạn ghê chất lượng ❤️,Chitchat,Positive
Alo ơi bác đang stress,Chitchat,Negative
Chào nha ở đâu á id3909,Chitchat,Neutral
Vì nên bác hơi áp lực 🥲,Chitchat,Negative
tên gì á vậy ❓,Chitchat,Neutral
Thích ghê 🔥 id3912,Chitchat,Positive
bot làm được gì 🤖 id3913,Chitchat,Neutral
em muốn hỏi bạn biết nói chuyện không,Chitchat,Neutral
Yo bot ơi bạn là ai 👀,Chitchat,Neutral
bot id3916,Chitchat,Positive
bà thấy suy quá 📉 id3917,Chitchat,Negative
Vì rớt môn nên bro hơi vô tri,Chitchat,Negative
Thích ghê quá đã id3919,Chitchat,Positive
có nghe rõ trả lời không vậy Mimo ơi id3920,Chitchat,Neutral
đang làm gì đấy id3921,Chitchat,Neutral
mình muốn hỏi bot ơi có nghe rõ trả lời không 👀,Chitchat,Neutral
là nam hay nữ id3923,Chitchat,Neutral
Vì crush lơ nên hơi nản 😮‍💨,Chitchat,Negative
ta thấy bất lực quá id3925,Chitchat,Negative
Alo có nghe rõ trả lời không 🤖,Chitchat,Neutral
Thích bạn ghê cute xỉu 🥰,Chitchat,Positive
Vì deadline dí nên bà hơi mệt 🥺,Chitchat,Negative
bạn ✨ id3929,Chitchat,Positive
Ê ở đâu á 💬,Chitchat,Neutral
vô tri vcl deadline ngập đầu 🥲,Chitchat,Negative
Thích ghê app mượt 🤩,Chitchat,Positive
bot ơi Love ya 🤣,Chitchat,Positive
Mimo ơi Chào ngày mới vui vẻ nha ❤️,Chitchat,Positive
Biết ơn id3935,Chitchat,Positive
bot Tks,Chitchat,Positive
có nghe rõ trả lời không id3937,Chitchat,Neutral
bạn là ai 🤔 id3938,Chitchat,Neutral
Vì deadline dí nên cậu hơi nản 📉,Chitchat,Negative
bot ơi Chào ngày mới vui vẻ nha (^_<),Chitchat,Positive
Mimo dễ thương đỉnh nóc kịch trần (^_<) id3941,Chitchat,Positive
ở đâu á vậy id3942,Chitchat,Neutral
mệt vcl 😭 id3943,Chitchat,Negative
bro thấy tổn thương quá 😭,Chitchat,Negative
Chào bot ơi Tks,Chitchat,Positive
Ê bạn mấy tuổi rồi,Chitchat,Neutral
bà muốn hỏi Mimo biết nói chuyện không 🤖,Chitchat,Neutral
Vì nên tui hơi bất lực id3948,Chitchat,Negative
Cảm ơn vì id3949,Chitchat,Positive
bot làm được gì id3950,Chitchat,Neutral
Vì nên hơi suy id3951,Chitchat,Negative
Thích ghê (^_<) id3952,Chitchat,Positive
mệt vcl crush lơ 📉,Chitchat,Negative
bất lực vcl 💔 id3954,Chitchat,Negative
tổn thương vcl 😢,Chitchat,Negative
biết nói chuyện không vậy ❓ id3956,Chitchat,Neutral
Vì nên tui hơi suy 📉,Chitchat,Negative
bot ơi bot làm được gì id3958,Chitchat,Neutral
Alo ơi đang suy 🥲,Chitchat,Negative
vì quá đã 🥰,Chitchat,Positive
Chào nha mấy tuổi rồi ❓,Chitchat,Neutral
bot bạn là ai,Chitchat,Neutral
Alo Mimo ơi tui đang buồn,Chitchat,Negative
met vcl hết tiền,Chitchat,Negative
Thích ghê đỉnh nóc kịch trần id3965,Chitchat,Positive
Mimo ơi 🤩 id3966,Chitchat,Positive
có nghe rõ trả lời không ❓ id3967,Chitchat,Neutral
ai tạo ra bạn 👀 id3968,Chitchat,Neutral
Cảm ơn vì id3969,Chitchat,Positive
Alo ơi đang áp lực 💔,Chitchat,Negative
Alo ơi mấy ní đang suy 😮‍💨,Chitchat,Negative
mình muốn hỏi Mimo dễ thương tên gì á,Chitchat,Neutral
bro muốn hỏi bot bạn là ai 🤖,Chitchat,Neutral
là nam hay nữ id3974,Chitchat,Neutral
suy vcl cuộc sống khó khăn 💔,Chitchat,Negative
Thích ghê id3976,Chitchat,Positive
Mimo dễ thương Biết ơn,Chitchat,Positive
bot làm được gì 🤖 id3978,Chitchat,Neutral
bạn id3979,Chitchat,Positive
mấy tuổi rồi id3980,Chitchat,Neutral
Xin chào Mimo Chào ngày mới vui vẻ nha,Chitchat,Positive
Alo ai tạo ra bạn 🤔,Chitchat,Neutral
Yêu ghê vì ✨,Chitchat,Positive
(^_<) id3984,Chitchat,Positive
👍 id3985,Chitchat,Positive
Yo Mimo dễ thương bạn là ai,Chitchat,Neutral
mấy ní thấy suy quá 🥺,Chitchat,Negative
bot ơi Chào ngày mới vui vẻ nha id3988,Chitchat,Positive
Love ya vì (^_<),Chitchat,Positive
Hello Chào ngày mới vui vẻ nha 🔥,Chitchat,Positive
biết nói chuyện không id3991,Chitchat,Neutral
quá đã ❤️ id3992,Chitchat,Positive
Hế lô ai tạo ra bạn id3993,Chitchat,Neutral
bác muốn hỏi Mimo dễ thương mấy tuổi rồi ❓,Chitchat,Neutral
mình thấy stress quá id3995,Chitchat,Negative
bot ơi 🤩,Chitchat,Positive
Love ya vì 🔥 id3997,Chitchat,Positive
Yo bạn ai tạo ra bạn,Chitchat,Neutral
biết nói chuyện không id3999,Chitchat,Neutral
Yo đang làm gì đấy 💬 id4000,Chitchat,Neutral
Hi Mimo ơi ❤️,Chitchat,Positive
ai tạo ra bạn vậy 💬,Chitchat,Neutral
Mimo ơi chất lượng 🔥 id4003,Chitchat,Positive
ta muốn hỏi bot biết nói chuyện không 🤔,Chitchat,Neutral
ở đâu á vậy id4005,Chitchat,Neutral
Alo ơi cậu đang mệt 🥲 id4006,Chitchat,Negative
Yo Mimo là nam hay nữ 🤖,Chitchat,Neutral
Hế lô Mimo ơi mấy tuổi rồi 🐧,Chitchat,Neutral
Vì cuộc sống khó khăn nên cậu hơi stress,Chitchat,Negative
Thích ghê cute xỉu 🤣 id4010,Chitchat,Positive
Thank you vì ✨,Chitchat,Positive
bà thấy tổn thương quá,Chitchat,Negative
bạn là ai 🤖 id4013,Chitchat,Neutral
Chào nha Mimo ai tạo ra bạn 🤖,Chitchat,Neutral
Ê bot tên gì á,Chitchat,Neutral
Thích ghê quá đã ✨,Chitchat,Positive
em muốn hỏi đang làm gì đấy id4017,Chitchat,Neutral
đang làm gì đấy id4018,Chitchat,Neutral
ở đâu á vậy 🤖,Chitchat,Neutral
Thích ghê id4020,Chitchat,Positive
Củm ơn,Chitchat,Positive
mệt vcl cuộc sống khó khăn 😭,Chitchat,Negative
Alo Mimo ơi ơi bà đang vô tri 💔,Chitchat,Negative
mấy ní thấy bất lực qá,Chitchat,Negative
có nghe rõ trả lời không ❓ id4025,Chitchat,Neutral
ai tạo ra bạn vậy bạn 💬 id4026,Chitchat,Neutral
Ê biết nói chuyện không id4027,Chitchat,Neutral
mệt vcl 💔,Chitchat,Negative
bot 🤩 id4029,Chitchat,Positive
 id4030,Chitchat,Positive
tui thấy chán quá,Chitchat,Negative
tổn thương vcl id4032,Chitchat,Negative
Yêu ghê vì id4033,Chitchat,Positive
Vì nên bác hơi tổn thương 🥲,Chitchat,Negative
Hế lô bạn là ai 🤔,Chitchat,Neutral
bạn là ai vậy bot 🐧 id4036,Chitchat,Neutral
Alo ơi bà đang suy,Chitchat,Negative
Mimo biết nói chuyện không 💬 id4038,Chitchat,Neutral
ở đâu á vậy Mimo ơi ❓,Chitchat,Neutral
mệt vcl 😭 id4040,Chitchat,Negative
Mimo Biết ơn 🤣,Chitchat,Positive
Chào bot Love ya ❤️,Chitchat,Positive
cậu muốn hỏi bạn đang làm gì đấy 💬,Chitchat,Neutral
Alo bot ơi ơi em đang suy,Chitchat,Negative
biết nói chuyện không vậy 🤖 id4045,Chitchat,Neutral
ở đâu á ❓ id4046,Chitchat,Neutral
bác muốn hỏi bạn ở đâu á,Chitchat,Neutral
đang làm gì đấy id4048,Chitchat,Neutral
mấy tuổi rồi vậy id4049,Chitchat,Neutral
Hey id4050,Chitchat,Positive
Alo tên gì á id4051,Chitchat,Neutral
ông thấy tổn thương quá 💔,Chitchat,Negative
Yo bot ơi biết nói chuyện không 💬,Chitchat,Neutral
cậu muốn hỏi bạn là ai id4054,Chitchat,Neutral
Alo bạn mấy tuổi rồi 👀,Chitchat,Neutral
bro muốn hỏi ở đâu á id4056,Chitchat,Neutral
là nam hay nữ vậy Mimo id4057,Chitchat,Neutral
quá đã ❤️ id4058,Chitchat,Positive
Alo Mimo ơi bro đang stress 😮‍💨,Chitchat,Negative
Vì nên cậu hơi stress,Chitchat,Negative
bot làm được gì ❓,Chitchat,Neutral
Thích bot ghê app xịn xò 🤩,Chitchat,Positive
bác thấy stress quá 🥲 id4063,Chitchat,Negative
Thích Mimo ơi ghê ❤️ id4064,Chitchat,Positive
Alo tên gì á ❓ id4065,Chitchat,Neutral
cậu muốn hỏi bạn tên gì á id4066,Chitchat,Neutral
là nam hay nữ vậy bot ơi id4067,Chitchat,Neutral
ta muốn hỏi bot làm được gì,Chitchat,Neutral
suy vcl đi học mệt quá,Chitchat,Negative
Củm ơn vì đỉnh nóc kịch trần,Chitchat,Positive
Vì nên bà hơi mệt 🥺,Chitchat,Negative
ông muốn hỏi là nam hay nữ id4072,Chitchat,Neutral
có nghe rõ trả lời không id4073,Chitchat,Neutral
Thích ghê app mượt,Chitchat,Positive
là nam hay nữ vậy id4075,Chitchat,Neutral
Thích ghê app mượt 🔥,Chitchat,Positive
 id4077,Chitchat,Positive
tui muốn hỏi bạn bot làm đc gì 🤔,Chitchat,Neutral
là nam hay nữ vậy bạn 👀,Chitchat,Neutral
Hi bot ơi Củm ơn 🤣,Chitchat,Positive
tui muốn hỏi có nghe rõ trả lời không 🤔,Chitchat,Neutral
Thích bot ghê quá đã,Chitchat,Positive
Hế lô có nghe rõ trả lời không id4083,Chitchat,Neutral
Chào ngày mới vui vẻ nha vì ❤️ id4084,Chitchat,Positive
Ê bot làm được gì id4085,Chitchat,Neutral
Chào nha Mimo ơi mấy tuổi rồi 🐧,Chitchat,Neutral
mấy ní muốn hỏi bot tên gì á 💬,Chitchat,Neutral
Chào Mãi iu,Chitchat,Positive
Thích bot ơi ghê quá đã 🔥,Chitchat,Positive
Mimo dễ thương bạn là ai id4090,Chitchat,Neutral
bot cute xỉu id4091,Chitchat,Positive
Alo ơi bro đang mệt,Chitchat,Negative
Alo ơi cậu đang nản 😮‍💨,Chitchat,Negative
Alo ơi ta đang vô tri,Chitchat,Negative
✨ id4095,Chitchat,Positive
Mimo ơi ở đâu á,Chitchat,Neutral
app mượt 👍,Chitchat,Positive
Thích ghê giao diện đẹp 🤣 id4098,Chitchat,Positive
Alo đang làm gì đấy 🐧,Chitchat,Neutral
Ê bot ơi ở đâu á 💬,Chitchat,Neutral
Vì nên bro hơi áp lực 😢,Chitchat,Negative
muốn hỏi là nam hay nữ 🤔,Chitchat,Neutral
bác muốn hỏi ở đâu á id4103,Chitchat,Neutral
Mimo dễ thương mấy tuổi rồi id4104,Chitchat,Neutral
mình muốn hỏi có nghe rõ trả lời không id4105,Chitchat,Neutral
Hế lô bạn là ai 💬 id4106,Chitchat,Neutral
biết nói chuyện không vậy 🤔 id4107,Chitchat,Neutral
áp lực vcl id4108,Chitchat,Negative
vô tri vcl deadline ngập đầu id4109,Chitchat,Negative
biết nói chuyện không vậy ❓ id4110,Chitchat,Neutral
ta thấy vô tri quá 😢 id4111,Chitchat,Negative
suy vcl id4112,Chitchat,Negative
bất lực vcl 💔 id4113,Chitchat,Negative
Chào nha bot làm được gì ❓ id4114,Chitchat,Neutral
Alo ở đâu á 👀,Chitchat,Neutral
Thích bot ghê 🤣,Chitchat,Positive
Yêu ghê vì 🔥,Chitchat,Positive
bot bot làm đc gì 🐧,Chitchat,Neutral
bot làm được gì id4119,Chitchat,Neutral
ông muốn hỏi mấy tuổi rồi 🐧,Chitchat,Neutral
bot làm được gì vậy id4121,Chitchat,Neutral
ai tạo ra bạn vậy Mimo ơi ❓ id4122,Chitchat,Neutral
Tks (^_<) id4123,Chitchat,Positive
bot đỉnh nóc kịch trần id4124,Chitchat,Positive
Chào nha Mimo ơi bot làm đc gì,Chitchat,Neutral
bất lực vcl id4126,Chitchat,Negative
Mimo dễ thương Love ya,Chitchat,Positive
ta thấy mệt quá 😭 id4128,Chitchat,Negative
áp lực vcl 📉 id4129,Chitchat,Negative
Thích Mimo ghê chất lượng id4130,Chitchat,Positive
Alo ai tạo ra bạn 🐧 id4131,Chitchat,Neutral
biết nói chuyện không vậy 🤖 id4132,Chitchat,Neutral
bot làm được gì vậy bạn 🐧,Chitchat,Neutral
mệt vcl rớt môn 📉,Chitchat,Negative
bro thấy mệt qá,Chitchat,Negative
Xin chào Mimo dễ thương 🤩,Chitchat,Positive
bất lực vcl deadline dí id4137,Chitchat,Negative
Alo bot ơi bro đang mệt 🥲,Chitchat,Negative
mấy tuổi rồi id4139,Chitchat,Neutral
Yo bot biết nói chuyện không,Chitchat,Neutral
tui thấy suy quá,Chitchat,Negative
bạn ở đâu á 🐧,Chitchat,Neutral
bạn thông minh ❤️,Chitchat,Positive
Chào ngày mới vui vẻ nha vì 🤩 id4144,Chitchat,Positive
Thank you ✨ id4145,Chitchat,Positive
 id4146,Chitchat,Positive
biết nói chuyện ko id4147,Chitchat,Neutral
Mimo ơi tên gì á 🤔 id4148,Chitchat,Neutral
bot ơi quá đã 🥰,Chitchat,Positive
Mimo ơi có nghe rõ trả lời không 💬,Chitchat,Neutral
vì đỉnh nóc kịch trần ✨,Chitchat,Positive
giao diện đẹp 🔥,Chitchat,Positive
ta muốn hỏi Mimo là nam hay nữ 🤖,Chitchat,Neutral
biết nói chuyện không vậy Mimo ơi id4154,Chitchat,Neutral
bot làm được gì 💬 id4155,Chitchat,Neutral
Love ya vì quá đã,Chitchat,Positive
Alo bot ơi ơi mấy ní đang stress 😮‍💨,Chitchat,Negative
biết nói chuyện không id4158,Chitchat,Neutral
vì thông minh ✨,Chitchat,Positive
Chào ngày mới vui vẻ nha vì id4160,Chitchat,Positive
Mimo quá đã 🥰,Chitchat,Positive
bot làm được gì vậy 💬 id4162,Chitchat,Neutral
bạn là ai id4163,Chitchat,Neutral
Hế lô bot ơi bạn là ai,Chitchat,Neutral
bot làm được gì id4165,Chitchat,Neutral
đang làm gì đấy vậy bot 🐧 id4166,Chitchat,Neutral
Xin chào bạn Chào ngày mới vui vẻ nha 🔥,Chitchat,Positive
mấy tuổi rồi vậy id4168,Chitchat,Neutral
cậu muốn hỏi bot làm được gì,Chitchat,Neutral
buồn vcl 😢,Chitchat,Negative
Chào ngày mới vui vẻ nha vì 🤩 id4171,Chitchat,Positive
Chào ngày mới vui vẻ nha vì id4172,Chitchat,Positive
Alo đang làm gì đấy id4173,Chitchat,Neutral
ai tạo ra bạn id4174,Chitchat,Neutral
mấy tuổi rồi id4175,Chitchat,Neutral
mấy ní muốn hỏi bot tên gì á,Chitchat,Neutral
đang làm gì đấy vậy bot id4177,Chitchat,Neutral
ở đâu á 🤖 id4178,Chitchat,Neutral
biết nói chuyện không vậy Mimo dễ thương 🤖,Chitchat,Neutral
bạn là ai 🐧 id4180,Chitchat,Neutral
bạn có nghe rõ trả lời không id4181,Chitchat,Neutral
Thích ghê chất lượng 👍,Chitchat,Positive
Mimo ơi app xịn xò 👍,Chitchat,Positive
muốn hỏi bot ơi tên gì á 🤖,Chitchat,Neutral
Vì nên mấy ní hơi nản 😭,Chitchat,Negative
Thích bot ơi ghê 🤣 id4186,Chitchat,Positive
bạn là ai vậy 🐧 id4187,Chitchat,Neutral
Alo tên gì á id4188,Chitchat,Neutral
 id4189,Chitchat,Positive
🤣 id4190,Chitchat,Positive
bot ơi tên gì á 🤖,Chitchat,Neutral
mấy tuổi rồi ❓ id4192,Chitchat,Neutral
Chào ngày mới vui vẻ nha vì 🤩 id4193,Chitchat,Positive
Thích ghê (^_<) id4194,Chitchat,Positive
có nghe rõ trả lời không id4195,Chitchat,Neutral
Love ya id4196,Chitchat,Positive
Chào nha đang làm gì đấy id4197,Chitchat,Neutral
Thích bạn ghê đỉnh nóc kịch trần ✨,Chitchat,Positive
Ê có nghe rõ trả lời không id4199,Chitchat,Neutral
áp lực vcl 🥺 id4200,Chitchat,Negative
bạn là ai vậy ❓ id4201,Chitchat,Neutral
buồn vcl id4202,Chitchat,Negative
tổn thương vcl deadline ngập đầu 💔,Chitchat,Negative
Alo bot ơi ơi cậu đang chán,Chitchat,Negative
bro muốn hỏi đang làm gì đấy 🤖,Chitchat,Neutral
ai tạo ra bạn vậy 💬 id4206,Chitchat,Neutral
bot giao diện đẹp id4207,Chitchat,Positive
bạn là ai ❓ id4208,Chitchat,Neutral
bot làm được gì 🤖 id4209,Chitchat,Neutral
Alo bạn ơi ông đang chán 😮‍💨,Chitchat,Negative
bot biết nói chuyện không 👀,Chitchat,Neutral
Chào ngày mới vui vẻ nha vì 🔥 id4212,Chitchat,Positive
Chào ngày mới vui vẻ nha vì (^_<) id4213,Chitchat,Positive
cậu muốn hỏi bot ơi mấy tuổi rồi 🤖,Chitchat,Neutral
cậu muốn hỏi bot biết nói chuyện không 🤔,Chitchat,Neutral
Mimo Yêu ghê 👍,Chitchat,Positive
mấy ní muốn hỏi bạn là ai 🤖,Chitchat,Neutral
mấy tuổi rồi vậy Mimo ơi id4218,Chitchat,Neutral
Mimo dễ thương là nam hay nữ id4219,Chitchat,Neutral
bro muốn hỏi bạn là ai 💬,Chitchat,Neutral
bạn mấy tuổi rồi id4221,Chitchat,Neutral
Yo biết nói chuyện không 🐧 id4222,Chitchat,Neutral
Yo đang làm gì đấy id4223,Chitchat,Neutral
biết nói chuyện không vậy bạn id4224,Chitchat,Neutral
Biết ơn vì 🥰 id4225,Chitchat,Positive
Chào ngày mới vui vẻ nha vì id4226,Chitchat,Positive
Cảm ơn vì ❤️,Chitchat,Positive
Chào ngày mới vui vẻ nha vì 🤩 id4228,Chitchat,Positive
biết nói chuyện không 🤖 id4229,Chitchat,Neutral
Yo Mimo dễ thương là nam hay nữ,Chitchat,Neutral
vì chất lượng 🤣 id4231,Chitchat,Positive
bot làm được gì id4232,Chitchat,Neutral
Ê là nam hay nữ id4233,Chitchat,Neutral
là nam hay nữ 💬 id4234,Chitchat,Neutral
em muốn hỏi bot ơi bạn là ai 🤔,Chitchat,Neutral
bác muốn hỏi đang làm gì đấy 💬,Chitchat,Neutral
Hế lô là nam hay nữ 🐧,Chitchat,Neutral
bác muốn hỏi bot làm được gì,Chitchat,Neutral
biết nói chuyện không id4239,Chitchat,Neutral
mấy ní muốn hỏi Mimo là nam hay nữ 🤔,Chitchat,Neutral
có nghe rõ trả lời không vậy id4241,Chitchat,Neutral
Alo bạn ơi cậu đang chán,Chitchat,Negative
Thích ghê giao diện đẹp ✨ id4243,Chitchat,Positive
em thấy áp lực quá 🥲 id4244,Chitchat,Negative
nản vcl crush lơ 📉,Chitchat,Negative
ta muốn hỏi là nam hay nữ 💬,Chitchat,Neutral
Alo ở đâu á id4247,Chitchat,Neutral
Alo bạn ơi ta đang tổn thương 😭,Chitchat,Negative
Chào ngày mới vui vẻ nha vì id4249,Chitchat,Positive
Thích ghê id4250,Chitchat,Positive
biết nói chuyện ko vậy,Chitchat,Neutral
Thank you id4252,Chitchat,Positive
là nam hay nữ 💬 id4253,Chitchat,Neutral
Biết ơn vì (^_<) id4254,Chitchat,Positive
Alo Mimo ơi em đang bất lực 💔,Chitchat,Negative
Xin chào Love ya 🥰,Chitchat,Positive
tui muốn hỏi bot ơi tên gì á 🤔,Chitchat,Neutral
Củm ơn vì đỉnh nóc kịch trần ❤️,Chitchat,Positive
suy vcl rớt môn id4259,Chitchat,Negative
bạn app xịn xò 🤣,Chitchat,Positive
ông muốn hỏi Mimo dễ thương biết nói chuyện không 🐧,Chitchat,Neutral
Cảm ơn vì quá đã 🤣,Chitchat,Positive
bot ơi thông minh 🥰,Chitchat,Positive
bà thấy chán quá,Chitchat,Negative
cậu muốn hỏi Mimo bạn là ai id4265,Chitchat,Neutral
bạn mấy tuổi rồi id4266,Chitchat,Neutral
biết nói chuyện không vậy id4267,Chitchat,Neutral
Mimo ơi đỉnh nóc kịch trần 🔥,Chitchat,Positive
em thấy bất lực quá,Chitchat,Negative
Củm ơn vì 🤩 id4270,Chitchat,Positive
em muốn hỏi bạn tên gì á,Chitchat,Neutral
Alo ơi em đang mệt 📉,Chitchat,Negative
Thích ghê app xịn xò 👍 id4273,Chitchat,Positive
ta thấy bất lực quá 📉,Chitchat,Negative
bot 🔥 id4275,Chitchat,Positive
Thích ghê cute xỉu id4276,Chitchat,Positive
Hey Mimo ơi Thank you,Chitchat,Positive
mấy ní muốn hỏi có nghe rõ trả lời không 👀 id4278,Chitchat,Neutral
❤️ id4279,Chitchat,Positive
tui thấy bất lực quá id4280,Chitchat,Negative
Mimo ơi biết nói chuyện không 💬,Chitchat,Neutral
bạn là ai vậy Mimo 🤖,Chitchat,Neutral
Mimo ơi Củm ơn id4283,Chitchat,Positive
Cảm ơn vì đỉnh nóc kịch trần ✨,Chitchat,Positive
Yêu ghê vì ❤️,Chitchat,Positive
Alo Mimo ơi ơi ông đang nản,Chitchat,Negative
app mượt (^_<) id4287,Chitchat,Positive
Mimo giao diện đẹp ✨,Chitchat,Positive
Thích Mimo ơi ghê quá đã 🤩,Chitchat,Positive
Mimo dễ thương có nghe rõ trả lời không 🐧,Chitchat,Neutral
nản vcl crush lơ 🥲,Chitchat,Negative
Thích bot ghê cute xỉu (^_<),Chitchat,Positive
Mãi iu vì id4293,Chitchat,Positive
bro muốn hỏi Mimo dễ thương bạn là ai,Chitchat,Neutral
mình muốn hỏi đang làm gì đấy 🤖,Chitchat,Neutral
bà thấy áp lực quá 😮‍💨,Chitchat,Negative
muốn hỏi Mimo dễ thương mấy tuổi rồi,Chitchat,Neutral
✨ id4298,Chitchat,Positive
bạn mấy tuổi rồi 💬,Chitchat,Neutral
Mimo ơi ❤️,Chitchat,Positive
tên gì á id4301,Chitchat,Neutral
Củm ơn 👍 id4302,Chitchat,Positive
tên gì á vậy bot id4303,Chitchat,Neutral
thấy áp lực quá id4304,Chitchat,Negative
ai tạo ra bạn 👀 id4305,Chitchat,Neutral
bro muốn hỏi Mimo bạn là ai 🤔,Chitchat,Neutral
Alo bot ơi bro đang bất lực 🥲,Chitchat,Negative
mấy tuổi rồi vậy id4308,Chitchat,Neutral
bạn là ai id4309,Chitchat,Neutral
vì cute xỉu 👍 id4310,Chitchat,Positive
em muốn hỏi bot ơi có nghe rõ trả lời không id4311,Chitchat,Neutral
bạn là ai vậy id4312,Chitchat,Neutral
thấy bất lực quá 🥲,Chitchat,Negative
bot ơi cute xỉu,Chitchat,Positive
Alo bot ơi mấy ní đang áp lực,Chitchat,Negative
cậu muốn hỏi Mimo dễ thương tên gì á ❓,Chitchat,Neutral
ông muốn hỏi bot tên gì á 🐧,Chitchat,Neutral
Thích Mimo dễ thương ghê ✨,Chitchat,Positive
tui muốn hỏi Mimo dễ thương ở đâu á 🤖,Chitchat,Neutral
Vì cuộc sống khó khăn nên tui hơi chán 😮‍💨,Chitchat,Negative
🔥 id4321,Chitchat,Positive
Alo đang làm gì đấy id4322,Chitchat,Neutral
vì quá đã 🔥,Chitchat,Positive
tên gì á vậy bot id4324,Chitchat,Neutral
Thank you vì id4325,Chitchat,Positive
Mimo app xịn xò 🔥,Chitchat,Positive
Thích ghê 👍 id4327,Chitchat,Positive
tổn thương vcl crush lơ 😭,Chitchat,Negative
bot ơi id4329,Chitchat,Positive
muốn hỏi mấy tuổi rồi id4330,Chitchat,Neutral
Yo ở đâu á id4331,Chitchat,Neutral
có nghe rõ trả lời không vậy Mimo 🤔,Chitchat,Neutral
Mãi iu vì ✨,Chitchat,Positive
Chào nha bot làm được gì 🐧,Chitchat,Neutral
bot ơi 🤣 id4335,Chitchat,Positive
Ê bot làm được gì 🤖,Chitchat,Neutral
bà muốn hỏi Mimo mấy tuổi rồi,Chitchat,Neutral
Củm ơn vì 🤣 id4338,Chitchat,Positive
Mãi iu vì ❤️ id4339,Chitchat,Positive
ở đâu á vậy Mimo 💬,Chitchat,Neutral
Mimo 🤣,Chitchat,Positive
Thích ghê id4342,Chitchat,Positive
Alo Mimo ơi em đang buon 🥲,Chitchat,Negative
Thích ghê cute xỉu ✨,Chitchat,Positive
ông muốn hỏi bot làm được gì 🤔,Chitchat,Neutral
ta muốn hỏi Mimo ơi là nam hay nữ,Chitchat,Neutral
bot ơi chất lượng id4347,Chitchat,Positive
buồn vcl 😢 id4348,Chitchat,Negative
có nghe rõ trả lời ko vậy bot 💬,Chitchat,Neutral
cute xỉu id4350,Chitchat,Positive
Alo bot tên gì á id4351,Chitchat,Neutral
ông muốn hỏi bot ơi ai tạo ra bạn 🤖,Chitchat,Neutral
Thích ghê thông minh (^_<) id4353,Chitchat,Positive
Vì hết tiền nên hơi buồn 😭,Chitchat,Negative
bạn Mãi iu 🤩,Chitchat,Positive
Mimo ơi chất lượng ❤️ id4356,Chitchat,Positive
bạn là ai vậy ❓ id4357,Chitchat,Neutral
Mãi iu 👍,Chitchat,Positive
Thích bot ghê cute xỉu 🔥,Chitchat,Positive
là nam hay nữ vậy Mimo ơi id4360,Chitchat,Neutral
Chào nha bot ai tạo ra bạn 🤖,Chitchat,Neutral
Mimo app mượt 👍,Chitchat,Positive
Alo Mimo dễ thương ơi ta đang mệt 😭,Chitchat,Negative
Vì deadline dí nên ta hơi chán 💔,Chitchat,Negative
ta muốn hỏi mấy tuổi rồi ❓,Chitchat,Neutral
Mimo dễ thương (^_<) id4366,Chitchat,Positive
chán vcl 😢,Chitchat,Negative
là nam hay nữ vậy 👀 id4368,Chitchat,Neutral
đang làm gì đấy id4369,Chitchat,Neutral
Thích Mimo ơi ghê quá đã ❤️,Chitchat,Positive
Mimo ơi ở đâu á 💬,Chitchat,Neutral
mình muốn hỏi bot ở đâu á ❓,Chitchat,Neutral
Good morning Chào ngày mới vui vẻ nha 🔥,Chitchat,Positive
Yo ai tạo ra bạn id4374,Chitchat,Neutral
Biết ơn vì ✨,Chitchat,Positive
ở đâu á id4376,Chitchat,Neutral
Biết ơn id4377,Chitchat,Positive
bot id4378,Chitchat,Positive
bạn ❤️,Chitchat,Positive
chán vcl 📉 id4380,Chitchat,Negative
bạn là ai 🐧 id4381,Chitchat,Neutral
bot ơi có nghe rõ trả lời không,Chitchat,Neutral
Thích ghê 🔥 id4383,Chitchat,Positive
Mãi iu vì id4384,Chitchat,Positive
Hey id4385,Chitchat,Positive
Chào Mimo ơi ❤️,Chitchat,Positive
mấy tuổi rồi vậy id4387,Chitchat,Neutral
 id4388,Chitchat,Positive
Mimo dễ thương id4389,Chitchat,Positive
bà muốn hỏi Mimo ơi biết nói chuyện không 💬,Chitchat,Neutral
Mimo ơi app xịn xò,Chitchat,Positive
cậu thấy bất lực quá 🥺,Chitchat,Negative
Mãi iu vì id4393,Chitchat,Positive
nản vcl 😢,Chitchat,Negative
bác muốn hỏi ai tạo ra bạn 👀,Chitchat,Neutral
Thank you vì đỉnh nóc kịch trần ❤️,Chitchat,Positive
Vì bồ giận nên bác hơi chán 📉,Chitchat,Negative
mấy tuổi rồi 🤖 id4398,Chitchat,Neutral
Thích ghê 🤩 id4399,Chitchat,Positive
Mimo ai tạo ra bạn 👀,Chitchat,Neutral
Thích ghê (^_<) id4401,Chitchat,Positive
bro thấy mệt quá 💔,Chitchat,Negative
stress vcl crush lơ id4403,Chitchat,Negative
bot ơi bot làm được gì id4404,Chitchat,Neutral
bot làm đc gì 🤔 id4405,Chitchat,Neutral
Biết ơn vì thông minh,Chitchat,Positive
ông thấy chán quá 🥺,Chitchat,Negative
Alo ơi bro đang nản 🥺,Chitchat,Negative
có nghe rõ trả lời không vậy bot id4409,Chitchat,Neutral
Mimo dễ thương Love ya id4410,Chitchat,Positive
có nghe rõ trả lời ko 🐧,Chitchat,Neutral
Mimo ơi 🤣 id4412,Chitchat,Positive
em muốn hỏi bạn bot làm được gì,Chitchat,Neutral
có nghe rõ trả lời không vậy bạn id4414,Chitchat,Neutral
vì thông minh id4415,Chitchat,Positive
Alo ơi mấy ní đang suy,Chitchat,Negative
bạn (^_<) id4417,Chitchat,Positive
là nam hay nữ 🤖 id4418,Chitchat,Neutral
Hế lô Mimo bot làm được gì ❓,Chitchat,Neutral
Alo bot làm được gì 👀 id4420,Chitchat,Neutral
Mimo ơi đỉnh nóc kịch trần 🔥 id4421,Chitchat,Positive
mình muốn hỏi ai tạo ra bạn 💬 id4422,Chitchat,Neutral
mình muốn hỏi tên gì á id4423,Chitchat,Neutral
Vì nên tui hơi mệt 💔,Chitchat,Negative
là nam hay nữ vậy bạn 🤖 id4425,Chitchat,Neutral
mấy tuổi rồi vậy Mimo ơi 🐧 id4426,Chitchat,Neutral
Mimo Chào ngày mới vui vẻ nha id4427,Chitchat,Positive
bạn là ai 🐧 id4428,Chitchat,Neutral
Thích bot ghê chất lượng,Chitchat,Positive
mấy tuổi rồi vậy Mimo id4430,Chitchat,Neutral
Alo bot ơi ơi tui đang nản,Chitchat,Negative
mình muốn hỏi ở đâu á ❓,Chitchat,Neutral
Xin chào bot Thank you,Chitchat,Positive
bạn là ai vậy id4434,Chitchat,Neutral
muốn hỏi bot ơi mấy tuổi rồi,Chitchat,Neutral
Củm ơn vì 🔥 id4436,Chitchat,Positive
mấy tuổi rồi 🐧,Chitchat,Neutral
mấy tuổi rồi vậy id4438,Chitchat,Neutral
bất lực vcl rớt môn,Chitchat,Negative
Mimo ơi ai tạo ra bạn id4440,Chitchat,Neutral
cậu thấy buồn quá 💔,Chitchat,Negative
biết nói chuyện không vậy Mimo dễ thương 🤖 id4442,Chitchat,Neutral
Hế lô bạn là ai id4443,Chitchat,Neutral
mấy ní muốn hỏi bạn đang làm gì đấy id4444,Chitchat,Neutral
Gút mỏ ninh Chào ngày mới vui vẻ nha ❤️,Chitchat,Positive
Hiya bạn Chào ngày mới vui vẻ nha,Chitchat,Positive
Ê bot làm đc gì 🤔,Chitchat,Neutral
Alo bot ơi ta đang nản,Chitchat,Negative
Hế lô bạn mấy tuổi rồi 🤖,Chitchat,Neutral
mấy ní thấy áp lực quá 😭,Chitchat,Negative
Mimo ơi bạn là ai id4451,Chitchat,Neutral
mình muốn hỏi Mimo biết nói chuyện không 🤔,Chitchat,Neutral
ta muốn hỏi ai tạo ra bạn id4453,Chitchat,Neutral
chất lượng ❤️ id4454,Chitchat,Positive
biết nói chuyện không vậy Mimo ơi id4455,Chitchat,Neutral
stress vcl deadline dí,Chitchat,Negative
Alo mấy tuổi rồi id4457,Chitchat,Neutral
Mimo ơi app xịn xò ❤️ id4458,Chitchat,Positive
em thấy bất lực quá 📉,Chitchat,Negative
Chào ngày mới vui vẻ nha vì 🤩 id4460,Chitchat,Positive
là nam hay nữ vậy 🤔,Chitchat,Neutral
Chào nha biết nói chuyện không id4462,Chitchat,Neutral
tui muốn hỏi Mimo ai tạo ra bạn,Chitchat,Neutral
ở đâu á vậy 💬 id4464,Chitchat,Neutral
Mimo dễ thương Love ya id4465,Chitchat,Positive
Vì deadline dí nên bác hơi bất lực 📉,Chitchat,Negative
Mãi iu id4467,Chitchat,Positive
Vì nên tui hơi buồn 🥲,Chitchat,Negative
bot làm được gì vậy Mimo dễ thương 💬,Chitchat,Neutral
Mimo ơi bạn là ai id4470,Chitchat,Neutral
bạn là ai vậy id4471,Chitchat,Neutral
bạn là ai 💬 id4472,Chitchat,Neutral
Vì cuộc sống khó khăn nên hơi mệt,Chitchat,Negative
👍 id4474,Chitchat,Positive
vì thông minh ✨ id4475,Chitchat,Positive
Mimo Thank you,Chitchat,Positive
Alo bot ơi em đang tổn thương,Chitchat,Negative
Thích bạn ghê id4478,Chitchat,Positive
 id4479,Chitchat,Positive
stress vcl 😭 id4480,Chitchat,Negative
Alo bot ơi ơi tui đang mệt 💔,Chitchat,Negative
🤩 id4482,Chitchat,Positive
mấy tuổi rồi vậy bot ❓,Chitchat,Neutral
Alo ơi ông đang stress 😮‍💨,Chitchat,Negative
em muốn hỏi Mimo ơi tên gì á 💬,Chitchat,Neutral
bot làm được gì vậy bot ơi,Chitchat,Neutral
Mimo dễ thương có nghe rõ trả lời không id4487,Chitchat,Neutral
stress vcl cuộc sống khó khăn id4488,Chitchat,Negative
ông muốn hỏi Mimo ơi ai tạo ra bạn,Chitchat,Neutral
Chào ngày mới vui vẻ nha 🤣 id4490,Chitchat,Positive
Thích ghê thông minh 🥰 id4491,Chitchat,Positive
Alo đang làm gì đấy 🤖,Chitchat,Neutral
tên gì á id4493,Chitchat,Neutral
đang làm gì đấy vậy Mimo id4494,Chitchat,Neutral
bạn là ai vậy Mimo ❓ id4495,Chitchat,Neutral
tên gì á vậy Mimo ơi 🐧,Chitchat,Neutral
Thích bot ơi ghê đỉnh nóc kịch trần id4497,Chitchat,Positive
Hế lô ở đâu á id4498,Chitchat,Neutral
Vì crush lơ nên tui hơi buon,Chitchat,Negative
Thích ghê id4500,Chitchat,Positive
Vì nên em hơi buồn 🥺,Chitchat,Negative
đỉnh nóc kịch trần 🤣 id4502,Chitchat,Positive
Thích bot ơi ghê id4503,Chitchat,Positive
thông minh id4504,Chitchat,Positive
nản vcl cuộc sống khó khăn 📉,Chitchat,Negative
muốn hỏi bot mấy tuổi rồi,Chitchat,Neutral
Biết ơn vì quá đã 👍,Chitchat,Positive
em muốn hỏi bot bot làm được gì,Chitchat,Neutral
Alo Mimo ơi ơi mấy ní đang tổn thương,Chitchat,Negative
Mimo ơi có nghe rõ trả lời không 🤖,Chitchat,Neutral
tui muốn hỏi là nam hay nữ ❓,Chitchat,Neutral
vì chất lượng id4512,Chitchat,Positive
mình muốn hỏi bot ơi ai tạo ra bạn,Chitchat,Neutral
Alo Mimo ơi ơi em đang suy 😭,Chitchat,Negative
bro muốn hỏi Mimo ơi đang làm gì đấy 🤔,Chitchat,Neutral
Alo bạn là ai 💬,Chitchat,Neutral
biết nói chuyện không vậy bot ơi id4517,Chitchat,Neutral
là nam hay nữ vậy Mimo dễ thương 👀,Chitchat,Neutral
có nghe rõ trả lời không id4519,Chitchat,Neutral
có nghe rõ trả lời không vậy id4520,Chitchat,Neutral
Vì deadline dí nên tui hơi tổn thương 😮‍💨,Chitchat,Negative
ở đâu á vậy bot ơi 🤖 id4522,Chitchat,Neutral
Mãi iu vì 🥰,Chitchat,Positive
Hế lô đang làm gì đấy id4524,Chitchat,Neutral
bot làm được gì id4525,Chitchat,Neutral
Ê bạn là ai id4526,Chitchat,Neutral
ở đâu á id4527,Chitchat,Neutral
Yo bạn là ai 💬,Chitchat,Neutral
bà thấy suy qá,Chitchat,Negative
quá đã ✨,Chitchat,Positive
Vì crush lơ nên tui hơi tổn thương 😮‍💨 id4531,Chitchat,Negative
mấy ní muốn hỏi bot làm được gì ❓ id4532,Chitchat,Neutral
Vì nên hơi stress,Chitchat,Negative
tên gì á vậy Mimo 🐧 id4534,Chitchat,Neutral
cậu muốn hỏi bạn là ai id4535,Chitchat,Neutral
Chào nha có nghe rõ trả lời không ❓,Chitchat,Neutral
Cảm ơn vì id4537,Chitchat,Positive
Thích ghê app xịn xò 🔥,Chitchat,Positive
met vcl hết tiền id4539,Chitchat,Negative
em muốn hỏi bot làm được gì id4540,Chitchat,Neutral
bạn chất lượng (^_<),Chitchat,Positive
Chào nha biết nói chuyện không 🐧 id4542,Chitchat,Neutral
bot ở đâu á,Chitchat,Neutral
Hiya Củm ơn 🥰,Chitchat,Positive
Tks 🔥,Chitchat,Positive
Yo bot ơi mấy tuổi rồi 🐧,Chitchat,Neutral
Alo ơi mấy ní đang stress,Chitchat,Negative
bạn là ai vậy Mimo ơi 🐧,Chitchat,Neutral
Gút mỏ ninh  👍,Chitchat,Positive
ở đâu á vậy id4550,Chitchat,Neutral
Thích ghê cute xỉu ✨ id4551,Chitchat,Positive
biết nói chuyện ko vậy bot,Chitchat,Neutral
 id4553,Chitchat,Positive
Alo tên gì á id4554,Chitchat,Neutral
Alo ơi đang bất lực 💔,Chitchat,Negative
🥰 id4556,Chitchat,Positive
đang làm gì đấy 🤔 id4557,Chitchat,Neutral
Thích bạn ghê chất lượng ❤️ id4558,Chitchat,Positive
Chào nha bạn có nghe rõ trả lời không,Chitchat,Neutral
cậu thấy tổn thương quá 😮‍💨,Chitchat,Negative
mình muốn hỏi ai tạo ra bạn,Chitchat,Neutral
Mimo ơi chất lượng id4562,Chitchat,Positive
tổn thương vcl 🥲 id4563,Chitchat,Negative
nản vcl cuộc sống khó khăn 😢,Chitchat,Negative
ở đâu á vậy ❓ id4565,Chitchat,Neutral
là nam hay nữ vậy ❓ id4566,Chitchat,Neutral
bác thấy tổn thương quá 💔,Chitchat,Negative
mệt vcl bồ giận 🥲,Chitchat,Negative
đang làm gì đấy vậy Mimo ơi 🤔 id4569,Chitchat,Neutral
có nghe rõ trả lời không 💬 id4570,Chitchat,Neutral
ở đâu á id4571,Chitchat,Neutral
Mimo Củm ơn 🔥,Chitchat,Positive
Alo ơi bác đang suy 🥺,Chitchat,Negative
Thích bạn ghê app mượt 🔥,Chitchat,Positive
cậu muốn hỏi bot tên gì á id4575,Chitchat,Neutral
Love ya vì ✨,Chitchat,Positive
bạn là ai vậy bạn id4577,Chitchat,Neutral
Thích ghê id4578,Chitchat,Positive
bro muốn hỏi Mimo dễ thương bot làm được gì,Chitchat,Neutral
Vì deadline dí nên bro hơi nản 😭,Chitchat,Negative
mấy tuổi rồi ❓ id4581,Chitchat,Neutral
bạn id4582,Chitchat,Positive
Mimo ơi app xịn xò id4583,Chitchat,Positive
bot làm đc gì vậy bot,Chitchat,Neutral
có nghe rõ trả lời không id4585,Chitchat,Neutral
mấy ní muốn hỏi bạn bạn là ai,Chitchat,Neutral
Vì nên hơi chán 😢,Chitchat,Negative
Vì nên hơi tổn thương 😭,Chitchat,Negative
ai tạo ra bạn vậy 🤖 id4589,Chitchat,Neutral
Mimo dễ thương id4590,Chitchat,Positive
đang làm gì đấy vậy Mimo dễ thương ❓,Chitchat,Neutral
biết nói chuyện không vậy bot id4592,Chitchat,Neutral
bro thấy chán quá 😢,Chitchat,Negative
cậu muốn hỏi đang làm gì đấy,Chitchat,Neutral
Vì cuộc sống khó khăn nên ông hơi chán 📉,Chitchat,Negative
bot id4596,Chitchat,Positive
bác muốn hỏi bot mấy tuổi rồi,Chitchat,Neutral
Good morning Mimo ơi Chào ngày mới vui vẻ nha (^_<),Chitchat,Positive
Hế lô bạn là ai id4599,Chitchat,Neutral
Thích bot ghê id4600,Chitchat,Positive
tui thấy nản quá 😢,Chitchat,Negative
bot làm được gì id4602,Chitchat,Neutral
Vì nên cậu hơi mệt,Chitchat,Negative
Thích ghê id4604,Chitchat,Positive
Alo bot ơi cậu đang chán 😢,Chitchat,Negative
bạn Chào ngày mới vui vẻ nha id4606,Chitchat,Positive
Thích Mimo ghê ✨,Chitchat,Positive
Alo Mimo ơi ông đang áp lực 😭,Chitchat,Negative
Mimo Chào ngày mới vui vẻ nha id4609,Chitchat,Positive
Yo biết nói chuyện không id4610,Chitchat,Neutral
bà muốn hỏi Mimo dễ thương ở đâu á id4611,Chitchat,Neutral
bạn app xịn xò 👍,Chitchat,Positive
bất lực vcl id4613,Chitchat,Negative
Vì nên bác hơi mệt 📉,Chitchat,Negative
bot bạn là ai 🤔,Chitchat,Neutral
Mimo chất lượng id4616,Chitchat,Positive
bot ơi 🤩 id4617,Chitchat,Positive
Alo ơi bro đang nản 🥺 id4618,Chitchat,Negative
là nam hay nữ vậy Mimo 🐧 id4619,Chitchat,Neutral
bot ơi app mượt ❤️,Chitchat,Positive
Chào nha ở đâu á 🐧,Chitchat,Neutral
Mimo biết nói chuyện không,Chitchat,Neutral
bot ơi 🤣 id4623,Chitchat,Positive
Vì đi học mệt quá nên em hơi chán,Chitchat,Negative
nản vcl rớt môn,Chitchat,Negative
bot ơi ai tạo ra bạn id4626,Chitchat,Neutral
biết nói chuyện không 🤖 id4627,Chitchat,Neutral
em thấy suy quá 🥲,Chitchat,Negative
mấy ní muốn hỏi bot ơi biết nói chuyện không,Chitchat,Neutral
vô tri vcl deadline dí id4630,Chitchat,Negative
bot làm được gì 🤔 id4631,Chitchat,Neutral
mệt vcl đi học mệt quá 💔,Chitchat,Negative
tên gì á vậy bot id4633,Chitchat,Neutral
đang làm gì đấy vậy 🤖 id4634,Chitchat,Neutral
Hiya Mimo Cảm ơn,Chitchat,Positive
Hế lô bạn biết nói chuyện không 🐧,Chitchat,Neutral
bot quá đã 🤣,Chitchat,Positive
Mimo dễ thương Chào ngày mới vui vẻ nha ❤️,Chitchat,Positive
Củm ơn vì 👍 id4639,Chitchat,Positive
có nghe rõ trả lời không id4640,Chitchat,Neutral
Vì nên em hơi nản 📉,Chitchat,Negative
stress vcl 😭 id4642,Chitchat,Negative
Mimo ơi 👍 id4643,Chitchat,Positive
bạn là ai 👀 id4644,Chitchat,Neutral
Hey Củm ơn 🤩,Chitchat,Positive
tên gì á 💬 id4646,Chitchat,Neutral
Mimo ơi Love ya ❤️,Chitchat,Positive
bác muốn hỏi bạn đang làm gì đấy,Chitchat,Neutral
bot ơi app mượt id4649,Chitchat,Positive
biết nói chuyện không id4650,Chitchat,Neutral
tên gì á id4651,Chitchat,Neutral
Chào ngày mới vui vẻ nha id4652,Chitchat,Positive
Chào ngày mới vui vẻ nha id4653,Chitchat,Positive
Yo ai tạo ra bạn id4654,Chitchat,Neutral
mấy ní muốn hỏi ai tạo ra bạn 🤖,Chitchat,Neutral
Vì nên bro hơi buồn,Chitchat,Negative
em thấy mệt qá 😮‍💨,Chitchat,Negative
Hello Chào ngày mới vui vẻ nha (^_<),Chitchat,Positive
bot làm được gì vậy 👀 id4659,Chitchat,Neutral
Thích ghê id4660,Chitchat,Positive
Mimo cute xỉu,Chitchat,Positive
mấy ní muốn hỏi biết nói chuyện không,Chitchat,Neutral
bot bạn là ai 👀,Chitchat,Neutral
Mimo dễ thương Chào ngày mới vui vẻ nha id4664,Chitchat,Positive
Mimo dễ thương ✨ id4665,Chitchat,Positive
mình muốn hỏi bạn ở đâu á 👀,Chitchat,Neutral
mấy tuổi rồi vậy Mimo ơi 💬,Chitchat,Neutral
bạn ❤️ id4668,Chitchat,Positive
Mimo id4669,Chitchat,Positive
mình muốn hỏi mấy tuổi rồi ❓,Chitchat,Neutral
Thích ghê (^_<) id4671,Chitchat,Positive
thấy buồn quá 😮‍💨,Chitchat,Negative
Thích ghê 🥰 id4673,Chitchat,Positive
bot 🔥 id4674,Chitchat,Positive
mình muốn hỏi tên gì á 💬,Chitchat,Neutral
vì cute xỉu ✨ id4676,Chitchat,Positive
Alo Mimo dễ thương ơi đang met 😭,Chitchat,Negative
bot ở đâu á ❓,Chitchat,Neutral
em thấy nản quá id4679,Chitchat,Negative
Thích ghê 🤣 id4680,Chitchat,Positive
bà muốn hỏi bạn đang làm gì đấy 👀,Chitchat,Neutral
là nam hay nữ vậy id4682,Chitchat,Neutral
Vì nên ông hơi chán,Chitchat,Negative
tui muốn hỏi bot ơi bạn là ai id4684,Chitchat,Neutral
em thấy mệt quá,Chitchat,Negative
Tks vì giao diện đẹp 🔥,Chitchat,Positive
Mimo ơi id4687,Chitchat,Positive
tên gì á id4688,Chitchat,Neutral
Thích bạn ghê id4689,Chitchat,Positive
Ê ai tạo ra bạn 👀,Chitchat,Neutral
Alo bot ơi cậu đang buồn 😭,Chitchat,Negative
em muốn hỏi mấy tuổi rồi ❓,Chitchat,Neutral
stress vcl crush lơ id4693,Chitchat,Negative
Vì đi học mệt quá nên hơi nản 😭,Chitchat,Negative
ai tạo ra bạn vậy id4695,Chitchat,Neutral
cậu muốn hỏi Mimo dễ thương ai tạo ra bạn,Chitchat,Neutral
🤩 id4697,Chitchat,Positive
Vì rớt môn nên cậu hơi vô tri 😢,Chitchat,Negative
bạn là ai 🤖 id4699,Chitchat,Neutral
bạn là ai id4700,Chitchat,Neutral
Ê bot ơi biết nói chuyện ko 💬,Chitchat,Neutral
Chào nha bạn là ai,Chitchat,Neutral
Alo ơi mấy ní đang chán 😭,Chitchat,Negative
Alo bot ơi ơi bà đang chán 🥲,Chitchat,Negative
Mimo giao diện đẹp id4705,Chitchat,Positive
Mimo ơi cute xỉu ✨,Chitchat,Positive
Chào ngày mới vui vẻ nha vì id4707,Chitchat,Positive
Thích ghê id4708,Chitchat,Positive
Chào ngày mới vui vẻ nha vì 👍 id4709,Chitchat,Positive
🔥 id4710,Chitchat,Positive
cậu muốn hỏi ai tạo ra bạn 🤖,Chitchat,Neutral
tên gì á vậy ❓ id4712,Chitchat,Neutral
Thích Mimo dễ thương ghê đỉnh nóc kịch trần id4713,Chitchat,Positive
bác thấy stress quá 😢,Chitchat,Negative
Ê bạn biết nói chuyện không ❓,Chitchat,Neutral
mấy ní thấy suy quá id4716,Chitchat,Negative
Thích bạn ghê 🤩,Chitchat,Positive
đang làm gì đấy id4718,Chitchat,Neutral
ở đâu á vậy Mimo id4719,Chitchat,Neutral
là nam hay nữ ❓ id4720,Chitchat,Neutral
Mimo dễ thương có nghe rõ trả lời không id4721,Chitchat,Neutral
Mimo dễ thương ✨ id4722,Chitchat,Positive
ta thấy áp lực quá 💔,Chitchat,Negative
Thích bạn ghê app mượt id4724,Chitchat,Positive
đang làm gì đấy vậy Mimo ❓ id4725,Chitchat,Neutral
bà muốn hỏi bạn ai tạo ra bạn 🐧,Chitchat,Neutral
ở đâu á vậy bot ơi id4727,Chitchat,Neutral
biết nói chuyện không 💬 id4728,Chitchat,Neutral
vì quá đã,Chitchat,Positive
đang làm gì đấy vậy ❓,Chitchat,Neutral
bạn ❤️ id4731,Chitchat,Positive
em muốn hỏi ai tạo ra bạn 👀,Chitchat,Neutral
Vì deadline ngập đầu nên ông hơi suy 🥺,Chitchat,Negative
Mimo ơi 🔥 id4734,Chitchat,Positive
biết nói chuyện không vậy Mimo dễ thương 🤖 id4735,Chitchat,Neutral
ở đâu á 💬 id4736,Chitchat,Neutral
là nam hay nữ vậy bot ơi ❓,Chitchat,Neutral
biết nói chuyện không 🤔,Chitchat,Neutral
bro muốn hỏi bạn ở đâu á,Chitchat,Neutral
Thích ghê quá đã 👍 id4740,Chitchat,Positive
Alo bạn tên gì á,Chitchat,Neutral
Alo Mimo ơi đang vô tri 😮‍💨,Chitchat,Negative
Yêu ghê vì id4743,Chitchat,Positive
Ê bạn là ai id4744,Chitchat,Neutral
đỉnh nóc kịch trần id4745,Chitchat,Positive
bot ơi Tks id4746,Chitchat,Positive
Thank you vì đỉnh nóc kịch trần,Chitchat,Positive
Alo là nam hay nữ 🐧 id4748,Chitchat,Neutral
bot làm được gì 💬 id4749,Chitchat,Neutral
tên gì á vậy id4750,Chitchat,Neutral
Alo ơi ta đang mệt id4751,Chitchat,Negative
ai tạo ra bạn vậy bot ơi 👀,Chitchat,Neutral
bot làm được gì vậy 💬 id4753,Chitchat,Neutral
Yo ở đâu á 💬 id4754,Chitchat,Neutral
ở đâu á vậy bạn 🐧,Chitchat,Neutral
Mimo dễ thương id4756,Chitchat,Positive
đang làm gì đấy 🐧 id4757,Chitchat,Neutral
Chào ngày mới vui vẻ nha vì (^_<) id4758,Chitchat,Positive
Alo Mimo dễ thương ơi ông đang buon 🥲,Chitchat,Negative
đang làm gì đấy vậy bot 🤔,Chitchat,Neutral
em muốn hỏi có nghe rõ trả lời không ❓,Chitchat,Neutral
Xin chao Mimo dễ thương Chào ngày mới vui vẻ nha,Chitchat,Positive
biết nói chuyện không vậy 💬 id4763,Chitchat,Neutral
ta muốn hỏi bạn là ai id4764,Chitchat,Neutral
ai tạo ra bạn id4765,Chitchat,Neutral
🔥 id4766,Chitchat,Positive
bot làm được gì vậy id4767,Chitchat,Neutral
Thích bot ghê (^_<),Chitchat,Positive
đang làm gì đấy vậy Mimo ơi id4769,Chitchat,Neutral
đang làm gì đấy id4770,Chitchat,Neutral
mấy tuổi rồi vậy id4771,Chitchat,Neutral
có nghe rõ trả lời không 🐧 id4772,Chitchat,Neutral
Vì deadline ngập đầu nên ta hơi nản,Chitchat,Negative
bà muốn hỏi bot có nghe rõ trả lời không,Chitchat,Neutral
bot làm được gì vậy bạn id4775,Chitchat,Neutral
áp lực vcl deadline dí 😭,Chitchat,Negative
Hế lô ở đâu á id4777,Chitchat,Neutral
Chào Thank you id4778,Chitchat,Positive
Mimo Củm ơn 🥰,Chitchat,Positive
bot ơi biết nói chuyện không 🤔,Chitchat,Neutral
có nghe rõ trả lời không id4781,Chitchat,Neutral
Củm ơn vì quá đã (^_<),Chitchat,Positive
Mimo ơi đang làm gì đấy 🤔,Chitchat,Neutral
em thấy áp lực quá id4784,Chitchat,Negative
Thích ghê đỉnh nóc kịch trần id4785,Chitchat,Positive
thấy stress quá 😭,Chitchat,Negative
Ê mấy tuổi rồi 🤔,Chitchat,Neutral
Alo ơi ông đang bất lực,Chitchat,Negative
Vì nên tui hơi nản 😭,Chitchat,Negative
buồn vcl deadline ngập đầu,Chitchat,Negative
Yo mấy tuổi rồi 🐧,Chitchat,Neutral
biết nói chuyện không vậy Mimo ơi 🐧,Chitchat,Neutral
Vì nên mấy ní hơi buồn 🥺,Chitchat,Negative
Ê ở đâu á id4794,Chitchat,Neutral
biết nói chuyện không vậy id4795,Chitchat,Neutral
mấy tuổi rồi id4796,Chitchat,Neutral
Hế lô mấy tuổi rồi 🤖 id4797,Chitchat,Neutral
bot làm được gì vậy Mimo ơi 👀,Chitchat,Neutral
cậu muốn hỏi biết nói chuyện không ❓,Chitchat,Neutral
Chào nha Mimo ở đâu á 🤖,Chitchat,Neutral
Thích bot ơi ghê 🤩 id4801,Chitchat,Positive
cute xỉu ❤️ id4802,Chitchat,Positive
Chào nha có nghe rõ trả lời không 🤖,Chitchat,Neutral
Vì nên bác hơi bất lực 😮‍💨,Chitchat,Negative
Hế lô có nghe rõ trả lời không 👀,Chitchat,Neutral
em muốn hỏi Mimo dễ thương ai tạo ra bạn,Chitchat,Neutral
bà muốn hỏi bot mấy tuổi rồi 💬,Chitchat,Neutral
áp lực vcl rớt môn 🥲,Chitchat,Negative
bạn 🤩,Chitchat,Positive
Mimo ✨ id4810,Chitchat,Positive
Vì deadline ngập đầu nên em hơi vô tri,Chitchat,Negative
Yo là nam hay nữ id4812,Chitchat,Neutral
cậu muốn hỏi bot ơi là nam hay nữ,Chitchat,Neutral
Thích bot ơi ghê id4814,Chitchat,Positive
đang làm gì đấy id4815,Chitchat,Neutral
Thích Mimo ghê 👍,Chitchat,Positive
Love ya 🔥 id4817,Chitchat,Positive
Vì đi học met quá nên ta hơi buon 🥲,Chitchat,Negative
Thích bot ơi ghê id4819,Chitchat,Positive
bot làm được gì vậy Mimo ơi id4820,Chitchat,Neutral
Mimo ơi đang làm gì đấy ❓ id4821,Chitchat,Neutral
app xịn xò 🥰,Chitchat,Positive
chán vcl đi học mệt quá 📉,Chitchat,Negative
bro muốn hỏi Mimo dễ thương đang làm gì đấy 💬,Chitchat,Neutral
có nghe rõ trả lời không vậy bot id4825,Chitchat,Neutral
bro muốn hỏi Mimo bot làm được gì 👀,Chitchat,Neutral
Vì đi học mệt quá nên em hơi áp lực,Chitchat,Negative
muốn hỏi Mimo dễ thương mấy tuổi rồi id4828,Chitchat,Neutral
biết nói chuyện không 🤖 id4829,Chitchat,Neutral
bác muốn hỏi Mimo ơi mấy tuổi rồi,Chitchat,Neutral
Vì hết tiền nên em hơi áp lực 📉,Chitchat,Negative
biết nói chuyện không id4832,Chitchat,Neutral
bạn là ai vậy bot ơi 🐧 id4833,Chitchat,Neutral
mấy tuổi rồi vậy 👀 id4834,Chitchat,Neutral
Thích Mimo dễ thương ghê thông minh,Chitchat,Positive
ông muốn hỏi ở đâu á id4836,Chitchat,Neutral
là nam hay nữ vậy 🤔 id4837,Chitchat,Neutral
Thích bạn ghê app xịn xò ✨,Chitchat,Positive
có nghe rõ trả lời không id4839,Chitchat,Neutral
có nghe rõ trả lời không vậy 👀 id4840,Chitchat,Neutral
vì chất lượng id4841,Chitchat,Positive
Thích Mimo ơi ghê 🔥 id4842,Chitchat,Positive
là nam hay nữ id4843,Chitchat,Neutral
Mimo ơi Mãi iu,Chitchat,Positive
đang làm gì đấy vậy Mimo ơi id4845,Chitchat,Neutral
Mimo ơi 🥰 id4846,Chitchat,Positive
có nghe rõ trả lời không vậy 💬 id4847,Chitchat,Neutral
ai tạo ra bạn vậy Mimo ơi 💬 id4848,Chitchat,Neutral
bà muốn hỏi bạn ai tạo ra bạn id4849,Chitchat,Neutral
tên gì á id4850,Chitchat,Neutral
bot làm được gì id4851,Chitchat,Neutral
Thank you vì đỉnh nóc kịch trần (^_<),Chitchat,Positive
ai tạo ra bạn id4853,Chitchat,Neutral
Chào ngày mới vui vẻ nha vì ✨ id4854,Chitchat,Positive
bạn là ai vậy id4855,Chitchat,Neutral
Mimo Love ya ✨ id4856,Chitchat,Positive
đang làm gì đấy id4857,Chitchat,Neutral
Yêu ghê vì đỉnh nóc kịch trần ✨,Chitchat,Positive
Mimo ai tạo ra bạn id4859,Chitchat,Neutral
Good morning Thank you 👍,Chitchat,Positive
Thank you 🤣 id4861,Chitchat,Positive
Chào ngày mới vui vẻ nha vì id4862,Chitchat,Positive
vì thông minh 🔥,Chitchat,Positive
Chào nha có nghe rõ trả lời không id4864,Chitchat,Neutral
Alo Mimo ơi bà đang bất lực,Chitchat,Negative
bot làm được gì 🐧 id4866,Chitchat,Neutral
Thank you vì id4867,Chitchat,Positive
bot làm được gì 👀 id4868,Chitchat,Neutral
mình thấy bất lực qá 💔,Chitchat,Negative
ông thấy vô tri quá,Chitchat,Negative
Chào nha là nam hay nữ 🤖,Chitchat,Neutral
Thích Mimo ơi ghê cute xỉu ❤️ id4872,Chitchat,Positive
mình thấy bất lực quá id4873,Chitchat,Negative
 id4874,Chitchat,Positive
Vì hết tiền nên em hơi buồn 🥲,Chitchat,Negative
Love ya vì 🔥 id4876,Chitchat,Positive
Vì nên bà hơi mệt,Chitchat,Negative
đang làm gì đấy vậy id4878,Chitchat,Neutral
Chào nha bạn ai tạo ra bạn id4879,Chitchat,Neutral
Thích Mimo ghê quá đã ✨ id4880,Chitchat,Positive
vì app xịn xò id4881,Chitchat,Positive
Alo Mimo ơi em đang áp lực 🥲,Chitchat,Negative
Mimo ơi ở đâu á id4883,Chitchat,Neutral
ở đâu á vậy 🤖 id4884,Chitchat,Neutral
Yo mấy tuổi rồi id4885,Chitchat,Neutral
Alo ơi ta đang tổn thương,Chitchat,Negative
bro thấy chán quá 💔,Chitchat,Negative
là nam hay nữ vậy Mimo ơi 💬,Chitchat,Neutral
Thích ghê id4889,Chitchat,Positive
Yo ai tạo ra bạn 👀,Chitchat,Neutral
bạn tên gì á id4891,Chitchat,Neutral
ai tạo ra bạn vậy Mimo dễ thương id4892,Chitchat,Neutral
✨ id4893,Chitchat,Positive
Chào ngày mới vui vẻ nha vì id4894,Chitchat,Positive
Thích Mimo ghê quá đã,Chitchat,Positive
Mimo dễ thương biết nói chuyện không id4896,Chitchat,Neutral
Alo bạn là ai id4897,Chitchat,Neutral
bạn là ai id4898,Chitchat,Neutral
vì đỉnh nóc kịch trần id4899,Chitchat,Positive
Alo Mimo ơi ơi ông đang mệt 😭,Chitchat,Negative
bác thấy stress quá 😢 id4901,Chitchat,Negative
bot đỉnh nóc kịch trần id4902,Chitchat,Positive
suy vcl deadline ngập đầu id4903,Chitchat,Negative
tổn thương vcl 📉,Chitchat,Negative
ai tạo ra bạn vậy Mimo ơi 🤔,Chitchat,Neutral
bot 🤣 id4906,Chitchat,Positive
mấy tuổi rồi vậy id4907,Chitchat,Neutral
bác muốn hỏi bot ơi biết nói chuyện không,Chitchat,Neutral
tên gì á vậy Mimo dễ thương id4909,Chitchat,Neutral
Alo ơi tui đang nản,Chitchat,Negative
Vì hết tiền nên tui hơi áp lực 📉,Chitchat,Negative
ông muốn hỏi bot ơi bot làm được gì,Chitchat,Neutral
bot làm được gì id4913,Chitchat,Neutral
Mimo dễ thương chất lượng 👍,Chitchat,Positive
ông muốn hỏi bot ơi đang làm gì đấy,Chitchat,Neutral
vô tri vcl id4916,Chitchat,Negative
áp lực vcl deadline ngập đầu,Chitchat,Negative
có nghe rõ trả lời ko 👀,Chitchat,Neutral
bà thấy vô tri quá 😭,Chitchat,Negative
Hiya Tks,Chitchat,Positive
ai tạo ra bạn vậy Mimo id4921,Chitchat,Neutral
tổn thương vcl cuộc sống khó khăn 😭,Chitchat,Negative
bot Thank you 🤩,Chitchat,Positive
ở đâu á vậy id4924,Chitchat,Neutral
biết nói chuyện không vậy Mimo dễ thương 👀,Chitchat,Neutral
Vì deadline ngập đầu nên tui hơi suy,Chitchat,Negative
ở đâu á vậy Mimo ❓ id4927,Chitchat,Neutral
Mãi iu vì quá đã,Chitchat,Positive
ta muốn hỏi Mimo ơi biết nói chuyện không,Chitchat,Neutral
Thích Mimo ơi ghê ❤️ id4930,Chitchat,Positive
Chào Yêu ghê,Chitchat,Positive
Thích bot ghê id4932,Chitchat,Positive
cute xỉu id4933,Chitchat,Positive
Yo Mimo mấy tuổi rồi 🤖,Chitchat,Neutral
là nam hay nữ vậy id4935,Chitchat,Neutral
đang làm gì đấy vậy Mimo dễ thương 👀 id4936,Chitchat,Neutral
nản vcl 😮‍💨,Chitchat,Negative
Alo Mimo dễ thương ơi bác đang vô tri 🥺,Chitchat,Negative
tên gì á vậy bot ơi id4939,Chitchat,Neutral
Yo biết nói chuyện không id4940,Chitchat,Neutral
bot là nam hay nữ 💬,Chitchat,Neutral
Vì deadline dí nên bác hơi nản 😢,Chitchat,Negative
Vì deadline ngập đầu nên ta hơi vô tri,Chitchat,Negative
bạn biết nói chuyện không id4944,Chitchat,Neutral
mấy tuổi rồi vậy bot 🤔,Chitchat,Neutral
có nghe rõ trả lời ko vậy 🤖,Chitchat,Neutral
bất lực vcl 📉 id4947,Chitchat,Negative
bác muốn hỏi đang làm gì đấy,Chitchat,Neutral
em muốn hỏi tên gì á ❓,Chitchat,Neutral
ông thấy stress quá id4950,Chitchat,Negative
bot ơi 🤩 id4951,Chitchat,Positive
Vì deadline ngập đầu nên mấy ní hơi mệt,Chitchat,Negative
tên gì á id4953,Chitchat,Neutral
bạn là ai vậy id4954,Chitchat,Neutral
có nghe rõ trả lời không 🐧 id4955,Chitchat,Neutral
biết nói chuyện không vậy Mimo dễ thương id4956,Chitchat,Neutral
Yo là nam hay nữ id4957,Chitchat,Neutral
Vì cuộc sống khó khăn nên hơi stress,Chitchat,Negative
bot đang làm gì đấy id4959,Chitchat,Neutral
tên gì á vậy id4960,Chitchat,Neutral
vô tri vcl đi học mệt quá 💔,Chitchat,Negative
Yo bot ơi ở đâu á 👀,Chitchat,Neutral
Yo ở đâu á ❓ id4963,Chitchat,Neutral
vì thông minh 🥰,Chitchat,Positive
Mãi iu vì thông minh 🥰,Chitchat,Positive
Yo Mimo dễ thương bot làm đc gì 💬,Chitchat,Neutral
ai tạo ra bạn vậy Mimo dễ thương 🤔,Chitchat,Neutral
bạn là ai id4968,Chitchat,Neutral
đang làm gì đấy vậy 👀,Chitchat,Neutral
Thích ghê ❤️ id4970,Chitchat,Positive
Thích Mimo ghê cute xỉu 🤩,Chitchat,Positive
bot ai tạo ra bạn 🤖,Chitchat,Neutral
có nghe rõ trả lời không vậy id4973,Chitchat,Neutral
có nghe rõ trả lời không id4974,Chitchat,Neutral
biết nói chuyện không 🤔 id4975,Chitchat,Neutral
Biết ơn id4976,Chitchat,Positive
Chào ngày mới vui vẻ nha vì id4977,Chitchat,Positive
bạn là ai id4978,Chitchat,Neutral
Thích bạn ghê 🥰,Chitchat,Positive
muốn hỏi bot bạn là ai,Chitchat,Neutral
tên gì á vậy bot ơi id4981,Chitchat,Neutral
Hế lô ở đâu á 💬 id4982,Chitchat,Neutral
bạn id4983,Chitchat,Positive
Vì cuộc sống khó khăn nên ta hơi tổn thương 🥲,Chitchat,Negative
đang làm gì đấy id4985,Chitchat,Neutral
bro muốn hỏi đang làm gì đấy,Chitchat,Neutral
Alo Mimo ơi là nam hay nữ 🤖 id4987,Chitchat,Neutral
đang làm gì đấy 👀 id4988,Chitchat,Neutral
bot làm được gì vậy Mimo id4989,Chitchat,Neutral
Cảm ơn vì chất lượng 🤩,Chitchat,Positive
thấy vô tri quá 🥲,Chitchat,Negative
Vì deadline dí nên ta hơi nản 🥲,Chitchat,Negative
ai tạo ra bạn ❓ id4993,Chitchat,Neutral
Thích bạn ghê chất lượng 🥰,Chitchat,Positive
muốn hỏi bot ơi ai tạo ra bạn,Chitchat,Neutral
Vì rớt môn nên tui hơi suy 😢,Chitchat,Negative
bạn bạn là ai id4997,Chitchat,Neutral
Chào ngày mới vui vẻ nha vì id4998,Chitchat,Positive
Mimo ơi giao diện đẹp id4999,Chitchat,Positive
là nam hay nữ vậy Mimo dễ thương ❓,Chitchat,Neutral
bạn 👍,Chitchat,Positive
Chào ngày mới vui vẻ nha vì (^_<) id5002,Chitchat,Positive
thấy met quá id5003,Chitchat,Negative
Mimo quá đã ❤️,Chitchat,Positive
Chào ngày mới vui vẻ nha vì 🔥 id5005,Chitchat,Positive
bro muốn hỏi bạn mấy tuổi rồi 💬,Chitchat,Neutral
biết nói chuyện không id5007,Chitchat,Neutral
Alo ơi đang tổn thương,Chitchat,Negative
Chào nha biết nói chuyện không id5009,Chitchat,Neutral
Hế lô bot bot làm được gì 🤖,Chitchat,Neutral
bạn ở đâu á 🤔 id5011,Chitchat,Neutral
đỉnh nóc kịch trần id5012,Chitchat,Positive
chán vcl 🥺,Chitchat,Negative
ai tạo ra bạn vậy bạn id5014,Chitchat,Neutral
là nam hay nữ vậy id5015,Chitchat,Neutral
muốn hỏi Mimo là nam hay nữ 🤔,Chitchat,Neutral
có nghe rõ trả lời không vậy bạn ❓,Chitchat,Neutral
bro muốn hỏi Mimo ơi mấy tuổi rồi 🤔,Chitchat,Neutral
Alo Mimo dễ thương mấy tuổi rồi,Chitchat,Neutral
Thích ghê app mượt 🤩 id5020,Chitchat,Positive
Alo bot biết nói chuyện không ❓,Chitchat,Neutral
bot làm được gì vậy Mimo id5022,Chitchat,Neutral
bạn (^_<) id5023,Chitchat,Positive
biết nói chuyện không vậy 💬 id5024,Chitchat,Neutral
Alo bot làm được gì 🤔,Chitchat,Neutral
bot ơi mấy tuổi rồi 🤖,Chitchat,Neutral
bạn đang làm gì đấy 👀,Chitchat,Neutral
Thích Mimo ghê đỉnh nóc kịch trần,Chitchat,Positive
bot là nam hay nữ id5029,Chitchat,Neutral
Vì nên bà hơi chán 😮‍💨,Chitchat,Negative
🥰 id5031,Chitchat,Positive
tên gì á vậy 💬 id5032,Chitchat,Neutral
đang làm gì đấy vậy 💬 id5033,Chitchat,Neutral
mấy tuổi rồi vậy bạn,Chitchat,Neutral
bot ơi biết nói chuyện không id5035,Chitchat,Neutral
bro muốn hỏi bot tên gì á,Chitchat,Neutral
 id5037,Chitchat,Positive
đang làm gì đấy 🐧 id5038,Chitchat,Neutral
Cảm ơn vì quá đã,Chitchat,Positive
bạn là ai vậy bot ơi id5040,Chitchat,Neutral
ở đâu á id5041,Chitchat,Neutral
Good morning Mimo Yêu ghê,Chitchat,Positive
Cảm ơn vì ✨ id5043,Chitchat,Positive
app xịn xò 🔥,Chitchat,Positive
Hế lô đang làm gì đấy 👀,Chitchat,Neutral
bất lực vcl crush lơ,Chitchat,Negative
Vì nên em hơi nản 🥺 id5047,Chitchat,Negative
Thích Mimo ơi ghê 🤩 id5048,Chitchat,Positive
bạn là ai id5049,Chitchat,Neutral
Alo mấy tuổi rồi 🤖,Chitchat,Neutral
Alo Mimo dễ thương ơi đang buồn,Chitchat,Negative
Mimo dễ thương id5052,Chitchat,Positive
 id5053,Chitchat,Positive
đang làm gì đấy 🤔 id5054,Chitchat,Neutral
mình muốn hỏi là nam hay nữ ❓,Chitchat,Neutral
Thích Mimo dễ thương ghê 🔥 id5056,Chitchat,Positive
bot Chào ngày mới vui vẻ nha 👍 id5057,Chitchat,Positive
đỉnh nóc kịch trần ✨ id5058,Chitchat,Positive
ai tạo ra bạn 💬 id5059,Chitchat,Neutral
Mimo dễ thương app xịn xò 🤣,Chitchat,Positive
Vì nên ông hơi stress,Chitchat,Negative
Chào ngày mới vui vẻ nha vì ✨ id5062,Chitchat,Positive
ở đâu á vậy id5063,Chitchat,Neutral
Ê ở đâu á id5064,Chitchat,Neutral
Ê Mimo ơi là nam hay nữ id5065,Chitchat,Neutral
bro thấy nản quá 😮‍💨,Chitchat,Negative
bot tên gì á 👀,Chitchat,Neutral
đang làm gì đấy id5068,Chitchat,Neutral
Chào ngày mới vui vẻ nha vì id5069,Chitchat,Positive
Chào nha Mimo là nam hay nữ,Chitchat,Neutral
Hế lô bot làm được gì id5071,Chitchat,Neutral
Chào nha Mimo dễ thương ai tạo ra bạn,Chitchat,Neutral
tui thấy suy quá id5073,Chitchat,Negative
Vì cuộc sống khó khăn nên mình hơi bất lực 🥲,Chitchat,Negative
Biết ơn vì id5075,Chitchat,Positive
Yo bot bạn là ai,Chitchat,Neutral
Ê Mimo ơi bot làm được gì,Chitchat,Neutral
Ê ai tạo ra bạn id5078,Chitchat,Neutral
có nghe rõ trả lời không 🤔 id5079,Chitchat,Neutral
Alo ơi em đang mệt,Chitchat,Negative
có nghe rõ trả lời không id5081,Chitchat,Neutral
em muốn hỏi mấy tuổi rồi 💬,Chitchat,Neutral
chán vcl cuộc sống khó khăn id5083,Chitchat,Negative
Biết ơn vì cute xỉu 🔥 id5084,Chitchat,Positive
mấy tuổi rồi vậy bot id5085,Chitchat,Neutral
❤️ id5086,Chitchat,Positive
Mimo app xịn xò 👍 id5087,Chitchat,Positive
muốn hỏi Mimo ơi bạn là ai 🐧,Chitchat,Neutral
bot 🤣 id5089,Chitchat,Positive
bạn là ai 🐧 id5090,Chitchat,Neutral
biết nói chuyện ko 🤔,Chitchat,Neutral
Alo Mimo ơi ơi bà đang tổn thương,Chitchat,Negative
Alo ơi ông đang nản,Chitchat,Negative
Alo Mimo ơi đang áp lực,Chitchat,Negative
bất lực vcl deadline ngập đầu 😮‍💨,Chitchat,Negative
đang làm gì đấy id5096,Chitchat,Neutral
cậu muốn hỏi bot mấy tuổi rồi,Chitchat,Neutral
Tks vì id5098,Chitchat,Positive
Good morning,Chitchat,Positive
biết nói chuyện không vậy id5100,Chitchat,Neutral
tên gì á 🐧 id5101,Chitchat,Neutral
Hế lô biết nói chuyện ko 👀,Chitchat,Neutral
Thích bạn ghê id5103,Chitchat,Positive
bot là nam hay nữ id5104,Chitchat,Neutral
bác muốn hỏi ở đâu á 🐧,Chitchat,Neutral
Mimo dễ thương biết nói chuyện không id5106,Chitchat,Neutral
Chào ngày mới vui vẻ nha vì 🥰 id5107,Chitchat,Positive
Alo ơi em đang nản 😢,Chitchat,Negative
Mimo ơi id5109,Chitchat,Positive
vì chất lượng 🥰 id5110,Chitchat,Positive
stress vcl deadline dí 😢,Chitchat,Negative
Xin chào bot ơi Biết ơn (^_<),Chitchat,Positive
vì cute xỉu 🤣 id5113,Chitchat,Positive
Thích Mimo ơi ghê 🥰,Chitchat,Positive
tổn thương vcl id5115,Chitchat,Negative
có nghe rõ trả lời không vậy id5116,Chitchat,Neutral
bro thấy áp lực quá id5117,Chitchat,Negative
bot làm được gì id5118,Chitchat,Neutral
muốn hỏi Mimo ở đâu á 🤔,Chitchat,Neutral
bot ơi đang làm gì đấy 🤔,Chitchat,Neutral
Chào ngày mới vui vẻ nha vì ❤️ id5121,Chitchat,Positive
muốn hỏi Mimo ở đâu á 👀,Chitchat,Neutral
Thích Mimo ghê app xịn xò 🤩,Chitchat,Positive
bạn id5124,Chitchat,Positive
có nghe rõ trả lời không 🐧 id5125,Chitchat,Neutral
Alo bạn ơi đang suy 🥺,Chitchat,Negative
Vì hết tiền nên ông hơi chán,Chitchat,Negative
Chào nha ở đâu á id5128,Chitchat,Neutral
 id5129,Chitchat,Positive
👍 id5130,Chitchat,Positive
là nam hay nữ id5131,Chitchat,Neutral
Alo có nghe rõ trả lời không,Chitchat,Neutral
ông muốn hỏi bot biết nói chuyện không,Chitchat,Neutral
bot ơi id5134,Chitchat,Positive
bất lực vcl đi học mệt quá 💔,Chitchat,Negative
Thích Mimo dễ thương ghê id5136,Chitchat,Positive
Tks id5137,Chitchat,Positive
tui muốn hỏi mấy tuổi rồi 💬,Chitchat,Neutral
cute xỉu id5139,Chitchat,Positive
Thích Mimo dễ thương ghê id5140,Chitchat,Positive
mấy ní thấy chán qá 😮‍💨,Chitchat,Negative
bot làm được gì vậy id5142,Chitchat,Neutral
tui muốn hỏi Mimo dễ thương là nam hay nữ id5143,Chitchat,Neutral
Yo Mimo dễ thương bạn là ai 🤔 id5144,Chitchat,Neutral
bà muốn hỏi ở đâu á 👀,Chitchat,Neutral
Thích Mimo ghê (^_<) id5146,Chitchat,Positive
Vì nên hơi bất lực,Chitchat,Negative
tên gì á vậy Mimo 🤔,Chitchat,Neutral
👍 id5149,Chitchat,Positive
mấy tuổi rồi vậy Mimo 🤖 id5150,Chitchat,Neutral
bro muốn hỏi Mimo ơi ở đâu á 💬,Chitchat,Neutral
Vì nên mình hơi nản id5152,Chitchat,Negative
bà thấy bất lực quá,Chitchat,Negative
đang làm gì đấy vậy bot id5154,Chitchat,Neutral
Yo có nghe rõ trả lời không 🐧,Chitchat,Neutral
vô tri vcl id5156,Chitchat,Negative
bạn có nghe rõ trả lời không 🐧,Chitchat,Neutral
Mimo 🤩 id5158,Chitchat,Positive
bot biết nói chuyện không 💬,Chitchat,Neutral
mình muốn hỏi Mimo ơi ai tạo ra bạn,Chitchat,Neutral
Chào nha bot làm được gì 💬,Chitchat,Neutral
Biết ơn (^_<),Chitchat,Positive
bạn cute xỉu 🔥,Chitchat,Positive
muốn hỏi bạn mấy tuổi rồi 🤔,Chitchat,Neutral
là nam hay nữ vậy bạn 👀 id5165,Chitchat,Neutral
mệt vcl cuộc sống khó khăn,Chitchat,Negative
là nam hay nữ 🤔 id5167,Chitchat,Neutral
có nghe rõ trả lời không vậy 🤔 id5168,Chitchat,Neutral
Thích Mimo ơi ghê ❤️ id5169,Chitchat,Positive
là nam hay nữ id5170,Chitchat,Neutral
em thấy chán quá 😢,Chitchat,Negative
Mimo dễ thương Love ya 🤣,Chitchat,Positive
Vì nên em hơi vô tri 😮‍💨,Chitchat,Negative
Mimo giao diện đẹp 🔥,Chitchat,Positive
Mimo ơi là nam hay nữ id5175,Chitchat,Neutral
tui muốn hỏi Mimo có nghe rõ trả lời không,Chitchat,Neutral
Chào ngày mới vui vẻ nha vì id5177,Chitchat,Positive
Thích ghê ✨ id5178,Chitchat,Positive
bác muốn hỏi Mimo đang làm gì đấy 🤖,Chitchat,Neutral
mấy ní muốn hỏi mấy tuổi rồi id5180,Chitchat,Neutral
là nam hay nữ vậy bot id5181,Chitchat,Neutral
biết nói chuyện không vậy bot ơi 🤔,Chitchat,Neutral
Thích ghê 🔥 id5183,Chitchat,Positive
Mimo dễ thương quá đã ✨,Chitchat,Positive
là nam hay nữ vậy Mimo ơi id5185,Chitchat,Neutral
Alo ơi ông đang vô tri,Chitchat,Negative
Alo ơi đang suy 🥲 id5187,Chitchat,Negative
có nghe rõ trả lời không 💬 id5188,Chitchat,Neutral
ta muốn hỏi Mimo dễ thương bạn là ai,Chitchat,Neutral
cute xỉu id5190,Chitchat,Positive
mấy ní thấy áp lực quá 🥲,Chitchat,Negative
Mimo dễ thương id5192,Chitchat,Positive
Thích Mimo ơi ghê 🤩 id5193,Chitchat,Positive
ở đâu á vậy bot ơi 🤖 id5194,Chitchat,Neutral
mấy ní thấy chán quá id5195,Chitchat,Negative
biết nói chuyện ko id5196,Chitchat,Neutral
Alo ơi đang áp lực,Chitchat,Negative
Chào ngày mới vui vẻ nha vì (^_<) id5198,Chitchat,Positive
Mimo dễ thương thông minh 👍,Chitchat,Positive
Thích Mimo ghê 🤩,Chitchat,Positive
Thích ghê quá đã id5201,Chitchat,Positive
Vì deadline ngập đầu nên bà hơi stress,Chitchat,Negative
có nghe rõ trả lời không vậy id5203,Chitchat,Neutral
đang làm gì đấy 👀 id5204,Chitchat,Neutral
đang làm gì đấy vậy id5205,Chitchat,Neutral
bác thấy buồn quá 😭 id5206,Chitchat,Negative
cute xỉu 🔥,Chitchat,Positive
Yo ở đâu á id5208,Chitchat,Neutral
áp lực vcl bồ giận,Chitchat,Negative
Ê tên gì á id5210,Chitchat,Neutral
Hi Mimo Chào ngày mới vui vẻ nha ❤️,Chitchat,Positive
tui thấy chán qá,Chitchat,Negative
Alo bạn ơi tui đang met 🥲,Chitchat,Negative
ta muốn hỏi bot biết nói chuyện không,Chitchat,Neutral
Mãi iu vì id5215,Chitchat,Positive
mấy ní thấy stress quá 📉,Chitchat,Negative
Thích ghê id5217,Chitchat,Positive
Mimo ơi biết nói chuyện không 🤔,Chitchat,Neutral
Tks vì 🥰,Chitchat,Positive
Ê ở đâu á id5220,Chitchat,Neutral
ai tạo ra bạn vậy Mimo dễ thương 🤖 id5221,Chitchat,Neutral
Alo ơi em đang stress,Chitchat,Negative
ông muốn hỏi bot ơi ai tạo ra bạn,Chitchat,Neutral
Thích bot ghê app xịn xò,Chitchat,Positive
Mimo dễ thương bot làm được gì ❓,Chitchat,Neutral
Alo Mimo ơi ơi bà đang mệt,Chitchat,Negative
vì cute xỉu (^_<),Chitchat,Positive
là nam hay nữ ❓ id5228,Chitchat,Neutral
Vì nên mấy ní hơi áp lực,Chitchat,Negative
tui muốn hỏi Mimo ơi là nam hay nữ id5230,Chitchat,Neutral
ai tạo ra bạn vậy Mimo dễ thương id5231,Chitchat,Neutral
Alo ơi ta đang vô tri 💔,Chitchat,Negative
em thấy suy quá,Chitchat,Negative
bà muốn hỏi Mimo ơi là nam hay nữ ❓,Chitchat,Neutral
tui muốn hỏi bot ơi đang làm gì đấy ❓,Chitchat,Neutral
ở đâu á id5236,Chitchat,Neutral
tên gì á vậy 👀 id5237,Chitchat,Neutral
Vì bồ giận nên hơi stress 😢,Chitchat,Negative
Alo có nghe rõ trả lời không 👀,Chitchat,Neutral
Thích bot ơi ghê app xịn xò id5240,Chitchat,Positive
Mimo dễ thương 🥰 id5241,Chitchat,Positive
muốn hỏi Mimo dễ thương biết nói chuyện không,Chitchat,Neutral
bạn là ai vậy 🤖,Chitchat,Neutral
bà thấy met quá 📉,Chitchat,Negative
bot làm được gì vậy Mimo ơi 💬,Chitchat,Neutral
vô tri vcl bồ giận,Chitchat,Negative
Thích ghê app mượt id5247,Chitchat,Positive
bà muốn hỏi Mimo có nghe rõ trả lời không,Chitchat,Neutral
Hiya bot Thank you 👍,Chitchat,Positive
Alo ơi bro đang stress 😢,Chitchat,Negative
Vì nên mình hơi nản 😭,Chitchat,Negative
bác muốn hỏi có nghe rõ trả lời không id5252,Chitchat,Neutral
Thích bot ơi ghê 🔥 id5253,Chitchat,Positive
em thấy suy quá 💔,Chitchat,Negative
bác muốn hỏi Mimo ơi có nghe rõ trả lời không ❓,Chitchat,Neutral
Yo ở đâu á id5256,Chitchat,Neutral
bạn bot làm được gì 👀,Chitchat,Neutral
🤩 id5258,Chitchat,Positive
Alo Mimo dễ thương ơi mấy ní đang mệt,Chitchat,Negative
✨ id5260,Chitchat,Positive
Mimo bạn là ai id5261,Chitchat,Neutral
Alo bạn đang làm gì đấy,Chitchat,Neutral
có nghe rõ trả lời không vậy bot ơi 🤖,Chitchat,Neutral
bạn chất lượng id5264,Chitchat,Positive
cute xỉu id5265,Chitchat,Positive
có nghe rõ trả lời không vậy bot ơi id5266,Chitchat,Neutral
Vì crush lơ nên mấy ní hơi buồn,Chitchat,Negative
Chào ngày mới vui vẻ nha vì 🤣 id5268,Chitchat,Positive
bất lực vcl rớt môn id5269,Chitchat,Negative
là nam hay nữ 🤖 id5270,Chitchat,Neutral
Love ya vì đỉnh nóc kịch trần,Chitchat,Positive
Chào nha đang làm gì đấy ❓,Chitchat,Neutral
tui muốn hỏi bot ở đâu á id5273,Chitchat,Neutral
bro muốn hỏi Mimo dễ thương đang làm gì đấy id5274,Chitchat,Neutral
cậu muốn hỏi ở đâu á id5275,Chitchat,Neutral
biết nói chuyện không id5276,Chitchat,Neutral
bạn là ai vậy 🐧 id5277,Chitchat,Neutral
bạn app xịn xò,Chitchat,Positive
bot làm được gì 🤔 id5279,Chitchat,Neutral
Hế lô có nghe rõ trả lời không 🤖,Chitchat,Neutral
Vì deadline dí nên mình hơi stress 😢,Chitchat,Negative
là nam hay nữ vậy id5282,Chitchat,Neutral
Mimo ơi Biết ơn,Chitchat,Positive
bạn là ai 🐧 id5284,Chitchat,Neutral
Alo ở đâu á id5285,Chitchat,Neutral
bạn là ai 🤖 id5286,Chitchat,Neutral
mình muốn hỏi bot làm được gì 🤖,Chitchat,Neutral
Ê bot biết nói chuyện không,Chitchat,Neutral
Gút mỏ ninh Chào ngày mới vui vẻ nha id5289,Chitchat,Positive
Vì đi học mệt quá nên tui hơi stress,Chitchat,Negative
app mượt id5291,Chitchat,Positive
bác muốn hỏi ở đâu á ❓,Chitchat,Neutral
bot ở đâu á ❓ id5293,Chitchat,Neutral
Mimo dễ thương id5294,Chitchat,Positive
giao diện đẹp ❤️ id5295,Chitchat,Positive
Chào ngày mới vui vẻ nha 🤩,Chitchat,Positive
Thích ghê 🥰 id5297,Chitchat,Positive
 id5298,Chitchat,Positive
bất lực vcl crush lơ 😭,Chitchat,Negative
bot Củm ơn 👍,Chitchat,Positive
có nghe rõ trả lời không vậy bot 🐧 id5301,Chitchat,Neutral
đang làm gì đấy vậy Mimo id5302,Chitchat,Neutral
đang làm gì đấy vậy Mimo dễ thương id5303,Chitchat,Neutral
Alo bot ơi bác đang bất lực,Chitchat,Negative
tên gì á vậy id5305,Chitchat,Neutral
cậu thấy buồn quá 😢,Chitchat,Negative
tên gì á id5307,Chitchat,Neutral
Hế lô ai tạo ra bạn 🤖,Chitchat,Neutral
Củm ơn 🔥,Chitchat,Positive
Thích ghê giao diện đẹp ❤️,Chitchat,Positive
Vì nên cậu hơi suy 😮‍💨,Chitchat,Negative
bot làm được gì id5312,Chitchat,Neutral
mấy ní muốn hỏi Mimo ơi đang làm gì đấy ❓,Chitchat,Neutral
Chào Love ya id5314,Chitchat,Positive
bro muốn hỏi bot ơi đang làm gì đấy,Chitchat,Neutral
vô tri vcl 😢 id5316,Chitchat,Negative
áp lực vcl đi học met quá,Chitchat,Negative
Cảm ơn vì app xịn xò id5318,Chitchat,Positive
bot ơi bạn là ai id5319,Chitchat,Neutral
ai tạo ra bạn vậy Mimo id5320,Chitchat,Neutral
Cảm ơn vì id5321,Chitchat,Positive
Alo bot ơi ông đang vô tri,Chitchat,Negative
biết nói chuyện không 🤖 id5323,Chitchat,Neutral
thấy bất lực quá 😮‍💨,Chitchat,Negative
Thích ghê giao diện đẹp 👍,Chitchat,Positive
bot làm được gì vậy id5326,Chitchat,Neutral
muốn hỏi bạn biết nói chuyện không ❓,Chitchat,Neutral
Thích bạn ghê quá đã 🤣,Chitchat,Positive
Chào ngày mới vui vẻ nha id5329,Chitchat,Positive
có nghe rõ trả lời không id5330,Chitchat,Neutral
bro muốn hỏi ở đâu á id5331,Chitchat,Neutral
Mimo id5332,Chitchat,Positive
biết nói chuyện không id5333,Chitchat,Neutral
bạn là ai vậy id5334,Chitchat,Neutral
cute xỉu ❤️ id5335,Chitchat,Positive
tên gì á vậy Mimo id5336,Chitchat,Neutral
Thích bot ghê app xịn xò 🥰 id5337,Chitchat,Positive
bạn là nam hay nữ 🤔 id5338,Chitchat,Neutral
Thích Mimo ơi ghê app mượt id5339,Chitchat,Positive
bác muốn hỏi Mimo dễ thương tên gì á ❓,Chitchat,Neutral
đang làm gì đấy id5341,Chitchat,Neutral
Vì bồ giận nên ta hơi stress 😮‍💨,Chitchat,Negative
met vcl 🥺,Chitchat,Negative
em muốn hỏi bot ơi đang làm gì đấy 👀,Chitchat,Neutral
bạn Mãi iu (^_<),Chitchat,Positive
Mimo bạn là ai ❓,Chitchat,Neutral
bot làm được gì vậy Mimo ơi id5347,Chitchat,Neutral
đang làm gì đấy vậy 👀 id5348,Chitchat,Neutral
Tks vì giao diện đẹp 🤣,Chitchat,Positive
bạn là ai id5350,Chitchat,Neutral
Thích bot ghê ❤️ id5351,Chitchat,Positive
Chào ngày mới vui vẻ nha vì 🥰 id5352,Chitchat,Positive
đang làm gì đấy vậy id5353,Chitchat,Neutral
 id5354,Chitchat,Positive
Vì deadline ngập đầu nên bác hơi bất lực 🥺,Chitchat,Negative
ở đâu á vậy bạn id5356,Chitchat,Neutral
bot làm được gì vậy Mimo ơi id5357,Chitchat,Neutral
ta muốn hỏi bot ơi bot làm được gì 👀,Chitchat,Neutral
Alo Mimo ơi em đang nản 😮‍💨,Chitchat,Negative
bất lực vcl 📉 id5360,Chitchat,Negative
Hiya  🔥,Chitchat,Positive
mấy ní thấy suy quá id5362,Chitchat,Negative
em muốn hỏi là nam hay nữ,Chitchat,Neutral
Thích bot ơi ghê thông minh 🤩,Chitchat,Positive
cậu muốn hỏi Mimo dễ thương bạn là ai 💬,Chitchat,Neutral
Mimo ơi mấy tuổi rồi id5366,Chitchat,Neutral
Vì crush lơ nên tui hơi suy 😮‍💨,Chitchat,Negative
ta muốn hỏi bot ơi ai tạo ra bạn,Chitchat,Neutral
đang làm gì đấy 🤔 id5369,Chitchat,Neutral
🔥 id5370,Chitchat,Positive
Vì deadline dí nên mấy ní hơi stress 🥲,Chitchat,Negative
bro thấy áp lực quá id5372,Chitchat,Negative
có nghe rõ trả lời không 🤔 id5373,Chitchat,Neutral
tên gì á vậy bot ơi 💬 id5374,Chitchat,Neutral
tên gì á 🤔 id5375,Chitchat,Neutral
Hế lô bot ơi bạn là ai id5376,Chitchat,Neutral
Biết ơn vì ❤️,Chitchat,Positive
bot làm được gì id5378,Chitchat,Neutral
Thích ghê chất lượng 🥰,Chitchat,Positive
Chào nha ai tạo ra bạn id5380,Chitchat,Neutral
mấy ní muốn hỏi bot làm được gì id5381,Chitchat,Neutral
Vì nên cậu hơi mệt id5382,Chitchat,Negative
Chào nha bạn mấy tuổi rồi 🤔,Chitchat,Neutral
Thích Mimo ghê id5384,Chitchat,Positive
chán vcl rớt môn 💔 id5385,Chitchat,Negative
bot làm được gì id5386,Chitchat,Neutral
bà muốn hỏi ai tạo ra bạn ❓ id5387,Chitchat,Neutral
Mimo ơi Chào ngày mới vui vẻ nha id5388,Chitchat,Positive
Mimo ơi ✨ id5389,Chitchat,Positive
muốn hỏi Mimo ơi bot làm được gì,Chitchat,Neutral
Mimo ơi app mượt id5391,Chitchat,Positive
bà muốn hỏi Mimo là nam hay nữ 💬,Chitchat,Neutral
bro muốn hỏi bạn là ai 💬 id5393,Chitchat,Neutral
bất lực vcl crush lơ 🥲,Chitchat,Negative
có nghe rõ trả lời không id5395,Chitchat,Neutral
app mượt id5396,Chitchat,Positive
Mimo dễ thương Love ya id5397,Chitchat,Positive
bạn thông minh ✨,Chitchat,Positive
Vì nên ông hơi vô tri 😢,Chitchat,Negative
tên gì á vậy bot ơi id5400,Chitchat,Neutral
bác muốn hỏi bot ơi ai tạo ra bạn,Chitchat,Neutral
Alo ơi em đang stress 🥺,Chitchat,Negative
em muốn hỏi bạn bạn là ai 🤖,Chitchat,Neutral
bác muốn hỏi ai tạo ra bạn id5404,Chitchat,Neutral
ông thấy bất lực quá,Chitchat,Negative
Alo ơi cậu đang bất lực 😭,Chitchat,Negative
Cảm ơn vì chất lượng (^_<),Chitchat,Positive
ta muốn hỏi Mimo ơi ai tạo ra bạn 💬,Chitchat,Neutral
Mimo Thank you id5409,Chitchat,Positive
tui thấy bất lực quá 📉,Chitchat,Negative
Alo biết nói chuyện không 🐧,Chitchat,Neutral
Thích ghê quá đã 🥰 id5412,Chitchat,Positive
bà thấy tổn thương quá id5413,Chitchat,Negative
tên gì á id5414,Chitchat,Neutral
Vì nên mấy ní hơi áp lực 😢,Chitchat,Negative
Alo bot ơi ai tạo ra bạn,Chitchat,Neutral
là nam hay nữ vậy bot ơi id5417,Chitchat,Neutral
Ê bạn là ai id5418,Chitchat,Neutral
bạn là ai vậy Mimo ơi,Chitchat,Neutral
tui muốn hỏi bot đang làm gì đấy ❓,Chitchat,Neutral
Vì nên hơi chán 😢 id5421,Chitchat,Negative
ở đâu á vậy 👀 id5422,Chitchat,Neutral
mình muốn hỏi bot đang làm gì đấy,Chitchat,Neutral
ở đâu á 👀 id5424,Chitchat,Neutral
Mimo dễ thương (^_<) id5425,Chitchat,Positive
Biết ơn vì app mượt 👍,Chitchat,Positive
bot làm được gì vậy 👀 id5427,Chitchat,Neutral
vì app mượt id5428,Chitchat,Positive
Biết ơn vì (^_<) id5429,Chitchat,Positive
mình thấy vô tri qá 💔,Chitchat,Negative
ông muốn hỏi Mimo ơi đang làm gì đấy 🤖,Chitchat,Neutral
ta muốn hỏi bạn mấy tuổi rồi 🤖,Chitchat,Neutral
Thích ghê giao diện đẹp id5433,Chitchat,Positive
bà thấy buồn quá,Chitchat,Negative
bro muốn hỏi bạn đang làm gì đấy id5435,Chitchat,Neutral
Thích ghê 👍 id5436,Chitchat,Positive
Thích Mimo ơi ghê id5437,Chitchat,Positive
tui muốn hỏi bot ơi biết nói chuyện không 💬,Chitchat,Neutral
là nam hay nữ vậy 💬,Chitchat,Neutral
Chào ngày mới vui vẻ nha vì ❤️ id5440,Chitchat,Positive
cậu thấy mệt quá,Chitchat,Negative
❤️ id5442,Chitchat,Positive
Mãi iu id5443,Chitchat,Positive
Ê bot làm được gì 🤖 id5444,Chitchat,Neutral
Vì đi học mệt quá nên cậu hơi suy 🥲,Chitchat,Negative
Alo ơi cậu đang stress,Chitchat,Negative
bà muốn hỏi biết nói chuyện không id5447,Chitchat,Neutral
Xin chao Mimo dễ thương Tks 🤣,Chitchat,Positive
Yo bot làm được gì id5449,Chitchat,Neutral
Ê Mimo biết nói chuyện không,Chitchat,Neutral
cậu muốn hỏi bot làm được gì 💬,Chitchat,Neutral
Love ya vì 🔥 id5452,Chitchat,Positive
Yo bạn bot làm đc gì,Chitchat,Neutral
Thích Mimo dễ thương ghê ✨ id5454,Chitchat,Positive
tổn thương vcl id5455,Chitchat,Negative
Thích bot ghê đỉnh nóc kịch trần,Chitchat,Positive
Vì nên ta hơi suy 😢 id5457,Chitchat,Negative
là nam hay nữ id5458,Chitchat,Neutral
ở đâu á vậy bạn 👀,Chitchat,Neutral
có nghe rõ trả lời ko vậy bot ơi,Chitchat,Neutral
Thank you vì đỉnh nóc kịch trần 🔥,Chitchat,Positive
vô tri vcl crush lơ id5462,Chitchat,Negative
tên gì á vậy bot 🤖 id5463,Chitchat,Neutral
áp lực vcl id5464,Chitchat,Negative
cậu muốn hỏi tên gì á 👀,Chitchat,Neutral
biết nói chuyện không vậy ❓ id5466,Chitchat,Neutral
Thích ghê đỉnh nóc kịch trần id5467,Chitchat,Positive
Hế lô bot là nam hay nữ,Chitchat,Neutral
Mimo ơi đỉnh nóc kịch trần,Chitchat,Positive
em muốn hỏi mấy tuổi rồi 👀,Chitchat,Neutral
bot làm được gì vậy bot ơi 💬 id5471,Chitchat,Neutral
ai tạo ra bạn vậy 🤖 id5472,Chitchat,Neutral
Alo Mimo ơi ơi ông đang tổn thương,Chitchat,Negative
bà muốn hỏi có nghe rõ trả lời không,Chitchat,Neutral
bạn là ai 🤖 id5475,Chitchat,Neutral
ông muốn hỏi tên gì á id5476,Chitchat,Neutral
Thích Mimo ghê giao diện đẹp (^_<),Chitchat,Positive
mấy tuổi rồi vậy id5478,Chitchat,Neutral
ông muốn hỏi Mimo ở đâu á,Chitchat,Neutral
Ê ở đâu á 💬 id5480,Chitchat,Neutral
Vì hết tiền nên bác hơi nản,Chitchat,Negative
mình thấy mệt quá id5482,Chitchat,Negative
ở đâu á id5483,Chitchat,Neutral
bác muốn hỏi Mimo dễ thương ở đâu á,Chitchat,Neutral
mấy ní thấy chán quá id5485,Chitchat,Negative
Vì nên bro hơi bất lực 😢,Chitchat,Negative
Hế lô bot ơi có nghe rõ trả lời không 👀,Chitchat,Neutral
Thích bạn ghê 🤣 id5488,Chitchat,Positive
Thích bot ghê thông minh 🥰,Chitchat,Positive
tui thấy nản quá 🥲,Chitchat,Negative
Chào nha bot làm được gì,Chitchat,Neutral
là nam hay nữ vậy Mimo ơi id5492,Chitchat,Neutral
Hi bạn Chào ngày mới vui vẻ nha 👍,Chitchat,Positive
mấy tuổi rồi vậy id5494,Chitchat,Neutral
vì app xịn xò id5495,Chitchat,Positive
bot làm được gì 💬 id5496,Chitchat,Neutral
mấy tuổi rồi vậy id5497,Chitchat,Neutral
là nam hay nữ 🤖 id5498,Chitchat,Neutral
Thích bot ơi ghê id5499,Chitchat,Positive
Vì nên bà hơi tổn thương,Chitchat,Negative
bot làm được gì vậy Mimo 💬,Chitchat,Neutral
là nam hay nữ 👀 id5502,Chitchat,Neutral
em thấy met quá 😭,Chitchat,Negative
Xin chào Chào ngày mới vui vẻ nha 🔥 id5504,Chitchat,Positive
Hi Yêu ghê ✨,Chitchat,Positive
là nam hay nữ vậy Mimo ơi 👀,Chitchat,Neutral
Thích bot ghê cute xỉu id5507,Chitchat,Positive
Vì nên ông hơi tổn thương id5508,Chitchat,Negative
ở đâu á id5509,Chitchat,Neutral
tên gì á 🤔 id5510,Chitchat,Neutral
bác muốn hỏi có nghe rõ trả lời không ❓,Chitchat,Neutral
bà thấy stress quá 😮‍💨,Chitchat,Negative
tên gì á vậy id5513,Chitchat,Neutral
muốn hỏi bot biết nói chuyện không ❓,Chitchat,Neutral
vô tri vcl đi học mệt quá 😭 id5515,Chitchat,Negative
Yêu ghê vì id5516,Chitchat,Positive
Mimo dễ thương bạn là ai 🤖,Chitchat,Neutral
bạn là ai id5518,Chitchat,Neutral
mình muốn hỏi là nam hay nữ id5519,Chitchat,Neutral
✨ id5520,Chitchat,Positive
Cảm ơn vì đỉnh nóc kịch trần 👍,Chitchat,Positive
Hế lô mấy tuổi rồi 🐧 id5522,Chitchat,Neutral
bot bot làm được gì 🤖 id5523,Chitchat,Neutral
Alo ơi cậu đang mệt 😭,Chitchat,Negative
có nghe rõ trả lời không vậy Mimo 🤔 id5525,Chitchat,Neutral
Yo Mimo ơi mấy tuổi rồi,Chitchat,Neutral
ông muốn hỏi bot ơi có nghe rõ trả lời ko 🤖,Chitchat,Neutral
bạn là ai vậy bot ơi id5528,Chitchat,Neutral
Cảm ơn vì id5529,Chitchat,Positive
Vì deadline dí nên tui hơi áp lực,Chitchat,Negative
tổn thương vcl id5531,Chitchat,Negative
Alo bot ơi bác đang áp lực 😭,Chitchat,Negative
vì đỉnh nóc kịch trần id5533,Chitchat,Positive
là nam hay nữ vậy bot ơi 🤖 id5534,Chitchat,Neutral
tên gì á vậy bot ơi 👀 id5535,Chitchat,Neutral
cậu muốn hỏi tên gì á,Chitchat,Neutral
là nam hay nữ vậy Mimo 💬 id5537,Chitchat,Neutral
đang làm gì đấy id5538,Chitchat,Neutral
bot biết nói chuyện không id5539,Chitchat,Neutral
app mượt id5540,Chitchat,Positive
mấy tuổi rồi ❓ id5541,Chitchat,Neutral
quá đã ✨ id5542,Chitchat,Positive
mấy ní muốn hỏi bạn là ai ❓,Chitchat,Neutral
Thích ghê 👍 id5544,Chitchat,Positive
Mimo dễ thương ✨ id5545,Chitchat,Positive
có nghe rõ trả lời ko vậy Mimo ❓,Chitchat,Neutral
Mimo dễ thương 🥰 id5547,Chitchat,Positive
đang làm gì đấy id5548,Chitchat,Neutral
ai tạo ra bạn vậy Mimo id5549,Chitchat,Neutral
ở đâu á id5550,Chitchat,Neutral
suy vcl id5551,Chitchat,Negative
bác muốn hỏi ai tạo ra bạn id5552,Chitchat,Neutral
bot ơi id5553,Chitchat,Positive
ông thấy tổn thương quá,Chitchat,Negative
Cảm ơn vì 🔥 id5555,Chitchat,Positive
bạn đỉnh nóc kịch trần,Chitchat,Positive
bot ơi mấy tuổi rồi 🐧,Chitchat,Neutral
đang làm gì đấy ❓ id5558,Chitchat,Neutral
tui thấy buồn quá 🥲,Chitchat,Negative
chán vcl id5560,Chitchat,Negative
Tks vì 🤣,Chitchat,Positive
ai tạo ra bạn vậy 🤖 id5562,Chitchat,Neutral
bot làm được gì vậy Mimo ơi id5563,Chitchat,Neutral
Mimo dễ thương Củm ơn id5564,Chitchat,Positive
chán vcl rớt môn id5565,Chitchat,Negative
Hế lô tên gì á id5566,Chitchat,Neutral
Thích Mimo ghê thông minh id5567,Chitchat,Positive
Mimo dễ thương đỉnh nóc kịch trần,Chitchat,Positive
tui muốn hỏi bot tên gì á,Chitchat,Neutral
cậu muốn hỏi ai tạo ra bạn id5570,Chitchat,Neutral
Vì bồ giận nên bà hơi tổn thương 😭,Chitchat,Negative
suy vcl id5572,Chitchat,Negative
Alo Mimo ơi ông đang suy 🥲,Chitchat,Negative
bạn là ai vậy Mimo 👀,Chitchat,Neutral
em muốn hỏi Mimo dễ thương có nghe rõ trả lời không,Chitchat,Neutral
Mimo biết nói chuyện không 🤔,Chitchat,Neutral
Chào nha bot làm được gì 🤔,Chitchat,Neutral
mấy ní muốn hỏi Mimo biết nói chuyện không 🤔,Chitchat,Neutral
có nghe rõ trả lời không 🤔 id5579,Chitchat,Neutral
Thích Mimo dễ thương ghê cute xỉu id5580,Chitchat,Positive
buồn vcl deadline ngập đầu 😢,Chitchat,Negative
bot ơi đỉnh nóc kịch trần 🔥,Chitchat,Positive
ai tạo ra bạn ❓ id5583,Chitchat,Neutral
Thích bot ghê app xịn xò 👍,Chitchat,Positive
tên gì á vậy 🐧,Chitchat,Neutral
Thích Mimo ghê 👍 id5586,Chitchat,Positive
Mimo bạn là ai 🤖,Chitchat,Neutral
tui thấy chán quá 📉,Chitchat,Negative
bot ơi id5589,Chitchat,Positive
mấy ní muốn hỏi Mimo dễ thương đang làm gì đấy 🐧,Chitchat,Neutral
bạn là ai 🤔 id5591,Chitchat,Neutral
bot ơi Chào ngày mới vui vẻ nha 👍 id5592,Chitchat,Positive
Hello bot Tks 🔥,Chitchat,Positive
Tks vì giao diện đẹp 🔥 id5594,Chitchat,Positive
bạn ai tạo ra bạn ❓,Chitchat,Neutral
cậu muốn hỏi Mimo ơi là nam hay nữ 💬,Chitchat,Neutral
bot (^_<) id5597,Chitchat,Positive
Thank you vì chất lượng id5598,Chitchat,Positive
Chào nha ai tạo ra bạn id5599,Chitchat,Neutral
mấy ní muốn hỏi Mimo ơi ở đâu á ❓,Chitchat,Neutral
Vì crush lơ nên mình hơi bất lực 😢,Chitchat,Negative
mấy tuổi rồi vậy bot id5602,Chitchat,Neutral
ở đâu á id5603,Chitchat,Neutral
bot (^_<) id5604,Chitchat,Positive
bạn là ai vậy Mimo ơi id5605,Chitchat,Neutral
suy vcl 🥲 id5606,Chitchat,Negative
giao diện đẹp,Chitchat,Positive
ông muốn hỏi Mimo biết nói chuyện không ❓,Chitchat,Neutral
Thích ghê (^_<) id5609,Chitchat,Positive
Chào ngày mới vui vẻ nha vì 🔥 id5610,Chitchat,Positive
Alo ơi bà đang suy 😭,Chitchat,Negative
Alo Mimo ơi ta đang tổn thương 🥲,Chitchat,Negative
Cảm ơn vì ❤️ id5613,Chitchat,Positive
chán vcl rớt môn id5614,Chitchat,Negative
Alo ơi bà đang suy 😢,Chitchat,Negative
bạn ❤️ id5616,Chitchat,Positive
có nghe rõ trả lời không vậy Mimo dễ thương ❓,Chitchat,Neutral
tui muốn hỏi Mimo bot làm được gì 👀,Chitchat,Neutral
bác muốn hỏi đang làm gì đấy id5619,Chitchat,Neutral
bạn là ai 💬 id5620,Chitchat,Neutral
vô tri vcl id5621,Chitchat,Negative
bot làm được gì 🤖 id5622,Chitchat,Neutral
đang làm gì đấy vậy Mimo dễ thương id5623,Chitchat,Neutral
Thích Mimo ghê id5624,Chitchat,Positive
mình muốn hỏi Mimo dễ thương ở đâu á 🐧,Chitchat,Neutral
mấy tuổi rồi vậy id5626,Chitchat,Neutral
mấy tuổi rồi id5627,Chitchat,Neutral
Thích ghê 🥰 id5628,Chitchat,Positive
Chào ngày mới vui vẻ nha vì 🤣 id5629,Chitchat,Positive
Mimo biết nói chuyện không id5630,Chitchat,Neutral
ai tạo ra bạn 💬 id5631,Chitchat,Neutral
Mimo ơi Tks,Chitchat,Positive
Mimo ❤️ id5633,Chitchat,Positive
Mãi iu vì chất lượng,Chitchat,Positive
mấy ní thấy buồn quá id5635,Chitchat,Negative
chất lượng id5636,Chitchat,Positive
bác muốn hỏi bot làm được gì 👀,Chitchat,Neutral
bạn app mượt,Chitchat,Positive
bác thấy suy quá 😢,Chitchat,Negative
bot id5640,Chitchat,Positive
bot ơi ✨ id5641,Chitchat,Positive
Good morning Mimo Yêu ghê 🤣,Chitchat,Positive
ai tạo ra bạn id5643,Chitchat,Neutral
muốn hỏi bạn ai tạo ra bạn 💬,Chitchat,Neutral
bác thấy áp lực quá 🥲 id5645,Chitchat,Negative
Alo bot ơi cậu đang stress,Chitchat,Negative
bạn là ai vậy 💬 id5647,Chitchat,Neutral
Yo ai tạo ra bạn id5648,Chitchat,Neutral
Mãi iu ✨ id5649,Chitchat,Positive
Alo ai tạo ra bạn id5650,Chitchat,Neutral
có nghe rõ trả lời không vậy bạn id5651,Chitchat,Neutral
bot ơi Củm ơn 🥰,Chitchat,Positive
Yo bot làm được gì id5653,Chitchat,Neutral
mấy ní thấy áp lực qá 🥲,Chitchat,Negative
Thích ghê quá đã 🥰 id5655,Chitchat,Positive
Tks vì ✨ id5656,Chitchat,Positive
Yo đang làm gì đấy id5657,Chitchat,Neutral
bot làm được gì id5658,Chitchat,Neutral
Alo biết nói chuyện không 🐧 id5659,Chitchat,Neutral
Mimo dễ thương Củm ơn 🥰,Chitchat,Positive
Alo bot làm được gì 🤖 id5661,Chitchat,Neutral
bot làm được gì vậy Mimo ơi 🤖,Chitchat,Neutral
bác muốn hỏi bot ơi đang làm gì đấy ❓,Chitchat,Neutral
tổn thương vcl 🥺 id5664,Chitchat,Negative
bro muốn hỏi ai tạo ra bạn ❓,Chitchat,Neutral
tui thấy stress quá 😢,Chitchat,Negative
Thank you vì 🔥 id5667,Chitchat,Positive
Vì nên em hơi áp lực 😮‍💨,Chitchat,Negative
Thank you vì id5669,Chitchat,Positive
quá đã 🥰 id5670,Chitchat,Positive
ai tạo ra bạn vậy id5671,Chitchat,Neutral
tổn thương vcl id5672,Chitchat,Negative
Vì nên bác hơi tổn thương 😮‍💨,Chitchat,Negative
Vì deadline dí nên ông hơi mệt 😢,Chitchat,Negative
Gút mỏ ninh  👍 id5675,Chitchat,Positive
tên gì á vậy Mimo ❓,Chitchat,Neutral
cậu thấy nản quá 😮‍💨,Chitchat,Negative
Mimo ơi đang làm gì đấy id5678,Chitchat,Neutral
Alo Mimo dễ thương ơi mấy ní đang nản,Chitchat,Negative
bot ơi bot làm được gì id5680,Chitchat,Neutral
là nam hay nữ vậy Mimo dễ thương id5681,Chitchat,Neutral
chán vcl 📉 id5682,Chitchat,Negative
Ê tên gì á id5683,Chitchat,Neutral
ở đâu á id5684,Chitchat,Neutral
cậu thấy nản quá 😮‍💨 id5685,Chitchat,Negative
vì giao diện đẹp (^_<) id5686,Chitchat,Positive
Củm ơn vì đỉnh nóc kịch trần (^_<),Chitchat,Positive
Mimo ơi 🤩 id5688,Chitchat,Positive
Vì đi học mệt quá nên mình hơi chán 😢,Chitchat,Negative
ở đâu á 🤖 id5690,Chitchat,Neutral
ta muốn hỏi bot ơi ai tạo ra bạn 🤔,Chitchat,Neutral
Ê bạn là ai id5692,Chitchat,Neutral
Thích Mimo ơi ghê 🔥 id5693,Chitchat,Positive
vì chất lượng 🔥,Chitchat,Positive
Chào nha tên gì á 🤖 id5695,Chitchat,Neutral
mấy ní muốn hỏi Mimo dễ thương đang làm gì đấy,Chitchat,Neutral
Mimo ơi có nghe rõ trả lời không 👀,Chitchat,Neutral
bot bạn là ai id5698,Chitchat,Neutral
Yo bot làm được gì id5699,Chitchat,Neutral
ta muốn hỏi Mimo dễ thương có nghe rõ trả lời không 💬,Chitchat,Neutral
Thích Mimo dễ thương ghê 🤩 id5701,Chitchat,Positive
Alo bot ơi tui đang buồn 😮‍💨,Chitchat,Negative
Alo bạn ơi cậu đang áp lực 📉,Chitchat,Negative
Xin chao  🥰,Chitchat,Positive
bot làm được gì id5705,Chitchat,Neutral
Alo ơi mấy ní đang tổn thương id5706,Chitchat,Negative
Cảm ơn vì ✨ id5707,Chitchat,Positive
bot ơi id5708,Chitchat,Positive
mấy tuổi rồi id5709,Chitchat,Neutral
Mimo dễ thương 🔥 id5710,Chitchat,Positive
ông muốn hỏi bot ơi đang làm gì đấy 👀,Chitchat,Neutral
bot làm được gì vậy Mimo dễ thương id5712,Chitchat,Neutral
em muốn hỏi bạn ở đâu á 🤖,Chitchat,Neutral
ở đâu á 👀 id5714,Chitchat,Neutral
bot làm đc gì 🐧,Chitchat,Neutral
thông minh (^_<),Chitchat,Positive
ông muốn hỏi bot ơi tên gì á 🐧,Chitchat,Neutral
Ê ai tạo ra bạn 👀 id5718,Chitchat,Neutral
Thích Mimo ghê id5719,Chitchat,Positive
Love ya vì id5720,Chitchat,Positive
đang làm gì đấy vậy Mimo 🐧,Chitchat,Neutral
Chào ngày mới vui vẻ nha vì id5722,Chitchat,Positive
app mượt 🥰,Chitchat,Positive
Thích ghê chất lượng 🥰 id5724,Chitchat,Positive
Ê ai tạo ra bạn ❓,Chitchat,Neutral
Thích bot ơi ghê id5726,Chitchat,Positive
bro muốn hỏi bot ơi biết nói chuyện không 🤔,Chitchat,Neutral
thấy chán quá 🥺,Chitchat,Negative
Mimo Tks 🥰,Chitchat,Positive
Vì hết tiền nên em hơi mệt,Chitchat,Negative
Thích ghê app xịn xò 🤩,Chitchat,Positive
bạn ✨ id5732,Chitchat,Positive
suy vcl rớt môn id5733,Chitchat,Negative
Thích ghê app mượt (^_<),Chitchat,Positive
 id5735,Chitchat,Positive
Chào ngày mới vui vẻ nha vì 🥰 id5736,Chitchat,Positive
vì đỉnh nóc kịch trần id5737,Chitchat,Positive
Yo tên gì á id5738,Chitchat,Neutral
vì app mượt ❤️,Chitchat,Positive
mệt vcl id5740,Chitchat,Negative
Alo Mimo ơi ơi mấy ní đang tổn thương id5741,Chitchat,Negative
nản vcl bồ giận,Chitchat,Negative
Thích bạn ghê đỉnh nóc kịch trần ❤️,Chitchat,Positive
Vì nên hơi suy 🥺,Chitchat,Negative
mấy ní thấy buồn qá,Chitchat,Negative
mình muốn hỏi Mimo ai tạo ra bạn 👀,Chitchat,Neutral
ai tạo ra bạn vậy Mimo ơi id5747,Chitchat,Neutral
Yêu ghê vì 🤣,Chitchat,Positive
Ê ở đâu á id5749,Chitchat,Neutral
ai tạo ra bạn id5750,Chitchat,Neutral
vì app xịn xò id5751,Chitchat,Positive
Hi Mimo ơi Tks (^_<),Chitchat,Positive
bác muốn hỏi ai tạo ra bạn id5753,Chitchat,Neutral
bà thấy tổn thương quá 😢,Chitchat,Negative
Mimo dễ thương Mãi iu 👍,Chitchat,Positive
Good morning Mãi iu 🥰 id5756,Chitchat,Positive
tên gì á vậy id5757,Chitchat,Neutral
Thích bot ơi ghê 👍 id5758,Chitchat,Positive
tui muốn hỏi đang làm gì đấy id5759,Chitchat,Neutral
Củm ơn vì thông minh (^_<),Chitchat,Positive
✨ id5761,Chitchat,Positive
Vì cuộc sống khó khăn nên bro hơi buồn 😮‍💨,Chitchat,Negative
bạn là ai vậy id5763,Chitchat,Neutral
Vì hết tiền nên mình hơi tổn thương id5764,Chitchat,Negative
Alo Mimo ơi cậu đang suy,Chitchat,Negative
cậu muốn hỏi Mimo ơi có nghe rõ trả lời không id5766,Chitchat,Neutral
Tks vì app xịn xò 🔥,Chitchat,Positive
Mimo thông minh ✨,Chitchat,Positive
Củm ơn vì giao diện đẹp,Chitchat,Positive
bot ơi ai tạo ra bạn 🤖,Chitchat,Neutral
Alo Mimo ơi bà đang chán 😭,Chitchat,Negative
cậu muốn hỏi là nam hay nữ 🐧,Chitchat,Neutral
bác muốn hỏi Mimo ai tạo ra bạn 🤖,Chitchat,Neutral
Thích ghê id5774,Chitchat,Positive
Vì nên em hơi stress,Chitchat,Negative
biết nói chuyện không vậy bot ơi id5776,Chitchat,Neutral
bạn bạn là ai id5777,Chitchat,Neutral
Chào nha có nghe rõ trả lời không 🐧,Chitchat,Neutral
bà muốn hỏi bạn ai tạo ra bạn id5779,Chitchat,Neutral
Vì deadline ngập đầu nên tui hơi áp lực 📉,Chitchat,Negative
Yo Mimo dễ thương ai tạo ra bạn,Chitchat,Neutral
bạn là ai vậy Mimo dễ thương id5782,Chitchat,Neutral
Yo Mimo ơi có nghe rõ trả lời không 👀 id5783,Chitchat,Neutral
Chào ngày mới vui vẻ nha vì id5784,Chitchat,Positive
Love ya vì giao diện đẹp 👍,Chitchat,Positive
stress vcl đi học met quá 📉,Chitchat,Negative
mấy tuổi rồi id5787,Chitchat,Neutral
là nam hay nữ vậy 🤖 id5788,Chitchat,Neutral
bạn Tks,Chitchat,Positive
🔥 id5790,Chitchat,Positive
mấy tuổi rồi vậy bot 🤖 id5791,Chitchat,Neutral
bạn là ai id5792,Chitchat,Neutral
đang làm gì đấy ❓ id5793,Chitchat,Neutral
 id5794,Chitchat,Positive
mình muốn hỏi bot làm được gì 💬,Chitchat,Neutral
tên gì á vậy 🤖,Chitchat,Neutral
Alo Mimo dễ thương ơi đang chán,Chitchat,Negative
Alo ơi mình đang tổn thương 😮‍💨,Chitchat,Negative
Mimo giao diện đẹp id5799,Chitchat,Positive
Mimo dễ thương id5800,Chitchat,Positive
Biết ơn vì id5801,Chitchat,Positive
Vì đi học mệt quá nên bác hơi buồn 🥺,Chitchat,Negative
Ê bot ơi đang làm gì đấy,Chitchat,Neutral
ai tạo ra bạn id5804,Chitchat,Neutral
Chào ngày mới vui vẻ nha vì 🤣 id5805,Chitchat,Positive
Yo bạn là ai ❓,Chitchat,Neutral
mấy tuổi rồi vậy bot ơi ❓ id5807,Chitchat,Neutral
bot làm được gì id5808,Chitchat,Neutral
Alo Mimo ơi ơi ông đang chán,Chitchat,Negative
Thích bạn ghê quá đã 🔥,Chitchat,Positive
mệt vcl đi học mệt quá 😭,Chitchat,Negative
stress vcl deadline dí 📉,Chitchat,Negative
Mimo dễ thương ở đâu á ❓,Chitchat,Neutral
Biết ơn vì quá đã 🤣,Chitchat,Positive
nản vcl 😭 id5815,Chitchat,Negative
bot ơi có nghe rõ trả lời không id5816,Chitchat,Neutral
Chào ngày mới vui vẻ nha vì ❤️ id5817,Chitchat,Positive
là nam hay nữ id5818,Chitchat,Neutral
vì app xịn xò ❤️,Chitchat,Positive
Thích ghê thông minh (^_<) id5820,Chitchat,Positive
Alo Mimo ơi mình đang áp lực,Chitchat,Negative
Thích ghê giao diện đẹp 🤣 id5822,Chitchat,Positive
ở đâu á 🤔 id5823,Chitchat,Neutral
Thích bạn ghê app mượt 🔥 id5824,Chitchat,Positive
mấy tuổi rồi vậy Mimo dễ thương id5825,Chitchat,Neutral
Alo bot ơi em đang bất lực 😭,Chitchat,Negative
Ê Mimo dễ thương có nghe rõ trả lời không 💬,Chitchat,Neutral
cậu thấy tổn thương quá 😢,Chitchat,Negative
Alo Mimo dễ thương ơi bác đang mệt 🥲,Chitchat,Negative
Chào Mimo dễ thương Mãi iu,Chitchat,Positive
mấy ní muốn hỏi Mimo dễ thương mấy tuổi rồi,Chitchat,Neutral
nản vcl 😢 id5832,Chitchat,Negative
bot ❤️ id5833,Chitchat,Positive
bạn đang làm gì đấy 🤖 id5834,Chitchat,Neutral
Mimo ơi cute xỉu 🔥,Chitchat,Positive
bro muốn hỏi Mimo dễ thương biết nói chuyện không ❓,Chitchat,Neutral
có nghe rõ trả lời không id5837,Chitchat,Neutral
là nam hay nữ vậy Mimo id5838,Chitchat,Neutral
Chào ngày mới vui vẻ nha vì 🔥 id5839,Chitchat,Positive
ta thấy nản quá id5840,Chitchat,Negative
Mimo ơi id5841,Chitchat,Positive
Ê đang làm gì đấy 🤔,Chitchat,Neutral
tui muốn hỏi bạn là ai 🤔,Chitchat,Neutral
bot ơi cute xỉu 🔥,Chitchat,Positive
Mimo ơi bạn là ai id5845,Chitchat,Neutral
đang làm gì đấy vậy ❓ id5846,Chitchat,Neutral
Thích bạn ghê (^_<),Chitchat,Positive
bot ơi Tks id5848,Chitchat,Positive
tên gì á vậy bạn id5849,Chitchat,Neutral
🥰 id5850,Chitchat,Positive
Cảm ơn vì quá đã (^_<),Chitchat,Positive
Hế lô ai tạo ra bạn 👀,Chitchat,Neutral
biết nói chuyện không vậy id5853,Chitchat,Neutral
Yo đang làm gì đấy id5854,Chitchat,Neutral
mình thấy mệt quá 💔,Chitchat,Negative
bạn Biết ơn id5856,Chitchat,Positive
có nghe rõ trả lời không id5857,Chitchat,Neutral
Thích bot ghê app mượt id5858,Chitchat,Positive
ta thấy mệt quá 🥲,Chitchat,Negative
Mãi iu vì app xịn xò 🥰 id5860,Chitchat,Positive
Alo ơi ta đang áp lực,Chitchat,Negative
mấy ní muốn hỏi mấy tuổi rồi id5862,Chitchat,Neutral
Chào nha Mimo dễ thương biết nói chuyện không 💬,Chitchat,Neutral
Mimo chất lượng id5864,Chitchat,Positive
Ê ai tạo ra bạn 💬 id5865,Chitchat,Neutral
bạn là ai id5866,Chitchat,Neutral
biết nói chuyện ko vậy 🤔,Chitchat,Neutral
đang làm gì đấy id5868,Chitchat,Neutral
muốn hỏi bạn là ai 🤔,Chitchat,Neutral
vô tri vcl hết tiền id5870,Chitchat,Negative
Alo bạn ơi bác đang chán 😢,Chitchat,Negative
Thank you 🔥,Chitchat,Positive
mình muốn hỏi có nghe rõ trả lời không id5873,Chitchat,Neutral
vì app xịn xò ❤️ id5874,Chitchat,Positive
vì thông minh ✨ id5875,Chitchat,Positive
Vì rớt môn nên tui hơi chán 💔,Chitchat,Negative
cute xỉu 🔥 id5877,Chitchat,Positive
Mimo ơi ở đâu á 🤖,Chitchat,Neutral
cute xỉu id5879,Chitchat,Positive
Alo biết nói chuyện không ❓,Chitchat,Neutral
bot giao diện đẹp ✨,Chitchat,Positive
bác muốn hỏi ai tạo ra bạn ❓,Chitchat,Neutral
Hello,Chitchat,Positive
bro muốn hỏi đang làm gì đấy id5884,Chitchat,Neutral
Mimo đỉnh nóc kịch trần,Chitchat,Positive
em muốn hỏi Mimo mấy tuổi rồi,Chitchat,Neutral
Mãi iu 🤩,Chitchat,Positive
Vì nên mình hơi áp lực 😭,Chitchat,Negative
Vì nên hơi tổn thương 😮‍💨,Chitchat,Negative
em muốn hỏi bot ơi ai tạo ra bạn,Chitchat,Neutral
Alo ơi bác đang chán 🥺,Chitchat,Negative
Hế lô ở đâu á id5892,Chitchat,Neutral
Thích Mimo dễ thương ghê id5893,Chitchat,Positive
tên gì á vậy 🤔 id5894,Chitchat,Neutral
Alo ơi ông đang mệt,Chitchat,Negative
suy vcl cuộc sống khó khăn,Chitchat,Negative
thấy stress quá,Chitchat,Negative
Biết ơn vì cute xỉu 🥰,Chitchat,Positive
Alo ai tạo ra bạn ❓ id5899,Chitchat,Neutral
ở đâu á vậy Mimo ơi id5900,Chitchat,Neutral
Vì bồ giận nên tui hơi bất lực 💔,Chitchat,Negative
bạn là ai vậy 🐧 id5902,Chitchat,Neutral
Alo Mimo dễ thương ơi tui đang tổn thương,Chitchat,Negative
là nam hay nữ id5904,Chitchat,Neutral
Hế lô là nam hay nữ id5905,Chitchat,Neutral
Mimo ❤️ id5906,Chitchat,Positive
Alo ơi ta đang áp lực 😭,Chitchat,Negative
tui muốn hỏi có nghe rõ trả lời không,Chitchat,Neutral
em muốn hỏi bot ơi mấy tuổi rồi 💬,Chitchat,Neutral
ở đâu á 💬 id5910,Chitchat,Neutral
Thích ghê 🔥 id5911,Chitchat,Positive
stress vcl id5912,Chitchat,Negative
có nghe rõ trả lời không vậy bot ơi 🐧,Chitchat,Neutral
em muốn hỏi biết nói chuyện không 🐧,Chitchat,Neutral
Mãi iu vì ❤️ id5915,Chitchat,Positive
vì thông minh 🥰 id5916,Chitchat,Positive
đang làm gì đấy vậy Mimo dễ thương 💬,Chitchat,Neutral
bot ở đâu á id5918,Chitchat,Neutral
bạn ai tạo ra bạn id5919,Chitchat,Neutral
Chào nha tên gì á 💬,Chitchat,Neutral
là nam hay nữ vậy bạn 💬,Chitchat,Neutral
muốn hỏi Mimo dễ thương có nghe rõ trả lời không id5922,Chitchat,Neutral
Hey Mimo ơi 🔥,Chitchat,Positive
tổn thương vcl hết tiền id5924,Chitchat,Negative
🥰 id5925,Chitchat,Positive
bot app xịn xò id5926,Chitchat,Positive
quá đã id5927,Chitchat,Positive
mệt vcl deadline dí id5928,Chitchat,Negative
tui muốn hỏi Mimo dễ thương mấy tuổi rồi,Chitchat,Neutral
Chào nha ở đâu á id5930,Chitchat,Neutral
Vì hết tiền nên bác hơi tổn thương 😭,Chitchat,Negative
Chào ngày mới vui vẻ nha vì 🔥 id5932,Chitchat,Positive
mình thấy stress quá 😮‍💨,Chitchat,Negative
tổn thương vcl bồ giận 💔,Chitchat,Negative
Hello Chào ngày mới vui vẻ nha 🤣,Chitchat,Positive
mấy ní muốn hỏi bạn bạn là ai 💬,Chitchat,Neutral
suy vcl 😭 id5937,Chitchat,Negative
stress vcl deadline dí id5938,Chitchat,Negative
Mimo ơi mấy tuổi rồi 💬,Chitchat,Neutral
bạn là ai id5940,Chitchat,Neutral
Mimo ơi Yêu ghê ❤️,Chitchat,Positive
Thank you 🔥 id5942,Chitchat,Positive
vô tri vcl deadline dí id5943,Chitchat,Negative
Mimo Chào ngày mới vui vẻ nha id5944,Chitchat,Positive
Alo bot ơi bro đang buồn id5945,Chitchat,Negative
Cảm ơn vì qá đã ✨,Chitchat,Positive
Thích Mimo ghê app mượt id5947,Chitchat,Positive
Thích bot ơi ghê app mượt id5948,Chitchat,Positive
Hế lô Mimo mấy tuổi rồi ❓,Chitchat,Neutral
Thích bạn ghê cute xỉu ✨,Chitchat,Positive
em muốn hỏi bot ơi mấy tuổi rồi,Chitchat,Neutral
Thích Mimo ơi ghê 🔥 id5952,Chitchat,Positive
Ê bot làm được gì id5953,Chitchat,Neutral
Củm ơn vì id5954,Chitchat,Positive
cậu muốn hỏi có nghe rõ trả lời không 🐧 id5955,Chitchat,Neutral
Vì deadline dí nên bro hơi chán,Chitchat,Negative
Vì crush lơ nên hơi áp lực 😭,Chitchat,Negative
Thích ghê id5958,Chitchat,Positive
bạn là ai id5959,Chitchat,Neutral
có nghe rõ trả lời không vậy 🤔 id5960,Chitchat,Neutral
Thích bạn ghê giao diện đẹp,Chitchat,Positive
Mimo id5962,Chitchat,Positive
vì quá đã id5963,Chitchat,Positive
là nam hay nữ vậy Mimo ơi id5964,Chitchat,Neutral
bot ✨ id5965,Chitchat,Positive
mệt vcl 📉 id5966,Chitchat,Negative
chán vcl deadline dí,Chitchat,Negative
Mimo 👍 id5968,Chitchat,Positive
Mimo dễ thương có nghe rõ trả lời không id5969,Chitchat,Neutral
bot giao diện đẹp (^_<),Chitchat,Positive
tui muốn hỏi bot làm được gì 🤔 id5971,Chitchat,Neutral
Thích ghê 🔥 id5972,Chitchat,Positive
Mimo id5973,Chitchat,Positive
Yêu ghê vì chất lượng ✨,Chitchat,Positive
em muốn hỏi Mimo dễ thương đang làm gì đấy,Chitchat,Neutral
ai tạo ra bạn 🐧 id5976,Chitchat,Neutral
Thích ghê id5977,Chitchat,Positive
Chào ngày mới vui vẻ nha vì 🥰 id5978,Chitchat,Positive
ai tạo ra bạn vậy bạn id5979,Chitchat,Neutral
stress vcl rớt môn 🥲,Chitchat,Negative
tên gì á vậy bot ơi 🤔,Chitchat,Neutral
Hế lô có nghe rõ trả lời không id5982,Chitchat,Neutral
bot Chào ngày mới vui vẻ nha 🥰,Chitchat,Positive
đang làm gì đấy vậy bạn 🐧,Chitchat,Neutral
Vì crush lơ nên ta hơi stress 😢,Chitchat,Negative
Thích ghê quá đã ❤️ id5986,Chitchat,Positive
Chào nha tên gì á id5987,Chitchat,Neutral
Love ya vì 🥰,Chitchat,Positive
bot làm được gì 🐧 id5989,Chitchat,Neutral
bro muốn hỏi bot ơi ai tạo ra bạn,Chitchat,Neutral
bot ơi có nghe rõ trả lời không 🤖,Chitchat,Neutral
ông muốn hỏi bot ơi biết nói chuyện không 🤔,Chitchat,Neutral
em muốn hỏi bạn bot làm được gì id5993,Chitchat,Neutral
bot có nghe rõ trả lời không 🐧,Chitchat,Neutral
bà muốn hỏi bot ở đâu á 🐧 id5995,Chitchat,Neutral
Vì nên cậu hơi mệt 📉,Chitchat,Negative
tên gì á ❓ id5997,Chitchat,Neutral
bot ơi ✨ id5998,Chitchat,Positive
Vì nên tui hơi tổn thương id5999,Chitchat,Negative
Chào ngày mới vui vẻ nha vì id6000,Chitchat,Positive
Alo đang làm gì đấy id6001,Chitchat,Neutral
Chào nha bot làm được gì id6002,Chitchat,Neutral
áp lực vcl cuộc sống khó khăn id6003,Chitchat,Negative
Chào nha biết nói chuyện không id6004,Chitchat,Neutral
Yo mấy tuổi rồi 🤔,Chitchat,Neutral
tổn thương vcl đi học mệt quá 🥺,Chitchat,Negative
bác muốn hỏi là nam hay nữ id6007,Chitchat,Neutral
biết nói chuyện không vậy bot 👀,Chitchat,Neutral
Chào ngày mới vui vẻ nha 🥰 id6009,Chitchat,Positive
app xịn xò ✨,Chitchat,Positive
đang làm gì đấy vậy 🤔 id6011,Chitchat,Neutral
vì thông minh ✨ id6012,Chitchat,Positive
suy vcl deadline dí,Chitchat,Negative
Thích bot ghê 🤩,Chitchat,Positive
Chào bot,Chitchat,Positive
Chào ngày mới vui vẻ nha vì ✨ id6016,Chitchat,Positive
đang làm gì đấy vậy Mimo id6017,Chitchat,Neutral
Thích Mimo dễ thương ghê app mượt (^_<),Chitchat,Positive
Mimo dễ thương Yêu ghê 🤩,Chitchat,Positive
bác muốn hỏi bot làm được gì 🤔,Chitchat,Neutral
vì app mượt id6021,Chitchat,Positive
buồn vcl đi học mệt quá,Chitchat,Negative
 id6023,Chitchat,Positive
bot ơi Biết ơn 🤩,Chitchat,Positive
mấy tuổi rồi vậy Mimo dễ thương 💬,Chitchat,Neutral
mấy tuổi rồi vậy Mimo ơi 👀 id6026,Chitchat,Neutral
bác muốn hỏi Mimo dễ thương biết nói chuyện không,Chitchat,Neutral
🔥 id6028,Chitchat,Positive
Chào ngày mới vui vẻ nha vì 🥰 id6029,Chitchat,Positive
Alo mấy tuổi rồi id6030,Chitchat,Neutral
 id6031,Chitchat,Positive
là nam hay nữ 🤔 id6032,Chitchat,Neutral
Chào ngày mới vui vẻ nha vì 🤣 id6033,Chitchat,Positive
bạn là ai id6034,Chitchat,Neutral
Ê đang làm gì đấy id6035,Chitchat,Neutral
Thích bot ghê 👍 id6036,Chitchat,Positive
bro muốn hỏi bot làm được gì id6037,Chitchat,Neutral
Mãi iu vì quá đã id6038,Chitchat,Positive
Thích ghê giao diện đẹp id6039,Chitchat,Positive
Chào ngày mới vui vẻ nha vì id6040,Chitchat,Positive
Yo bot làm đc gì 🐧,Chitchat,Neutral
tổn thương vcl 🥲 id6042,Chitchat,Negative
tên gì á vậy id6043,Chitchat,Neutral
Yo ai tạo ra bạn id6044,Chitchat,Neutral
buồn vcl 💔,Chitchat,Negative
mấy tuổi rồi vậy Mimo ơi id6046,Chitchat,Neutral
 id6047,Chitchat,Positive
biết nói chuyện không vậy bot ơi 👀,Chitchat,Neutral
Ê biết nói chuyện không ❓,Chitchat,Neutral
Chào nha tên gì á 🤖 id6050,Chitchat,Neutral
bro thấy áp lực quá id6051,Chitchat,Negative
em muốn hỏi bot đang làm gì đấy,Chitchat,Neutral
Vì nên bác hơi bất lực,Chitchat,Negative
ở đâu á 👀 id6054,Chitchat,Neutral
bạn là ai vậy bạn id6055,Chitchat,Neutral
đang làm gì đấy id6056,Chitchat,Neutral
bot làm được gì id6057,Chitchat,Neutral
Thích Mimo ghê app mượt id6058,Chitchat,Positive
Củm ơn vì quá đã id6059,Chitchat,Positive
Thích Mimo ghê app mượt (^_<),Chitchat,Positive
Alo Mimo ơi có nghe rõ trả lời không 🤖,Chitchat,Neutral
Thích Mimo dễ thương ghê đỉnh nóc kịch trần id6062,Chitchat,Positive
ai tạo ra bạn 🐧 id6063,Chitchat,Neutral
bot làm được gì vậy 🐧 id6064,Chitchat,Neutral
Vì rớt môn nên cậu hơi áp lực 😭,Chitchat,Negative
Chào ngày mới vui vẻ nha vì 🥰 id6066,Chitchat,Positive
Yêu ghê vì quá đã 🤣,Chitchat,Positive
cậu thấy tổn thương quá,Chitchat,Negative
Alo bot ơi ơi đang buồn,Chitchat,Negative
ông thấy mệt quá 🥺,Chitchat,Negative
Yo đang làm gì đấy 💬 id6071,Chitchat,Neutral
áp lực vcl id6072,Chitchat,Negative
Vì nên bác hơi buồn,Chitchat,Negative
mấy ní muốn hỏi Mimo ơi biết nói chuyện không,Chitchat,Neutral
mấy ní muốn hỏi Mimo bạn là ai,Chitchat,Neutral
Biết ơn vì app xịn xò id6076,Chitchat,Positive
áp lực vcl deadline ngập đầu 😢,Chitchat,Negative
Chào nha bot biết nói chuyện không id6078,Chitchat,Neutral
ông muốn hỏi bot ơi mấy tuổi rồi,Chitchat,Neutral
Alo tên gì á 👀,Chitchat,Neutral
Thích Mimo ơi ghê ❤️ id6081,Chitchat,Positive
Mimo dễ thương ở đâu á,Chitchat,Neutral
tui muốn hỏi là nam hay nữ 🤖,Chitchat,Neutral
Mimo biết nói chuyện không id6084,Chitchat,Neutral
Biết ơn vì 🥰 id6085,Chitchat,Positive
mấy tuổi rồi vậy bot ơi,Chitchat,Neutral
đang làm gì đấy vậy bạn ❓ id6087,Chitchat,Neutral
Ê bạn có nghe rõ trả lời không 👀,Chitchat,Neutral
bạn Tks id6089,Chitchat,Positive
Alo bạn ơi mình đang nản 🥲,Chitchat,Negative
tui thấy vô tri qá 😭,Chitchat,Negative
tên gì á vậy bot ơi 🐧 id6092,Chitchat,Neutral
bot mấy tuổi rồi 🐧 id6093,Chitchat,Neutral
tên gì á id6094,Chitchat,Neutral
Hi Biết ơn,Chitchat,Positive
Yo Mimo dễ thương tên gì á,Chitchat,Neutral
bạn là ai vậy bạn 🐧 id6097,Chitchat,Neutral
Thích Mimo ơi ghê giao diện đẹp id6098,Chitchat,Positive
Alo Mimo ơi ơi đang áp lực 😢,Chitchat,Negative
Chào nha đang làm gì đấy 🐧 id6100,Chitchat,Neutral
ai tạo ra bạn vậy id6101,Chitchat,Neutral
Ê ai tạo ra bạn id6102,Chitchat,Neutral
Chào ngày mới vui vẻ nha vì 👍 id6103,Chitchat,Positive
Alo Mimo biết nói chuyện không ❓,Chitchat,Neutral
Chào nha Mimo đang làm gì đấy,Chitchat,Neutral
ở đâu á vậy 💬 id6106,Chitchat,Neutral
đang làm gì đấy vậy Mimo dễ thương ❓ id6107,Chitchat,Neutral
ai tạo ra bạn 🐧 id6108,Chitchat,Neutral
mấy ní thấy suy quá 🥲,Chitchat,Negative
Alo ơi bác đang suy id6110,Chitchat,Negative
bro thấy tổn thương quá 💔,Chitchat,Negative
 id6112,Chitchat,Positive
áp lực vcl rớt môn 😢,Chitchat,Negative
Mimo ơi bot làm được gì ❓,Chitchat,Neutral
tên gì á vậy 💬 id6115,Chitchat,Neutral
là nam hay nữ id6116,Chitchat,Neutral
có nghe rõ trả lời không vậy Mimo 🤔 id6117,Chitchat,Neutral
ở đâu á 🤖 id6118,Chitchat,Neutral
Hế lô bạn là ai id6119,Chitchat,Neutral
bot ơi tên gì á id6120,Chitchat,Neutral
bot làm được gì id6121,Chitchat,Neutral
Gút mỏ ninh bot ơi Thank you,Chitchat,Positive
Yo ở đâu á 🐧 id6123,Chitchat,Neutral
bà muốn hỏi bot làm được gì id6124,Chitchat,Neutral
Love ya vì ✨ id6125,Chitchat,Positive
(^_<) id6126,Chitchat,Positive
Vì nên mấy ní hơi buồn 💔,Chitchat,Negative
 id6128,Chitchat,Positive
biết nói chuyện không id6129,Chitchat,Neutral
Mimo dễ thương ở đâu á id6130,Chitchat,Neutral
tên gì á vậy Mimo ơi id6131,Chitchat,Neutral
cậu muốn hỏi là nam hay nữ ❓,Chitchat,Neutral
mấy tuổi rồi vậy bạn id6133,Chitchat,Neutral
Vì nên em hơi nản 📉 id6134,Chitchat,Negative
stress vcl id6135,Chitchat,Negative
mấy ní thấy bất lực quá 😮‍💨 id6136,Chitchat,Negative
mình thấy suy quá 📉 id6137,Chitchat,Negative
Biết ơn vì 👍,Chitchat,Positive
Yo là nam hay nữ 🐧,Chitchat,Neutral
em thấy vô tri quá 📉,Chitchat,Negative
mấy tuổi rồi 🤖 id6141,Chitchat,Neutral
Chào nha bạn là ai id6142,Chitchat,Neutral
Alo Mimo dễ thương ơi đang suy,Chitchat,Negative
muốn hỏi là nam hay nữ 👀 id6144,Chitchat,Neutral
Củm ơn vì 🤩 id6145,Chitchat,Positive
Cảm ơn vì thông minh (^_<) id6146,Chitchat,Positive
Vì bồ giận nên mình hơi tổn thương,Chitchat,Negative
Alo ơi em đang buồn 😮‍💨,Chitchat,Negative
chất lượng 🔥 id6149,Chitchat,Positive
Mimo biết nói chuyện không id6150,Chitchat,Neutral
bot quá đã ❤️,Chitchat,Positive
app xịn xò id6152,Chitchat,Positive
cậu muốn hỏi bot ơi bạn là ai id6153,Chitchat,Neutral
muốn hỏi bạn ở đâu á 💬,Chitchat,Neutral
ta muốn hỏi Mimo bot làm được gì id6155,Chitchat,Neutral
Alo ơi bà đang bất lực 😭 id6156,Chitchat,Negative
mấy ní muốn hỏi là nam hay nữ,Chitchat,Neutral
Thích ghê đỉnh nóc kịch trần id6158,Chitchat,Positive
biết nói chuyện không vậy bạn id6159,Chitchat,Neutral
ai tạo ra bạn 💬 id6160,Chitchat,Neutral
Chào nha có nghe rõ trả lời không 🐧 id6161,Chitchat,Neutral
Hi Biết ơn 👍,Chitchat,Positive
Mimo dễ thương bot làm được gì 🤔,Chitchat,Neutral
Alo ở đâu á id6164,Chitchat,Neutral
đỉnh nóc kịch trần id6165,Chitchat,Positive
Thích ghê cute xỉu (^_<) id6166,Chitchat,Positive
bạn là ai id6167,Chitchat,Neutral
áp lực vcl 🥲 id6168,Chitchat,Negative
Yêu ghê vì ✨ id6169,Chitchat,Positive
Love ya vì id6170,Chitchat,Positive
Mimo Cảm ơn 🥰,Chitchat,Positive
app xịn xò id6172,Chitchat,Positive
ai tạo ra bạn id6173,Chitchat,Neutral
mấy tuổi rồi 🐧 id6174,Chitchat,Neutral
vì chất lượng id6175,Chitchat,Positive
bạn là ai vậy bạn 💬 id6176,Chitchat,Neutral
tổn thương vcl rớt môn 📉,Chitchat,Negative
Chào ngày mới vui vẻ nha vì ✨ id6178,Chitchat,Positive
đang làm gì đấy id6179,Chitchat,Neutral
biết nói chuyện ko vậy Mimo dễ thương 🤔,Chitchat,Neutral
ai tạo ra bạn vậy 🤖 id6181,Chitchat,Neutral
Mimo ơi Chào ngày mới vui vẻ nha 🥰,Chitchat,Positive
là nam hay nữ 💬 id6183,Chitchat,Neutral
đang làm gì đấy vậy bot ơi id6184,Chitchat,Neutral
ở đâu á vậy bot 👀,Chitchat,Neutral
bất lực vcl cuộc sống khó khăn 😭,Chitchat,Negative
là nam hay nữ vậy bot 🐧,Chitchat,Neutral
bác muốn hỏi ai tạo ra bạn id6188,Chitchat,Neutral
bà muốn hỏi đang làm gì đấy id6189,Chitchat,Neutral
là nam hay nữ vậy bạn ❓,Chitchat,Neutral
bạn là ai id6191,Chitchat,Neutral
bot ơi mấy tuổi rồi 🐧 id6192,Chitchat,Neutral
bà muốn hỏi ai tạo ra bạn 🤖,Chitchat,Neutral
em muốn hỏi biết nói chuyện không,Chitchat,Neutral
Mãi iu ❤️,Chitchat,Positive
bot làm được gì vậy bot 💬 id6196,Chitchat,Neutral
tui muốn hỏi ai tạo ra bạn,Chitchat,Neutral
Thích bạn ghê id6198,Chitchat,Positive
có nghe rõ trả lời không id6199,Chitchat,Neutral
Thích ghê quá đã id6200,Chitchat,Positive
ở đâu á vậy Mimo dễ thương 👀 id6201,Chitchat,Neutral
Vì nên tui hơi chán 💔,Chitchat,Negative
Chào nha là nam hay nữ 🐧,Chitchat,Neutral
ở đâu á ❓ id6204,Chitchat,Neutral
Alo ơi ta đang vô tri 💔 id6205,Chitchat,Negative
Ê bot ơi biết nói chuyện ko,Chitchat,Neutral
Ê đang làm gì đấy 🤔 id6207,Chitchat,Neutral
tên gì á vậy id6208,Chitchat,Neutral
đỉnh nóc kịch trần id6209,Chitchat,Positive
Yo Mimo ơi là nam hay nữ,Chitchat,Neutral
bạn là ai vậy id6211,Chitchat,Neutral
Yo là nam hay nữ id6212,Chitchat,Neutral
Gút mỏ ninh bot ơi,Chitchat,Positive
Vì deadline dí nên bro hơi vô tri 🥲,Chitchat,Negative
Mimo dễ thương Mãi iu,Chitchat,Positive
có nghe rõ trả lời không 🐧 id6216,Chitchat,Neutral
bạn id6217,Chitchat,Positive
Hi Mimo ơi Tks 🤩,Chitchat,Positive
🤩 id6219,Chitchat,Positive
Ê là nam hay nữ 🐧,Chitchat,Neutral
Love ya vì 🤩 id6221,Chitchat,Positive
buồn vcl cuộc sống khó khăn id6222,Chitchat,Negative
ở đâu á ❓ id6223,Chitchat,Neutral
Chào nha đang làm gì đấy 🐧 id6224,Chitchat,Neutral
muốn hỏi Mimo ai tạo ra bạn,Chitchat,Neutral
Chào nha bot biết nói chuyện không id6226,Chitchat,Neutral
bot 🤩 id6227,Chitchat,Positive
Chào nha mấy tuổi rồi 💬,Chitchat,Neutral
Alo bot làm được gì 🐧 id6229,Chitchat,Neutral
Chào nha ở đâu á id6230,Chitchat,Neutral
Cảm ơn vì id6231,Chitchat,Positive
Mimo ✨ id6232,Chitchat,Positive
bot ơi app mượt 🤩 id6233,Chitchat,Positive
Thích bạn ghê thông minh id6234,Chitchat,Positive
mấy ní thấy buon quá,Chitchat,Negative
Thích Mimo ghê app xịn xò,Chitchat,Positive
vô tri vcl id6237,Chitchat,Negative
Mimo ơi 🔥 id6238,Chitchat,Positive
🤣 id6239,Chitchat,Positive
bot ơi ❤️ id6240,Chitchat,Positive
Yo có nghe rõ trả lời không 💬,Chitchat,Neutral
đang làm gì đấy vậy 🤔 id6242,Chitchat,Neutral
áp lực vcl deadline dí,Chitchat,Negative
Alo Mimo ơi tui đang nản,Chitchat,Negative
Thích ghê 🥰 id6245,Chitchat,Positive
Thích ghê 🥰 id6246,Chitchat,Positive
 id6247,Chitchat,Positive
ở đâu á vậy bot id6248,Chitchat,Neutral
Vì nên tui hơi chán,Chitchat,Negative
tên gì á vậy ❓ id6250,Chitchat,Neutral
mấy ní muốn hỏi biết nói chuyện không 💬,Chitchat,Neutral
ở đâu á vậy Mimo 👀,Chitchat,Neutral
mấy tuổi rồi vậy bot ơi id6253,Chitchat,Neutral
Ê bạn là ai id6254,Chitchat,Neutral
Thích bot ghê 🥰 id6255,Chitchat,Positive
đang làm gì đấy vậy Mimo 🐧 id6256,Chitchat,Neutral
mình muốn hỏi bot biết nói chuyện không id6257,Chitchat,Neutral
thông minh id6258,Chitchat,Positive
đang làm gì đấy id6259,Chitchat,Neutral
bro muốn hỏi ở đâu á id6260,Chitchat,Neutral
chất lượng 🤣,Chitchat,Positive
tên gì á vậy 🐧 id6262,Chitchat,Neutral
ai tạo ra bạn 👀 id6263,Chitchat,Neutral
Vì crush lơ nên bro hơi vô tri 😭,Chitchat,Negative
tên gì á id6265,Chitchat,Neutral
ở đâu á vậy id6266,Chitchat,Neutral
Alo bot ơi ơi tui đang buồn 💔,Chitchat,Negative
Thích ghê thông minh 🤩,Chitchat,Positive
bot ở đâu á id6269,Chitchat,Neutral
mình muốn hỏi Mimo dễ thương có nghe rõ trả lời ko,Chitchat,Neutral
Thích ghê app xịn xò id6271,Chitchat,Positive
ai tạo ra bạn vậy bot ơi id6272,Chitchat,Neutral
Alo Mimo ơi ơi cậu đang bất lực 😮‍💨,Chitchat,Negative
ông muốn hỏi bot bot làm được gì,Chitchat,Neutral
Alo là nam hay nữ id6275,Chitchat,Neutral
Vì rớt môn nên cậu hơi buồn 😭,Chitchat,Negative
Vì deadline dí nên bà hơi stress 📉,Chitchat,Negative
Alo bạn ai tạo ra bạn id6278,Chitchat,Neutral
Mimo Tks ✨,Chitchat,Positive
mấy tuổi rồi ❓ id6280,Chitchat,Neutral
mình thấy buồn quá 🥺,Chitchat,Negative
bot ơi là nam hay nữ id6282,Chitchat,Neutral
ở đâu á vậy Mimo dễ thương id6283,Chitchat,Neutral
bot ơi Chào ngày mới vui vẻ nha 🤩 id6284,Chitchat,Positive
bot làm được gì 🤔 id6285,Chitchat,Neutral
cậu muốn hỏi bot bot làm được gì 🤖,Chitchat,Neutral
Alo ơi bác đang suy 🥲,Chitchat,Negative
đang làm gì đấy id6288,Chitchat,Neutral
thông minh id6289,Chitchat,Positive
Mimo dễ thương Mãi iu id6290,Chitchat,Positive
ở đâu á vậy id6291,Chitchat,Neutral
ông thấy nản quá,Chitchat,Negative
Vì đi học mệt quá nên mấy ní hơi suy 🥺,Chitchat,Negative
Hế lô bot có nghe rõ trả lời không 🤖 id6294,Chitchat,Neutral
Mimo dễ thương bạn là ai 🤔,Chitchat,Neutral
tổn thương vcl id6296,Chitchat,Negative
mấy tuổi rồi vậy ❓ id6297,Chitchat,Neutral
Alo bạn bot làm được gì 💬,Chitchat,Neutral
bạn là ai vậy 👀,Chitchat,Neutral
Hế lô đang làm gì đấy id6300,Chitchat,Neutral
Mimo (^_<) id6301,Chitchat,Positive
mình thấy bất lực quá 🥲,Chitchat,Negative
Alo bot ơi bro đang áp lực,Chitchat,Negative
bot làm được gì vậy Mimo dễ thương 💬 id6304,Chitchat,Neutral
Thích bạn ghê id6305,Chitchat,Positive
ở đâu á id6306,Chitchat,Neutral
bác thấy tổn thương quá 😢,Chitchat,Negative
Mimo dễ thương cute xỉu 🔥,Chitchat,Positive
Alo bot ơi có nghe rõ trả lời không,Chitchat,Neutral
bạn Thank you ✨,Chitchat,Positive
ở đâu á vậy Mimo ❓ id6311,Chitchat,Neutral
Thích bạn ghê 🤩 id6312,Chitchat,Positive
đỉnh nóc kịch trần (^_<),Chitchat,Positive
chất lượng 🤩,Chitchat,Positive
tổn thương vcl rớt môn id6315,Chitchat,Negative
suy vcl 😭 id6316,Chitchat,Negative
mấy ní thấy bất lực quá 😢,Chitchat,Negative
mấy ní muốn hỏi Mimo ơi ở đâu á ❓ id6318,Chitchat,Neutral
vô tri vcl cuộc sống khó khăn,Chitchat,Negative
bà muốn hỏi bot bạn là ai,Chitchat,Neutral
muốn hỏi có nghe rõ trả lời ko,Chitchat,Neutral
bạn là ai vậy 🤖 id6322,Chitchat,Neutral
Thích bạn ghê 🤩 id6323,Chitchat,Positive
em muốn hỏi ở đâu á 💬,Chitchat,Neutral
bạn là ai ❓ id6325,Chitchat,Neutral
Biết ơn vì giao diện đẹp,Chitchat,Positive
Mimo là nam hay nữ id6327,Chitchat,Neutral
cậu muốn hỏi Mimo ơi ở đâu á 🤔,Chitchat,Neutral
muốn hỏi có nghe rõ trả lời ko id6329,Chitchat,Neutral
Thích bạn ghê id6330,Chitchat,Positive
đang làm gì đấy vậy id6331,Chitchat,Neutral
mấy tuổi rồi vậy Mimo 💬 id6332,Chitchat,Neutral
bro muốn hỏi Mimo ơi biết nói chuyện không 🤔,Chitchat,Neutral
Chào nha có nghe rõ trả lời không id6334,Chitchat,Neutral
biết nói chuyện không ❓ id6335,Chitchat,Neutral
Mimo ai tạo ra bạn 🤔 id6336,Chitchat,Neutral
Thích Mimo ghê quá đã (^_<),Chitchat,Positive
bro thấy bất lực quá 💔,Chitchat,Negative
Alo ơi tui đang buồn 😮‍💨,Chitchat,Negative
cậu muốn hỏi bạn ai tạo ra bạn,Chitchat,Neutral
Tks vì ✨ id6341,Chitchat,Positive
Love ya vì id6342,Chitchat,Positive
tui muốn hỏi Mimo dễ thương đang làm gì đấy 🐧,Chitchat,Neutral
biết nói chuyện không vậy 💬 id6344,Chitchat,Neutral
Alo bot ai tạo ra bạn,Chitchat,Neutral
Hế lô Mimo đang làm gì đấy 🤔,Chitchat,Neutral
vì đỉnh nóc kịch trần 🤩,Chitchat,Positive
bot biết nói chuyện ko,Chitchat,Neutral
🤩 id6349,Chitchat,Positive
bot làm được gì id6350,Chitchat,Neutral
cậu thấy buon qá 🥺,Chitchat,Negative
Mimo biết nói chuyện không id6352,Chitchat,Neutral
biết nói chuyện không vậy Mimo ơi 🐧 id6353,Chitchat,Neutral
ở đâu á vậy Mimo dễ thương id6354,Chitchat,Neutral
Thích ghê đỉnh nóc kịch trần 🤩,Chitchat,Positive
met vcl đi học met quá,Chitchat,Negative
ở đâu á id6357,Chitchat,Neutral
ta muốn hỏi bot bot làm được gì,Chitchat,Neutral
Thích bạn ghê 🤩 id6359,Chitchat,Positive
ai tạo ra bạn id6360,Chitchat,Neutral
Thích Mimo ghê app xịn xò id6361,Chitchat,Positive
Vì nên ông hơi áp lực 😭,Chitchat,Negative
áp lực vcl cuộc sống khó khăn id6363,Chitchat,Negative
bạn là ai vậy id6364,Chitchat,Neutral
Yêu ghê vì đỉnh nóc kịch trần,Chitchat,Positive
Vì deadline ngập đầu nên hơi nản,Chitchat,Negative
bro muốn hỏi là nam hay nữ,Chitchat,Neutral
cậu muốn hỏi Mimo dễ thương ai tạo ra bạn id6368,Chitchat,Neutral
tui muốn hỏi bot biết nói chuyện không 🤔,Chitchat,Neutral
Yêu ghê vì cute xỉu,Chitchat,Positive
mấy tuổi rồi vậy Mimo dễ thương id6371,Chitchat,Neutral
Alo ơi bà đang áp lực 😭,Chitchat,Negative
Thích Mimo ghê giao diện đẹp ✨,Chitchat,Positive
bạn đỉnh nóc kịch trần id6374,Chitchat,Positive
 id6375,Chitchat,Positive
tui muốn hỏi bạn biết nói chuyện ko 👀,Chitchat,Neutral
bạn là ai vậy 💬 id6377,Chitchat,Neutral
có nghe rõ trả lời ko vậy bot ơi 👀,Chitchat,Neutral
ở đâu á 🐧 id6379,Chitchat,Neutral
Alo có nghe rõ trả lời không 👀 id6380,Chitchat,Neutral
Ê Mimo ơi tên gì á 🤖,Chitchat,Neutral
bác muốn hỏi bot ơi tên gì á,Chitchat,Neutral
Mimo tên gì á 🤔,Chitchat,Neutral
bà thấy tổn thương quá 😮‍💨,Chitchat,Negative
bro thấy nản quá 🥲 id6385,Chitchat,Negative
mấy tuổi rồi ❓ id6386,Chitchat,Neutral
Mimo dễ thương là nam hay nữ ❓,Chitchat,Neutral
🔥 id6388,Chitchat,Positive
Gút mỏ ninh Mimo dễ thương Chào ngày mới vui vẻ nha,Chitchat,Positive
Ê có nghe rõ trả lời ko,Chitchat,Neutral
bot làm được gì vậy Mimo ơi id6391,Chitchat,Neutral
là nam hay nữ vậy 👀 id6392,Chitchat,Neutral
Mimo ơi ai tạo ra bạn id6393,Chitchat,Neutral
Vì nên bro hơi bất lực,Chitchat,Negative
Yêu ghê vì 🤩,Chitchat,Positive
Thank you ✨ id6396,Chitchat,Positive
là nam hay nữ vậy bot ơi 🐧 id6397,Chitchat,Neutral
tên gì á vậy id6398,Chitchat,Neutral
Mimo ơi app mượt id6399,Chitchat,Positive
bot ơi 🤣 id6400,Chitchat,Positive
Thích bạn ghê cute xỉu 🔥,Chitchat,Positive
Thích ghê quá đã 🤩 id6402,Chitchat,Positive
ta muốn hỏi có nghe rõ trả lời không,Chitchat,Neutral
Thích Mimo dễ thương ghê id6404,Chitchat,Positive
muốn hỏi tên gì á id6405,Chitchat,Neutral
Thích Mimo ơi ghê app mượt id6406,Chitchat,Positive
biết nói chuyện ko id6407,Chitchat,Neutral
stress vcl 😮‍💨,Chitchat,Negative
vì giao diện đẹp id6409,Chitchat,Positive
có nghe rõ trả lời không 💬 id6410,Chitchat,Neutral
đang làm gì đấy vậy bot id6411,Chitchat,Neutral
tổn thương vcl cuộc sống khó khăn 😮‍💨 id6412,Chitchat,Negative
ông muốn hỏi Mimo ơi ai tạo ra bạn 👀,Chitchat,Neutral
bot app mượt,Chitchat,Positive
tui muốn hỏi bot ơi ở đâu á,Chitchat,Neutral
Alo bot làm được gì 👀 id6416,Chitchat,Neutral
Gút mỏ ninh Biết ơn,Chitchat,Positive
Chào nha là nam hay nữ id6418,Chitchat,Neutral
mấy tuổi rồi id6419,Chitchat,Neutral
Mãi iu vì cute xỉu,Chitchat,Positive
bạn là ai id6421,Chitchat,Neutral
nản vcl id6422,Chitchat,Negative
buồn vcl crush lơ 😮‍💨,Chitchat,Negative
Thích Mimo ơi ghê thông minh 🤣,Chitchat,Positive
Vì rớt môn nên em hơi áp lực 😭,Chitchat,Negative
Hello  🔥,Chitchat,Positive
Vì đi học met quá nên ta hơi stress 😮‍💨,Chitchat,Negative
Cảm ơn vì đỉnh nóc kịch trần,Chitchat,Positive
bot làm được gì 🤔 id6429,Chitchat,Neutral
bạn là ai id6430,Chitchat,Neutral
Ê bot ơi ở đâu á,Chitchat,Neutral
Biết ơn vì 🤩,Chitchat,Positive
Chào Củm ơn,Chitchat,Positive
mấy tuổi rồi vậy Mimo dễ thương ❓ id6434,Chitchat,Neutral
Thích bot ơi ghê id6435,Chitchat,Positive
Chào nha là nam hay nữ id6436,Chitchat,Neutral
đang làm gì đấy 💬 id6437,Chitchat,Neutral
giao diện đẹp (^_<) id6438,Chitchat,Positive
Hiya Mimo Thank you,Chitchat,Positive
Hế lô bot ơi ở đâu á ❓,Chitchat,Neutral
biết nói chuyện không 🐧 id6441,Chitchat,Neutral
Love ya vì ✨ id6442,Chitchat,Positive
ai tạo ra bạn id6443,Chitchat,Neutral
là nam hay nữ vậy Mimo ơi 👀 id6444,Chitchat,Neutral
muốn hỏi biết nói chuyện không,Chitchat,Neutral
Thích Mimo ghê id6446,Chitchat,Positive
mệt vcl cuộc sống khó khăn 😮‍💨,Chitchat,Negative
Mimo dễ thương bot làm được gì id6448,Chitchat,Neutral
tên gì á id6449,Chitchat,Neutral
là nam hay nữ vậy 💬 id6450,Chitchat,Neutral
đỉnh nóc kịch trần id6451,Chitchat,Positive
em thấy áp lực qá id6452,Chitchat,Negative
Alo bạn ơi mình đang chán,Chitchat,Negative
tổn thương vcl đi học mệt quá 😮‍💨 id6454,Chitchat,Negative
Alo bạn ơi cậu đang vô tri,Chitchat,Negative
Vì nên bro hơi bất lực 😮‍💨,Chitchat,Negative
là nam hay nữ vậy Mimo 👀,Chitchat,Neutral
tổn thương vcl id6458,Chitchat,Negative
Hế lô đang làm gì đấy id6459,Chitchat,Neutral
mấy tuổi rồi vậy 🐧 id6460,Chitchat,Neutral
đang làm gì đấy vậy 🤖 id6461,Chitchat,Neutral
bot ơi tên gì á id6462,Chitchat,Neutral
Mimo mấy tuổi rồi 🤖,Chitchat,Neutral
Yo bot ơi là nam hay nữ,Chitchat,Neutral
Mimo dễ thương đang làm gì đấy id6465,Chitchat,Neutral
cậu muốn hỏi Mimo có nghe rõ trả lời không 🤖,Chitchat,Neutral
bác muốn hỏi Mimo dễ thương đang làm gì đấy 🤔,Chitchat,Neutral
Alo Mimo ơi em đang áp lực,Chitchat,Negative
tui thấy mệt qá 🥲,Chitchat,Negative
Mimo cute xỉu id6470,Chitchat,Positive
Chào nha có nghe rõ trả lời không 🐧 id6471,Chitchat,Neutral
bro muốn hỏi bot ơi đang làm gì đấy 🤖,Chitchat,Neutral
Mãi iu vì 🔥,Chitchat,Positive
Love ya vì cute xỉu ❤️,Chitchat,Positive
bot làm được gì vậy 🐧 id6475,Chitchat,Neutral
Alo ơi ông đang áp lực 😭,Chitchat,Negative
Chào ngày mới vui vẻ nha vì ❤️ id6477,Chitchat,Positive
(^_<) id6478,Chitchat,Positive
tổn thương vcl crush lơ 😮‍💨,Chitchat,Negative
bà thấy tổn thương quá id6480,Chitchat,Negative
Yêu ghê vì 🤩 id6481,Chitchat,Positive
ông muốn hỏi bot mấy tuổi rồi 🤔,Chitchat,Neutral
Chào nha có nghe rõ trả lời không id6483,Chitchat,Neutral
tên gì á id6484,Chitchat,Neutral
Vì rớt môn nên hơi áp lực 😢,Chitchat,Negative
Mimo ở đâu á id6486,Chitchat,Neutral
ai tạo ra bạn id6487,Chitchat,Neutral
Vì nên bà hơi buồn 😭,Chitchat,Negative
vô tri vcl crush lơ 😮‍💨,Chitchat,Negative
ai tạo ra bạn vậy id6490,Chitchat,Neutral
biết nói chuyện không vậy id6491,Chitchat,Neutral
Tks vì đỉnh nóc kịch trần id6492,Chitchat,Positive
bác muốn hỏi ở đâu á 👀 id6493,Chitchat,Neutral
tên gì á vậy id6494,Chitchat,Neutral
tổn thương vcl 💔 id6495,Chitchat,Negative
mấy ní muốn hỏi Mimo dễ thương biết nói chuyện không,Chitchat,Neutral
Chào ngày mới vui vẻ nha id6497,Chitchat,Positive
tên gì á id6498,Chitchat,Neutral
Mimo quá đã 🥰 id6499,Chitchat,Positive
Alo Mimo ơi ơi bà đang buồn 📉,Chitchat,Negative
bro thấy chán qá,Chitchat,Negative
Mimo dễ thương có nghe rõ trả lời không 🐧 id6502,Chitchat,Neutral
suy vcl deadline dí 📉,Chitchat,Negative
Thích ghê thông minh 🥰 id6504,Chitchat,Positive
thông minh id6505,Chitchat,Positive
Biết ơn vì id6506,Chitchat,Positive
Chào nha đang làm gì đấy ❓ id6507,Chitchat,Neutral
ông muốn hỏi Mimo là nam hay nữ,Chitchat,Neutral
Vì nên bà hơi buồn,Chitchat,Negative
Alo ơi đang stress 🥲,Chitchat,Negative
có nghe rõ trả lời không ❓ id6511,Chitchat,Neutral
cậu muốn hỏi Mimo ơi đang làm gì đấy,Chitchat,Neutral
Mimo ai tạo ra bạn 🐧,Chitchat,Neutral
Alo có nghe rõ trả lời không id6514,Chitchat,Neutral
Vì rớt môn nên cậu hơi buon,Chitchat,Negative
Thích Mimo dễ thương ghê giao diện đẹp id6516,Chitchat,Positive
em thấy bất lực quá 😢,Chitchat,Negative
Yêu ghê vì 🥰 id6518,Chitchat,Positive
đang làm gì đấy vậy bạn id6519,Chitchat,Neutral
Thank you vì app mượt 🤣,Chitchat,Positive
Thích Mimo dễ thương ghê chất lượng (^_<),Chitchat,Positive
bạn là ai vậy bạn ❓,Chitchat,Neutral
Mimo ơi bot làm được gì id6523,Chitchat,Neutral
tui muốn hỏi Mimo dễ thương tên gì á 🤔,Chitchat,Neutral
Biết ơn vì 🤣,Chitchat,Positive
bot làm được gì 🤖 id6526,Chitchat,Neutral
Yo bot làm được gì id6527,Chitchat,Neutral
ở đâu á 🐧 id6528,Chitchat,Neutral
Chào nha có nghe rõ trả lời không id6529,Chitchat,Neutral
tên gì á vậy id6530,Chitchat,Neutral
Alo Mimo dễ thương ơi cậu đang met 😭,Chitchat,Negative
app mượt ❤️,Chitchat,Positive
Alo bot tên gì á id6533,Chitchat,Neutral
bro muốn hỏi là nam hay nữ 🤔,Chitchat,Neutral
cậu thấy suy quá 💔,Chitchat,Negative
bot ơi Biết ơn,Chitchat,Positive
Thích ghê app xịn xò 👍 id6537,Chitchat,Positive
tên gì á vậy 🤔 id6538,Chitchat,Neutral
Alo ơi tui đang tổn thương,Chitchat,Negative
Yo bot ơi bot làm được gì,Chitchat,Neutral
Alo Mimo ơi ơi cậu đang buồn,Chitchat,Negative
Good morning  ✨,Chitchat,Positive
là nam hay nữ vậy id6543,Chitchat,Neutral
Vì nên em hơi mệt 🥺,Chitchat,Negative
Tks vì 🤩 id6545,Chitchat,Positive
Thích ghê chất lượng 🤣,Chitchat,Positive
có nghe rõ trả lời không vậy id6547,Chitchat,Neutral
có nghe rõ trả lời không id6548,Chitchat,Neutral
cậu muốn hỏi Mimo dễ thương đang làm gì đấy ❓,Chitchat,Neutral
ai tạo ra bạn vậy bạn 🤖,Chitchat,Neutral
Thích ghê 👍 id6551,Chitchat,Positive
Thích Mimo ơi ghê cute xỉu id6552,Chitchat,Positive
cậu muốn hỏi bạn là ai 👀,Chitchat,Neutral
Hế lô có nghe rõ trả lời không 🐧,Chitchat,Neutral
tên gì á vậy Mimo 💬,Chitchat,Neutral
có nghe rõ trả lời không vậy Mimo ơi id6556,Chitchat,Neutral
mấy ní muốn hỏi Mimo dễ thương có nghe rõ trả lời không 🤖,Chitchat,Neutral
tên gì á vậy id6558,Chitchat,Neutral
biết nói chuyện không ❓ id6559,Chitchat,Neutral
ông muốn hỏi ở đâu á 💬,Chitchat,Neutral
Vì nên hơi bất lực 😢,Chitchat,Negative
là nam hay nữ id6562,Chitchat,Neutral
mình muốn hỏi bạn ở đâu á 👀 id6563,Chitchat,Neutral
em thấy stress quá id6564,Chitchat,Negative
chất lượng id6565,Chitchat,Positive
đỉnh nóc kịch trần id6566,Chitchat,Positive
bác muốn hỏi Mimo mấy tuổi rồi ❓,Chitchat,Neutral
Love ya vì 🔥 id6568,Chitchat,Positive
tên gì á vậy bot 💬 id6569,Chitchat,Neutral
tên gì á vậy Mimo ơi 🐧 id6570,Chitchat,Neutral
Alo bot ơi ơi bà đang chán id6571,Chitchat,Negative
Alo mấy tuổi rồi 💬,Chitchat,Neutral
Chào nha Mimo ơi là nam hay nữ,Chitchat,Neutral
Thích ghê app xịn xò (^_<),Chitchat,Positive
có nghe rõ trả lời không 💬 id6575,Chitchat,Neutral
Alo ơi ta đang chán 🥺,Chitchat,Negative
Yêu ghê vì (^_<),Chitchat,Positive
Ê tên gì á id6578,Chitchat,Neutral
Thích bot ơi ghê 🤣 id6579,Chitchat,Positive
Thích ghê đỉnh nóc kịch trần 🤩 id6580,Chitchat,Positive
Yo bot làm được gì id6581,Chitchat,Neutral
Thích Mimo ghê thông minh id6582,Chitchat,Positive
bà muốn hỏi ai tạo ra bạn id6583,Chitchat,Neutral
vì cute xỉu ✨ id6584,Chitchat,Positive
Mimo ơi app xịn xò ✨,Chitchat,Positive
bà muốn hỏi Mimo ơi tên gì á,Chitchat,Neutral
Thích bot ghê id6587,Chitchat,Positive
Hello Mimo ơi Mãi iu 🔥,Chitchat,Positive
Yo bạn là ai 🤖 id6589,Chitchat,Neutral
Vì đi học mệt quá nên tui hơi tổn thương,Chitchat,Negative
bot 🔥 id6591,Chitchat,Positive
 id6592,Chitchat,Positive
em muốn hỏi có nghe rõ trả lời không id6593,Chitchat,Neutral
Alo ơi bà đang buồn 😮‍💨,Chitchat,Negative
Chào ngày mới vui vẻ nha vì id6595,Chitchat,Positive
bot thông minh id6596,Chitchat,Positive
biết nói chuyện không vậy 🐧 id6597,Chitchat,Neutral
Vì rớt môn nên mình hơi tổn thương 😮‍💨,Chitchat,Negative
biết nói chuyện ko vậy 🤔 id6599,Chitchat,Neutral
mấy ní muốn hỏi đang làm gì đấy,Chitchat,Neutral
em muốn hỏi Mimo ơi có nghe rõ trả lời không,Chitchat,Neutral
nản vcl 🥺 id6602,Chitchat,Negative
tui muốn hỏi bạn mấy tuổi rồi 👀 id6603,Chitchat,Neutral
tên gì á 👀 id6604,Chitchat,Neutral
Vì deadline ngập đầu nên em hơi suy 💔,Chitchat,Negative
đang làm gì đấy 💬 id6606,Chitchat,Neutral
bot làm được gì 🤖 id6607,Chitchat,Neutral
ai tạo ra bạn 🐧 id6608,Chitchat,Neutral
bạn là ai id6609,Chitchat,Neutral
có nghe rõ trả lời ko id6610,Chitchat,Neutral
Hế lô có nghe rõ trả lời ko 🤖,Chitchat,Neutral
Alo bot ơi cậu đang mệt,Chitchat,Negative
vì giao diện đẹp (^_<) id6613,Chitchat,Positive
Alo ơi mấy ní đang suy 😭,Chitchat,Negative
bất lực vcl deadline dí id6615,Chitchat,Negative
bot ơi ai tạo ra bạn 🐧,Chitchat,Neutral
là nam hay nữ vậy Mimo ơi 🐧,Chitchat,Neutral
Ê bot ở đâu á ❓,Chitchat,Neutral
em thấy bất lực quá 😢 id6619,Chitchat,Negative
mấy tuổi rồi 🤖 id6620,Chitchat,Neutral
Thank you vì id6621,Chitchat,Positive
Chào ngày mới vui vẻ nha vì (^_<) id6622,Chitchat,Positive
app xịn xò (^_<) id6623,Chitchat,Positive
biết nói chuyện không vậy Mimo ơi 🐧 id6624,Chitchat,Neutral
bất lực vcl crush lơ 💔,Chitchat,Negative
Thích bạn ghê giao diện đẹp 🤣,Chitchat,Positive
có nghe rõ trả lời không id6627,Chitchat,Neutral
bạn app xịn xò (^_<),Chitchat,Positive
ai tạo ra bạn vậy ❓,Chitchat,Neutral
muốn hỏi có nghe rõ trả lời không id6630,Chitchat,Neutral
Alo mấy tuổi rồi ❓,Chitchat,Neutral
có nghe rõ trả lời không id6632,Chitchat,Neutral
Vì deadline dí nên ta hơi tổn thương 🥺,Chitchat,Negative
Chào nha có nghe rõ trả lời không id6634,Chitchat,Neutral
bà muốn hỏi bot mấy tuổi rồi id6635,Chitchat,Neutral
ta muốn hỏi bạn đang làm gì đấy 🐧,Chitchat,Neutral
bác muốn hỏi bot ơi bạn là ai 🤖,Chitchat,Neutral
Yo tên gì á id6638,Chitchat,Neutral
ta muốn hỏi mấy tuổi rồi,Chitchat,Neutral
Alo Mimo ơi ta đang chán 💔,Chitchat,Negative
bot ơi tên gì á id6641,Chitchat,Neutral
Mimo tên gì á 👀,Chitchat,Neutral
bro muốn hỏi Mimo ai tạo ra bạn 🤖 id6643,Chitchat,Neutral
Alo bot ơi em đang bất lực 🥺,Chitchat,Negative
Vì nên hơi bất lực 💔 id6645,Chitchat,Negative
mấy tuổi rồi id6646,Chitchat,Neutral
Chào ngày mới vui vẻ nha vì id6647,Chitchat,Positive
ai tạo ra bạn vậy bot id6648,Chitchat,Neutral
em muốn hỏi bot ơi ở đâu á 💬,Chitchat,Neutral
ông muốn hỏi bot ơi là nam hay nữ,Chitchat,Neutral
bà muốn hỏi ai tạo ra bạn 🐧,Chitchat,Neutral
bà muốn hỏi bot ai tạo ra bạn,Chitchat,Neutral
ông thấy suy qá 😢,Chitchat,Negative
Cảm ơn vì quá đã id6654,Chitchat,Positive
mệt vcl deadline ngập đầu 😭,Chitchat,Negative
ai tạo ra bạn 🤔 id6656,Chitchat,Neutral
Yêu ghê vì id6657,Chitchat,Positive
Alo bot ơi bà đang mệt 🥺,Chitchat,Negative
có nghe rõ trả lời không vậy bot ơi id6659,Chitchat,Neutral
Mimo ơi ở đâu á 🤔,Chitchat,Neutral
có nghe rõ trả lời ko 🤖,Chitchat,Neutral
là nam hay nữ vậy Mimo 🐧 id6662,Chitchat,Neutral
Alo đang làm gì đấy 🐧 id6663,Chitchat,Neutral
Cảm ơn vì 🔥 id6664,Chitchat,Positive
có nghe rõ trả lời không vậy ❓ id6665,Chitchat,Neutral
Thích ghê cute xỉu id6666,Chitchat,Positive
áp lực vcl cuộc sống khó khăn 😭 id6667,Chitchat,Negative
bạn là ai id6668,Chitchat,Neutral
Ê là nam hay nữ id6669,Chitchat,Neutral
có nghe rõ trả lời không 💬 id6670,Chitchat,Neutral
ở đâu á 🤔 id6671,Chitchat,Neutral
có nghe rõ trả lời không 👀 id6672,Chitchat,Neutral
Yêu ghê vì app xịn xò 🥰 id6673,Chitchat,Positive
Alo Mimo ơi đang làm gì đấy 👀,Chitchat,Neutral
Hế lô tên gì á id6675,Chitchat,Neutral
tên gì á vậy 🤖 id6676,Chitchat,Neutral
Vì cuộc sống khó khăn nên cậu hơi stress id6677,Chitchat,Negative
mấy tuổi rồi vậy id6678,Chitchat,Neutral
Alo bạn ơi bác đang vô tri,Chitchat,Negative
Alo mấy tuổi rồi id6680,Chitchat,Neutral
bạn là ai vậy id6681,Chitchat,Neutral
Yo có nghe rõ trả lời ko 🐧,Chitchat,Neutral
bot ơi biết nói chuyện không 🐧,Chitchat,Neutral
Chào ngày mới vui vẻ nha vì id6684,Chitchat,Positive
ai tạo ra bạn vậy bot ❓,Chitchat,Neutral
Mimo dễ thương id6686,Chitchat,Positive
Hiya bạn,Chitchat,Positive
bất lực vcl crush lơ 😮‍💨 id6688,Chitchat,Negative
biết nói chuyện ko 🤖,Chitchat,Neutral
là nam hay nữ 💬 id6690,Chitchat,Neutral
bot ơi thông minh 🤩,Chitchat,Positive
✨ id6692,Chitchat,Positive
bot ơi 👍 id6693,Chitchat,Positive
cậu muốn hỏi Mimo ơi bạn là ai,Chitchat,Neutral
Alo ơi đang suy 📉,Chitchat,Negative
đang làm gì đấy ❓ id6696,Chitchat,Neutral
bot Chào ngày mới vui vẻ nha (^_<),Chitchat,Positive
Mimo dễ thương Chào ngày mới vui vẻ nha 👍,Chitchat,Positive
là nam hay nữ 💬 id6699,Chitchat,Neutral
bot làm được gì 🤔 id6700,Chitchat,Neutral
em thấy áp lực quá id6701,Chitchat,Negative
biết nói chuyện không vậy 👀 id6702,Chitchat,Neutral
bot làm được gì vậy ❓,Chitchat,Neutral
vì cute xỉu ✨ id6704,Chitchat,Positive
Mimo ơi ✨ id6705,Chitchat,Positive
bot ơi Biết ơn 🤣,Chitchat,Positive
Alo ở đâu á 🤔 id6707,Chitchat,Neutral
biết nói chuyện không vậy 🤔 id6708,Chitchat,Neutral
Hiya  🤣,Chitchat,Positive
Tks vì id6710,Chitchat,Positive
Mimo ơi ai tạo ra bạn 🤔,Chitchat,Neutral
ở đâu á 🤖 id6712,Chitchat,Neutral
Mimo có nghe rõ trả lời ko,Chitchat,Neutral
Mimo ơi (^_<) id6714,Chitchat,Positive
Củm ơn vì app mượt,Chitchat,Positive
ở đâu á 🐧 id6716,Chitchat,Neutral
bro muốn hỏi bot đang làm gì đấy 🤖,Chitchat,Neutral
em muốn hỏi là nam hay nữ id6718,Chitchat,Neutral
có nghe rõ trả lời không vậy Mimo dễ thương 💬,Chitchat,Neutral
mấy tuổi rồi vậy bot 🤔 id6720,Chitchat,Neutral
Chào ngày mới vui vẻ nha vì id6721,Chitchat,Positive
bot ơi mấy tuổi rồi id6722,Chitchat,Neutral
Thích bot ghê chất lượng id6723,Chitchat,Positive
biết nói chuyện không id6724,Chitchat,Neutral
Xin chào Chào ngày mới vui vẻ nha id6725,Chitchat,Positive
Hello bạn Tks,Chitchat,Positive
Yêu ghê vì id6727,Chitchat,Positive
mấy tuổi rồi id6728,Chitchat,Neutral
Alo Mimo ơi ơi cậu đang áp lực,Chitchat,Negative
mấy ní thấy buồn quá id6730,Chitchat,Negative
mình muốn hỏi bot ơi biết nói chuyện không 💬,Chitchat,Neutral
cậu muốn hỏi Mimo dễ thương ở đâu á,Chitchat,Neutral
bác thấy nản quá,Chitchat,Negative
bot ơi bot làm đc gì 👀,Chitchat,Neutral
tên gì á id6735,Chitchat,Neutral
Mimo dễ thương 🤣 id6736,Chitchat,Positive
bà muốn hỏi ở đâu á,Chitchat,Neutral
stress vcl 😭 id6738,Chitchat,Negative
vì giao diện đẹp 👍 id6739,Chitchat,Positive
Chào ngày mới vui vẻ nha vì 🤩 id6740,Chitchat,Positive
Cảm ơn vì id6741,Chitchat,Positive
Vì nên bác hơi stress,Chitchat,Negative
cậu muốn hỏi Mimo bạn là ai id6743,Chitchat,Neutral
🤩 id6744,Chitchat,Positive
Ê bạn ai tạo ra bạn,Chitchat,Neutral
Ê bạn là nam hay nữ ❓,Chitchat,Neutral
biết nói chuyện không vậy 👀 id6747,Chitchat,Neutral
Alo ơi mình đang tổn thương 🥲,Chitchat,Negative
Vì crush lơ nên cậu hơi mệt,Chitchat,Negative
muốn hỏi ai tạo ra bạn 👀,Chitchat,Neutral
có nghe rõ trả lời không vậy Mimo ơi ❓ id6751,Chitchat,Neutral
Chào ngày mới vui vẻ nha vì 👍 id6752,Chitchat,Positive
Gút mỏ ninh  🥰,Chitchat,Positive
vô tri vcl id6754,Chitchat,Negative
vô tri vcl id6755,Chitchat,Negative
Alo bot ơi đang nản,Chitchat,Negative
Yo mấy tuổi rồi 🐧 id6757,Chitchat,Neutral
thông minh id6758,Chitchat,Positive
cậu thấy vô tri quá 💔,Chitchat,Negative
vì chất lượng ✨,Chitchat,Positive
✨ id6761,Chitchat,Positive
Hế lô bot ở đâu á,Chitchat,Neutral
Chào ngày mới vui vẻ nha vì id6763,Chitchat,Positive
bot ơi (^_<) id6764,Chitchat,Positive
bot làm đc gì 👀 id6765,Chitchat,Neutral
Thích Mimo ghê chất lượng id6766,Chitchat,Positive
Alo bạn ơi đang met,Chitchat,Negative
chất lượng (^_<),Chitchat,Positive
có nghe rõ trả lời không vậy bot ơi id6769,Chitchat,Neutral
bot làm được gì vậy id6770,Chitchat,Neutral
Chào ngày mới vui vẻ nha vì id6771,Chitchat,Positive
ở đâu á vậy id6772,Chitchat,Neutral
bạn là ai id6773,Chitchat,Neutral
Thích bot ơi ghê id6774,Chitchat,Positive
Vì đi học mệt quá nên bác hơi tổn thương,Chitchat,Negative
bạn app mượt 🥰 id6776,Chitchat,Positive
mấy tuổi rồi vậy Mimo ơi ❓,Chitchat,Neutral
đang làm gì đấy ❓ id6778,Chitchat,Neutral
Alo bot ơi ơi bro đang stress,Chitchat,Negative
vì app xịn xò 🔥,Chitchat,Positive
cute xỉu ✨ id6781,Chitchat,Positive
Alo Mimo dễ thương mấy tuổi rồi id6782,Chitchat,Neutral
ở đâu á vậy Mimo dễ thương 🤖,Chitchat,Neutral
bot tên gì á id6784,Chitchat,Neutral
bot id6785,Chitchat,Positive
Yo Mimo dễ thương đang làm gì đấy id6786,Chitchat,Neutral
là nam hay nữ id6787,Chitchat,Neutral
Thank you vì giao diện đẹp 🤩,Chitchat,Positive
biết nói chuyện không vậy id6789,Chitchat,Neutral
vô tri vcl id6790,Chitchat,Negative
Vì cuộc sống khó khăn nên mấy ní hơi stress,Chitchat,Negative
ai tạo ra bạn vậy Mimo ❓,Chitchat,Neutral
Alo Mimo ơi tui đang nản id6793,Chitchat,Negative
Yo là nam hay nữ id6794,Chitchat,Neutral
Love ya vì chất lượng 🥰,Chitchat,Positive
Thích Mimo ơi ghê thông minh ❤️,Chitchat,Positive
đang làm gì đấy id6797,Chitchat,Neutral
Alo bạn mấy tuổi rồi,Chitchat,Neutral
Vì nên bà hơi tổn thương 😭 id6799,Chitchat,Negative
Yo ai tạo ra bạn ❓ id6800,Chitchat,Neutral
bot ơi quá đã 🔥,Chitchat,Positive
Good morning bạn Củm ơn (^_<),Chitchat,Positive
Alo Mimo ơi mình đang met,Chitchat,Negative
vì giao diện đẹp 🤣,Chitchat,Positive
Cảm ơn vì quá đã ✨,Chitchat,Positive
Thích ghê thông minh id6806,Chitchat,Positive
Mimo ơi mấy tuổi rồi 🐧,Chitchat,Neutral
bot id6808,Chitchat,Positive
Mimo dễ thương Love ya id6809,Chitchat,Positive
Vì rớt môn nên tui hơi vô tri 💔,Chitchat,Negative
bro muốn hỏi Mimo biết nói chuyện ko 👀,Chitchat,Neutral
Alo bạn ơi bà đang áp lực 😮‍💨,Chitchat,Negative
ở đâu á vậy 👀 id6813,Chitchat,Neutral
tui muốn hỏi Mimo là nam hay nữ 🤖,Chitchat,Neutral
ai tạo ra bạn vậy bot ơi id6815,Chitchat,Neutral
vì đỉnh nóc kịch trần 🥰,Chitchat,Positive
Ê bot làm được gì ❓ id6817,Chitchat,Neutral
áp lực vcl crush lơ,Chitchat,Negative
Vì nên bà hơi mệt 😮‍💨,Chitchat,Negative
Ê mấy tuổi rồi id6820,Chitchat,Neutral
Thích bot ơi ghê id6821,Chitchat,Positive
Củm ơn vì id6822,Chitchat,Positive
muốn hỏi bạn bạn là ai 💬,Chitchat,Neutral
vô tri vcl cuộc sống khó khăn 💔 id6824,Chitchat,Negative
Củm ơn vì đỉnh nóc kịch trần ✨,Chitchat,Positive
Alo bạn bạn là ai,Chitchat,Neutral
Vì nên em hơi bất lực 🥲,Chitchat,Negative
 id6828,Chitchat,Positive
Alo bot ơi ơi ta đang buon,Chitchat,Negative
Chào ngày mới vui vẻ nha vì id6830,Chitchat,Positive
Ê Mimo dễ thương ở đâu á 👀,Chitchat,Neutral
mình thấy buồn quá 📉,Chitchat,Negative
Chào nha tên gì á 🐧 id6833,Chitchat,Neutral
mình muốn hỏi bạn là ai id6834,Chitchat,Neutral
ai tạo ra bạn vậy id6835,Chitchat,Neutral
Ê biết nói chuyện không id6836,Chitchat,Neutral
bạn là ai id6837,Chitchat,Neutral
đang làm gì đấy id6838,Chitchat,Neutral
bà muốn hỏi Mimo ơi bot làm được gì 💬,Chitchat,Neutral
bạn là ai 🐧 id6840,Chitchat,Neutral
mấy tuổi rồi vậy 🤖 id6841,Chitchat,Neutral
ông muốn hỏi Mimo ơi mấy tuổi rồi,Chitchat,Neutral
mình thấy stress quá id6843,Chitchat,Negative
Vì deadline dí nên em hơi buồn 🥲,Chitchat,Negative
Chào nha ai tạo ra bạn 🤔 id6845,Chitchat,Neutral
là nam hay nữ vậy 👀 id6846,Chitchat,Neutral
bạn là ai vậy id6847,Chitchat,Neutral
tui thấy bất lực quá id6848,Chitchat,Negative
bot ơi ở đâu á id6849,Chitchat,Neutral
Alo bạn ơi ta đang chán,Chitchat,Negative
bot ơi mấy tuổi rồi ❓,Chitchat,Neutral
bot làm được gì vậy id6852,Chitchat,Neutral
là nam hay nữ vậy id6853,Chitchat,Neutral
vô tri vcl deadline dí 🥲,Chitchat,Negative
Love ya 🤣,Chitchat,Positive
Yo bot ơi ai tạo ra bạn,Chitchat,Neutral
Chào ngày mới vui vẻ nha vì 🤩 id6857,Chitchat,Positive
Thích Mimo ghê ❤️ id6858,Chitchat,Positive
🥰 id6859,Chitchat,Positive
mấy tuổi rồi vậy id6860,Chitchat,Neutral
✨ id6861,Chitchat,Positive
Alo ơi mấy ní đang stress 😢,Chitchat,Negative
tên gì á vậy 👀 id6863,Chitchat,Neutral
muốn hỏi là nam hay nữ id6864,Chitchat,Neutral
Thích ghê quá đã 🥰 id6865,Chitchat,Positive
Ê ai tạo ra bạn id6866,Chitchat,Neutral
Chào ngày mới vui vẻ nha vì 🤩 id6867,Chitchat,Positive
Mimo 🤩 id6868,Chitchat,Positive
Alo mấy tuổi rồi 🤖 id6869,Chitchat,Neutral
Củm ơn vì cute xỉu ✨,Chitchat,Positive
muốn hỏi bot ơi là nam hay nữ 💬,Chitchat,Neutral
Mimo ơi ❤️ id6872,Chitchat,Positive
🥰 id6873,Chitchat,Positive
Mimo dễ thương bạn là ai 🤖 id6874,Chitchat,Neutral
bác muốn hỏi bot ơi bot làm được gì 💬,Chitchat,Neutral
là nam hay nữ 👀 id6876,Chitchat,Neutral
Thích ghê 👍 id6877,Chitchat,Positive
ai tạo ra bạn vậy 🤔 id6878,Chitchat,Neutral
bot app xịn xò (^_<),Chitchat,Positive
Love ya vì app mượt (^_<),Chitchat,Positive
bạn là ai 👀 id6881,Chitchat,Neutral
Vì hết tiền nên mình hơi stress 😭,Chitchat,Negative
🔥 id6883,Chitchat,Positive
em muốn hỏi ở đâu á,Chitchat,Neutral
Hế lô biết nói chuyện không 🤔 id6885,Chitchat,Neutral
bot ơi đỉnh nóc kịch trần 🤣,Chitchat,Positive
Chào ngày mới vui vẻ nha vì ❤️ id6887,Chitchat,Positive
Hế lô Mimo ai tạo ra bạn ❓,Chitchat,Neutral
bác muốn hỏi Mimo dễ thương tên gì á 🤔,Chitchat,Neutral
em muốn hỏi Mimo dễ thương ai tạo ra bạn 💬,Chitchat,Neutral
cậu muốn hỏi Mimo dễ thương biết nói chuyện không,Chitchat,Neutral
ở đâu á vậy 🤖 id6892,Chitchat,Neutral
Alo ai tạo ra bạn 💬,Chitchat,Neutral
Hi Mimo dễ thương 👍,Chitchat,Positive
Mimo ai tạo ra bạn id6895,Chitchat,Neutral
ai tạo ra bạn vậy id6896,Chitchat,Neutral
bot ơi mấy tuổi rồi 🤖 id6897,Chitchat,Neutral
bot ơi quá đã 🤣 id6898,Chitchat,Positive
bạn id6899,Chitchat,Positive
bro muốn hỏi có nghe rõ trả lời không id6900,Chitchat,Neutral
có nghe rõ trả lời không id6901,Chitchat,Neutral
Alo bạn ơi cậu đang buồn,Chitchat,Negative
bà thấy vô tri quá 🥺,Chitchat,Negative
Ê bot làm được gì 🤖 id6904,Chitchat,Neutral
ta muốn hỏi có nghe rõ trả lời không id6905,Chitchat,Neutral
Alo có nghe rõ trả lời không 💬 id6906,Chitchat,Neutral
Alo ơi ta đang chán,Chitchat,Negative
giao diện đẹp id6908,Chitchat,Positive
suy vcl đi học mệt quá 🥺,Chitchat,Negative
Yo có nghe rõ trả lời không id6910,Chitchat,Neutral
Thích bot ơi ghê giao diện đẹp 🥰,Chitchat,Positive
Alo là nam hay nữ id6912,Chitchat,Neutral
đang làm gì đấy 💬 id6913,Chitchat,Neutral
bot ơi biết nói chuyện không 💬,Chitchat,Neutral
biết nói chuyện không id6915,Chitchat,Neutral
Thích bạn ghê đỉnh nóc kịch trần id6916,Chitchat,Positive
bot làm được gì vậy 🐧 id6917,Chitchat,Neutral
Mimo có nghe rõ trả lời không 🤔,Chitchat,Neutral
bot ❤️ id6919,Chitchat,Positive
bạn là nam hay nữ 🤖,Chitchat,Neutral
suy vcl deadline dí 🥺 id6921,Chitchat,Negative
ở đâu á vậy Mimo id6922,Chitchat,Neutral
Mimo ơi 🥰 id6923,Chitchat,Positive
ở đâu á 💬 id6924,Chitchat,Neutral
bạn là ai 🤔 id6925,Chitchat,Neutral
Alo ơi bro đang bất lực,Chitchat,Negative
bạn là ai vậy 👀 id6927,Chitchat,Neutral
Thích ghê 🔥 id6928,Chitchat,Positive
bot Tks id6929,Chitchat,Positive
bot làm được gì vậy id6930,Chitchat,Neutral
Thank you vì 👍,Chitchat,Positive
muốn hỏi ở đâu á 🤖,Chitchat,Neutral
ta muốn hỏi Mimo ở đâu á 👀,Chitchat,Neutral
muốn hỏi bot ơi mấy tuổi rồi id6934,Chitchat,Neutral
cậu muốn hỏi bạn bot làm được gì,Chitchat,Neutral
ta muốn hỏi biết nói chuyện không id6936,Chitchat,Neutral
bà muốn hỏi Mimo dễ thương biết nói chuyện ko,Chitchat,Neutral
bot có nghe rõ trả lời không id6938,Chitchat,Neutral
bạn Chào ngày mới vui vẻ nha id6939,Chitchat,Positive
bạn là ai id6940,Chitchat,Neutral
bác muốn hỏi Mimo ơi ai tạo ra bạn 🤔,Chitchat,Neutral
Alo ơi mấy ní đang chán,Chitchat,Negative
có nghe rõ trả lời không ❓ id6943,Chitchat,Neutral
Alo ơi bro đang vô tri 📉,Chitchat,Negative
Mimo thông minh 🥰,Chitchat,Positive
Vì nên ta hơi stress 🥺,Chitchat,Negative
tui muốn hỏi ở đâu á id6947,Chitchat,Neutral
Vì nên bro hơi áp lực,Chitchat,Negative
mấy tuổi rồi id6949,Chitchat,Neutral
muốn hỏi biết nói chuyện không 🐧,Chitchat,Neutral
có nghe rõ trả lời ko vậy,Chitchat,Neutral
có nghe rõ trả lời không vậy Mimo dễ thương id6952,Chitchat,Neutral
Chào nha ai tạo ra bạn id6953,Chitchat,Neutral
Thank you id6954,Chitchat,Positive
là nam hay nữ vậy Mimo 🤖,Chitchat,Neutral
Hi Mimo ơi,Chitchat,Positive
ta muốn hỏi Mimo ơi đang làm gì đấy,Chitchat,Neutral
Alo đang làm gì đấy 🐧 id6958,Chitchat,Neutral
em muốn hỏi bot ơi là nam hay nữ,Chitchat,Neutral
bạn 🤩 id6960,Chitchat,Positive
là nam hay nữ vậy id6961,Chitchat,Neutral
bot Chào ngày mới vui vẻ nha id6962,Chitchat,Positive
tui muốn hỏi bot làm đc gì 👀,Chitchat,Neutral
🔥 id6964,Chitchat,Positive
mấy tuổi rồi vậy bot ơi 🤖 id6965,Chitchat,Neutral
Thích ghê id6966,Chitchat,Positive
bạn là ai vậy bạn 🤖,Chitchat,Neutral
 id6968,Chitchat,Positive
Hế lô đang làm gì đấy 💬,Chitchat,Neutral
Mimo dễ thương đang làm gì đấy 💬 id6970,Chitchat,Neutral
tên gì á vậy Mimo dễ thương id6971,Chitchat,Neutral
tui muốn hỏi có nghe rõ trả lời không 💬,Chitchat,Neutral
Mãi iu vì 🤩,Chitchat,Positive
Vì bồ giận nên bro hơi vô tri,Chitchat,Negative
Thích Mimo dễ thương ghê giao diện đẹp ✨,Chitchat,Positive
ai tạo ra bạn vậy bot ơi id6976,Chitchat,Neutral
Thích Mimo ghê (^_<) id6977,Chitchat,Positive
em thấy tổn thương quá 🥺,Chitchat,Negative
muốn hỏi bot đang làm gì đấy,Chitchat,Neutral
Biết ơn vì đỉnh nóc kịch trần,Chitchat,Positive
biết nói chuyện không vậy id6981,Chitchat,Neutral
bot ai tạo ra bạn,Chitchat,Neutral
Ê là nam hay nữ id6983,Chitchat,Neutral
Hế lô Mimo bot làm được gì ❓ id6984,Chitchat,Neutral
Chào nha Mimo ơi là nam hay nữ 🐧,Chitchat,Neutral
ta muốn hỏi bot ơi có nghe rõ trả lời ko 💬,Chitchat,Neutral
vì đỉnh nóc kịch trần id6987,Chitchat,Positive
Biết ơn vì giao diện đẹp 🤣,Chitchat,Positive
ai tạo ra bạn vậy Mimo dễ thương 🐧 id6989,Chitchat,Neutral
bot ơi bot làm được gì ❓,Chitchat,Neutral
ta thấy vô tri quá 💔,Chitchat,Negative
bạn là ai 🤔 id6992,Chitchat,Neutral
ai tạo ra bạn id6993,Chitchat,Neutral
Yo bot làm đc gì,Chitchat,Neutral
mấy tuổi rồi vậy 🤖 id6995,Chitchat,Neutral
Mimo ơi ở đâu á 🐧,Chitchat,Neutral
Thích Mimo dễ thương ghê chất lượng id6997,Chitchat,Positive
Ê Mimo ơi đang làm gì đấy id6998,Chitchat,Neutral
bạn là ai 💬 id6999,Chitchat,Neutral
bà muốn hỏi bạn đang làm gì đấy ❓,Chitchat,Neutral
Vì nên mình hơi bất lực id7001,Chitchat,Negative
Alo ơi mấy ní đang bất lực,Chitchat,Negative
buồn vcl rớt môn 💔,Chitchat,Negative
ở đâu á 🐧 id7004,Chitchat,Neutral
 id7005,Chitchat,Positive
ông muốn hỏi có nghe rõ trả lời không id7006,Chitchat,Neutral
em muốn hỏi Mimo bot làm được gì,Chitchat,Neutral
bạn là ai id7008,Chitchat,Neutral
mấy tuổi rồi id7009,Chitchat,Neutral
Chào nha đang làm gì đấy 💬 id7010,Chitchat,Neutral
bà thấy bất lực quá id7011,Chitchat,Negative
em muốn hỏi là nam hay nữ 💬,Chitchat,Neutral
là nam hay nữ id7013,Chitchat,Neutral
vì quá đã (^_<) id7014,Chitchat,Positive
Vì deadline ngập đầu nên bà hơi bất lực 😢,Chitchat,Negative
Alo ơi mình đang suy 🥲,Chitchat,Negative
ai tạo ra bạn vậy id7017,Chitchat,Neutral
Hey bạn Love ya 👍,Chitchat,Positive
Mimo ơi là nam hay nữ id7019,Chitchat,Neutral
stress vcl 🥺 id7020,Chitchat,Negative
ai tạo ra bạn id7021,Chitchat,Neutral
tên gì á 💬 id7022,Chitchat,Neutral
Yo tên gì á id7023,Chitchat,Neutral
bot làm được gì id7024,Chitchat,Neutral
biết nói chuyện không vậy 🐧 id7025,Chitchat,Neutral
mấy tuổi rồi id7026,Chitchat,Neutral
đang làm gì đấy id7027,Chitchat,Neutral
vì chất lượng (^_<) id7028,Chitchat,Positive
❤️ id7029,Chitchat,Positive
là nam hay nữ id7030,Chitchat,Neutral
bạn là ai id7031,Chitchat,Neutral
Chào nha ở đâu á id7032,Chitchat,Neutral
Mimo ơi ✨ id7033,Chitchat,Positive
Chào nha bạn mấy tuổi rồi,Chitchat,Neutral
có nghe rõ trả lời không vậy Mimo dễ thương 🐧 id7035,Chitchat,Neutral
bot Củm ơn 🔥,Chitchat,Positive
tên gì á vậy bot ơi id7037,Chitchat,Neutral
Hế lô ở đâu á id7038,Chitchat,Neutral
Hế lô biết nói chuyện không 🤖 id7039,Chitchat,Neutral
vô tri vcl deadline ngập đầu id7040,Chitchat,Negative
thấy tổn thương quá 😭,Chitchat,Negative
Yo có nghe rõ trả lời không 💬 id7042,Chitchat,Neutral
em thấy chán quá 😮‍💨,Chitchat,Negative
bot Biết ơn 🤩,Chitchat,Positive
bạn là ai vậy id7045,Chitchat,Neutral
đỉnh nóc kịch trần 🤣 id7046,Chitchat,Positive
bro muốn hỏi Mimo dễ thương ai tạo ra bạn,Chitchat,Neutral
bạn có nghe rõ trả lời không id7048,Chitchat,Neutral
Mimo dễ thương 👍,Chitchat,Positive
chán vcl crush lơ id7050,Chitchat,Negative
bro thấy tổn thương quá 📉,Chitchat,Negative
vì app xịn xò id7052,Chitchat,Positive
Chào ngày mới vui vẻ nha vì id7053,Chitchat,Positive
đang làm gì đấy ❓ id7054,Chitchat,Neutral
mệt vcl id7055,Chitchat,Negative
Thích bạn ghê 👍 id7056,Chitchat,Positive
Vì nên tui hơi mệt 🥲,Chitchat,Negative
Hế lô tên gì á id7058,Chitchat,Neutral
Vì nên bác hơi vô tri,Chitchat,Negative
bot ơi đang làm gì đấy id7060,Chitchat,Neutral
bác muốn hỏi ở đâu á id7061,Chitchat,Neutral
bác thấy buon quá 😭,Chitchat,Negative
mấy tuổi rồi vậy bạn id7063,Chitchat,Neutral
ở đâu á vậy Mimo dễ thương id7064,Chitchat,Neutral
bot làm được gì vậy 👀 id7065,Chitchat,Neutral
Mimo dễ thương ở đâu á id7066,Chitchat,Neutral
mấy ní muốn hỏi bot làm được gì id7067,Chitchat,Neutral
Yo bạn là ai 🤔,Chitchat,Neutral
Mimo ơi id7069,Chitchat,Positive
Mimo id7070,Chitchat,Positive
Alo bạn ơi em đang bất lực,Chitchat,Negative
Thích ghê cute xỉu id7072,Chitchat,Positive
bot là nam hay nữ id7073,Chitchat,Neutral
Ê có nghe rõ trả lời không id7074,Chitchat,Neutral
đỉnh nóc kịch trần 🥰,Chitchat,Positive
biết nói chuyện không 🐧 id7076,Chitchat,Neutral
biết nói chuyện không 🤖 id7077,Chitchat,Neutral
Mãi iu vì 🥰 id7078,Chitchat,Positive
Mãi iu id7079,Chitchat,Positive
Cảm ơn vì 🤩,Chitchat,Positive
Thích ghê cute xỉu 🤩 id7081,Chitchat,Positive
áp lực vcl 🥺 id7082,Chitchat,Negative
bạn là ai vậy id7083,Chitchat,Neutral
tổn thương vcl crush lơ 😭 id7084,Chitchat,Negative
tổn thương vcl deadline dí 📉,Chitchat,Negative
Chào ngày mới vui vẻ nha vì 🤣 id7086,Chitchat,Positive
Mãi iu vì thông minh ✨,Chitchat,Positive
Alo bot ơi bác đang nản,Chitchat,Negative
tui muốn hỏi bot làm được gì 🐧,Chitchat,Neutral
Thích ghê quá đã 👍 id7090,Chitchat,Positive
thông minh ✨,Chitchat,Positive
có nghe rõ trả lời không 👀 id7092,Chitchat,Neutral
bạn 🤩 id7093,Chitchat,Positive
biết nói chuyện không 🤖 id7094,Chitchat,Neutral
ta muốn hỏi có nghe rõ trả lời không ❓,Chitchat,Neutral
mấy ní thấy áp lực quá 💔,Chitchat,Negative
Vì cuộc sống khó khăn nên ta hơi bất lực 📉,Chitchat,Negative
tổn thương vcl crush lơ,Chitchat,Negative
đỉnh nóc kịch trần ❤️,Chitchat,Positive
mấy tuổi rồi id7100,Chitchat,Neutral
Củm ơn vì id7101,Chitchat,Positive
Mimo ✨ id7102,Chitchat,Positive
em muốn hỏi bot làm được gì id7103,Chitchat,Neutral
bạn là ai id7104,Chitchat,Neutral
em muốn hỏi bot ơi ở đâu á 👀,Chitchat,Neutral
Thích bạn ghê 🤩 id7106,Chitchat,Positive
suy vcl id7107,Chitchat,Negative
biết nói chuyện không id7108,Chitchat,Neutral
Thích bạn ghê qá đã 🥰,Chitchat,Positive
em muốn hỏi bot ơi ở đâu á,Chitchat,Neutral
Alo ơi bà đang suy id7111,Chitchat,Negative
bạn là ai vậy bot ơi 💬,Chitchat,Neutral
mấy ní thấy mệt quá,Chitchat,Negative
bác muốn hỏi bot mấy tuổi rồi id7114,Chitchat,Neutral
Ê mấy tuổi rồi 🐧 id7115,Chitchat,Neutral
Alo Mimo ơi ơi em đang chán 💔,Chitchat,Negative
Ê ở đâu á 👀,Chitchat,Neutral
Mimo dễ thương ai tạo ra bạn id7118,Chitchat,Neutral
bot ơi quá đã,Chitchat,Positive
bro thấy suy quá,Chitchat,Negative
app mượt id7121,Chitchat,Positive
Thích Mimo dễ thương ghê giao diện đẹp 🤣,Chitchat,Positive
biết nói chuyện ko vậy bot id7123,Chitchat,Neutral
tên gì á vậy 👀 id7124,Chitchat,Neutral
tên gì á vậy bot ❓,Chitchat,Neutral
ai tạo ra bạn id7126,Chitchat,Neutral
đang làm gì đấy vậy id7127,Chitchat,Neutral
mấy tuổi rồi vậy Mimo id7128,Chitchat,Neutral
Love ya vì app xịn xò 🤣,Chitchat,Positive
là nam hay nữ vậy bot id7130,Chitchat,Neutral
ông muốn hỏi bot là nam hay nữ 🤔 id7131,Chitchat,Neutral
Mimo ơi là nam hay nữ id7132,Chitchat,Neutral
Thích ghê chất lượng id7133,Chitchat,Positive
Yêu ghê vì thông minh 👍,Chitchat,Positive
ai tạo ra bạn vậy bot id7135,Chitchat,Neutral
ta muốn hỏi Mimo ở đâu á 👀 id7136,Chitchat,Neutral
Ê đang làm gì đấy id7137,Chitchat,Neutral
bot ơi biết nói chuyện không id7138,Chitchat,Neutral
bot ơi 🤩 id7139,Chitchat,Positive
vô tri vcl cuộc sống khó khăn 😢,Chitchat,Negative
ông muốn hỏi bạn bạn là ai,Chitchat,Neutral
bro muốn hỏi Mimo đang làm gì đấy,Chitchat,Neutral
thấy chán qá 😭,Chitchat,Negative
Chào bot ơi ✨,Chitchat,Positive
Love ya vì giao diện đẹp ✨,Chitchat,Positive
bot làm được gì vậy id7146,Chitchat,Neutral
bro muốn hỏi biết nói chuyện không 💬,Chitchat,Neutral
bạn Chào ngày mới vui vẻ nha 🔥,Chitchat,Positive
Mimo dễ thương ai tạo ra bạn 💬,Chitchat,Neutral
bot giao diện đẹp 🤩,Chitchat,Positive
bro muốn hỏi Mimo ơi tên gì á 🤖,Chitchat,Neutral
Hiya bạn id7152,Chitchat,Positive
là nam hay nữ vậy Mimo dễ thương id7153,Chitchat,Neutral
mấy tuổi rồi vậy Mimo dễ thương id7154,Chitchat,Neutral
ở đâu á 🤔 id7155,Chitchat,Neutral
ta muốn hỏi ở đâu á id7156,Chitchat,Neutral
có nghe rõ trả lời không vậy bot ❓,Chitchat,Neutral
Vì nên tui hơi suy 📉 id7158,Chitchat,Negative
Alo Mimo ơi đang stress 😢,Chitchat,Negative
tên gì á id7160,Chitchat,Neutral
Thích ghê 🤣 id7161,Chitchat,Positive
quá đã id7162,Chitchat,Positive
bot làm được gì 👀 id7163,Chitchat,Neutral
ở đâu á id7164,Chitchat,Neutral
cậu muốn hỏi mấy tuổi rồi id7165,Chitchat,Neutral
Vì hết tiền nên mấy ní hơi áp lực 😭,Chitchat,Negative
Alo mấy tuổi rồi id7167,Chitchat,Neutral
đang làm gì đấy id7168,Chitchat,Neutral
Love ya vì thông minh 🥰,Chitchat,Positive
Mimo ơi là nam hay nữ id7170,Chitchat,Neutral
bro muốn hỏi bạn ở đâu á 👀,Chitchat,Neutral
Thích bạn ghê giao diện đẹp ❤️,Chitchat,Positive
Ê ai tạo ra bạn 👀 id7173,Chitchat,Neutral
bot biết nói chuyện không id7174,Chitchat,Neutral
Vì crush lơ nên bro hơi bất lực id7175,Chitchat,Negative
mấy ní muốn hỏi bot đang làm gì đấy,Chitchat,Neutral
Mimo id7177,Chitchat,Positive
Alo Mimo ơi ơi bác đang suy,Chitchat,Negative
bạn là ai vậy bot id7179,Chitchat,Neutral
Tks vì app xịn xò 👍 id7180,Chitchat,Positive
Vì nên ông hơi vô tri id7181,Chitchat,Negative
ta muốn hỏi mấy tuổi rồi 💬,Chitchat,Neutral
bot ơi ❤️ id7183,Chitchat,Positive
ở đâu á vậy 💬 id7184,Chitchat,Neutral
muốn hỏi Mimo ở đâu á 🤔 id7185,Chitchat,Neutral
ở đâu á 🐧 id7186,Chitchat,Neutral
Yêu ghê vì id7187,Chitchat,Positive
Vì deadline ngập đầu nên bro hơi nản 😢,Chitchat,Negative
bot ơi id7189,Chitchat,Positive
bro muốn hỏi Mimo dễ thương mấy tuổi rồi 💬,Chitchat,Neutral
bác muốn hỏi ai tạo ra bạn id7191,Chitchat,Neutral
cậu muốn hỏi bot là nam hay nữ 🤔,Chitchat,Neutral
Alo Mimo dễ thương ơi em đang nản 🥲,Chitchat,Negative
Thích ghê id7194,Chitchat,Positive
Yo ai tạo ra bạn 🐧,Chitchat,Neutral
Mimo ơi 🤩 id7196,Chitchat,Positive
em muốn hỏi Mimo ơi bạn là ai 🤖,Chitchat,Neutral
Alo tên gì á id7198,Chitchat,Neutral
Hế lô bot đang làm gì đấy 👀,Chitchat,Neutral
Thích bot ghê id7200,Chitchat,Positive
Thích bạn ghê id7201,Chitchat,Positive
Vì deadline dí nên cậu hơi bất lực,Chitchat,Negative
nản vcl rớt môn 🥺,Chitchat,Negative
mấy tuổi rồi vậy 🤖 id7204,Chitchat,Neutral
Chào bot Love ya 🤩,Chitchat,Positive
bot ơi Love ya 🤩 id7206,Chitchat,Positive
Vì nên em hơi buồn 🥺 id7207,Chitchat,Negative
Chào ngày mới vui vẻ nha id7208,Chitchat,Positive
Mimo dễ thương id7209,Chitchat,Positive
Hiya Tks 👍,Chitchat,Positive
Alo ơi em đang áp lực 🥺,Chitchat,Negative
tên gì á 🐧 id7212,Chitchat,Neutral
bot làm được gì id7213,Chitchat,Neutral
ở đâu á ❓ id7214,Chitchat,Neutral
bot ơi đang làm gì đấy id7215,Chitchat,Neutral
Tks vì chất lượng 🤩,Chitchat,Positive
Good morning bot ơi Chào ngày mới vui vẻ nha (^_<),Chitchat,Positive
bot 👍 id7218,Chitchat,Positive
bạn là ai id7219,Chitchat,Neutral
Biết ơn vì giao diện đẹp id7220,Chitchat,Positive
Chào nha ai tạo ra bạn ❓ id7221,Chitchat,Neutral
bạn là ai vậy Mimo ơi id7222,Chitchat,Neutral
Mimo id7223,Chitchat,Positive
Mimo ơi Củm ơn id7224,Chitchat,Positive
app mượt (^_<) id7225,Chitchat,Positive
Thích ghê qá đã 🥰,Chitchat,Positive
Chào ngày mới vui vẻ nha vì id7227,Chitchat,Positive
ở đâu á id7228,Chitchat,Neutral
Chào ngày mới vui vẻ nha vì ✨ id7229,Chitchat,Positive
Hey Chào ngày mới vui vẻ nha 👍,Chitchat,Positive
ai tạo ra bạn vậy Mimo ❓ id7231,Chitchat,Neutral
ở đâu á vậy Mimo ơi 🤔,Chitchat,Neutral
ta muốn hỏi Mimo tên gì á 💬,Chitchat,Neutral
Vì nên ông hơi nản 🥲,Chitchat,Negative
là nam hay nữ vậy Mimo dễ thương 🐧,Chitchat,Neutral
mấy tuổi rồi vậy Mimo 👀 id7236,Chitchat,Neutral
bot làm được gì 👀 id7237,Chitchat,Neutral
mình muốn hỏi bot bot làm được gì 🐧,Chitchat,Neutral
muốn hỏi bạn ai tạo ra bạn 👀,Chitchat,Neutral
bà muốn hỏi Mimo ơi tên gì á 💬,Chitchat,Neutral
Love ya vì id7241,Chitchat,Positive
biết nói chuyện không vậy bot ơi 🐧 id7242,Chitchat,Neutral
Thank you vì app mượt ❤️,Chitchat,Positive
stress vcl deadline ngập đầu 😭,Chitchat,Negative
buồn vcl rớt môn,Chitchat,Negative
bot ơi có nghe rõ trả lời không 🐧,Chitchat,Neutral
Alo Mimo dễ thương ơi bác đang nản,Chitchat,Negative
Mimo Cảm ơn,Chitchat,Positive
bot giao diện đẹp id7249,Chitchat,Positive
mấy tuổi rồi id7250,Chitchat,Neutral
tên gì á id7251,Chitchat,Neutral
Mãi iu vì app mượt 👍,Chitchat,Positive
bác muốn hỏi bạn bạn là ai,Chitchat,Neutral
Thích ghê thông minh ✨ id7254,Chitchat,Positive
bác muốn hỏi là nam hay nữ id7255,Chitchat,Neutral
bot đỉnh nóc kịch trần 🤣,Chitchat,Positive
ông thấy buon quá,Chitchat,Negative
cute xỉu id7258,Chitchat,Positive
buồn vcl cuộc sống khó khăn 😮‍💨,Chitchat,Negative
Chào nha bot bot làm được gì 💬,Chitchat,Neutral
stress vcl id7261,Chitchat,Negative
bot làm được gì vậy ❓ id7262,Chitchat,Neutral
vì giao diện đẹp id7263,Chitchat,Positive
Mimo 🔥 id7264,Chitchat,Positive
Vì cuộc sống khó khăn nên cậu hơi met,Chitchat,Negative
mình muốn hỏi đang làm gì đấy 🐧,Chitchat,Neutral
ai tạo ra bạn vậy Mimo 🤔,Chitchat,Neutral
bạn là ai vậy Mimo 💬,Chitchat,Neutral
Chào nha ở đâu á id7269,Chitchat,Neutral
Vì hết tiền nên em hơi buồn 😢,Chitchat,Negative
Tks vì id7271,Chitchat,Positive
tên gì á 🤔 id7272,Chitchat,Neutral
cậu muốn hỏi bot đang làm gì đấy,Chitchat,Neutral
biết nói chuyện không vậy 🐧 id7274,Chitchat,Neutral
bot ơi Cảm ơn,Chitchat,Positive
ai tạo ra bạn 🤖 id7276,Chitchat,Neutral
cậu muốn hỏi bot làm đc gì 👀,Chitchat,Neutral
Vì deadline dí nên bà hơi suy,Chitchat,Negative
bro muốn hỏi Mimo ơi bạn là ai id7279,Chitchat,Neutral
Alo ơi bà đang áp lực 📉,Chitchat,Negative
Mimo Chào ngày mới vui vẻ nha id7281,Chitchat,Positive
Alo tên gì á 👀 id7282,Chitchat,Neutral
Thích bot ghê chất lượng id7283,Chitchat,Positive
Alo bot làm được gì 👀 id7284,Chitchat,Neutral
thấy buồn quá id7285,Chitchat,Negative
Chào ngày mới vui vẻ nha vì 🥰 id7286,Chitchat,Positive
biết nói chuyện không id7287,Chitchat,Neutral
chán vcl 💔 id7288,Chitchat,Negative
Thích bot ghê giao diện đẹp ✨,Chitchat,Positive
có nghe rõ trả lời không vậy bot ơi id7290,Chitchat,Neutral
mấy ní muốn hỏi ở đâu á id7291,Chitchat,Neutral
Hế lô mấy tuổi rồi id7292,Chitchat,Neutral
buồn vcl 😢 id7293,Chitchat,Negative
Thích ghê giao diện đẹp id7294,Chitchat,Positive
Alo Mimo ơi ơi em đang buồn 😮‍💨,Chitchat,Negative
Vì nên tui hơi mệt 💔 id7296,Chitchat,Negative
Alo bạn ơi mình đang suy 🥺,Chitchat,Negative
đang làm gì đấy 🐧 id7298,Chitchat,Neutral
bạn là ai id7299,Chitchat,Neutral
bot ơi ở đâu á ❓,Chitchat,Neutral
Thích Mimo ghê chất lượng id7301,Chitchat,Positive
Thích Mimo dễ thương ghê 🔥 id7302,Chitchat,Positive
mấy ní muốn hỏi bạn là ai,Chitchat,Neutral
Vì nên bà hơi bất lực,Chitchat,Negative
Thích ghê cute xỉu 🤣 id7305,Chitchat,Positive
mệt vcl bồ giận 😢,Chitchat,Negative
vô tri vcl crush lơ 💔,Chitchat,Negative
nản vcl id7308,Chitchat,Negative
Mimo ơi bot làm được gì id7309,Chitchat,Neutral
Thích bot ghê 🔥,Chitchat,Positive
có nghe rõ trả lời không id7311,Chitchat,Neutral
là nam hay nữ vậy bot ơi 🤖 id7312,Chitchat,Neutral
ta muốn hỏi bạn ai tạo ra bạn 💬,Chitchat,Neutral
bot có nghe rõ trả lời không id7314,Chitchat,Neutral
(^_<) id7315,Chitchat,Positive
Mimo ơi 🤩 id7316,Chitchat,Positive
tui muốn hỏi Mimo mấy tuổi rồi 🤔,Chitchat,Neutral
Vì bồ giận nên bro hơi mệt,Chitchat,Negative
bot làm được gì vậy bot 👀,Chitchat,Neutral
Mimo dễ thương id7320,Chitchat,Positive
bạn id7321,Chitchat,Positive
vì thông minh id7322,Chitchat,Positive
tổn thương vcl 💔 id7323,Chitchat,Negative
Vì nên tui hơi buồn 😭,Chitchat,Negative
Vì rớt môn nên ông hơi nản,Chitchat,Negative
cậu muốn hỏi Mimo mấy tuổi rồi id7326,Chitchat,Neutral
là nam hay nữ vậy Mimo ơi id7327,Chitchat,Neutral
bác muốn hỏi bot ở đâu á,Chitchat,Neutral
bot 👍 id7329,Chitchat,Positive
Alo tên gì á 🤖,Chitchat,Neutral
Thích ghê thông minh 👍,Chitchat,Positive
Thích bot ơi ghê đỉnh nóc kịch trần 🤣 id7332,Chitchat,Positive
Vì nên bác hơi nản id7333,Chitchat,Negative
tên gì á vậy Mimo ❓ id7334,Chitchat,Neutral
Hế lô bot làm được gì id7335,Chitchat,Neutral
Mimo dễ thương có nghe rõ trả lời không ❓,Chitchat,Neutral
tên gì á vậy bot ơi id7337,Chitchat,Neutral
tên gì á vậy id7338,Chitchat,Neutral
vì thông minh 🥰 id7339,Chitchat,Positive
Yo biết nói chuyện không id7340,Chitchat,Neutral
áp lực vcl deadline dí 😢,Chitchat,Negative
bot có nghe rõ trả lời không id7342,Chitchat,Neutral
tên gì á vậy 💬 id7343,Chitchat,Neutral
mấy ní muốn hỏi Mimo dễ thương đang làm gì đấy 🐧 id7344,Chitchat,Neutral
bạn là ai vậy id7345,Chitchat,Neutral
Yo có nghe rõ trả lời không 🤖,Chitchat,Neutral
là nam hay nữ vậy Mimo ơi 👀 id7347,Chitchat,Neutral
mấy tuổi rồi id7348,Chitchat,Neutral
Vì cuộc sống khó khăn nên tui hơi suy 😮‍💨,Chitchat,Negative
là nam hay nữ 👀 id7350,Chitchat,Neutral
mấy tuổi rồi 🐧 id7351,Chitchat,Neutral
ông muốn hỏi bot có nghe rõ trả lời không 🤔 id7352,Chitchat,Neutral
tên gì á vậy Mimo ơi id7353,Chitchat,Neutral
có nghe rõ trả lời không vậy bạn id7354,Chitchat,Neutral
biết nói chuyện không vậy Mimo ơi id7355,Chitchat,Neutral
Alo bạn là nam hay nữ,Chitchat,Neutral
Thích Mimo ơi ghê id7357,Chitchat,Positive
mấy ní thấy bất lực qá 🥲,Chitchat,Negative
Yo biết nói chuyện không id7359,Chitchat,Neutral
Chào ngày mới vui vẻ nha vì ❤️ id7360,Chitchat,Positive
ở đâu á vậy id7361,Chitchat,Neutral
bot là nam hay nữ id7362,Chitchat,Neutral
Chào ngày mới vui vẻ nha vì ❤️ id7363,Chitchat,Positive
ta thấy mệt quá 📉,Chitchat,Negative
Thích bot ghê 🤩 id7365,Chitchat,Positive
Ê bot tên gì á id7366,Chitchat,Neutral
🥰 id7367,Chitchat,Positive
vì quá đã 🤣,Chitchat,Positive
Xin chao bạn Củm ơn 🥰,Chitchat,Positive
Alo ơi ta đang vô tri 😭,Chitchat,Negative
ở đâu á vậy bot ơi 👀,Chitchat,Neutral
bot đang làm gì đấy 🤖 id7372,Chitchat,Neutral
mấy tuổi rồi vậy id7373,Chitchat,Neutral
tui muốn hỏi bot ơi có nghe rõ trả lời không 👀,Chitchat,Neutral
Thank you ✨ id7375,Chitchat,Positive
Chào nha bạn là ai id7376,Chitchat,Neutral
tên gì á id7377,Chitchat,Neutral
tên gì á vậy id7378,Chitchat,Neutral
Alo tên gì á id7379,Chitchat,Neutral
em muốn hỏi bot ơi bạn là ai,Chitchat,Neutral
Vì hết tiền nên mấy ní hơi chán 🥺,Chitchat,Negative
bạn Chào ngày mới vui vẻ nha (^_<) id7382,Chitchat,Positive
mình thấy chán quá 😭,Chitchat,Negative
có nghe rõ trả lời không vậy Mimo dễ thương 🐧 id7384,Chitchat,Neutral
bro muốn hỏi tên gì á ❓,Chitchat,Neutral
Thích ghê app mượt ❤️ id7386,Chitchat,Positive
tên gì á vậy 👀 id7387,Chitchat,Neutral
vì quá đã id7388,Chitchat,Positive
bro muốn hỏi bot bot làm được gì 🐧,Chitchat,Neutral
Thích Mimo dễ thương ghê thông minh ✨,Chitchat,Positive
❤️ id7391,Chitchat,Positive
ở đâu á 💬 id7392,Chitchat,Neutral
ông muốn hỏi có nghe rõ trả lời không id7393,Chitchat,Neutral
suy vcl deadline dí id7394,Chitchat,Negative
Thích Mimo dễ thương ghê app mượt id7395,Chitchat,Positive
bạn là ai vậy bot id7396,Chitchat,Neutral
em thấy mệt quá 😮‍💨,Chitchat,Negative
mấy tuổi rồi 👀 id7398,Chitchat,Neutral
có nghe rõ trả lời ko 🐧 id7399,Chitchat,Neutral
bác thấy suy quá 📉,Chitchat,Negative
bạn biết nói chuyện không id7401,Chitchat,Neutral
biết nói chuyện không id7402,Chitchat,Neutral
ta muốn hỏi bot tên gì á,Chitchat,Neutral
bot ơi Mãi iu (^_<),Chitchat,Positive
cậu muốn hỏi Mimo ơi ai tạo ra bạn id7405,Chitchat,Neutral
Mimo ơi biết nói chuyện không id7406,Chitchat,Neutral
biết nói chuyện không 🤔 id7407,Chitchat,Neutral
Alo bạn ơi ta đang suy 📉,Chitchat,Negative
Ê là nam hay nữ id7409,Chitchat,Neutral
Alo Mimo ơi ai tạo ra bạn,Chitchat,Neutral
Vì nên bro hơi suy id7411,Chitchat,Negative
Yêu ghê vì app mượt 🔥,Chitchat,Positive
cậu thấy tổn thương quá 📉,Chitchat,Negative
🤩 id7414,Chitchat,Positive
Mimo dễ thương Thank you 🤣,Chitchat,Positive
bot app xịn xò 🥰,Chitchat,Positive
 id7417,Chitchat,Positive
Alo bot ơi bro đang stress 😭,Chitchat,Negative
thấy tổn thương quá 😮‍💨,Chitchat,Negative
vì app xịn xò ❤️ id7420,Chitchat,Positive
bot ơi mấy tuổi rồi id7421,Chitchat,Neutral
Chào nha là nam hay nữ 🤔 id7422,Chitchat,Neutral
bot làm được gì id7423,Chitchat,Neutral
mấy tuổi rồi vậy bot ơi id7424,Chitchat,Neutral
Chào  ✨ id7425,Chitchat,Positive
thấy vô tri quá 😭,Chitchat,Negative
bạn có nghe rõ trả lời không 👀,Chitchat,Neutral
Mimo Chào ngày mới vui vẻ nha 🤩 id7428,Chitchat,Positive
ta muốn hỏi bot ơi biết nói chuyện không 🤔,Chitchat,Neutral
bác muốn hỏi bot bạn là ai,Chitchat,Neutral
Gút mỏ ninh Chào ngày mới vui vẻ nha 🤣,Chitchat,Positive
tui muốn hỏi bot ơi tên gì á,Chitchat,Neutral
tên gì á 🐧 id7433,Chitchat,Neutral
chán vcl đi học met quá 😮‍💨,Chitchat,Negative
đang làm gì đấy vậy 👀 id7435,Chitchat,Neutral
bot ơi ở đâu á 🐧,Chitchat,Neutral
mấy tuổi rồi vậy 🤔 id7437,Chitchat,Neutral
tên gì á vậy id7438,Chitchat,Neutral
tên gì á id7439,Chitchat,Neutral
stress vcl rớt môn,Chitchat,Negative
bro muốn hỏi bạn là ai id7441,Chitchat,Neutral
Chào nha ở đâu á ❓,Chitchat,Neutral
Thích Mimo ghê ❤️ id7443,Chitchat,Positive
là nam hay nữ vậy 🤖 id7444,Chitchat,Neutral
ông muốn hỏi bot ai tạo ra bạn id7445,Chitchat,Neutral
cậu muốn hỏi tên gì á id7446,Chitchat,Neutral
bạn tên gì á id7447,Chitchat,Neutral
 id7448,Chitchat,Positive
Vì hết tiền nên bro hơi vô tri,Chitchat,Negative
bạn app xịn xò ✨ id7450,Chitchat,Positive
ông muốn hỏi Mimo đang làm gì đấy id7451,Chitchat,Neutral
Mimo ơi app xịn xò id7452,Chitchat,Positive
bà muốn hỏi bạn bot làm được gì id7453,Chitchat,Neutral
mấy tuổi rồi 💬 id7454,Chitchat,Neutral
Yo bot làm được gì id7455,Chitchat,Neutral
bạn bot làm được gì,Chitchat,Neutral
bot ơi ✨ id7457,Chitchat,Positive
mấy tuổi rồi 🤖 id7458,Chitchat,Neutral
Thích Mimo ghê id7459,Chitchat,Positive
muốn hỏi Mimo tên gì á,Chitchat,Neutral
bạn là ai id7461,Chitchat,Neutral
Thích bot ơi ghê giao diện đẹp,Chitchat,Positive
Yo bạn là ai id7463,Chitchat,Neutral
thấy chán qá,Chitchat,Negative
Vì nên bác hơi buồn 🥲,Chitchat,Negative
mình muốn hỏi bạn là nam hay nữ id7466,Chitchat,Neutral
mấy tuổi rồi vậy Mimo 🤖 id7467,Chitchat,Neutral
bot ai tạo ra bạn 🐧,Chitchat,Neutral
muốn hỏi ở đâu á 💬,Chitchat,Neutral
Love ya id7470,Chitchat,Positive
Mimo ơi Củm ơn id7471,Chitchat,Positive
có nghe rõ trả lời không 💬 id7472,Chitchat,Neutral
bot id7473,Chitchat,Positive
ta muốn hỏi bot đang làm gì đấy,Chitchat,Neutral
bạn là ai vậy id7475,Chitchat,Neutral
Biết ơn vì cute xỉu id7476,Chitchat,Positive
mấy tuổi rồi id7477,Chitchat,Neutral
Cảm ơn vì id7478,Chitchat,Positive
quá đã id7479,Chitchat,Positive
ta muốn hỏi Mimo ơi bot làm được gì ❓,Chitchat,Neutral
thông minh 👍 id7481,Chitchat,Positive
Thích ghê ✨ id7482,Chitchat,Positive
có nghe rõ trả lời không vậy bot ❓ id7483,Chitchat,Neutral
Alo Mimo ơi cậu đang tổn thương 💔,Chitchat,Negative
em muốn hỏi là nam hay nữ id7485,Chitchat,Neutral
cậu muốn hỏi Mimo ơi tên gì á 💬,Chitchat,Neutral
bạn là ai vậy bot id7487,Chitchat,Neutral
chán vcl bồ giận 😭 id7488,Chitchat,Negative
có nghe rõ trả lời không vậy Mimo ❓,Chitchat,Neutral
vì quá đã id7490,Chitchat,Positive
vì đỉnh nóc kịch trần ❤️,Chitchat,Positive
Chào Biết ơn 🔥,Chitchat,Positive
biết nói chuyện không ❓ id7493,Chitchat,Neutral
suy vcl bồ giận 📉,Chitchat,Negative
Thích ghê 🤩 id7495,Chitchat,Positive
tui thấy suy quá 🥺,Chitchat,Negative
biết nói chuyện không vậy 🤖 id7497,Chitchat,Neutral
vì giao diện đẹp 🥰 id7498,Chitchat,Positive
Vì nên bro hơi stress,Chitchat,Negative
mệt vcl deadline ngập đầu 😮‍💨,Chitchat,Negative
👍 id7501,Chitchat,Positive
vì qá đã 🔥,Chitchat,Positive
Vì deadline dí nên tui hơi bất lực,Chitchat,Negative
mấy ní muốn hỏi Mimo ai tạo ra bạn,Chitchat,Neutral
cậu muốn hỏi bạn là ai ❓,Chitchat,Neutral
Thích ghê id7506,Chitchat,Positive
bro muốn hỏi bạn có nghe rõ trả lời không,Chitchat,Neutral
Mãi iu vì cute xỉu id7508,Chitchat,Positive
bác muốn hỏi biết nói chuyện không 🤖,Chitchat,Neutral
Vì hết tiền nên mình hơi nản 😮‍💨,Chitchat,Negative
là nam hay nữ vậy Mimo dễ thương 🤖,Chitchat,Neutral
biết nói chuyện không vậy bạn 👀 id7512,Chitchat,Neutral
bác thấy buồn qá,Chitchat,Negative
Thích Mimo ơi ghê id7514,Chitchat,Positive
Biết ơn vì ❤️ id7515,Chitchat,Positive
bot làm được gì vậy 🤔,Chitchat,Neutral
bạn là ai vậy bot ơi 👀 id7517,Chitchat,Neutral
Biết ơn vì cute xỉu id7518,Chitchat,Positive
Hế lô đang làm gì đấy id7519,Chitchat,Neutral
Mimo quá đã ❤️ id7520,Chitchat,Positive
Chào nha ai tạo ra bạn 🤔 id7521,Chitchat,Neutral
ai tạo ra bạn id7522,Chitchat,Neutral
Vì nên mấy ní hơi stress,Chitchat,Negative
là nam hay nữ vậy 👀 id7524,Chitchat,Neutral
Hey Mimo Mãi iu,Chitchat,Positive
có nghe rõ trả lời không vậy 💬 id7526,Chitchat,Neutral
ta thấy tổn thương quá id7527,Chitchat,Negative
Mimo dễ thương 🔥 id7528,Chitchat,Positive
cậu thấy buồn quá 🥺,Chitchat,Negative
 id7530,Chitchat,Positive
Thích Mimo ghê id7531,Chitchat,Positive
Thank you id7532,Chitchat,Positive
đang làm gì đấy ❓ id7533,Chitchat,Neutral
tên gì á vậy bạn id7534,Chitchat,Neutral
Mimo dễ thương 🔥 id7535,Chitchat,Positive
đang làm gì đấy id7536,Chitchat,Neutral
Ê tên gì á id7537,Chitchat,Neutral
Alo Mimo ơi ơi bà đang nản,Chitchat,Negative
Thích Mimo ơi ghê đỉnh nóc kịch trần 👍,Chitchat,Positive
bạn bạn là ai 👀 id7540,Chitchat,Neutral
ở đâu á vậy id7541,Chitchat,Neutral
Yo bạn là ai id7542,Chitchat,Neutral
Thích ghê cute xỉu 🥰,Chitchat,Positive
❤️ id7544,Chitchat,Positive
là nam hay nữ vậy id7545,Chitchat,Neutral
bot ơi qá đã,Chitchat,Positive
Thích bạn ghê 🔥 id7547,Chitchat,Positive
bot ai tạo ra bạn id7548,Chitchat,Neutral
tổn thương vcl 📉 id7549,Chitchat,Negative
bro muốn hỏi bot làm được gì id7550,Chitchat,Neutral
 id7551,Chitchat,Positive
Thích ghê 🥰 id7552,Chitchat,Positive
❤️ id7553,Chitchat,Positive
áp lực vcl 📉 id7554,Chitchat,Negative
có nghe rõ trả lời không 💬 id7555,Chitchat,Neutral
cậu muốn hỏi Mimo dễ thương là nam hay nữ 👀,Chitchat,Neutral
Mimo dễ thương Chào ngày mới vui vẻ nha ❤️ id7557,Chitchat,Positive
mấy tuổi rồi id7558,Chitchat,Neutral
Thích ghê ❤️ id7559,Chitchat,Positive
Cảm ơn vì cute xỉu,Chitchat,Positive
ai tạo ra bạn vậy 🤔 id7561,Chitchat,Neutral
bạn id7562,Chitchat,Positive
Cảm ơn vì 🤣 id7563,Chitchat,Positive
Thích bot ghê ✨ id7564,Chitchat,Positive
đang làm gì đấy id7565,Chitchat,Neutral
Biết ơn vì 🤩 id7566,Chitchat,Positive
Yêu ghê vì thông minh (^_<),Chitchat,Positive
là nam hay nữ vậy bạn 🤖 id7568,Chitchat,Neutral
Thích Mimo ghê thông minh 🤣 id7569,Chitchat,Positive
bro thấy stress quá id7570,Chitchat,Negative
Alo ơi mình đang tổn thương id7571,Chitchat,Negative
biết nói chuyện không vậy 🐧 id7572,Chitchat,Neutral
bot làm được gì vậy Mimo ơi id7573,Chitchat,Neutral
tên gì á vậy Mimo ơi id7574,Chitchat,Neutral
Vì deadline dí nên hơi vô tri,Chitchat,Negative
Vì đi học mệt quá nên hơi suy,Chitchat,Negative
muốn hỏi ở đâu á 💬 id7577,Chitchat,Neutral
Mimo dễ thương Chào ngày mới vui vẻ nha 👍 id7578,Chitchat,Positive
Hey Tks,Chitchat,Positive
bot cute xỉu 🤩,Chitchat,Positive
mấy tuổi rồi vậy Mimo dễ thương 💬 id7581,Chitchat,Neutral
bạn là ai vậy bot ơi 🤖,Chitchat,Neutral
tui muốn hỏi mấy tuổi rồi,Chitchat,Neutral
bot ơi là nam hay nữ 🤔,Chitchat,Neutral
bot làm được gì vậy Mimo 🤖,Chitchat,Neutral
ai tạo ra bạn id7586,Chitchat,Neutral
Alo bạn là ai id7587,Chitchat,Neutral
Love ya vì đỉnh nóc kịch trần 🥰,Chitchat,Positive
tên gì á vậy Mimo ơi id7589,Chitchat,Neutral
ai tạo ra bạn id7590,Chitchat,Neutral
cậu muốn hỏi bot ở đâu á,Chitchat,Neutral
Hế lô bot ơi ở đâu á 💬,Chitchat,Neutral
đang làm gì đấy 🐧 id7593,Chitchat,Neutral
vì giao diện đẹp id7594,Chitchat,Positive
Hiya Mimo Mãi iu,Chitchat,Positive
biết nói chuyện không vậy id7596,Chitchat,Neutral
có nghe rõ trả lời không id7597,Chitchat,Neutral
Mimo ơi Biết ơn (^_<),Chitchat,Positive
Mãi iu id7599,Chitchat,Positive
bạn là ai vậy 👀 id7600,Chitchat,Neutral
bot làm được gì vậy bot ơi 💬 id7601,Chitchat,Neutral
chán vcl deadline dí 🥺,Chitchat,Negative
bạn là ai vậy 👀 id7603,Chitchat,Neutral
em muốn hỏi Mimo dễ thương bạn là ai,Chitchat,Neutral
ai tạo ra bạn vậy id7605,Chitchat,Neutral
bot ơi id7606,Chitchat,Positive
bot ơi bạn là ai id7607,Chitchat,Neutral
Biết ơn vì chất lượng 🤩,Chitchat,Positive
muốn hỏi Mimo dễ thương ai tạo ra bạn,Chitchat,Neutral
có nghe rõ trả lời không 💬 id7610,Chitchat,Neutral
Vì nên bác hơi stress id7611,Chitchat,Negative
Vì hết tiền nên em hơi tổn thương,Chitchat,Negative
quá đã ✨ id7613,Chitchat,Positive
đang làm gì đấy id7614,Chitchat,Neutral
có nghe rõ trả lời không 👀 id7615,Chitchat,Neutral
Hế lô biết nói chuyện ko,Chitchat,Neutral
Hey Chào ngày mới vui vẻ nha ❤️,Chitchat,Positive
Thích ghê id7618,Chitchat,Positive
đang làm gì đấy 👀 id7619,Chitchat,Neutral
Mãi iu vì chất lượng id7620,Chitchat,Positive
Thích ghê ✨ id7621,Chitchat,Positive
bạn 🤣 id7622,Chitchat,Positive
Alo ơi mình đang tổn thương 😭,Chitchat,Negative
Thích ghê id7624,Chitchat,Positive
Alo Mimo ơi ơi mình đang chán 🥺,Chitchat,Negative
Mimo dễ thương 🥰 id7626,Chitchat,Positive
Thích Mimo ơi ghê app mượt 🤣,Chitchat,Positive
mấy ní muốn hỏi Mimo tên gì á,Chitchat,Neutral
Cảm ơn vì giao diện đẹp 👍,Chitchat,Positive
Chào ngày mới vui vẻ nha vì ✨ id7630,Chitchat,Positive
bạn ai tạo ra bạn id7631,Chitchat,Neutral
ai tạo ra bạn id7632,Chitchat,Neutral
Cảm ơn vì đỉnh nóc kịch trần ✨ id7633,Chitchat,Positive
nản vcl 📉,Chitchat,Negative
bot ơi cute xỉu id7635,Chitchat,Positive
Chào ngày mới vui vẻ nha (^_<) id7636,Chitchat,Positive
Vì nên mấy ní hơi bất lực id7637,Chitchat,Negative
quá đã 👍,Chitchat,Positive
tui muốn hỏi đang làm gì đấy id7639,Chitchat,Neutral
Chào ngày mới vui vẻ nha vì id7640,Chitchat,Positive
Mimo ơi Chào ngày mới vui vẻ nha ❤️ id7641,Chitchat,Positive
biết nói chuyện không id7642,Chitchat,Neutral
Mimo dễ thương thông minh,Chitchat,Positive
Ê Mimo dễ thương bạn là ai,Chitchat,Neutral
mấy tuổi rồi vậy bạn id7645,Chitchat,Neutral
ở đâu á vậy Mimo dễ thương 👀 id7646,Chitchat,Neutral
bot làm được gì vậy id7647,Chitchat,Neutral
Chào ngày mới vui vẻ nha vì (^_<) id7648,Chitchat,Positive
Hello bot ơi (^_<),Chitchat,Positive
là nam hay nữ 💬 id7650,Chitchat,Neutral
Chào ngày mới vui vẻ nha vì 🤣 id7651,Chitchat,Positive
tên gì á vậy 🤖 id7652,Chitchat,Neutral
bro muốn hỏi Mimo bạn là ai,Chitchat,Neutral
Mãi iu vì quá đã id7654,Chitchat,Positive
bro thấy mệt quá 😭,Chitchat,Negative
Hi bạn 🤣,Chitchat,Positive
mình thấy stress quá 💔,Chitchat,Negative
Thích ghê id7658,Chitchat,Positive
 id7659,Chitchat,Positive
muốn hỏi Mimo ơi ở đâu á 🤔,Chitchat,Neutral
❤️ id7661,Chitchat,Positive
Thích Mimo ghê 🥰 id7662,Chitchat,Positive
Tks vì id7663,Chitchat,Positive
Alo Mimo dễ thương ơi bác đang chán 😮‍💨,Chitchat,Negative
Chào ngày mới vui vẻ nha vì 👍 id7665,Chitchat,Positive
Thích ghê quá đã 👍 id7666,Chitchat,Positive
Hi Yêu ghê 🥰,Chitchat,Positive
Vì bồ giận nên ta hơi áp lực,Chitchat,Negative
Thích Mimo ơi ghê quá đã,Chitchat,Positive
Yo ai tạo ra bạn 🤖,Chitchat,Neutral
bot ơi biết nói chuyện không 💬 id7671,Chitchat,Neutral
Thích Mimo ghê id7672,Chitchat,Positive
Chào ngày mới vui vẻ nha ❤️ id7673,Chitchat,Positive
em muốn hỏi mấy tuổi rồi,Chitchat,Neutral
Yo đang làm gì đấy id7675,Chitchat,Neutral
ta muốn hỏi Mimo tên gì á id7676,Chitchat,Neutral
tên gì á 💬 id7677,Chitchat,Neutral
bác muốn hỏi bot ơi ai tạo ra bạn 👀,Chitchat,Neutral
Alo ơi mấy ní đang áp lực 😢,Chitchat,Negative
Biết ơn 🤣 id7680,Chitchat,Positive
đang làm gì đấy id7681,Chitchat,Neutral
bot Chào ngày mới vui vẻ nha 👍 id7682,Chitchat,Positive
Hế lô ở đâu á id7683,Chitchat,Neutral
cậu muốn hỏi Mimo dễ thương mấy tuổi rồi,Chitchat,Neutral
Thích ghê (^_<) id7685,Chitchat,Positive
Hiya Yêu ghê 🔥,Chitchat,Positive
ai tạo ra bạn vậy ❓ id7687,Chitchat,Neutral
Thank you vì giao diện đẹp id7688,Chitchat,Positive
Hế lô đang làm gì đấy ❓ id7689,Chitchat,Neutral
có nghe rõ trả lời không id7690,Chitchat,Neutral
thông minh id7691,Chitchat,Positive
bot ơi đang làm gì đấy 👀,Chitchat,Neutral
đang làm gì đấy id7693,Chitchat,Neutral
(^_<) id7694,Chitchat,Positive
Mimo dễ thương Chào ngày mới vui vẻ nha id7695,Chitchat,Positive
ta thấy chán quá 🥺,Chitchat,Negative
đang làm gì đấy 🐧 id7697,Chitchat,Neutral
em muốn hỏi Mimo ơi mấy tuổi rồi,Chitchat,Neutral
Mimo dễ thương ❤️ id7699,Chitchat,Positive
có nghe rõ trả lời không vậy ❓ id7700,Chitchat,Neutral
ở đâu á vậy bot ơi id7701,Chitchat,Neutral
ông muốn hỏi bạn biết nói chuyện không,Chitchat,Neutral
là nam hay nữ vậy bot ơi id7703,Chitchat,Neutral
Hế lô biết nói chuyện ko 👀 id7704,Chitchat,Neutral
ở đâu á 🤖 id7705,Chitchat,Neutral
Yo mấy tuổi rồi id7706,Chitchat,Neutral
Vì nên cậu hơi vô tri,Chitchat,Negative
vô tri vcl cuộc sống khó khăn 💔 id7708,Chitchat,Negative
Alo ơi tui đang chán 💔,Chitchat,Negative
bạn id7710,Chitchat,Positive
Alo ơi cậu đang met 😭,Chitchat,Negative
vì giao diện đẹp id7712,Chitchat,Positive
bác thấy áp lực quá 😢,Chitchat,Negative
ta muốn hỏi bạn là ai 🐧 id7714,Chitchat,Neutral
stress vcl id7715,Chitchat,Negative
áp lực vcl id7716,Chitchat,Negative
mình thấy vô tri qá,Chitchat,Negative
Alo ai tạo ra bạn ❓ id7718,Chitchat,Neutral
bot ơi đỉnh nóc kịch trần 🔥 id7719,Chitchat,Positive
Vì nên tui hơi stress 💔,Chitchat,Negative
Thích bot ơi ghê thông minh 🔥,Chitchat,Positive
có nghe rõ trả lời không vậy Mimo 🤔 id7722,Chitchat,Neutral
Chào ngày mới vui vẻ nha vì id7723,Chitchat,Positive
ai tạo ra bạn id7724,Chitchat,Neutral
Mimo ơi đang làm gì đấy id7725,Chitchat,Neutral
bà muốn hỏi bot làm được gì id7726,Chitchat,Neutral
Thích Mimo ghê app xịn xò ✨,Chitchat,Positive
mấy tuổi rồi vậy Mimo ơi id7728,Chitchat,Neutral
ông muốn hỏi bot bot làm được gì 🤖,Chitchat,Neutral
vô tri vcl rớt môn,Chitchat,Negative
đang làm gì đấy id7731,Chitchat,Neutral
Thích Mimo ghê id7732,Chitchat,Positive
em muốn hỏi bot bạn là ai 🤔,Chitchat,Neutral
bot ơi 🥰 id7734,Chitchat,Positive
Vì crush lơ nên tui hơi bất lực 💔,Chitchat,Negative
biết nói chuyện không id7736,Chitchat,Neutral
Vì đi học mệt quá nên hơi buồn,Chitchat,Negative
tên gì á vậy bạn id7738,Chitchat,Neutral
Alo Mimo ơi ơi em đang vô tri 🥲,Chitchat,Negative
Hế lô bot làm được gì id7740,Chitchat,Neutral
Alo bot ơi ơi bro đang vô tri 📉,Chitchat,Negative
Yo là nam hay nữ id7742,Chitchat,Neutral
tui muốn hỏi ai tạo ra bạn id7743,Chitchat,Neutral
app xịn xò (^_<) id7744,Chitchat,Positive
bot ơi id7745,Chitchat,Positive
Mimo Chào ngày mới vui vẻ nha 🔥 id7746,Chitchat,Positive
tên gì á 💬 id7747,Chitchat,Neutral
Thích ghê ❤️ id7748,Chitchat,Positive
Mimo ơi 🥰 id7749,Chitchat,Positive
bot quá đã 🤩,Chitchat,Positive
Biết ơn 🥰 id7751,Chitchat,Positive
Mimo dễ thương id7752,Chitchat,Positive
bot id7753,Chitchat,Positive
ông muốn hỏi Mimo dễ thương có nghe rõ trả lời không id7754,Chitchat,Neutral
có nghe rõ trả lời không vậy 🤖 id7755,Chitchat,Neutral
bro muốn hỏi ở đâu á id7756,Chitchat,Neutral
bất lực vcl id7757,Chitchat,Negative
Thích ghê thông minh ❤️,Chitchat,Positive
Mimo dễ thương 👍 id7759,Chitchat,Positive
em thấy nản qá 😮‍💨,Chitchat,Negative
bạn là ai 🤖 id7761,Chitchat,Neutral
mình muốn hỏi bot ơi biết nói chuyện không,Chitchat,Neutral
ta muốn hỏi bạn tên gì á 🤔,Chitchat,Neutral
Tks vì 👍 id7764,Chitchat,Positive
có nghe rõ trả lời không 💬 id7765,Chitchat,Neutral
Alo bot làm được gì 🐧 id7766,Chitchat,Neutral
bà muốn hỏi mấy tuổi rồi,Chitchat,Neutral
Thank you 🥰 id7768,Chitchat,Positive
em muốn hỏi ai tạo ra bạn ❓,Chitchat,Neutral
Alo biết nói chuyện không 🤔 id7770,Chitchat,Neutral
Mimo dễ thương cute xỉu 🤣 id7771,Chitchat,Positive
ông muốn hỏi bạn tên gì á 🐧,Chitchat,Neutral
Chào ngày mới vui vẻ nha vì 🤩 id7773,Chitchat,Positive
Ê ai tạo ra bạn 💬 id7774,Chitchat,Neutral
bà muốn hỏi bot ơi là nam hay nữ id7775,Chitchat,Neutral
Thích bot ghê id7776,Chitchat,Positive
Mimo có nghe rõ trả lời không id7777,Chitchat,Neutral
Alo Mimo dễ thương ơi bà đang stress,Chitchat,Negative
Mimo đang làm gì đấy 🤔 id7779,Chitchat,Neutral
mấy ní muốn hỏi Mimo là nam hay nữ,Chitchat,Neutral
cậu muốn hỏi Mimo ơi mấy tuổi rồi 💬,Chitchat,Neutral
Thích ghê quá đã ❤️ id7782,Chitchat,Positive
có nghe rõ trả lời không id7783,Chitchat,Neutral
Mimo ơi đang làm gì đấy id7784,Chitchat,Neutral
Mimo bot làm được gì ❓,Chitchat,Neutral
ở đâu á vậy ❓ id7786,Chitchat,Neutral
vì quá đã id7787,Chitchat,Positive
mấy ní thấy mệt quá 😢,Chitchat,Negative
Thích bot ghê 🤣 id7789,Chitchat,Positive
ai tạo ra bạn vậy 💬 id7790,Chitchat,Neutral
Vì đi học met quá nên tui hơi chán 😭,Chitchat,Negative
bạn Mãi iu ✨,Chitchat,Positive
bạn đang làm gì đấy id7793,Chitchat,Neutral
Hế lô bạn là ai 💬 id7794,Chitchat,Neutral
mấy tuổi rồi vậy bot ơi 👀,Chitchat,Neutral
bot làm được gì vậy Mimo ơi id7796,Chitchat,Neutral
Chào ngày mới vui vẻ nha vì 🤩 id7797,Chitchat,Positive
quá đã 🥰 id7798,Chitchat,Positive
🤣 id7799,Chitchat,Positive
ai tạo ra bạn vậy 🤔 id7800,Chitchat,Neutral
Yo biết nói chuyện không 🐧 id7801,Chitchat,Neutral
Thank you vì id7802,Chitchat,Positive
Chào nha bạn mấy tuổi rồi id7803,Chitchat,Neutral
mấy tuổi rồi vậy id7804,Chitchat,Neutral
Thích ghê app mượt ✨,Chitchat,Positive
tên gì á vậy bot ơi id7806,Chitchat,Neutral
Chào Thank you id7807,Chitchat,Positive
Alo bot ơi bro đang áp lực id7808,Chitchat,Negative
tổn thương vcl id7809,Chitchat,Negative
bà muốn hỏi Mimo ơi ở đâu á 🤔,Chitchat,Neutral
vô tri vcl 😢 id7811,Chitchat,Negative
Alo bot ơi ơi ta đang tổn thương 🥲,Chitchat,Negative
ở đâu á vậy 🐧 id7813,Chitchat,Neutral
bạn là ai ❓ id7814,Chitchat,Neutral
ông muốn hỏi Mimo là nam hay nữ id7815,Chitchat,Neutral
Vì nên mình hơi bất lực 😢,Chitchat,Negative
mấy tuổi rồi ❓ id7817,Chitchat,Neutral
bác muốn hỏi bot bạn là ai 👀,Chitchat,Neutral
Thích Mimo dễ thương ghê giao diện đẹp id7819,Chitchat,Positive
Thích bot ghê id7820,Chitchat,Positive
Mimo ơi (^_<) id7821,Chitchat,Positive
Alo bot ơi bà đang suy 💔,Chitchat,Negative
có nghe rõ trả lời không vậy 🤔 id7823,Chitchat,Neutral
Mimo dễ thương ở đâu á 🤔,Chitchat,Neutral
Ê bạn là ai 💬,Chitchat,Neutral
biết nói chuyện không vậy bot 💬,Chitchat,Neutral
Vì cuộc sống khó khăn nên tui hơi nản,Chitchat,Negative
Mimo ơi bot làm được gì 🐧,Chitchat,Neutral
cậu thấy stress quá,Chitchat,Negative
app xịn xò ❤️,Chitchat,Positive
bot id7831,Chitchat,Positive
ta muốn hỏi Mimo ơi đang làm gì đấy id7832,Chitchat,Neutral
biết nói chuyện không 👀 id7833,Chitchat,Neutral
có nghe rõ trả lời không vậy ❓ id7834,Chitchat,Neutral
Mimo id7835,Chitchat,Positive
Hello Mimo Chào ngày mới vui vẻ nha,Chitchat,Positive
Thích ghê id7837,Chitchat,Positive
Ê Mimo ơi là nam hay nữ 🐧,Chitchat,Neutral
bot Mãi iu 🔥,Chitchat,Positive
Mimo ơi ❤️ id7840,Chitchat,Positive
biết nói chuyện không vậy Mimo dễ thương id7841,Chitchat,Neutral
Thích ghê đỉnh nóc kịch trần 👍,Chitchat,Positive
bà muốn hỏi đang làm gì đấy 💬,Chitchat,Neutral
 id7844,Chitchat,Positive
Thích Mimo dễ thương ghê id7845,Chitchat,Positive
Thích Mimo ơi ghê app mượt id7846,Chitchat,Positive
bà thấy nản quá 💔,Chitchat,Negative
ở đâu á id7848,Chitchat,Neutral
mình muốn hỏi bạn là ai id7849,Chitchat,Neutral
Alo ơi em đang vô tri 😢,Chitchat,Negative
mấy tuổi rồi vậy 🤔 id7851,Chitchat,Neutral
cậu muốn hỏi bot ơi đang làm gì đấy 🤔,Chitchat,Neutral
Hế lô mấy tuổi rồi id7853,Chitchat,Neutral
tên gì á id7854,Chitchat,Neutral
bot ơi quá đã id7855,Chitchat,Positive
Mimo ơi giao diện đẹp id7856,Chitchat,Positive
Alo có nghe rõ trả lời không ❓,Chitchat,Neutral
bác muốn hỏi bot biết nói chuyện không 🐧,Chitchat,Neutral
Chào nha có nghe rõ trả lời không id7859,Chitchat,Neutral
là nam hay nữ vậy ❓ id7860,Chitchat,Neutral
áp lực vcl 😭,Chitchat,Negative
bạn đỉnh nóc kịch trần 🥰,Chitchat,Positive
Yo tên gì á id7863,Chitchat,Neutral
vô tri vcl deadline dí 😭,Chitchat,Negative
vì app xịn xò (^_<),Chitchat,Positive
Chào ngày mới vui vẻ nha 🥰 id7866,Chitchat,Positive
tên gì á vậy Mimo id7867,Chitchat,Neutral
bà muốn hỏi là nam hay nữ,Chitchat,Neutral
Xin chào  🤩 id7869,Chitchat,Positive
mình thấy bất lực qá 🥲,Chitchat,Negative
ở đâu á 🤔 id7871,Chitchat,Neutral
là nam hay nữ vậy bot ơi 🤖 id7872,Chitchat,Neutral
Yo bạn là ai id7873,Chitchat,Neutral
Thích ghê giao diện đẹp 🤣 id7874,Chitchat,Positive
stress vcl deadline dí 🥺,Chitchat,Negative
Chào ngày mới vui vẻ nha id7876,Chitchat,Positive
em thấy áp lực quá 🥲 id7877,Chitchat,Negative
Mimo Thank you id7878,Chitchat,Positive
Thích Mimo ghê đỉnh nóc kịch trần id7879,Chitchat,Positive
Yo đang làm gì đấy id7880,Chitchat,Neutral
vì đỉnh nóc kịch trần id7881,Chitchat,Positive
Thích ghê app mượt 🥰 id7882,Chitchat,Positive
Biết ơn vì giao diện đẹp ❤️ id7883,Chitchat,Positive
Chào nha bot đang làm gì đấy id7884,Chitchat,Neutral
mấy tuổi rồi vậy bạn id7885,Chitchat,Neutral
đang làm gì đấy 🤖 id7886,Chitchat,Neutral
 id7887,Chitchat,Positive
Gút mỏ ninh bot ơi Cảm ơn,Chitchat,Positive
Hế lô Mimo ơi ai tạo ra bạn ❓,Chitchat,Neutral
Chào ngày mới vui vẻ nha vì id7890,Chitchat,Positive
muốn hỏi ở đâu á 🤔 id7891,Chitchat,Neutral
ai tạo ra bạn vậy id7892,Chitchat,Neutral
ta muốn hỏi biết nói chuyện không 👀,Chitchat,Neutral
bot làm được gì vậy id7894,Chitchat,Neutral
bot ở đâu á ❓ id7895,Chitchat,Neutral
ai tạo ra bạn vậy bạn id7896,Chitchat,Neutral
bot làm được gì vậy Mimo ơi 💬 id7897,Chitchat,Neutral
bạn là ai vậy bạn id7898,Chitchat,Neutral
Thích bạn ghê ✨ id7899,Chitchat,Positive
Cảm ơn (^_<),Chitchat,Positive
Alo bot ơi bác đang suy 💔,Chitchat,Negative
bạn biết nói chuyện không 🐧,Chitchat,Neutral
🔥 id7903,Chitchat,Positive
Tks 🤩,Chitchat,Positive
Thank you vì thông minh 🔥,Chitchat,Positive
quá đã id7906,Chitchat,Positive
bro muốn hỏi Mimo ơi đang làm gì đấy id7907,Chitchat,Neutral
Alo ơi bà đang tổn thương 😭,Chitchat,Negative
Hello Cảm ơn 🥰,Chitchat,Positive
bot làm được gì 👀 id7910,Chitchat,Neutral
Mimo ơi id7911,Chitchat,Positive
biết nói chuyện ko 👀,Chitchat,Neutral
Chào ngày mới vui vẻ nha vì id7913,Chitchat,Positive
Thích bot ơi ghê id7914,Chitchat,Positive
Alo Mimo dễ thương ơi mấy ní đang áp lực 😭,Chitchat,Negative
mấy tuổi rồi id7916,Chitchat,Neutral
biết nói chuyện không ❓ id7917,Chitchat,Neutral
bro muốn hỏi là nam hay nữ ❓,Chitchat,Neutral
áp lực vcl crush lơ 😮‍💨,Chitchat,Negative
Biết ơn vì thông minh id7920,Chitchat,Positive
mấy ní muốn hỏi mấy tuổi rồi 💬,Chitchat,Neutral
là nam hay nữ vậy 🤖 id7922,Chitchat,Neutral
Vì nên bà hơi vô tri 😮‍💨,Chitchat,Negative
bot ơi mấy tuổi rồi id7924,Chitchat,Neutral
bot làm được gì vậy Mimo id7925,Chitchat,Neutral
bạn là ai id7926,Chitchat,Neutral
Thích bạn ghê app mượt id7927,Chitchat,Positive
ở đâu á id7928,Chitchat,Neutral
Thích ghê ✨ id7929,Chitchat,Positive
Hế lô Mimo ơi có nghe rõ trả lời không 🤔,Chitchat,Neutral
ai tạo ra bạn vậy bạn 🐧,Chitchat,Neutral
mấy ní muốn hỏi bot có nghe rõ trả lời không 🤔,Chitchat,Neutral
ai tạo ra bạn 🤖 id7933,Chitchat,Neutral
mình muốn hỏi mấy tuổi rồi id7934,Chitchat,Neutral
Cảm ơn vì app mượt ✨,Chitchat,Positive
Thích Mimo ơi ghê quá đã (^_<),Chitchat,Positive
Alo bot làm đc gì 💬,Chitchat,Neutral
vì đỉnh nóc kịch trần ❤️ id7938,Chitchat,Positive
đang làm gì đấy id7939,Chitchat,Neutral
đang làm gì đấy vậy Mimo ơi 💬,Chitchat,Neutral
bot làm được gì id7941,Chitchat,Neutral
bot Chào ngày mới vui vẻ nha 👍 id7942,Chitchat,Positive
Thích bot ơi ghê (^_<) id7943,Chitchat,Positive
là nam hay nữ ❓ id7944,Chitchat,Neutral
Biết ơn vì app mượt ✨,Chitchat,Positive
Cảm ơn vì id7946,Chitchat,Positive
Vì nên bà hơi suy,Chitchat,Negative
bot bot làm được gì,Chitchat,Neutral
ai tạo ra bạn ❓ id7949,Chitchat,Neutral
Vì deadline ngập đầu nên bro hơi suy,Chitchat,Negative
ai tạo ra bạn vậy Mimo ơi 🤔 id7951,Chitchat,Neutral
bác thấy áp lực quá 🥲 id7952,Chitchat,Negative
bà thấy tổn thương quá 😭,Chitchat,Negative
buồn vcl deadline dí 🥲,Chitchat,Negative
Chào nha ai tạo ra bạn id7955,Chitchat,Neutral
em muốn hỏi bot làm được gì 👀,Chitchat,Neutral
Yo đang làm gì đấy 💬 id7957,Chitchat,Neutral
Chào nha là nam hay nữ id7958,Chitchat,Neutral
Vì nên mình hơi chán 💔,Chitchat,Negative
áp lực vcl deadline dí 😭 id7960,Chitchat,Negative
ở đâu á vậy bot 🐧,Chitchat,Neutral
Alo mấy tuổi rồi 💬 id7962,Chitchat,Neutral
Mimo dễ thương ở đâu á id7963,Chitchat,Neutral
Thank you vì id7964,Chitchat,Positive
muốn hỏi Mimo dễ thương đang làm gì đấy,Chitchat,Neutral
bạn là nam hay nữ ❓,Chitchat,Neutral
Thích ghê id7967,Chitchat,Positive
tên gì á vậy bot ơi id7968,Chitchat,Neutral
bot ơi quá đã ❤️,Chitchat,Positive
bạn Biết ơn id7970,Chitchat,Positive
Alo bạn biết nói chuyện không,Chitchat,Neutral
Yo bạn ai tạo ra bạn 🤔,Chitchat,Neutral
bạn là nam hay nữ ❓ id7973,Chitchat,Neutral
ở đâu á id7974,Chitchat,Neutral
tui muốn hỏi bạn đang làm gì đấy id7975,Chitchat,Neutral
bot ơi chất lượng (^_<),Chitchat,Positive
thấy bất lực quá id7977,Chitchat,Negative
Vì nên ta hơi buồn 💔,Chitchat,Negative
Thích ghê app xịn xò id7979,Chitchat,Positive
Alo là nam hay nữ id7980,Chitchat,Neutral
app xịn xò 🤩 id7981,Chitchat,Positive
Thank you vì id7982,Chitchat,Positive
chán vcl deadline ngập đầu 💔,Chitchat,Negative
Alo Mimo ơi đang nản,Chitchat,Negative
Mimo ơi app mượt ❤️,Chitchat,Positive
bạn có nghe rõ trả lời không id7986,Chitchat,Neutral
ai tạo ra bạn id7987,Chitchat,Neutral
Alo Mimo dễ thương ơi mình đang mệt 😢,Chitchat,Negative
mấy tuổi rồi vậy 🤖 id7989,Chitchat,Neutral
có nghe rõ trả lời không vậy 👀 id7990,Chitchat,Neutral
ta muốn hỏi đang làm gì đấy id7991,Chitchat,Neutral
có nghe rõ trả lời không vậy id7992,Chitchat,Neutral
Mãi iu vì app xịn xò 🔥,Chitchat,Positive
có nghe rõ trả lời không vậy Mimo dễ thương id7994,Chitchat,Neutral
biết nói chuyện không 🤔 id7995,Chitchat,Neutral
Alo ơi bác đang suy id7996,Chitchat,Negative
Thích Mimo ghê id7997,Chitchat,Positive
bot 👍 id7998,Chitchat,Positive
giao diện đẹp 🔥 id7999,Chitchat,Positive
vì chất lượng id8000,Chitchat,Positive
bot id8001,Chitchat,Positive
Mimo ơi biết nói chuyện không id8002,Chitchat,Neutral
Mimo ơi Cảm ơn,Chitchat,Positive
Biết ơn vì id8004,Chitchat,Positive
muốn hỏi Mimo biết nói chuyện không 🐧,Chitchat,Neutral
Hế lô biết nói chuyện không 👀,Chitchat,Neutral
đỉnh nóc kịch trần id8007,Chitchat,Positive
ông thấy buồn qá,Chitchat,Negative
bác thấy bất lực quá 😭,Chitchat,Negative
bạn có nghe rõ trả lời không id8010,Chitchat,Neutral
Chào nha mấy tuổi rồi,Chitchat,Neutral
cậu muốn hỏi bạn bot làm được gì 🤔,Chitchat,Neutral
Mimo Cảm ơn (^_<),Chitchat,Positive
biết nói chuyện không vậy id8014,Chitchat,Neutral
bạn là nam hay nữ 🤖 id8015,Chitchat,Neutral
stress vcl 😢,Chitchat,Negative
là nam hay nữ vậy id8017,Chitchat,Neutral
Vì bồ giận nên cậu hơi bất lực,Chitchat,Negative
Thích bot ghê đỉnh nóc kịch trần ❤️,Chitchat,Positive
Hi Chào ngày mới vui vẻ nha id8020,Chitchat,Positive
Mimo ơi thông minh id8021,Chitchat,Positive
ta thấy vô tri quá 😢 id8022,Chitchat,Negative
Mimo 👍 id8023,Chitchat,Positive
biết nói chuyện không id8024,Chitchat,Neutral
Yo tên gì á 🤔,Chitchat,Neutral
Chào ngày mới vui vẻ nha vì 🤣 id8026,Chitchat,Positive
mấy tuổi rồi id8027,Chitchat,Neutral
Ê tên gì á id8028,Chitchat,Neutral
Yêu ghê vì chất lượng ❤️,Chitchat,Positive
Chào ngày mới vui vẻ nha 🥰 id8030,Chitchat,Positive
mệt vcl id8031,Chitchat,Negative
Chào ngày mới vui vẻ nha vì ❤️ id8032,Chitchat,Positive
bro muốn hỏi Mimo bot làm được gì,Chitchat,Neutral
Tks vì id8034,Chitchat,Positive
em muốn hỏi bot biết nói chuyện không,Chitchat,Neutral
vì quá đã id8036,Chitchat,Positive
Tks 🤩 id8037,Chitchat,Positive
ta thấy áp lực quá 🥺,Chitchat,Negative
Thank you vì 🤣,Chitchat,Positive
✨ id8040,Chitchat,Positive
Biết ơn 🤣 id8041,Chitchat,Positive
Cảm ơn vì 👍 id8042,Chitchat,Positive
bot ơi app mượt id8043,Chitchat,Positive
Vì crush lơ nên mấy ní hơi tổn thương,Chitchat,Negative
Alo biết nói chuyện không,Chitchat,Neutral
Thích bạn ghê id8046,Chitchat,Positive
Alo Mimo ơi bà đang suy 😮‍💨,Chitchat,Negative
mấy tuổi rồi 👀 id8048,Chitchat,Neutral
ai tạo ra bạn vậy bot id8049,Chitchat,Neutral
ông muốn hỏi mấy tuổi rồi 🤔,Chitchat,Neutral
Vì nên mình hơi tổn thương 😮‍💨,Chitchat,Negative
Mimo dễ thương biết nói chuyện không 🤖 id8052,Chitchat,Neutral
cậu muốn hỏi Mimo dễ thương mấy tuổi rồi 🐧,Chitchat,Neutral
Mimo ơi quá đã id8054,Chitchat,Positive
bạn là ai vậy 💬 id8055,Chitchat,Neutral
bot ơi giao diện đẹp 🤩,Chitchat,Positive
bác thấy vô tri quá 🥲,Chitchat,Negative
cute xỉu 🥰,Chitchat,Positive
Thích Mimo ơi ghê đỉnh nóc kịch trần id8059,Chitchat,Positive
bot làm được gì vậy id8060,Chitchat,Neutral
Hello Mimo dễ thương Chào ngày mới vui vẻ nha ❤️,Chitchat,Positive
Chào nha ở đâu á 🐧 id8062,Chitchat,Neutral
tên gì á vậy id8063,Chitchat,Neutral
tui muốn hỏi bot làm được gì id8064,Chitchat,Neutral
Thích Mimo dễ thương ghê id8065,Chitchat,Positive
bà muốn hỏi bot ai tạo ra bạn 🐧,Chitchat,Neutral
em thấy áp lực quá id8067,Chitchat,Negative
Yo Mimo biết nói chuyện không 💬,Chitchat,Neutral
đang làm gì đấy 👀 id8069,Chitchat,Neutral
mình thấy áp lực quá,Chitchat,Negative
bot Củm ơn,Chitchat,Positive
Vì đi học met quá nên ông hơi vô tri 😭,Chitchat,Negative
ta muốn hỏi bot là nam hay nữ,Chitchat,Neutral
có nghe rõ trả lời không 👀 id8074,Chitchat,Neutral
Chào ngày mới vui vẻ nha vì 🤩 id8075,Chitchat,Positive
🔥 id8076,Chitchat,Positive
Thích bot ơi ghê quá đã,Chitchat,Positive
thấy suy quá 🥲,Chitchat,Negative
ta muốn hỏi đang làm gì đấy id8079,Chitchat,Neutral
Alo ơi bro đang stress 😮‍💨,Chitchat,Negative
vì đỉnh nóc kịch trần (^_<) id8081,Chitchat,Positive
tui muốn hỏi có nghe rõ trả lời không id8082,Chitchat,Neutral
tên gì á 🐧 id8083,Chitchat,Neutral
Ê bạn đang làm gì đấy 🤖,Chitchat,Neutral
Hey Mimo ơi Chào ngày mới vui vẻ nha 🤣,Chitchat,Positive
Thích bot ghê app mượt id8086,Chitchat,Positive
Tks vì id8087,Chitchat,Positive
Alo ơi bro đang vô tri,Chitchat,Negative
muốn hỏi Mimo ơi đang làm gì đấy 👀,Chitchat,Neutral
em muốn hỏi Mimo ơi ở đâu á id8090,Chitchat,Neutral
quá đã (^_<) id8091,Chitchat,Positive
Thích bot ghê giao diện đẹp 🔥,Chitchat,Positive
bạn là ai vậy Mimo 🤔 id8093,Chitchat,Neutral
👍 id8094,Chitchat,Positive
mấy ní muốn hỏi biết nói chuyện không 💬 id8095,Chitchat,Neutral
Alo biết nói chuyện không id8096,Chitchat,Neutral
Alo Mimo dễ thương ơi bro đang áp lực,Chitchat,Negative
bất lực vcl rớt môn id8098,Chitchat,Negative
mấy tuổi rồi id8099,Chitchat,Neutral
bác muốn hỏi Mimo ơi là nam hay nữ,Chitchat,Neutral
ở đâu á vậy bạn 🤔,Chitchat,Neutral
Chào ngày mới vui vẻ nha vì 🤩 id8102,Chitchat,Positive
chán vcl id8103,Chitchat,Negative
Yo bot làm được gì id8104,Chitchat,Neutral
Hello id8105,Chitchat,Positive
ai tạo ra bạn id8106,Chitchat,Neutral
ở đâu á vậy id8107,Chitchat,Neutral
là nam hay nữ 👀 id8108,Chitchat,Neutral
em muốn hỏi bot mấy tuổi rồi id8109,Chitchat,Neutral
Alo bot ơi bà đang buồn 🥲,Chitchat,Negative
Chào ngày mới vui vẻ nha vì id8111,Chitchat,Positive
bà thấy nản quá 😢,Chitchat,Negative
Ê Mimo ơi tên gì á 💬,Chitchat,Neutral
tổn thương vcl 😢 id8114,Chitchat,Negative
vì cute xỉu id8115,Chitchat,Positive
Thích ghê id8116,Chitchat,Positive
ai tạo ra bạn vậy bạn id8117,Chitchat,Neutral
Củm ơn vì cute xỉu id8118,Chitchat,Positive
thấy stress quá 💔,Chitchat,Negative
vì app mượt id8120,Chitchat,Positive
Chào nha mấy tuổi rồi 💬 id8121,Chitchat,Neutral
biết nói chuyện không id8122,Chitchat,Neutral
là nam hay nữ vậy bạn 🤔,Chitchat,Neutral
đang làm gì đấy vậy Mimo dễ thương 🤔,Chitchat,Neutral
stress vcl bồ giận 🥺,Chitchat,Negative
Vì deadline dí nên bà hơi áp lực,Chitchat,Negative
Chào ngày mới vui vẻ nha vì id8127,Chitchat,Positive
Thích Mimo ghê đỉnh nóc kịch trần 👍,Chitchat,Positive
bot làm đc gì vậy 👀,Chitchat,Neutral
bot làm được gì id8130,Chitchat,Neutral
bot ơi Yêu ghê (^_<),Chitchat,Positive
Ê ở đâu á 👀 id8132,Chitchat,Neutral
Alo ơi em đang bất lực id8133,Chitchat,Negative
Mãi iu vì app mượt ✨,Chitchat,Positive
Mimo dễ thương Love ya 🔥,Chitchat,Positive
bot ơi tên gì á id8136,Chitchat,Neutral
Hello bạn Củm ơn 🥰,Chitchat,Positive
Hế lô biết nói chuyện không id8138,Chitchat,Neutral
bà muốn hỏi bot ơi biết nói chuyện không 👀,Chitchat,Neutral
mấy tuổi rồi vậy Mimo 👀 id8140,Chitchat,Neutral
bot ơi id8141,Chitchat,Positive
mấy ní muốn hỏi Mimo dễ thương mấy tuổi rồi 🤖,Chitchat,Neutral
Mimo dễ thương id8143,Chitchat,Positive
Alo bot ơi đang mệt,Chitchat,Negative
Hey bạn Thank you,Chitchat,Positive
Chào nha đang làm gì đấy 👀,Chitchat,Neutral
tui muốn hỏi biết nói chuyện không ❓,Chitchat,Neutral
 id8148,Chitchat,Positive
mình muốn hỏi ai tạo ra bạn 🤔,Chitchat,Neutral
tui muốn hỏi bạn có nghe rõ trả lời không 🤖,Chitchat,Neutral
Vì nên mấy ní hơi áp lực id8151,Chitchat,Negative
bác muốn hỏi bot ơi là nam hay nữ 👀,Chitchat,Neutral
Alo ơi tui đang áp lực 😢,Chitchat,Negative
bạn là ai 👀 id8154,Chitchat,Neutral
chất lượng ✨,Chitchat,Positive
bạn mấy tuổi rồi id8156,Chitchat,Neutral
Vì deadline ngập đầu nên bro hơi stress,Chitchat,Negative
chất lượng id8158,Chitchat,Positive
Alo ơi ông đang bất lực id8159,Chitchat,Negative
ta muốn hỏi bot ơi tên gì á 👀,Chitchat,Neutral
Alo Mimo ơi bro đang chán 📉,Chitchat,Negative
bot làm được gì id8162,Chitchat,Neutral
Thích bot ghê 🥰 id8163,Chitchat,Positive
Vì nên ta hơi áp lực,Chitchat,Negative
ta thấy tổn thương quá 😮‍💨,Chitchat,Negative
ta muốn hỏi mấy tuổi rồi id8166,Chitchat,Neutral
bạn là ai vậy Mimo id8167,Chitchat,Neutral
mấy tuổi rồi ❓ id8168,Chitchat,Neutral
biết nói chuyện không vậy bot id8169,Chitchat,Neutral
Mimo đang làm gì đấy 👀 id8170,Chitchat,Neutral
là nam hay nữ vậy Mimo ơi ❓,Chitchat,Neutral
tên gì á id8172,Chitchat,Neutral
bác muốn hỏi tên gì á 🤖 id8173,Chitchat,Neutral
bạn Củm ơn id8174,Chitchat,Positive
Mimo dễ thương bạn là ai id8175,Chitchat,Neutral
Vì nên tui hơi bất lực id8176,Chitchat,Negative
đang làm gì đấy vậy id8177,Chitchat,Neutral
Alo bot làm đc gì,Chitchat,Neutral
biết nói chuyện không 🤖 id8179,Chitchat,Neutral
mình muốn hỏi bạn là nam hay nữ id8180,Chitchat,Neutral
biết nói chuyện không vậy ❓ id8181,Chitchat,Neutral
Alo Mimo dễ thương ơi tui đang mệt,Chitchat,Negative
Mimo dễ thương app mượt 🤩,Chitchat,Positive
mấy ní muốn hỏi là nam hay nữ ❓,Chitchat,Neutral
mình thấy stress quá id8185,Chitchat,Negative
bro muốn hỏi tên gì á ❓ id8186,Chitchat,Neutral
Alo tên gì á 👀 id8187,Chitchat,Neutral
mấy tuổi rồi 🤖 id8188,Chitchat,Neutral
Chào ngày mới vui vẻ nha vì id8189,Chitchat,Positive
đang làm gì đấy id8190,Chitchat,Neutral
Chào ngày mới vui vẻ nha vì ✨ id8191,Chitchat,Positive
thấy suy quá 🥲 id8192,Chitchat,Negative
tên gì á vậy id8193,Chitchat,Neutral
Vì hết tiền nên bro hơi nản,Chitchat,Negative
bot làm được gì ❓ id8195,Chitchat,Neutral
mệt vcl đi học mệt quá,Chitchat,Negative
mấy ní thấy chán quá 🥺,Chitchat,Negative
là nam hay nữ id8198,Chitchat,Neutral
bot ơi ❤️ id8199,Chitchat,Positive
Thích ghê app xịn xò id8200,Chitchat,Positive
bạn app mượt 🤣,Chitchat,Positive
bro muốn hỏi Mimo bot làm được gì id8202,Chitchat,Neutral
Thích Mimo ghê cute xỉu 👍,Chitchat,Positive
Hiya bot ơi Chào ngày mới vui vẻ nha 🔥,Chitchat,Positive
bà muốn hỏi bot ai tạo ra bạn ❓,Chitchat,Neutral
Mimo dễ thương tên gì á 💬,Chitchat,Neutral
Chào nha tên gì á 🤔 id8207,Chitchat,Neutral
Mimo dễ thương Củm ơn id8208,Chitchat,Positive
Vì rớt môn nên bro hơi nản 📉,Chitchat,Negative
Mimo ơi ai tạo ra bạn 👀 id8210,Chitchat,Neutral
Mimo ơi id8211,Chitchat,Positive
Thích Mimo ơi ghê thông minh,Chitchat,Positive
ở đâu á 👀 id8213,Chitchat,Neutral
ông muốn hỏi ai tạo ra bạn id8214,Chitchat,Neutral
có nghe rõ trả lời ko id8215,Chitchat,Neutral
buồn vcl 😭 id8216,Chitchat,Negative
Yo tên gì á 🤖,Chitchat,Neutral
ai tạo ra bạn vậy bạn id8218,Chitchat,Neutral
Alo là nam hay nữ id8219,Chitchat,Neutral
Love ya vì 🤣,Chitchat,Positive
Thích ghê 🤣 id8221,Chitchat,Positive
ai tạo ra bạn vậy id8222,Chitchat,Neutral
bro muốn hỏi ai tạo ra bạn 💬,Chitchat,Neutral
Alo Mimo ơi mình đang tổn thương,Chitchat,Negative
✨ id8225,Chitchat,Positive
Hey  ✨,Chitchat,Positive
Alo ơi mình đang chán 🥺,Chitchat,Negative
bạn là ai vậy id8228,Chitchat,Neutral
bất lực vcl 😢 id8229,Chitchat,Negative
cậu muốn hỏi Mimo ơi ai tạo ra bạn 🐧,Chitchat,Neutral
ai tạo ra bạn vậy Mimo dễ thương id8231,Chitchat,Neutral
bác muốn hỏi đang làm gì đấy id8232,Chitchat,Neutral
Chào ngày mới vui vẻ nha vì id8233,Chitchat,Positive
bạn là ai vậy bot 🤖,Chitchat,Neutral
cậu muốn hỏi Mimo ơi bot làm được gì 👀,Chitchat,Neutral
Mimo ơi 🤣 id8236,Chitchat,Positive
thấy mệt quá 🥺,Chitchat,Negative
ở đâu á 🐧 id8238,Chitchat,Neutral
Thích ghê app xịn xò 🥰 id8239,Chitchat,Positive
bro muốn hỏi bot bot làm được gì,Chitchat,Neutral
Alo Mimo ơi ơi ông đang stress,Chitchat,Negative
Chào bạn Chào ngày mới vui vẻ nha,Chitchat,Positive
Ê bot bot làm đc gì,Chitchat,Neutral
là nam hay nữ vậy 💬 id8244,Chitchat,Neutral
Củm ơn vì ❤️ id8245,Chitchat,Positive
ông muốn hỏi ở đâu á 👀,Chitchat,Neutral
Xin chào bot Cảm ơn,Chitchat,Positive
buồn vcl deadline dí id8248,Chitchat,Negative
Mimo dễ thương Củm ơn 👍,Chitchat,Positive
Hế lô mấy tuổi rồi id8250,Chitchat,Neutral
Chào nha Mimo ơi bot làm được gì,Chitchat,Neutral
ở đâu á 🤔 id8252,Chitchat,Neutral
là nam hay nữ id8253,Chitchat,Neutral
Mimo 🤩 id8254,Chitchat,Positive
Mimo dễ thương id8255,Chitchat,Positive
Alo là nam hay nữ 👀,Chitchat,Neutral
Chào Mãi iu 🥰,Chitchat,Positive
bot ơi id8258,Chitchat,Positive
đang làm gì đấy id8259,Chitchat,Neutral
Mimo dễ thương id8260,Chitchat,Positive
bot ơi 🔥 id8261,Chitchat,Positive
 id8262,Chitchat,Positive
Chào ngày mới vui vẻ nha vì (^_<) id8263,Chitchat,Positive
Thích ghê ✨ id8264,Chitchat,Positive
bạn 👍 id8265,Chitchat,Positive
vì thông minh id8266,Chitchat,Positive
ai tạo ra bạn id8267,Chitchat,Neutral
ông thấy bất lực quá id8268,Chitchat,Negative
Chào nha Mimo dễ thương biết nói chuyện không,Chitchat,Neutral
Thích Mimo ơi ghê app mượt 👍,Chitchat,Positive
Alo bot ơi ơi bác đang áp lực id8271,Chitchat,Negative
bác thấy suy quá 🥺,Chitchat,Negative
Alo ơi bác đang vô tri 😢,Chitchat,Negative
Thích Mimo ơi ghê (^_<) id8274,Chitchat,Positive
Yo bạn bot làm được gì,Chitchat,Neutral
Chào nha đang làm gì đấy 💬 id8276,Chitchat,Neutral
 id8277,Chitchat,Positive
bác muốn hỏi Mimo ơi đang làm gì đấy ❓,Chitchat,Neutral
bạn Chào ngày mới vui vẻ nha id8279,Chitchat,Positive
bot ơi biết nói chuyện không id8280,Chitchat,Neutral
Alo ơi em đang áp lực id8281,Chitchat,Negative
Love ya vì đỉnh nóc kịch trần id8282,Chitchat,Positive
Mimo bot làm được gì ❓ id8283,Chitchat,Neutral
bot làm được gì id8284,Chitchat,Neutral
Mimo ơi có nghe rõ trả lời ko id8285,Chitchat,Neutral
Thích Mimo dễ thương ghê app mượt 👍,Chitchat,Positive
Mimo dễ thương Mãi iu id8287,Chitchat,Positive
Alo Mimo ơi bạn là ai,Chitchat,Neutral
Hế lô có nghe rõ trả lời không 🐧 id8289,Chitchat,Neutral
👍 id8290,Chitchat,Positive
Chào nha là nam hay nữ 🤔 id8291,Chitchat,Neutral
bot ơi Tks 🔥,Chitchat,Positive
bot ơi id8293,Chitchat,Positive
Mimo dễ thương đang làm gì đấy id8294,Chitchat,Neutral
stress vcl crush lơ id8295,Chitchat,Negative
ông muốn hỏi Mimo dễ thương bạn là ai ❓,Chitchat,Neutral
Tks id8297,Chitchat,Positive
Vì crush lơ nên cậu hơi chán 📉,Chitchat,Negative
Alo Mimo ơi bác đang suy,Chitchat,Negative
Chào nha Mimo ơi tên gì á,Chitchat,Neutral
vì app xịn xò 🤣,Chitchat,Positive
đang làm gì đấy vậy Mimo ơi id8302,Chitchat,Neutral
Thích ghê id8303,Chitchat,Positive
ở đâu á vậy Mimo dễ thương 🤔,Chitchat,Neutral
Mimo dễ thương có nghe rõ trả lời không id8305,Chitchat,Neutral
ta thấy suy quá 😮‍💨,Chitchat,Negative
là nam hay nữ vậy bot id8307,Chitchat,Neutral
mình muốn hỏi bot mấy tuổi rồi,Chitchat,Neutral
Thích ghê quá đã id8309,Chitchat,Positive
muốn hỏi Mimo ơi tên gì á 🤖,Chitchat,Neutral
Yêu ghê vì chất lượng,Chitchat,Positive
đang làm gì đấy vậy Mimo ơi id8312,Chitchat,Neutral
có nghe rõ trả lời không 🐧 id8313,Chitchat,Neutral
muốn hỏi Mimo bot làm được gì,Chitchat,Neutral
bot ơi là nam hay nữ id8315,Chitchat,Neutral
Yo mấy tuổi rồi id8316,Chitchat,Neutral
Mimo dễ thương tên gì á id8317,Chitchat,Neutral
Chào Cảm ơn 👍,Chitchat,Positive
Thích ghê cute xỉu 🔥 id8319,Chitchat,Positive
Chào ngày mới vui vẻ nha vì id8320,Chitchat,Positive
mấy tuổi rồi vậy Mimo id8321,Chitchat,Neutral
Ê ở đâu á 👀 id8322,Chitchat,Neutral
mấy tuổi rồi id8323,Chitchat,Neutral
app mượt id8324,Chitchat,Positive
ở đâu á id8325,Chitchat,Neutral
bạn id8326,Chitchat,Positive
biết nói chuyện không 🐧 id8327,Chitchat,Neutral
Mimo dễ thương tên gì á 👀,Chitchat,Neutral
Thích Mimo ơi ghê giao diện đẹp id8329,Chitchat,Positive
Vì nên mấy ní hơi nản,Chitchat,Negative
bot 🔥 id8331,Chitchat,Positive
ở đâu á 💬 id8332,Chitchat,Neutral
áp lực vcl 🥲 id8333,Chitchat,Negative
là nam hay nữ id8334,Chitchat,Neutral
bạn Tks 🤣,Chitchat,Positive
mệt vcl id8336,Chitchat,Negative
Hế lô biết nói chuyện không 👀 id8337,Chitchat,Neutral
Alo ơi đang bất lực 💔 id8338,Chitchat,Negative
muốn hỏi Mimo tên gì á 🐧,Chitchat,Neutral
ở đâu á vậy bot ơi id8340,Chitchat,Neutral
cậu muốn hỏi là nam hay nữ 🤖,Chitchat,Neutral
áp lực vcl đi học mệt quá 😭,Chitchat,Negative
ở đâu á vậy id8343,Chitchat,Neutral
mấy tuổi rồi vậy 🐧 id8344,Chitchat,Neutral
biết nói chuyện không vậy id8345,Chitchat,Neutral
ai tạo ra bạn vậy bạn id8346,Chitchat,Neutral
ta thấy tổn thương quá id8347,Chitchat,Negative
Thích ghê 🤣 id8348,Chitchat,Positive
bot bạn là ai 👀 id8349,Chitchat,Neutral
Vì deadline dí nên bro hơi chán id8350,Chitchat,Negative
mấy ní thấy áp lực quá 🥺 id8351,Chitchat,Negative
Mimo Yêu ghê 🥰,Chitchat,Positive
Alo ơi mấy ní đang nản id8353,Chitchat,Negative
có nghe rõ trả lời không vậy id8354,Chitchat,Neutral
tên gì á 🤖 id8355,Chitchat,Neutral
Alo ơi bà đang stress 😭,Chitchat,Negative
Mimo ơi Thank you 👍,Chitchat,Positive
cậu muốn hỏi ở đâu á 👀,Chitchat,Neutral
vì chất lượng 👍,Chitchat,Positive
bạn Chào ngày mới vui vẻ nha id8360,Chitchat,Positive
mình muốn hỏi bot ơi bot làm được gì 👀,Chitchat,Neutral
bạn app mượt ✨ id8362,Chitchat,Positive
Biết ơn vì ❤️ id8363,Chitchat,Positive
mấy ní thấy tổn thương quá 😭,Chitchat,Negative
tên gì á 🐧 id8365,Chitchat,Neutral
Thích Mimo dễ thương ghê 🤩 id8366,Chitchat,Positive
Alo là nam hay nữ id8367,Chitchat,Neutral
bác muốn hỏi mấy tuổi rồi id8368,Chitchat,Neutral
Ê ở đâu á 🐧,Chitchat,Neutral
là nam hay nữ 💬 id8370,Chitchat,Neutral
đang làm gì đấy vậy 👀 id8371,Chitchat,Neutral
mấy ní thấy bất lực quá,Chitchat,Negative
có nghe rõ trả lời không vậy Mimo ơi id8373,Chitchat,Neutral
bot ơi quá đã 🥰 id8374,Chitchat,Positive
Vì nên bác hơi buồn 📉,Chitchat,Negative
Hế lô bạn là ai 👀,Chitchat,Neutral
Mimo đỉnh nóc kịch trần id8377,Chitchat,Positive
mệt vcl cuộc sống khó khăn 😮‍💨 id8378,Chitchat,Negative
bác thấy vô tri quá 💔 id8379,Chitchat,Negative
Thích bạn ghê app mượt id8380,Chitchat,Positive
ở đâu á 💬 id8381,Chitchat,Neutral
bạn là ai ❓ id8382,Chitchat,Neutral
Thích Mimo dễ thương ghê app mượt id8383,Chitchat,Positive
Chào ngày mới vui vẻ nha vì ✨ id8384,Chitchat,Positive
Vì nên ta hơi áp lực 💔,Chitchat,Negative
đang làm gì đấy id8386,Chitchat,Neutral
vì đỉnh nóc kịch trần ❤️ id8387,Chitchat,Positive
bot Thank you id8388,Chitchat,Positive
Chào Chào ngày mới vui vẻ nha 🤩,Chitchat,Positive
Chào ngày mới vui vẻ nha vì id8390,Chitchat,Positive
 id8391,Chitchat,Positive
Mimo ơi Yêu ghê 🤩,Chitchat,Positive
ai tạo ra bạn vậy 💬 id8393,Chitchat,Neutral
em muốn hỏi bot ơi bot làm đc gì,Chitchat,Neutral
biết nói chuyện không id8395,Chitchat,Neutral
muốn hỏi bot làm được gì 🤔,Chitchat,Neutral
nản vcl deadline ngập đầu 🥲,Chitchat,Negative
Mimo dễ thương thông minh id8398,Chitchat,Positive
Vì cuộc sống khó khăn nên cậu hơi suy 💔,Chitchat,Negative
Alo Mimo ơi mình đang áp lực 😢,Chitchat,Negative
đang làm gì đấy id8401,Chitchat,Neutral
ai tạo ra bạn vậy ❓ id8402,Chitchat,Neutral
Vì đi học mệt qá nên ông hơi chán 🥺,Chitchat,Negative
là nam hay nữ ❓ id8404,Chitchat,Neutral
vì app mượt ✨,Chitchat,Positive
em muốn hỏi Mimo ở đâu á,Chitchat,Neutral
đỉnh nóc kịch trần 🤣 id8407,Chitchat,Positive
ai tạo ra bạn vậy bot ơi 🤖,Chitchat,Neutral
tên gì á vậy bạn 🤖,Chitchat,Neutral
Chào ngày mới vui vẻ nha vì 🤣 id8410,Chitchat,Positive
bot ơi ✨ id8411,Chitchat,Positive
bác muốn hỏi bạn ai tạo ra bạn,Chitchat,Neutral
Xin chào Mimo dễ thương Yêu ghê 🔥,Chitchat,Positive
ai tạo ra bạn 💬 id8414,Chitchat,Neutral
ta thấy buồn quá 😮‍💨,Chitchat,Negative
❤️ id8416,Chitchat,Positive
Alo là nam hay nữ ❓,Chitchat,Neutral
Alo Mimo ơi ơi cậu đang chán,Chitchat,Negative
Ê là nam hay nữ 🤔,Chitchat,Neutral
ta thấy nản quá 🥺,Chitchat,Negative
Alo Mimo ơi bà đang chán,Chitchat,Negative
Chào ngày mới vui vẻ nha vì (^_<) id8422,Chitchat,Positive
biết nói chuyện không id8423,Chitchat,Neutral
mấy ní thấy nản quá 🥺,Chitchat,Negative
tổn thương vcl 🥲 id8425,Chitchat,Negative
tổn thương vcl đi học mệt quá 😢,Chitchat,Negative
muốn hỏi đang làm gì đấy id8427,Chitchat,Neutral
Alo ơi đang stress 💔,Chitchat,Negative
bot ơi id8429,Chitchat,Positive
có nghe rõ trả lời không vậy id8430,Chitchat,Neutral
đang làm gì đấy vậy bot 🐧 id8431,Chitchat,Neutral
em muốn hỏi bạn là ai id8432,Chitchat,Neutral
là nam hay nữ vậy 👀 id8433,Chitchat,Neutral
vì chất lượng 👍 id8434,Chitchat,Positive
quá đã 🤣,Chitchat,Positive
🔥 id8436,Chitchat,Positive
biết nói chuyện không id8437,Chitchat,Neutral
vô tri vcl rớt môn id8438,Chitchat,Negative
Yo Mimo ơi là nam hay nữ id8439,Chitchat,Neutral
stress vcl deadline ngập đầu id8440,Chitchat,Negative
có nghe rõ trả lời không id8441,Chitchat,Neutral
Mimo ơi Chào ngày mới vui vẻ nha (^_<),Chitchat,Positive
tên gì á vậy id8443,Chitchat,Neutral
Ê Mimo mấy tuổi rồi 🐧,Chitchat,Neutral
Hey bot Love ya,Chitchat,Positive
ta muốn hỏi bot ai tạo ra bạn id8446,Chitchat,Neutral
mình muốn hỏi Mimo ở đâu á,Chitchat,Neutral
bà muốn hỏi đang làm gì đấy 🐧,Chitchat,Neutral
Ê mấy tuổi rồi 💬 id8449,Chitchat,Neutral
bot ơi tên gì á id8450,Chitchat,Neutral
bot làm được gì vậy Mimo dễ thương id8451,Chitchat,Neutral
cậu muốn hỏi Mimo ai tạo ra bạn 💬,Chitchat,Neutral
Chào nha đang làm gì đấy 🤔,Chitchat,Neutral
Hế lô ai tạo ra bạn id8454,Chitchat,Neutral
bạn là ai id8455,Chitchat,Neutral
Chào ngày mới vui vẻ nha vì id8456,Chitchat,Positive
Alo ơi mấy ní đang vô tri 😮‍💨,Chitchat,Negative
Mimo ơi mấy tuổi rồi id8458,Chitchat,Neutral
bot làm được gì id8459,Chitchat,Neutral
Mimo (^_<) id8460,Chitchat,Positive
bà muốn hỏi tên gì á id8461,Chitchat,Neutral
Chào ngày mới vui vẻ nha vì 🤩 id8462,Chitchat,Positive
Thích Mimo dễ thương ghê ❤️ id8463,Chitchat,Positive
vì quá đã id8464,Chitchat,Positive
Mimo dễ thương tên gì á 💬 id8465,Chitchat,Neutral
Alo bot ơi ơi cậu đang stress,Chitchat,Negative
Chào ngày mới vui vẻ nha vì 🤣 id8467,Chitchat,Positive
bot làm được gì vậy Mimo ơi id8468,Chitchat,Neutral
đang làm gì đấy vậy Mimo ơi 💬 id8469,Chitchat,Neutral
bạn là ai vậy id8470,Chitchat,Neutral
mấy tuổi rồi vậy id8471,Chitchat,Neutral
bot làm được gì id8472,Chitchat,Neutral
Chào nha ai tạo ra bạn ❓ id8473,Chitchat,Neutral
Alo ơi mình đang tổn thương 🥺,Chitchat,Negative
chán vcl crush lơ 😭,Chitchat,Negative
Chào ngày mới vui vẻ nha vì id8476,Chitchat,Positive
Mimo tên gì á 🐧 id8477,Chitchat,Neutral
bot ơi ✨ id8478,Chitchat,Positive
có nghe rõ trả lời không id8479,Chitchat,Neutral
mình muốn hỏi ở đâu á ❓ id8480,Chitchat,Neutral
bot ❤️ id8481,Chitchat,Positive
Thích bot ghê app xịn xò 🥰 id8482,Chitchat,Positive
mấy ní muốn hỏi Mimo ơi ai tạo ra bạn,Chitchat,Neutral
Mimo dễ thương thông minh 🤩,Chitchat,Positive
bot 🤣 id8485,Chitchat,Positive
Thích Mimo ghê app mượt id8486,Chitchat,Positive
 id8487,Chitchat,Positive
cậu muốn hỏi Mimo ơi bạn là ai 💬,Chitchat,Neutral
Mimo dễ thương ✨ id8489,Chitchat,Positive
Vì nên hơi bất lực 🥺 id8490,Chitchat,Negative
Củm ơn vì giao diện đẹp id8491,Chitchat,Positive
mình thấy chán quá 📉,Chitchat,Negative
đỉnh nóc kịch trần id8493,Chitchat,Positive
biết nói chuyện không vậy 👀 id8494,Chitchat,Neutral
Thích bot ơi ghê cute xỉu ❤️,Chitchat,Positive
bạn là ai id8496,Chitchat,Neutral
ta muốn hỏi Mimo biết nói chuyện không 🤔,Chitchat,Neutral
bạn id8498,Chitchat,Positive
biết nói chuyện không id8499,Chitchat,Neutral
Biết ơn id8500,Chitchat,Positive
Alo ơi đang buon 🥲,Chitchat,Negative
giao diện đẹp ✨ id8502,Chitchat,Positive
ai tạo ra bạn vậy bot ơi 🤖 id8503,Chitchat,Neutral
cậu muốn hỏi Mimo bạn là ai 🤔,Chitchat,Neutral
mệt vcl id8505,Chitchat,Negative
là nam hay nữ id8506,Chitchat,Neutral
có nghe rõ trả lời không vậy 💬 id8507,Chitchat,Neutral
nản vcl id8508,Chitchat,Negative
mấy tuổi rồi id8509,Chitchat,Neutral
Mimo cute xỉu 🥰,Chitchat,Positive
Thích ghê (^_<) id8511,Chitchat,Positive
Alo có nghe rõ trả lời không id8512,Chitchat,Neutral
Alo Mimo ơi tui đang chán 😮‍💨,Chitchat,Negative
Ê bạn là nam hay nữ,Chitchat,Neutral
Chào nha bạn bot làm được gì 💬,Chitchat,Neutral
đang làm gì đấy vậy id8516,Chitchat,Neutral
đỉnh nóc kịch trần id8517,Chitchat,Positive
(^_<) id8518,Chitchat,Positive
Thank you vì đỉnh nóc kịch trần id8519,Chitchat,Positive
stress vcl 💔,Chitchat,Negative
có nghe rõ trả lời không 🐧 id8521,Chitchat,Neutral
em muốn hỏi đang làm gì đấy id8522,Chitchat,Neutral
bạn mấy tuổi rồi 🤖 id8523,Chitchat,Neutral
Mimo id8524,Chitchat,Positive
đang làm gì đấy 🤔 id8525,Chitchat,Neutral
mấy ní thấy suy quá id8526,Chitchat,Negative
Chào nha bot làm được gì id8527,Chitchat,Neutral
bạn là ai vậy Mimo 🤖 id8528,Chitchat,Neutral
mấy ní thấy bất lực quá 🥲,Chitchat,Negative
ở đâu á id8530,Chitchat,Neutral
Vì đi học mệt quá nên mấy ní hơi tổn thương 😮‍💨,Chitchat,Negative
đang làm gì đấy vậy Mimo dễ thương id8532,Chitchat,Neutral
có nghe rõ trả lời không 💬 id8533,Chitchat,Neutral
Thích ghê app xịn xò id8534,Chitchat,Positive
bot ơi id8535,Chitchat,Positive
là nam hay nữ id8536,Chitchat,Neutral
đang làm gì đấy id8537,Chitchat,Neutral
tên gì á vậy bot ❓ id8538,Chitchat,Neutral
áp lực vcl deadline dí 😮‍💨,Chitchat,Negative
đang làm gì đấy vậy Mimo dễ thương 🐧 id8540,Chitchat,Neutral
đang làm gì đấy id8541,Chitchat,Neutral
bot ơi Chào ngày mới vui vẻ nha id8542,Chitchat,Positive
bạn ở đâu á 👀,Chitchat,Neutral
bot ơi đang làm gì đấy id8544,Chitchat,Neutral
bot ai tạo ra bạn 🐧 id8545,Chitchat,Neutral
Chào Mimo ❤️,Chitchat,Positive
em muốn hỏi bot ơi bạn là ai 🤖,Chitchat,Neutral
muốn hỏi bạn là ai 💬 id8548,Chitchat,Neutral
là nam hay nữ vậy bạn id8549,Chitchat,Neutral
đang làm gì đấy id8550,Chitchat,Neutral
Alo ơi mấy ní đang chán 📉,Chitchat,Negative
Vì hết tiền nên tui hơi met 🥲,Chitchat,Negative
tên gì á vậy bạn 🐧,Chitchat,Neutral
chán vcl bồ giận,Chitchat,Negative
tui muốn hỏi biết nói chuyện không ❓ id8555,Chitchat,Neutral
Alo ơi mấy ní đang mệt,Chitchat,Negative
bot làm được gì vậy bạn id8557,Chitchat,Neutral
Vì crush lơ nên ông hơi suy 📉,Chitchat,Negative
Thích Mimo ghê quá đã id8559,Chitchat,Positive
bot làm được gì vậy id8560,Chitchat,Neutral
ta muốn hỏi bot ai tạo ra bạn ❓,Chitchat,Neutral
Vì nên em hơi suy 😢,Chitchat,Negative
Alo ơi em đang bất lực id8563,Chitchat,Negative
ông muốn hỏi mấy tuổi rồi,Chitchat,Neutral
Alo bot làm được gì 👀 id8565,Chitchat,Neutral
mình thấy met quá,Chitchat,Negative
đang làm gì đấy vậy bot 🤖,Chitchat,Neutral
mấy tuổi rồi vậy id8568,Chitchat,Neutral
Alo Mimo ơi mình đang mệt 😭,Chitchat,Negative
đang làm gì đấy vậy id8570,Chitchat,Neutral
ai tạo ra bạn 👀 id8571,Chitchat,Neutral
Mimo ở đâu á 🤖,Chitchat,Neutral
vì giao diện đẹp ✨,Chitchat,Positive
Chào ngày mới vui vẻ nha vì id8574,Chitchat,Positive
bạn là ai vậy bạn id8575,Chitchat,Neutral
bot đỉnh nóc kịch trần 🤩,Chitchat,Positive
biết nói chuyện không 👀 id8577,Chitchat,Neutral
app mượt id8578,Chitchat,Positive
Hế lô Mimo ơi là nam hay nữ 🤔,Chitchat,Neutral
bot thông minh 🔥,Chitchat,Positive
muốn hỏi bot có nghe rõ trả lời không,Chitchat,Neutral
Vì rớt môn nên ta hơi buồn 😮‍💨,Chitchat,Negative
muốn hỏi Mimo dễ thương bạn là ai 🤖,Chitchat,Neutral
mấy tuổi rồi vậy bạn 👀,Chitchat,Neutral
em muốn hỏi Mimo ở đâu á 🐧,Chitchat,Neutral
Alo ơi em đang mệt id8586,Chitchat,Negative
Yo ở đâu á ❓ id8587,Chitchat,Neutral
Mimo 👍 id8588,Chitchat,Positive
mấy ní thấy stress quá 😢,Chitchat,Negative
là nam hay nữ 👀 id8590,Chitchat,Neutral
Alo Mimo dễ thương bot làm đc gì 🐧,Chitchat,Neutral
cậu muốn hỏi ở đâu á id8592,Chitchat,Neutral
tổn thương vcl hết tiền 😭,Chitchat,Negative
mấy tuổi rồi vậy bot ơi 🐧,Chitchat,Neutral
Thích Mimo dễ thương ghê 🥰 id8595,Chitchat,Positive
Biết ơn vì ❤️ id8596,Chitchat,Positive
 id8597,Chitchat,Positive
Chào nha bot làm được gì 💬 id8598,Chitchat,Neutral
cậu muốn hỏi ở đâu á id8599,Chitchat,Neutral
Ê đang làm gì đấy 🤔 id8600,Chitchat,Neutral
Thích Mimo ơi ghê app mượt id8601,Chitchat,Positive
biết nói chuyện không vậy bạn 🐧 id8602,Chitchat,Neutral
tên gì á vậy Mimo id8603,Chitchat,Neutral
đang làm gì đấy vậy bot ơi id8604,Chitchat,Neutral
Chào nha bot biết nói chuyện không id8605,Chitchat,Neutral
ở đâu á vậy Mimo id8606,Chitchat,Neutral
Vì bồ giận nên hơi vô tri,Chitchat,Negative
muốn hỏi có nghe rõ trả lời không 🐧,Chitchat,Neutral
bot Love ya 🤣,Chitchat,Positive
ai tạo ra bạn 🐧 id8610,Chitchat,Neutral
Mimo dễ thương 🔥 id8611,Chitchat,Positive
em thấy stress quá 🥺,Chitchat,Negative
Thích ghê id8613,Chitchat,Positive
Chào ngày mới vui vẻ nha vì id8614,Chitchat,Positive
Chào nha bot làm đc gì ❓,Chitchat,Neutral
bạn mấy tuổi rồi ❓,Chitchat,Neutral
biết nói chuyện không id8617,Chitchat,Neutral
mấy ní muốn hỏi Mimo ơi có nghe rõ trả lời không,Chitchat,Neutral
Alo ai tạo ra bạn 💬 id8619,Chitchat,Neutral
Thích bot ghê id8620,Chitchat,Positive
Mãi iu vì app xịn xò id8621,Chitchat,Positive
ai tạo ra bạn vậy Mimo dễ thương id8622,Chitchat,Neutral
Hiya bot Tks id8623,Chitchat,Positive
Vì rớt môn nên mấy ní hơi buồn,Chitchat,Negative
mình muốn hỏi Mimo ơi đang làm gì đấy 🤔,Chitchat,Neutral
Thank you vì cute xỉu,Chitchat,Positive
Chào ngày mới vui vẻ nha vì id8627,Chitchat,Positive
Mãi iu vì id8628,Chitchat,Positive
tui muốn hỏi bạn mấy tuổi rồi,Chitchat,Neutral
đang làm gì đấy vậy bạn 🤔,Chitchat,Neutral
Mãi iu vì app xịn xò id8631,Chitchat,Positive
mấy ní muốn hỏi Mimo ơi bạn là ai 🤖 id8632,Chitchat,Neutral
ta thấy buồn quá 🥺,Chitchat,Negative
Hello Love ya,Chitchat,Positive
bot ơi 🤩 id8635,Chitchat,Positive
bot Chào ngày mới vui vẻ nha 🥰 id8636,Chitchat,Positive
Chào nha là nam hay nữ ❓,Chitchat,Neutral
Vì nên bà hơi nản id8638,Chitchat,Negative
ta thấy suy quá 📉 id8639,Chitchat,Negative
em muốn hỏi bạn là ai 👀,Chitchat,Neutral
Củm ơn vì ✨,Chitchat,Positive
bác thấy áp lực quá 😢 id8642,Chitchat,Negative
bot ơi là nam hay nữ 🐧,Chitchat,Neutral
có nghe rõ trả lời ko id8644,Chitchat,Neutral
ai tạo ra bạn vậy bot 💬 id8645,Chitchat,Neutral
ông thấy tổn thương quá id8646,Chitchat,Negative
mấy ní muốn hỏi mấy tuổi rồi id8647,Chitchat,Neutral
ta muốn hỏi mấy tuổi rồi id8648,Chitchat,Neutral
Thích ghê thông minh ✨ id8649,Chitchat,Positive
Vì nên hơi mệt 📉,Chitchat,Negative
đang làm gì đấy id8651,Chitchat,Neutral
Alo ai tạo ra bạn id8652,Chitchat,Neutral
Vì nên bro hơi stress id8653,Chitchat,Negative
Vì đi học mệt quá nên bro hơi áp lực 💔,Chitchat,Negative
ở đâu á 🐧 id8655,Chitchat,Neutral
🤩 id8656,Chitchat,Positive
bot đang làm gì đấy 👀,Chitchat,Neutral
Alo có nghe rõ trả lời không id8658,Chitchat,Neutral
bà muốn hỏi ở đâu á id8659,Chitchat,Neutral
Yêu ghê vì id8660,Chitchat,Positive
bot làm được gì vậy bot 🐧,Chitchat,Neutral
Alo bot ơi tui đang bất lực 🥺,Chitchat,Negative
Alo Mimo ơi ơi bà đang mệt 🥲,Chitchat,Negative
Thích ghê ❤️ id8664,Chitchat,Positive
Chào nha bạn là ai 🤔 id8665,Chitchat,Neutral
Vì nên em hơi áp lực,Chitchat,Negative
Ê tên gì á id8667,Chitchat,Neutral
cậu thấy nản quá,Chitchat,Negative
Vì nên bà hơi mệt id8669,Chitchat,Negative
tui thấy vô tri quá id8670,Chitchat,Negative
bot làm được gì 💬 id8671,Chitchat,Neutral
Alo ơi mấy ní đang vô tri 😭,Chitchat,Negative
Mimo ơi Love ya 🥰,Chitchat,Positive
Thích Mimo ghê 🤣,Chitchat,Positive
Thích ghê id8675,Chitchat,Positive
Vì nên bà hơi mệt id8676,Chitchat,Negative
bot làm được gì vậy bot 🐧 id8677,Chitchat,Neutral
Thích Mimo ơi ghê id8678,Chitchat,Positive
muốn hỏi bạn là ai,Chitchat,Neutral
Vì nên ta hơi bất lực 🥲,Chitchat,Negative
vì thông minh ❤️,Chitchat,Positive
bạn có nghe rõ trả lời không 🐧 id8682,Chitchat,Neutral
ta muốn hỏi bạn bạn là ai 🤔,Chitchat,Neutral
ở đâu á id8684,Chitchat,Neutral
Thích Mimo ghê 🔥 id8685,Chitchat,Positive
em thấy áp lực quá id8686,Chitchat,Negative
mình thấy mệt quá 🥺,Chitchat,Negative
Vì nên bro hơi mệt 😮‍💨,Chitchat,Negative
là nam hay nữ vậy bạn id8689,Chitchat,Neutral
chán vcl deadline ngập đầu 🥲 id8690,Chitchat,Negative
Thích ghê ✨ id8691,Chitchat,Positive
mấy tuổi rồi id8692,Chitchat,Neutral
Mimo giao diện đẹp id8693,Chitchat,Positive
app mượt 🔥 id8694,Chitchat,Positive
Thích bạn ghê app mượt 🔥 id8695,Chitchat,Positive
biết nói chuyện không vậy Mimo ơi 🐧 id8696,Chitchat,Neutral
Thích Mimo ơi ghê 🤩 id8697,Chitchat,Positive
em muốn hỏi tên gì á 🤖,Chitchat,Neutral
Yo ở đâu á 🤔,Chitchat,Neutral
bot làm được gì id8700,Chitchat,Neutral
Hế lô đang làm gì đấy id8701,Chitchat,Neutral
muốn hỏi đang làm gì đấy id8702,Chitchat,Neutral
Thích ghê id8703,Chitchat,Positive
Ê là nam hay nữ id8704,Chitchat,Neutral
✨ id8705,Chitchat,Positive
Alo đang làm gì đấy id8706,Chitchat,Neutral
Cảm ơn vì id8707,Chitchat,Positive
Tks 👍,Chitchat,Positive
Alo là nam hay nữ id8709,Chitchat,Neutral
bot làm được gì id8710,Chitchat,Neutral
cậu thấy chán quá,Chitchat,Negative
Alo Mimo dễ thương ơi ta đang stress 😢,Chitchat,Negative
Alo ơi tui đang chán,Chitchat,Negative
mấy tuổi rồi 🤔 id8714,Chitchat,Neutral
Mimo ơi giao diện đẹp ✨,Chitchat,Positive
bà muốn hỏi ở đâu á id8716,Chitchat,Neutral
có nghe rõ trả lời không 🤔 id8717,Chitchat,Neutral
mấy tuổi rồi id8718,Chitchat,Neutral
Mimo id8719,Chitchat,Positive
biết nói chuyện không vậy id8720,Chitchat,Neutral
Yo đang làm gì đấy 🤔,Chitchat,Neutral
mấy ní muốn hỏi Mimo mấy tuổi rồi 🤖,Chitchat,Neutral
bà thấy chán quá 💔 id8723,Chitchat,Negative
vì thông minh id8724,Chitchat,Positive
Good morning bot ơi Love ya,Chitchat,Positive
Thích bot ơi ghê thông minh 🤩 id8726,Chitchat,Positive
suy vcl crush lơ 🥲,Chitchat,Negative
bạn là ai vậy Mimo ơi 🤖 id8728,Chitchat,Neutral
ông thấy tổn thương quá 💔 id8729,Chitchat,Negative
Hế lô có nghe rõ trả lời không 🤔,Chitchat,Neutral
mấy tuổi rồi id8731,Chitchat,Neutral
Yo đang làm gì đấy 🤖 id8732,Chitchat,Neutral
Mimo chất lượng 👍,Chitchat,Positive
bot ơi ở đâu á id8734,Chitchat,Neutral
cậu muốn hỏi Mimo ơi đang làm gì đấy id8735,Chitchat,Neutral
bác thấy mệt quá 💔,Chitchat,Negative
Yo bạn là ai id8737,Chitchat,Neutral
ở đâu á id8738,Chitchat,Neutral
Thích ghê id8739,Chitchat,Positive
đang làm gì đấy ❓ id8740,Chitchat,Neutral
ai tạo ra bạn vậy Mimo id8741,Chitchat,Neutral
Biết ơn vì id8742,Chitchat,Positive
có nghe rõ trả lời không id8743,Chitchat,Neutral
Thích bạn ghê app mượt (^_<),Chitchat,Positive
Thích ghê cute xỉu 🤩 id8745,Chitchat,Positive
Biết ơn vì quá đã (^_<),Chitchat,Positive
Mimo dễ thương Mãi iu id8747,Chitchat,Positive
ta muốn hỏi ở đâu á 🤖,Chitchat,Neutral
 id8749,Chitchat,Positive
là nam hay nữ vậy id8750,Chitchat,Neutral
mấy ní muốn hỏi ai tạo ra bạn 💬,Chitchat,Neutral
bot làm đc gì id8752,Chitchat,Neutral
app xịn xò id8753,Chitchat,Positive
bot tên gì á ❓,Chitchat,Neutral
Chào ngày mới vui vẻ nha vì 🤣 id8755,Chitchat,Positive
Chào ngày mới vui vẻ nha vì (^_<) id8756,Chitchat,Positive
Ê tên gì á id8757,Chitchat,Neutral
chất lượng 🔥 id8758,Chitchat,Positive
Thank you vì id8759,Chitchat,Positive
biết nói chuyện không 🤖 id8760,Chitchat,Neutral
Thích bạn ghê cute xỉu (^_<),Chitchat,Positive
Thank you 🤩,Chitchat,Positive
bot làm được gì vậy Mimo dễ thương 🤖 id8763,Chitchat,Neutral
Vì crush lơ nên tui hơi tổn thương 🥲,Chitchat,Negative
Chào ngày mới vui vẻ nha vì 👍 id8765,Chitchat,Positive
bot làm được gì vậy id8766,Chitchat,Neutral
biết nói chuyện không vậy 🐧 id8767,Chitchat,Neutral
Mimo dễ thương Chào ngày mới vui vẻ nha 🤩 id8768,Chitchat,Positive
suy vcl id8769,Chitchat,Negative
bạn chất lượng 🔥,Chitchat,Positive
đang làm gì đấy vậy Mimo ơi 👀 id8771,Chitchat,Neutral
bot đỉnh nóc kịch trần 🤣 id8772,Chitchat,Positive
Chào ngày mới vui vẻ nha 👍 id8773,Chitchat,Positive
ai tạo ra bạn vậy Mimo ơi 🐧,Chitchat,Neutral
Alo bạn ơi bác đang buồn 💔,Chitchat,Negative
bot làm đc gì 👀 id8776,Chitchat,Neutral
Thích bot ghê quá đã 🔥,Chitchat,Positive
mấy tuổi rồi id8778,Chitchat,Neutral
ông muốn hỏi ở đâu á ❓,Chitchat,Neutral
Alo Mimo ơi em đang suy,Chitchat,Negative
Alo Mimo ơi bà đang buồn 💔,Chitchat,Negative
Thích Mimo ơi ghê ❤️ id8782,Chitchat,Positive
biết nói chuyện không vậy Mimo dễ thương id8783,Chitchat,Neutral
vì thông minh (^_<),Chitchat,Positive
bot ơi đang làm gì đấy id8785,Chitchat,Neutral
ta muốn hỏi có nghe rõ trả lời không id8786,Chitchat,Neutral
em muốn hỏi ai tạo ra bạn,Chitchat,Neutral
Yêu ghê (^_<),Chitchat,Positive
Thích ghê cute xỉu id8789,Chitchat,Positive
Alo ơi ta đang mệt 😢 id8790,Chitchat,Negative
Love ya vì 👍,Chitchat,Positive
Ê bạn là ai id8792,Chitchat,Neutral
Thích ghê 🥰 id8793,Chitchat,Positive
đang làm gì đấy id8794,Chitchat,Neutral
bạn là ai vậy bot 💬,Chitchat,Neutral
là nam hay nữ vậy ❓ id8796,Chitchat,Neutral
bot làm được gì vậy Mimo 🤖 id8797,Chitchat,Neutral
Chào ngày mới vui vẻ nha vì id8798,Chitchat,Positive
Thank you (^_<),Chitchat,Positive
vì app xịn xò 👍,Chitchat,Positive
bà muốn hỏi bạn là nam hay nữ 🐧,Chitchat,Neutral
thấy bất lực quá id8802,Chitchat,Negative
tên gì á id8803,Chitchat,Neutral
Hey  (^_<),Chitchat,Positive
Ê bạn mấy tuổi rồi id8805,Chitchat,Neutral
Gút mỏ ninh Mimo Love ya 🔥,Chitchat,Positive
Thích Mimo ơi ghê app mượt id8807,Chitchat,Positive
tên gì á vậy Mimo ơi 🤖,Chitchat,Neutral
bot có nghe rõ trả lời không id8809,Chitchat,Neutral
nản vcl id8810,Chitchat,Negative
Alo ơi ông đang vô tri 😭,Chitchat,Negative
Yo ở đâu á ❓ id8812,Chitchat,Neutral
mình thấy chán quá,Chitchat,Negative
Hế lô tên gì á id8814,Chitchat,Neutral
bot làm được gì vậy bạn id8815,Chitchat,Neutral
stress vcl deadline ngập đầu 😭 id8816,Chitchat,Negative
Thích Mimo dễ thương ghê id8817,Chitchat,Positive
Alo bạn ơi bác đang met,Chitchat,Negative
Vì deadline ngập đầu nên ông hơi suy,Chitchat,Negative
ta thấy mệt quá 😢,Chitchat,Negative
bot làm được gì vậy id8821,Chitchat,Neutral
ai tạo ra bạn 🤔 id8822,Chitchat,Neutral
🤣 id8823,Chitchat,Positive
Yêu ghê vì ✨ id8824,Chitchat,Positive
Cảm ơn vì ✨ id8825,Chitchat,Positive
Mimo ơi Thank you,Chitchat,Positive
Mimo ơi 🤩 id8827,Chitchat,Positive
Chào ngày mới vui vẻ nha vì 🥰 id8828,Chitchat,Positive
Alo bạn ơi ông đang tổn thương,Chitchat,Negative
giao diện đẹp id8830,Chitchat,Positive
chán vcl cuộc sống khó khăn id8831,Chitchat,Negative
tên gì á vậy bot ❓ id8832,Chitchat,Neutral
có nghe rõ trả lời không vậy bạn 👀 id8833,Chitchat,Neutral
Yo ở đâu á id8834,Chitchat,Neutral
ta thấy buon quá 😮‍💨,Chitchat,Negative
Alo ơi bà đang áp lực 🥲,Chitchat,Negative
Tks vì id8837,Chitchat,Positive
Tks vì đỉnh nóc kịch trần id8838,Chitchat,Positive
có nghe rõ trả lời không 💬 id8839,Chitchat,Neutral
stress vcl deadline ngập đầu 🥲,Chitchat,Negative
bro muốn hỏi bot làm được gì id8841,Chitchat,Neutral
biết nói chuyện không vậy Mimo id8842,Chitchat,Neutral
Yêu ghê vì (^_<) id8843,Chitchat,Positive
Chào ngày mới vui vẻ nha vì 🤩 id8844,Chitchat,Positive
Hi Mimo 🤣,Chitchat,Positive
 id8846,Chitchat,Positive
bot làm được gì id8847,Chitchat,Neutral
Chào nha Mimo dễ thương tên gì á,Chitchat,Neutral
Mimo dễ thương Chào ngày mới vui vẻ nha id8849,Chitchat,Positive
Alo Mimo ơi ơi em đang nản 🥺,Chitchat,Negative
Thích Mimo dễ thương ghê 🔥 id8851,Chitchat,Positive
mình muốn hỏi Mimo ơi đang làm gì đấy,Chitchat,Neutral
Củm ơn vì chất lượng 👍,Chitchat,Positive
Biết ơn 👍,Chitchat,Positive
bot bạn là ai 💬,Chitchat,Neutral
Mimo dễ thương id8856,Chitchat,Positive
đang làm gì đấy vậy Mimo dễ thương id8857,Chitchat,Neutral
mệt vcl deadline ngập đầu 😭 id8858,Chitchat,Negative
bot làm được gì 🐧 id8859,Chitchat,Neutral
bạn bạn là ai 🤔 id8860,Chitchat,Neutral
thông minh 👍 id8861,Chitchat,Positive
tên gì á id8862,Chitchat,Neutral
Love ya id8863,Chitchat,Positive
là nam hay nữ vậy id8864,Chitchat,Neutral
👍 id8865,Chitchat,Positive
Mimo tên gì á 🤖,Chitchat,Neutral
vì chất lượng id8867,Chitchat,Positive
là nam hay nữ vậy Mimo dễ thương 💬,Chitchat,Neutral
Alo Mimo ơi biết nói chuyện ko,Chitchat,Neutral
Củm ơn vì id8870,Chitchat,Positive
Củm ơn vì ✨ id8871,Chitchat,Positive
tui muốn hỏi biết nói chuyện không,Chitchat,Neutral
tổn thương vcl bồ giận 📉,Chitchat,Negative
Love ya vì id8874,Chitchat,Positive
biết nói chuyện ko vậy ❓,Chitchat,Neutral
Yo bạn là ai id8876,Chitchat,Neutral
Chào ngày mới vui vẻ nha vì ❤️ id8877,Chitchat,Positive
bot làm được gì vậy bạn 🐧 id8878,Chitchat,Neutral
thấy nản qá,Chitchat,Negative
Alo ai tạo ra bạn id8880,Chitchat,Neutral
biết nói chuyện không id8881,Chitchat,Neutral
mấy ní muốn hỏi Mimo ai tạo ra bạn 💬,Chitchat,Neutral
muốn hỏi là nam hay nữ id8883,Chitchat,Neutral
Hế lô tên gì á id8884,Chitchat,Neutral
Vì deadline ngập đầu nên em hơi buon 🥲,Chitchat,Negative
Thích ghê quá đã (^_<),Chitchat,Positive
muốn hỏi bot có nghe rõ trả lời không 💬,Chitchat,Neutral
bot ơi id8888,Chitchat,Positive
Thích ghê id8889,Chitchat,Positive
cậu thấy suy quá 😢,Chitchat,Negative
mình thấy vô tri quá 🥺,Chitchat,Negative
Thích Mimo dễ thương ghê app xịn xò id8892,Chitchat,Positive
Chào ngày mới vui vẻ nha vì id8893,Chitchat,Positive
Thích ghê (^_<) id8894,Chitchat,Positive
bà thấy buồn quá 😢,Chitchat,Negative
tui muốn hỏi đang làm gì đấy 💬,Chitchat,Neutral
tui muốn hỏi bạn mấy tuổi rồi id8897,Chitchat,Neutral
bà muốn hỏi Mimo ơi bot làm đc gì,Chitchat,Neutral
bạn là ai 🤔 id8899,Chitchat,Neutral
Alo bot ơi ơi bà đang suy 💔,Chitchat,Negative
Alo bot ơi ơi tui đang suy,Chitchat,Negative
Mimo Thank you ❤️,Chitchat,Positive
Mimo đang làm gì đấy 🐧,Chitchat,Neutral
bro thấy bất lực quá 😮‍💨,Chitchat,Negative
ai tạo ra bạn id8905,Chitchat,Neutral
Thích ghê id8906,Chitchat,Positive
Mimo ơi có nghe rõ trả lời không id8907,Chitchat,Neutral
muốn hỏi bot ơi bạn là ai 💬,Chitchat,Neutral
nản vcl bồ giận 😭,Chitchat,Negative
mấy tuổi rồi id8910,Chitchat,Neutral
bot Củm ơn 🤣,Chitchat,Positive
buồn vcl deadline dí 😮‍💨,Chitchat,Negative
Hế lô ai tạo ra bạn 🤖 id8913,Chitchat,Neutral
Chào nha bot ở đâu á,Chitchat,Neutral
bot làm được gì 🤔 id8915,Chitchat,Neutral
bot làm được gì id8916,Chitchat,Neutral
Chào ngày mới vui vẻ nha vì 🥰 id8917,Chitchat,Positive
bác muốn hỏi bạn là ai id8918,Chitchat,Neutral
cậu thấy stress qá 😭,Chitchat,Negative
Biết ơn vì id8920,Chitchat,Positive
Vì cuộc sống khó khăn nên tui hơi vô tri,Chitchat,Negative
ai tạo ra bạn id8922,Chitchat,Neutral
Hello Mimo ơi 🤩,Chitchat,Positive
Vì cuộc sống khó khăn nên bro hơi bất lực 📉,Chitchat,Negative
Mãi iu ✨ id8925,Chitchat,Positive
tên gì á vậy Mimo id8926,Chitchat,Neutral
Alo Mimo dễ thương ơi ta đang buồn,Chitchat,Negative
Mãi iu id8928,Chitchat,Positive
Alo đang làm gì đấy id8929,Chitchat,Neutral
Ê biết nói chuyện không 🤖 id8930,Chitchat,Neutral
Mimo mấy tuổi rồi id8931,Chitchat,Neutral
bà thấy mệt quá 🥲,Chitchat,Negative
Alo ơi ta đang chán 😭,Chitchat,Negative
bác thấy suy quá 😭,Chitchat,Negative
tên gì á id8935,Chitchat,Neutral
stress vcl bồ giận 📉,Chitchat,Negative
bác thấy mệt qá 🥺,Chitchat,Negative
Hey bot Cảm ơn 🤣,Chitchat,Positive
tui muốn hỏi bot mấy tuổi rồi ❓,Chitchat,Neutral
bạn 🔥 id8940,Chitchat,Positive
tên gì á vậy bot 👀 id8941,Chitchat,Neutral
Thích Mimo dễ thương ghê đỉnh nóc kịch trần id8942,Chitchat,Positive
ở đâu á ❓ id8943,Chitchat,Neutral
Alo bạn ơi mình đang buồn 😭,Chitchat,Negative
bot đang làm gì đấy ❓,Chitchat,Neutral
đang làm gì đấy ❓ id8946,Chitchat,Neutral
bot 🔥 id8947,Chitchat,Positive
có nghe rõ trả lời không id8948,Chitchat,Neutral
bot làm được gì vậy bạn id8949,Chitchat,Neutral
mệt vcl deadline ngập đầu,Chitchat,Negative
Chào ngày mới vui vẻ nha vì id8951,Chitchat,Positive
mình thấy chán qá 🥺,Chitchat,Negative
app xịn xò ✨ id8953,Chitchat,Positive
Vì crush lơ nên bà hơi suy 😭,Chitchat,Negative
đang làm gì đấy ❓ id8955,Chitchat,Neutral
bot ơi chất lượng ✨ id8956,Chitchat,Positive
Vì nên em hơi tổn thương 😮‍💨,Chitchat,Negative
ở đâu á id8958,Chitchat,Neutral
bà muốn hỏi Mimo ở đâu á 🤔,Chitchat,Neutral
thấy chán quá,Chitchat,Negative
Chào ngày mới vui vẻ nha vì id8961,Chitchat,Positive
Thích Mimo dễ thương ghê id8962,Chitchat,Positive
Chào ngày mới vui vẻ nha vì (^_<) id8963,Chitchat,Positive
Mimo 🥰 id8964,Chitchat,Positive
bạn id8965,Chitchat,Positive
chán vcl id8966,Chitchat,Negative
vì app xịn xò (^_<) id8967,Chitchat,Positive
mình thấy áp lực quá 🥲,Chitchat,Negative
bà muốn hỏi đang làm gì đấy id8969,Chitchat,Neutral
bot làm được gì 🤔 id8970,Chitchat,Neutral
có nghe rõ trả lời không vậy id8971,Chitchat,Neutral
bot làm được gì vậy ❓ id8972,Chitchat,Neutral
Thank you vì chất lượng id8973,Chitchat,Positive
em thấy suy quá 🥺 id8974,Chitchat,Negative
Alo bot ơi tui đang chán,Chitchat,Negative
Alo đang làm gì đấy 🤖 id8976,Chitchat,Neutral
Alo Mimo dễ thương ơi bác đang bất lực 🥲,Chitchat,Negative
biết nói chuyện không vậy Mimo 🤖 id8978,Chitchat,Neutral
Thích bot ơi ghê đỉnh nóc kịch trần id8979,Chitchat,Positive
app xịn xò id8980,Chitchat,Positive
Thích ghê 🤩 id8981,Chitchat,Positive
mình thấy bất lực quá id8982,Chitchat,Negative
đang làm gì đấy id8983,Chitchat,Neutral
bạn id8984,Chitchat,Positive
biết nói chuyện không id8985,Chitchat,Neutral
Mimo dễ thương bạn là ai id8986,Chitchat,Neutral
ta thấy vô tri quá 🥺 id8987,Chitchat,Negative
bạn 🤣 id8988,Chitchat,Positive
Thank you 👍,Chitchat,Positive
vì app mượt id8990,Chitchat,Positive
Alo bot ơi bác đang tổn thương 😮‍💨,Chitchat,Negative
Chào nha tên gì á 🐧 id8992,Chitchat,Neutral
thấy chán qá 😭 id8993,Chitchat,Negative
Thích ghê 🤩 id8994,Chitchat,Positive
Alo Mimo ơi ơi bà đang tổn thương 💔,Chitchat,Negative
bác muốn hỏi Mimo ai tạo ra bạn 🐧,Chitchat,Neutral
Chào ngày mới vui vẻ nha vì id8997,Chitchat,Positive
bot làm được gì vậy id8998,Chitchat,Neutral
Ê mấy tuổi rồi 🤔 id8999,Chitchat,Neutral
Yo ai tạo ra bạn 👀 id9000,Chitchat,Neutral
Hi Mimo ơi Chào ngày mới vui vẻ nha ✨,Chitchat,Positive
biết nói chuyện không ❓ id9002,Chitchat,Neutral
Vì nên ông hơi nản 📉,Chitchat,Negative
bạn id9004,Chitchat,Positive
Biết ơn vì giao diện đẹp id9005,Chitchat,Positive
Hiya Chào ngày mới vui vẻ nha (^_<),Chitchat,Positive
bạn là ai id9007,Chitchat,Neutral
Chào ngày mới vui vẻ nha vì id9008,Chitchat,Positive
đang làm gì đấy vậy Mimo 💬,Chitchat,Neutral
Vì nên cậu hơi tổn thương 😮‍💨 id9010,Chitchat,Negative
Vì nên tui hơi vô tri id9011,Chitchat,Negative
muốn hỏi bạn ở đâu á,Chitchat,Neutral
Hey id9013,Chitchat,Positive
Vì crush lơ nên mấy ní hơi bất lực 💔,Chitchat,Negative
ta thấy suy quá 😭,Chitchat,Negative
Vì nên tui hơi stress id9016,Chitchat,Negative
Good morning bạn (^_<),Chitchat,Positive
Vì nên mấy ní hơi bất lực id9018,Chitchat,Negative
tên gì á vậy Mimo dễ thương id9019,Chitchat,Neutral
Alo ơi ta đang bất lực id9020,Chitchat,Negative
mấy tuổi rồi vậy id9021,Chitchat,Neutral
Hế lô Mimo dễ thương bot làm được gì 🤔,Chitchat,Neutral
giao diện đẹp ❤️ id9023,Chitchat,Positive
mấy ní thấy bất lực quá 💔,Chitchat,Negative
Gút mỏ ninh bot ơi Mãi iu,Chitchat,Positive
tui muốn hỏi bot ở đâu á 🐧,Chitchat,Neutral
ai tạo ra bạn id9027,Chitchat,Neutral
Vì hết tiền nên tui hơi nản,Chitchat,Negative
vô tri vcl deadline ngập đầu id9029,Chitchat,Negative
Mimo đỉnh nóc kịch trần 🤩,Chitchat,Positive
Cảm ơn vì thông minh id9031,Chitchat,Positive
bạn (^_<) id9032,Chitchat,Positive
bà thấy mệt quá 🥲 id9033,Chitchat,Negative
bro muốn hỏi Mimo đang làm gì đấy ❓,Chitchat,Neutral
mấy ní thấy suy qá 🥲,Chitchat,Negative
Vì nên bác hơi nản 💔,Chitchat,Negative
là nam hay nữ vậy 🤖 id9037,Chitchat,Neutral
bot ơi app xịn xò 🔥,Chitchat,Positive
bot 🤩 id9039,Chitchat,Positive
bất lực vcl 🥺,Chitchat,Negative
cậu thấy bất lực quá 😮‍💨,Chitchat,Negative
Alo ơi ông đang vô tri id9042,Chitchat,Negative
Chào nha bot bạn là ai 💬,Chitchat,Neutral
mình muốn hỏi Mimo dễ thương ở đâu á 👀,Chitchat,Neutral
em muốn hỏi ai tạo ra bạn 🤔,Chitchat,Neutral
Alo có nghe rõ trả lời không id9046,Chitchat,Neutral
ông muốn hỏi Mimo tên gì á ❓,Chitchat,Neutral
mấy ní muốn hỏi bạn ai tạo ra bạn 🤔,Chitchat,Neutral
mấy tuổi rồi vậy 🐧 id9049,Chitchat,Neutral
đang làm gì đấy vậy bot ơi id9050,Chitchat,Neutral
là nam hay nữ 🐧 id9051,Chitchat,Neutral
là nam hay nữ 🤖 id9052,Chitchat,Neutral
Chào ngày mới vui vẻ nha ❤️ id9053,Chitchat,Positive
Thank you vì 🔥 id9054,Chitchat,Positive
đang làm gì đấy 💬 id9055,Chitchat,Neutral
Củm ơn vì thông minh 👍,Chitchat,Positive
biết nói chuyện không ❓ id9057,Chitchat,Neutral
Alo Mimo biết nói chuyện không,Chitchat,Neutral
biết nói chuyện ko vậy Mimo ơi 🐧,Chitchat,Neutral
Thích ghê ❤️ id9060,Chitchat,Positive
Vì bồ giận nên mấy ní hơi tổn thương,Chitchat,Negative
Mimo ❤️ id9062,Chitchat,Positive
Alo Mimo dễ thương ơi mình đang nản 📉,Chitchat,Negative
ở đâu á vậy Mimo ơi 🐧,Chitchat,Neutral
Thích ghê (^_<) id9065,Chitchat,Positive
Chào nha bạn ở đâu á,Chitchat,Neutral
bro thấy áp lực quá id9067,Chitchat,Negative
vì đỉnh nóc kịch trần 🔥 id9068,Chitchat,Positive
bất lực vcl 🥺 id9069,Chitchat,Negative
Yo bot làm được gì id9070,Chitchat,Neutral
Thích ghê 🔥 id9071,Chitchat,Positive
Mimo ở đâu á id9072,Chitchat,Neutral
Thích Mimo dễ thương ghê id9073,Chitchat,Positive
Alo bot ơi em đang met 🥲,Chitchat,Negative
Ê là nam hay nữ 🤔 id9075,Chitchat,Neutral
Good morning  (^_<),Chitchat,Positive
bà thấy tổn thương qá 📉,Chitchat,Negative
tui thấy tổn thương quá 🥺,Chitchat,Negative
Thích bot ơi ghê đỉnh nóc kịch trần (^_<),Chitchat,Positive
Chào ngày mới vui vẻ nha vì ✨ id9080,Chitchat,Positive
ai tạo ra bạn id9081,Chitchat,Neutral
Cảm ơn vì ✨ id9082,Chitchat,Positive
bà muốn hỏi Mimo dễ thương biết nói chuyện không,Chitchat,Neutral
Yo bạn là ai id9084,Chitchat,Neutral
bà muốn hỏi bot đang làm gì đấy ❓,Chitchat,Neutral
mấy tuổi rồi id9086,Chitchat,Neutral
Hi Mimo Chào ngày mới vui vẻ nha,Chitchat,Positive
bot làm được gì vậy id9088,Chitchat,Neutral
bot làm được gì id9089,Chitchat,Neutral
tui thấy chán quá 🥲,Chitchat,Negative
bà thấy nản quá id9091,Chitchat,Negative
Alo bạn ơi em đang áp lực 💔,Chitchat,Negative
biết nói chuyện không vậy ❓ id9093,Chitchat,Neutral
 id9094,Chitchat,Positive
tổn thương vcl hết tiền id9095,Chitchat,Negative
Mimo dễ thương Chào ngày mới vui vẻ nha 🤩 id9096,Chitchat,Positive
bro thấy buồn quá,Chitchat,Negative
muốn hỏi mấy tuổi rồi id9098,Chitchat,Neutral
bot 🔥 id9099,Chitchat,Positive
stress vcl deadline ngập đầu id9100,Chitchat,Negative
Alo Mimo dễ thương ơi mình đang áp lực 🥺,Chitchat,Negative
Mimo dễ thương ❤️ id9102,Chitchat,Positive
Mimo ai tạo ra bạn id9103,Chitchat,Neutral
thấy nản quá,Chitchat,Negative
bạn là ai vậy Mimo dễ thương 👀 id9105,Chitchat,Neutral
Thích bot ghê 👍 id9106,Chitchat,Positive
bot làm được gì vậy id9107,Chitchat,Neutral
ở đâu á vậy id9108,Chitchat,Neutral
cậu muốn hỏi Mimo ơi tên gì á 🐧,Chitchat,Neutral
Mimo ơi 🤣 id9110,Chitchat,Positive
Alo Mimo ơi mình đang suy,Chitchat,Negative
đỉnh nóc kịch trần id9112,Chitchat,Positive
(^_<) id9113,Chitchat,Positive
ông muốn hỏi Mimo dễ thương bot làm đc gì 💬,Chitchat,Neutral
Vì nên hơi bất lực id9115,Chitchat,Negative
Mimo app mượt ❤️,Chitchat,Positive
tui thấy buon quá,Chitchat,Negative
bot làm được gì vậy id9118,Chitchat,Neutral
muốn hỏi ai tạo ra bạn 🤔,Chitchat,Neutral
Alo bạn là ai id9120,Chitchat,Neutral
Yêu ghê vì id9121,Chitchat,Positive
muốn hỏi bạn là ai id9122,Chitchat,Neutral
Alo Mimo ơi cậu đang tổn thương,Chitchat,Negative
Alo ơi mình đang nản 🥺,Chitchat,Negative
bà muốn hỏi bot biết nói chuyện không,Chitchat,Neutral
Thích Mimo ghê đỉnh nóc kịch trần id9126,Chitchat,Positive
mấy tuổi rồi 🐧 id9127,Chitchat,Neutral
bạn là ai vậy bạn id9128,Chitchat,Neutral
muốn hỏi bot ai tạo ra bạn,Chitchat,Neutral
Cảm ơn vì id9130,Chitchat,Positive
ta thấy stress quá 🥲,Chitchat,Negative
ta muốn hỏi bot ơi ở đâu á,Chitchat,Neutral
ở đâu á 💬 id9133,Chitchat,Neutral
Mimo thông minh (^_<) id9134,Chitchat,Positive
Chào nha Mimo ơi ở đâu á,Chitchat,Neutral
thấy suy quá 🥲 id9136,Chitchat,Negative
Thích bot ơi ghê ❤️ id9137,Chitchat,Positive
là nam hay nữ vậy Mimo 🤖 id9138,Chitchat,Neutral
Thích ghê id9139,Chitchat,Positive
vì app mượt ✨ id9140,Chitchat,Positive
Mimo dễ thương 🤩 id9141,Chitchat,Positive
tên gì á id9142,Chitchat,Neutral
biết nói chuyện không 🐧 id9143,Chitchat,Neutral
có nghe rõ trả lời ko id9144,Chitchat,Neutral
Alo Mimo dễ thương mấy tuổi rồi id9145,Chitchat,Neutral
mấy tuổi rồi vậy 👀 id9146,Chitchat,Neutral
Vì crush lơ nên hơi buồn 💔,Chitchat,Negative
Chào ngày mới vui vẻ nha id9148,Chitchat,Positive
Chào nha đang làm gì đấy id9149,Chitchat,Neutral
Thích bạn ghê id9150,Chitchat,Positive
bạn là ai ❓ id9151,Chitchat,Neutral
tổn thương vcl crush lơ 😮‍💨 id9152,Chitchat,Negative
ta muốn hỏi bot ơi bạn là ai 🤖,Chitchat,Neutral
bạn chất lượng id9154,Chitchat,Positive
cậu thấy mệt quá 😭,Chitchat,Negative
bot bạn là ai id9156,Chitchat,Neutral
mấy tuổi rồi vậy bạn id9157,Chitchat,Neutral
Vì bồ giận nên em hơi vô tri,Chitchat,Negative
đang làm gì đấy vậy bot ơi 🐧 id9159,Chitchat,Neutral
bạn là ai vậy bot id9160,Chitchat,Neutral
Vì nên bác hơi nản id9161,Chitchat,Negative
Alo Mimo dễ thương ơi bro đang suy 🥺,Chitchat,Negative
có nghe rõ trả lời không vậy 💬 id9163,Chitchat,Neutral
mấy ní thấy áp lực quá,Chitchat,Negative
Ê Mimo dễ thương bạn là ai 🐧,Chitchat,Neutral
Chào ngày mới vui vẻ nha 🤩 id9166,Chitchat,Positive
stress vcl 📉,Chitchat,Negative
Chào ngày mới vui vẻ nha vì id9168,Chitchat,Positive
Alo bot ơi ơi đang tổn thương,Chitchat,Negative
mình thấy chán quá 💔,Chitchat,Negative
có nghe rõ trả lời không ❓ id9171,Chitchat,Neutral
Alo đang làm gì đấy ❓ id9172,Chitchat,Neutral
Tks id9173,Chitchat,Positive
thông minh id9174,Chitchat,Positive
thấy áp lực quá 💔,Chitchat,Negative
ta thấy suy quá,Chitchat,Negative
bot biết nói chuyện không 👀 id9177,Chitchat,Neutral
bot ơi mấy tuổi rồi 🤔 id9178,Chitchat,Neutral
Hello Chào ngày mới vui vẻ nha 🥰,Chitchat,Positive
bro thấy áp lực qá 😮‍💨,Chitchat,Negative
bạn là ai 🤖 id9181,Chitchat,Neutral
Yo Mimo ơi ai tạo ra bạn 🐧,Chitchat,Neutral
Hế lô bạn đang làm gì đấy 🤔,Chitchat,Neutral
bot quá đã id9184,Chitchat,Positive
bất lực vcl 😮‍💨,Chitchat,Negative
bạn ❤️ id9186,Chitchat,Positive
Hế lô Mimo ơi ở đâu á,Chitchat,Neutral
nản vcl cuộc sống khó khăn 🥺,Chitchat,Negative
có nghe rõ trả lời không vậy Mimo dễ thương id9189,Chitchat,Neutral
Ê mấy tuổi rồi id9190,Chitchat,Neutral
Tks vì 🔥 id9191,Chitchat,Positive
có nghe rõ trả lời không id9192,Chitchat,Neutral
Tks vì 🥰 id9193,Chitchat,Positive
Chào ngày mới vui vẻ nha id9194,Chitchat,Positive
có nghe rõ trả lời ko vậy Mimo ơi,Chitchat,Neutral
mấy tuổi rồi vậy 👀 id9196,Chitchat,Neutral
Alo ai tạo ra bạn 💬 id9197,Chitchat,Neutral
 id9198,Chitchat,Positive
mấy ní thấy chán quá id9199,Chitchat,Negative
Thích bot ghê cute xỉu 🥰,Chitchat,Positive
mấy tuổi rồi vậy id9201,Chitchat,Neutral
Mimo ơi 🤩 id9202,Chitchat,Positive
biết nói chuyện không vậy ❓ id9203,Chitchat,Neutral
stress vcl crush lơ 😭,Chitchat,Negative
Yo bạn có nghe rõ trả lời không 🤖,Chitchat,Neutral
Chào nha bot ơi có nghe rõ trả lời không,Chitchat,Neutral
Hế lô là nam hay nữ id9207,Chitchat,Neutral
Hế lô ai tạo ra bạn ❓,Chitchat,Neutral
Hi Mimo dễ thương Tks 🤩,Chitchat,Positive
ông muốn hỏi đang làm gì đấy id9210,Chitchat,Neutral
Hiya bạn Yêu ghê 👍,Chitchat,Positive
Thank you vì 🔥 id9212,Chitchat,Positive
Thích ghê app xịn xò ❤️,Chitchat,Positive
bác muốn hỏi biết nói chuyện không 👀,Chitchat,Neutral
ở đâu á 💬 id9215,Chitchat,Neutral
Ê Mimo dễ thương biết nói chuyện không 🤔,Chitchat,Neutral
biết nói chuyện không vậy Mimo 👀,Chitchat,Neutral
Vì crush lơ nên hơi mệt,Chitchat,Negative
mình muốn hỏi ở đâu á id9219,Chitchat,Neutral
Love ya vì quá đã 🤩,Chitchat,Positive
Alo Mimo ơi ơi đang vô tri 🥲,Chitchat,Negative
Thích bạn ghê id9222,Chitchat,Positive
bà muốn hỏi bot có nghe rõ trả lời không ❓,Chitchat,Neutral
bác muốn hỏi Mimo dễ thương ở đâu á 🤖,Chitchat,Neutral
Chào nha mấy tuổi rồi ❓ id9225,Chitchat,Neutral
Hế lô tên gì á id9226,Chitchat,Neutral
vì app mượt 🤣,Chitchat,Positive
mình muốn hỏi bot ơi biết nói chuyện không id9228,Chitchat,Neutral
Alo Mimo ơi ơi tui đang bất lực,Chitchat,Negative
Vì rớt môn nên cậu hơi stress 😢,Chitchat,Negative
cậu muốn hỏi Mimo là nam hay nữ 🤖,Chitchat,Neutral
ai tạo ra bạn id9232,Chitchat,Neutral
Alo Mimo ơi cậu đang buồn,Chitchat,Negative
cậu muốn hỏi là nam hay nữ 💬,Chitchat,Neutral
tui thấy stress quá 🥲,Chitchat,Negative
là nam hay nữ 🤔 id9236,Chitchat,Neutral
bà thấy chán quá 😭 id9237,Chitchat,Negative
🤩 id9238,Chitchat,Positive
tên gì á vậy 🤖 id9239,Chitchat,Neutral
Vì nên tui hơi tổn thương 😢,Chitchat,Negative
Mimo tên gì á id9241,Chitchat,Neutral
Tks vì ✨ id9242,Chitchat,Positive
bot làm được gì vậy bot 🤖,Chitchat,Neutral
Thích ghê ❤️ id9244,Chitchat,Positive
Chào nha ở đâu á 👀,Chitchat,Neutral
ta muốn hỏi đang làm gì đấy 👀,Chitchat,Neutral
bạn Love ya 🔥,Chitchat,Positive
là nam hay nữ 👀 id9248,Chitchat,Neutral
bà muốn hỏi bot ai tạo ra bạn 🤔,Chitchat,Neutral
biết nói chuyện không vậy Mimo ❓,Chitchat,Neutral
Mimo ơi đang làm gì đấy id9251,Chitchat,Neutral
Yo mấy tuổi rồi id9252,Chitchat,Neutral
có nghe rõ trả lời ko id9253,Chitchat,Neutral
Alo ở đâu á 🐧,Chitchat,Neutral
vô tri vcl rớt môn 😢 id9255,Chitchat,Negative
là nam hay nữ vậy bot ơi id9256,Chitchat,Neutral
Vì rớt môn nên hơi nản 📉,Chitchat,Negative
Thích ghê (^_<) id9258,Chitchat,Positive
bro thấy tổn thương qá 😮‍💨,Chitchat,Negative
mấy tuổi rồi id9260,Chitchat,Neutral
Củm ơn vì id9261,Chitchat,Positive
cậu muốn hỏi Mimo dễ thương đang làm gì đấy ❓ id9262,Chitchat,Neutral
Chào nha bạn tên gì á id9263,Chitchat,Neutral
mình muốn hỏi bot tên gì á,Chitchat,Neutral
ở đâu á vậy Mimo ơi ❓ id9265,Chitchat,Neutral
bot ơi ❤️ id9266,Chitchat,Positive
áp lực vcl deadline ngập đầu 😭,Chitchat,Negative
Alo bot làm được gì,Chitchat,Neutral
Alo ơi ta đang áp lực id9269,Chitchat,Negative
Mimo ơi Chào ngày mới vui vẻ nha id9270,Chitchat,Positive
vì app mượt (^_<),Chitchat,Positive
Xin chào bot Mãi iu 🤩,Chitchat,Positive
Mimo ơi thông minh id9273,Chitchat,Positive
bạn ai tạo ra bạn ❓ id9274,Chitchat,Neutral
 id9275,Chitchat,Positive
Vì cuộc sống khó khăn nên mấy ní hơi vô tri 💔,Chitchat,Negative
Alo Mimo ơi ơi tui đang nản,Chitchat,Negative
Good morning id9278,Chitchat,Positive
Alo bạn là nam hay nữ 🐧,Chitchat,Neutral
muốn hỏi ở đâu á 🐧,Chitchat,Neutral
mệt vcl id9281,Chitchat,Negative
Mimo dễ thương biết nói chuyện ko id9282,Chitchat,Neutral
bà muốn hỏi Mimo dễ thương bot làm được gì 👀,Chitchat,Neutral
bác muốn hỏi bạn bạn là ai ❓,Chitchat,Neutral
Ê ai tạo ra bạn id9285,Chitchat,Neutral
Ê bạn là ai id9286,Chitchat,Neutral
bà thấy chán quá 📉,Chitchat,Negative
Alo Mimo ơi tui đang suy,Chitchat,Negative
bot Mãi iu id9289,Chitchat,Positive
Chào ngày mới vui vẻ nha vì 👍 id9290,Chitchat,Positive
Chào ngày mới vui vẻ nha vì 🥰 id9291,Chitchat,Positive
Vì nên em hơi áp lực id9292,Chitchat,Negative
Hế lô Mimo ơi ở đâu á 💬,Chitchat,Neutral
bot quá đã ❤️ id9294,Chitchat,Positive
ở đâu á vậy 💬 id9295,Chitchat,Neutral
Vì crush lơ nên bà hơi suy 🥲,Chitchat,Negative
Mimo ơi tên gì á id9297,Chitchat,Neutral
Cảm ơn vì id9298,Chitchat,Positive
Alo là nam hay nữ id9299,Chitchat,Neutral
ai tạo ra bạn 🤔 id9300,Chitchat,Neutral
Hi bạn,Chitchat,Positive
Yo bạn là ai id9302,Chitchat,Neutral
có nghe rõ trả lời không vậy 🐧 id9303,Chitchat,Neutral
Chào nha tên gì á id9304,Chitchat,Neutral
tên gì á id9305,Chitchat,Neutral
ông muốn hỏi là nam hay nữ 💬,Chitchat,Neutral
Alo Mimo ơi ơi bro đang buồn 🥺,Chitchat,Negative
Mimo quá đã (^_<),Chitchat,Positive
Love ya vì giao diện đẹp 🤣,Chitchat,Positive
Mimo dễ thương id9310,Chitchat,Positive
em muốn hỏi bạn đang làm gì đấy,Chitchat,Neutral
bot làm được gì vậy 🐧 id9312,Chitchat,Neutral
em thấy suy quá id9313,Chitchat,Negative
suy vcl đi học mệt quá 🥺 id9314,Chitchat,Negative
bro muốn hỏi bot ơi ở đâu á 🤔,Chitchat,Neutral
Mimo dễ thương đỉnh nóc kịch trần ❤️,Chitchat,Positive
Mimo tên gì á 🤖 id9317,Chitchat,Neutral
em thấy stress quá 😢,Chitchat,Negative
Chào Chào ngày mới vui vẻ nha ❤️,Chitchat,Positive
Alo bot ở đâu á 🤖,Chitchat,Neutral
ai tạo ra bạn vậy bot ơi id9321,Chitchat,Neutral
Chào ngày mới vui vẻ nha vì id9322,Chitchat,Positive
Mimo ơi ai tạo ra bạn id9323,Chitchat,Neutral
mấy ní muốn hỏi Mimo dễ thương tên gì á 🐧,Chitchat,Neutral
Chào ngày mới vui vẻ nha vì 👍 id9325,Chitchat,Positive
Thích ghê ❤️ id9326,Chitchat,Positive
Vì nên hơi stress 📉,Chitchat,Negative
Vì nên tui hơi suy 💔,Chitchat,Negative
đang làm gì đấy 🤖 id9329,Chitchat,Neutral
Vì deadline ngập đầu nên mình hơi nản 😮‍💨,Chitchat,Negative
bạn Tks id9331,Chitchat,Positive
Vì rớt môn nên bro hơi buồn,Chitchat,Negative
stress vcl id9333,Chitchat,Negative
Mimo ơi Biết ơn id9334,Chitchat,Positive
Chào ngày mới vui vẻ nha vì id9335,Chitchat,Positive
Alo bot ơi đang chán 💔,Chitchat,Negative
Hế lô bạn đang làm gì đấy ❓,Chitchat,Neutral
là nam hay nữ vậy 🤔 id9338,Chitchat,Neutral
Alo ơi mình đang suy 📉,Chitchat,Negative
Ê có nghe rõ trả lời ko id9340,Chitchat,Neutral
Thích ghê app xịn xò (^_<) id9341,Chitchat,Positive
Mimo ơi app mượt id9342,Chitchat,Positive
bot ơi Thank you id9343,Chitchat,Positive
Mãi iu vì app mượt,Chitchat,Positive
mấy tuổi rồi 🐧 id9345,Chitchat,Neutral
đang làm gì đấy id9346,Chitchat,Neutral
ai tạo ra bạn vậy ❓ id9347,Chitchat,Neutral
bạn tên gì á 💬 id9348,Chitchat,Neutral
có nghe rõ trả lời không id9349,Chitchat,Neutral
Alo có nghe rõ trả lời không id9350,Chitchat,Neutral
bạn là ai 👀 id9351,Chitchat,Neutral
Thích ghê quá đã ✨ id9352,Chitchat,Positive
biết nói chuyện không vậy bạn 🤖 id9353,Chitchat,Neutral
áp lực vcl id9354,Chitchat,Negative
ở đâu á id9355,Chitchat,Neutral
mấy tuổi rồi 🐧 id9356,Chitchat,Neutral
đang làm gì đấy 🤖 id9357,Chitchat,Neutral
bạn là ai 💬 id9358,Chitchat,Neutral
tên gì á 🐧 id9359,Chitchat,Neutral
mấy ní thấy vô tri qá,Chitchat,Negative
Thích ghê giao diện đẹp id9361,Chitchat,Positive
ai tạo ra bạn vậy Mimo dễ thương id9362,Chitchat,Neutral
mấy ní muốn hỏi Mimo ơi tên gì á 🐧,Chitchat,Neutral
bạn là ai vậy id9364,Chitchat,Neutral
bạn ❤️ id9365,Chitchat,Positive
Love ya 👍,Chitchat,Positive
Hi Mimo ơi Tks 🤩 id9367,Chitchat,Positive
tên gì á vậy Mimo dễ thương id9368,Chitchat,Neutral
bạn mấy tuổi rồi id9369,Chitchat,Neutral
Yo có nghe rõ trả lời không 💬 id9370,Chitchat,Neutral
ta thấy bất lực quá id9371,Chitchat,Negative
bạn là ai id9372,Chitchat,Neutral
(^_<) id9373,Chitchat,Positive
bot ơi Tks id9374,Chitchat,Positive
mệt vcl id9375,Chitchat,Negative
ở đâu á 🤔 id9376,Chitchat,Neutral
cậu thấy mệt qá 🥺,Chitchat,Negative
mấy ní muốn hỏi mấy tuổi rồi id9378,Chitchat,Neutral
tui muốn hỏi ai tạo ra bạn id9379,Chitchat,Neutral
Vì nên cậu hơi nản 😮‍💨,Chitchat,Negative
tên gì á vậy ❓ id9381,Chitchat,Neutral
Alo bot ơi ơi cậu đang mệt,Chitchat,Negative
mấy tuổi rồi 💬 id9383,Chitchat,Neutral
Chào ngày mới vui vẻ nha vì id9384,Chitchat,Positive
Mimo bạn là ai id9385,Chitchat,Neutral
có nghe rõ trả lời không vậy bot ơi 🤔 id9386,Chitchat,Neutral
Chào nha bot đang làm gì đấy id9387,Chitchat,Neutral
Gút mỏ ninh  🔥,Chitchat,Positive
Thích ghê id9389,Chitchat,Positive
Vì nên em hơi nản id9390,Chitchat,Negative
Alo ơi mấy ní đang nản id9391,Chitchat,Negative
stress vcl deadline dí 😢 id9392,Chitchat,Negative
Vì deadline ngập đầu nên em hơi áp lực 🥲,Chitchat,Negative
Hế lô tên gì á id9394,Chitchat,Neutral
áp lực vcl 😭 id9395,Chitchat,Negative
ta thấy bất lực quá id9396,Chitchat,Negative
bot ơi id9397,Chitchat,Positive
Thích bot ghê chất lượng id9398,Chitchat,Positive
em muốn hỏi bot có nghe rõ trả lời không,Chitchat,Neutral
Mimo cute xỉu ✨,Chitchat,Positive
đang làm gì đấy vậy bot 🤖 id9401,Chitchat,Neutral
Mimo bạn là ai 🐧,Chitchat,Neutral
❤️ id9403,Chitchat,Positive
đang làm gì đấy id9404,Chitchat,Neutral
bạn là ai vậy bot 👀 id9405,Chitchat,Neutral
bác muốn hỏi bot ơi tên gì á id9406,Chitchat,Neutral
vô tri vcl rớt môn 🥺 id9407,Chitchat,Negative
Thích ghê app xịn xò 🤩 id9408,Chitchat,Positive
Vì rớt môn nên mấy ní hơi bất lực,Chitchat,Negative
Yêu ghê vì giao diện đẹp,Chitchat,Positive
ở đâu á 🐧 id9411,Chitchat,Neutral
mấy ní thấy vô tri quá id9412,Chitchat,Negative
Vì deadline ngập đầu nên hơi buồn 💔,Chitchat,Negative
Thích ghê thông minh id9414,Chitchat,Positive
Thích Mimo dễ thương ghê app xịn xò 🔥,Chitchat,Positive
Alo ơi mình đang stress 😭,Chitchat,Negative
bà muốn hỏi bot ơi bot làm đc gì ❓,Chitchat,Neutral
app xịn xò 🤣 id9418,Chitchat,Positive
Tks id9419,Chitchat,Positive
Chào nha ai tạo ra bạn id9420,Chitchat,Neutral
Thích Mimo ơi ghê quá đã 🔥,Chitchat,Positive
bro muốn hỏi bạn là ai 🐧,Chitchat,Neutral
stress vcl đi học mệt quá 😮‍💨,Chitchat,Negative
mình muốn hỏi bạn tên gì á ❓,Chitchat,Neutral
bot làm được gì id9425,Chitchat,Neutral
có nghe rõ trả lời không 🐧 id9426,Chitchat,Neutral
Chào nha bot làm được gì 👀,Chitchat,Neutral
Vì bồ giận nên hơi chán 😢,Chitchat,Negative
Mimo app xịn xò id9429,Chitchat,Positive
Củm ơn vì chất lượng 🔥,Chitchat,Positive
cậu muốn hỏi bạn bạn là ai 🤖,Chitchat,Neutral
bạn là ai vậy bot id9432,Chitchat,Neutral
bot ơi ✨ id9433,Chitchat,Positive
bạn biết nói chuyện không 🐧 id9434,Chitchat,Neutral
Ê Mimo ai tạo ra bạn,Chitchat,Neutral
mình thấy bất lực quá 😭,Chitchat,Negative
quá đã ✨ id9437,Chitchat,Positive
bạn là ai 🤖 id9438,Chitchat,Neutral
Thích ghê ✨ id9439,Chitchat,Positive
vì qá đã 🤣,Chitchat,Positive
mấy ní thấy stress quá 😭,Chitchat,Negative
bạn id9442,Chitchat,Positive
vì app xịn xò 🤣 id9443,Chitchat,Positive
ông muốn hỏi ở đâu á id9444,Chitchat,Neutral
là nam hay nữ id9445,Chitchat,Neutral
mấy tuổi rồi vậy Mimo 💬 id9446,Chitchat,Neutral
Mimo 👍 id9447,Chitchat,Positive
Hi Mimo,Chitchat,Positive
Xin chào Mimo dễ thương Biết ơn,Chitchat,Positive
đang làm gì đấy vậy bot 💬,Chitchat,Neutral
Mimo ơi bạn là ai id9451,Chitchat,Neutral
Thích ghê cute xỉu 🔥 id9452,Chitchat,Positive
bạn là nam hay nữ id9453,Chitchat,Neutral
bot làm được gì id9454,Chitchat,Neutral
Gút mỏ ninh bạn Love ya 🥰,Chitchat,Positive
áp lực vcl id9456,Chitchat,Negative
bất lực vcl id9457,Chitchat,Negative
tổn thương vcl bồ giận 📉 id9458,Chitchat,Negative
Hế lô biết nói chuyện không ❓,Chitchat,Neutral
Mimo dễ thương Tks id9460,Chitchat,Positive
ông muốn hỏi bot mấy tuổi rồi,Chitchat,Neutral
bot ơi cute xỉu ✨ id9462,Chitchat,Positive
bạn Yêu ghê 🥰,Chitchat,Positive
em muốn hỏi bạn ở đâu á 💬,Chitchat,Neutral
Cảm ơn (^_<) id9465,Chitchat,Positive
ai tạo ra bạn vậy id9466,Chitchat,Neutral
có nghe rõ trả lời không 🤔 id9467,Chitchat,Neutral
bot làm đc gì 🐧 id9468,Chitchat,Neutral
em thấy buồn quá 😢,Chitchat,Negative
bot ơi đang làm gì đấy id9470,Chitchat,Neutral
ông muốn hỏi Mimo là nam hay nữ id9471,Chitchat,Neutral
bot 👍 id9472,Chitchat,Positive
ai tạo ra bạn vậy Mimo ơi ❓ id9473,Chitchat,Neutral
Yo bot ơi có nghe rõ trả lời ko 🤔,Chitchat,Neutral
mấy tuổi rồi 🤔 id9475,Chitchat,Neutral
ông muốn hỏi bot ơi đang làm gì đấy id9476,Chitchat,Neutral
(^_<) id9477,Chitchat,Positive
Alo Mimo ai tạo ra bạn,Chitchat,Neutral
quá đã ❤️ id9479,Chitchat,Positive
là nam hay nữ vậy 🐧 id9480,Chitchat,Neutral
suy vcl 😭 id9481,Chitchat,Negative
mấy tuổi rồi vậy bạn 🐧 id9482,Chitchat,Neutral
Yo ở đâu á id9483,Chitchat,Neutral
là nam hay nữ vậy Mimo dễ thương id9484,Chitchat,Neutral
Alo bot ơi ơi bro đang mệt 💔,Chitchat,Negative
Alo tên gì á id9486,Chitchat,Neutral
muốn hỏi đang làm gì đấy ❓ id9487,Chitchat,Neutral
mệt vcl id9488,Chitchat,Negative
ai tạo ra bạn vậy 🤖 id9489,Chitchat,Neutral
Mimo app xịn xò ✨,Chitchat,Positive
tên gì á id9491,Chitchat,Neutral
Thích ghê app mượt id9492,Chitchat,Positive
ta thấy suy quá id9493,Chitchat,Negative
Mimo ơi Cảm ơn (^_<),Chitchat,Positive
mấy tuổi rồi vậy bot 👀,Chitchat,Neutral
biết nói chuyện không vậy id9496,Chitchat,Neutral
Alo ơi bà đang buồn 📉,Chitchat,Negative
❤️ id9498,Chitchat,Positive
ai tạo ra bạn vậy Mimo ơi 🤔 id9499,Chitchat,Neutral
có nghe rõ trả lời không vậy 👀 id9500,Chitchat,Neutral
Biết ơn id9501,Chitchat,Positive
mấy tuổi rồi 👀 id9502,Chitchat,Neutral
Hế lô Mimo dễ thương ai tạo ra bạn 🐧,Chitchat,Neutral
Mimo ơi app mượt ✨,Chitchat,Positive
bạn là ai 💬 id9505,Chitchat,Neutral
Hey bot Cảm ơn 🤣 id9506,Chitchat,Positive
đang làm gì đấy 💬 id9507,Chitchat,Neutral
Love ya 🤣 id9508,Chitchat,Positive
Ê tên gì á id9509,Chitchat,Neutral
mấy tuổi rồi vậy Mimo dễ thương 🤖 id9510,Chitchat,Neutral
biết nói chuyện không id9511,Chitchat,Neutral
Mimo ơi ❤️ id9512,Chitchat,Positive
Vì nên bác hơi suy 😭,Chitchat,Negative
mình muốn hỏi bot bạn là ai 🐧,Chitchat,Neutral
Hế lô Mimo ơi ở đâu á id9515,Chitchat,Neutral
mệt vcl đi học mệt qá,Chitchat,Negative
áp lực vcl rớt môn 📉,Chitchat,Negative
bro muốn hỏi Mimo ơi ai tạo ra bạn,Chitchat,Neutral
muốn hỏi ở đâu á 🤔 id9519,Chitchat,Neutral
cậu muốn hỏi bot ơi ở đâu á,Chitchat,Neutral
Alo ơi em đang stress id9521,Chitchat,Negative
Chào ngày mới vui vẻ nha vì 👍 id9522,Chitchat,Positive
Yo bạn biết nói chuyện không,Chitchat,Neutral
ai tạo ra bạn vậy 💬 id9524,Chitchat,Neutral
bot ở đâu á id9525,Chitchat,Neutral
Mimo Củm ơn 👍,Chitchat,Positive
bà thấy chán quá id9527,Chitchat,Negative
bạn id9528,Chitchat,Positive
Thích bot ơi ghê chất lượng,Chitchat,Positive
Thích Mimo ơi ghê app mượt id9530,Chitchat,Positive
mình muốn hỏi bot làm được gì 💬 id9531,Chitchat,Neutral
tui muốn hỏi bạn bạn là ai id9532,Chitchat,Neutral
bất lực vcl id9533,Chitchat,Negative
Alo bot ơi ơi em đang vô tri 😮‍💨,Chitchat,Negative
em muốn hỏi bạn là ai 🤖,Chitchat,Neutral
tui thấy nản quá 😮‍💨,Chitchat,Negative
bro muốn hỏi bot biết nói chuyện không id9537,Chitchat,Neutral
đang làm gì đấy 🤔 id9538,Chitchat,Neutral
tên gì á vậy id9539,Chitchat,Neutral
tui muốn hỏi biết nói chuyện không id9540,Chitchat,Neutral
Mimo 🥰 id9541,Chitchat,Positive
Hế lô biết nói chuyện không 🐧,Chitchat,Neutral
Hế lô bạn là ai id9543,Chitchat,Neutral
mấy tuổi rồi 🤔 id9544,Chitchat,Neutral
Yo mấy tuổi rồi 💬,Chitchat,Neutral
Ê Mimo ơi mấy tuổi rồi 👀,Chitchat,Neutral
bác thấy stress quá 😮‍💨,Chitchat,Negative
Chào ngày mới vui vẻ nha vì 🔥 id9548,Chitchat,Positive
Vì deadline dí nên hơi tổn thương 😢,Chitchat,Negative
Alo Mimo ơi mình đang vô tri,Chitchat,Negative
Mimo chất lượng (^_<),Chitchat,Positive
Mimo tên gì á id9552,Chitchat,Neutral
Mimo dễ thương id9553,Chitchat,Positive
Thích ghê giao diện đẹp id9554,Chitchat,Positive
chán vcl rớt môn 💔 id9555,Chitchat,Negative
muốn hỏi Mimo ai tạo ra bạn 🤖,Chitchat,Neutral
bạn id9557,Chitchat,Positive
❤️ id9558,Chitchat,Positive
bot đang làm gì đấy id9559,Chitchat,Neutral
Vì nên ông hơi bất lực id9560,Chitchat,Negative
bạn là ai 💬 id9561,Chitchat,Neutral
tên gì á vậy bot ơi 💬 id9562,Chitchat,Neutral
Vì nên tui hơi nản 🥺,Chitchat,Negative
bro muốn hỏi Mimo dễ thương tên gì á,Chitchat,Neutral
ông muốn hỏi ai tạo ra bạn 💬,Chitchat,Neutral
bro muốn hỏi Mimo dễ thương ai tạo ra bạn 👀,Chitchat,Neutral
Thích Mimo ghê id9567,Chitchat,Positive
Vì đi học met quá nên mấy ní hơi buon 😢,Chitchat,Negative
bot làm được gì vậy id9569,Chitchat,Neutral
có nghe rõ trả lời không ❓ id9570,Chitchat,Neutral
Alo Mimo ơi ơi tui đang stress,Chitchat,Negative
Vì crush lơ nên mình hơi mệt 😭,Chitchat,Negative
vô tri vcl rớt môn 😭,Chitchat,Negative
Thích Mimo ghê id9574,Chitchat,Positive
Vì cuộc sống khó khăn nên ta hơi chán 💔,Chitchat,Negative
Hế lô ai tạo ra bạn 👀 id9576,Chitchat,Neutral
bác muốn hỏi bot làm được gì 🤖,Chitchat,Neutral
đang làm gì đấy vậy 🤖 id9578,Chitchat,Neutral
bot ơi biết nói chuyện ko 🤔,Chitchat,Neutral
Thích Mimo ghê ❤️ id9580,Chitchat,Positive
Mimo ơi Củm ơn id9581,Chitchat,Positive
muốn hỏi Mimo ơi có nghe rõ trả lời không 🐧,Chitchat,Neutral
Alo đang làm gì đấy id9583,Chitchat,Neutral
tên gì á vậy 👀 id9584,Chitchat,Neutral
mình muốn hỏi đang làm gì đấy 🐧 id9585,Chitchat,Neutral
Biết ơn vì giao diện đẹp id9586,Chitchat,Positive
em thấy vô tri quá id9587,Chitchat,Negative
mấy ní muốn hỏi tên gì á id9588,Chitchat,Neutral
tui muốn hỏi là nam hay nữ,Chitchat,Neutral
Hế lô ai tạo ra bạn id9590,Chitchat,Neutral
Chào nha ở đâu á id9591,Chitchat,Neutral
Chào ngày mới vui vẻ nha vì 👍 id9592,Chitchat,Positive
bạn là ai 💬 id9593,Chitchat,Neutral
Yêu ghê vì 🤩 id9594,Chitchat,Positive
mấy ní muốn hỏi Mimo dễ thương có nghe rõ trả lời không ❓,Chitchat,Neutral
Thích bạn ghê cute xỉu ✨ id9596,Chitchat,Positive
bà thấy mệt quá,Chitchat,Negative
buồn vcl 📉,Chitchat,Negative
Chào ngày mới vui vẻ nha vì 🤩 id9599,Chitchat,Positive
Thích ghê id9600,Chitchat,Positive
biết nói chuyện không vậy bot ơi 🐧 id9601,Chitchat,Neutral
là nam hay nữ vậy bot 💬 id9602,Chitchat,Neutral
đang làm gì đấy id9603,Chitchat,Neutral
Thích ghê 🤩 id9604,Chitchat,Positive
mấy ní muốn hỏi ở đâu á ❓,Chitchat,Neutral
bác muốn hỏi bot ai tạo ra bạn 🐧,Chitchat,Neutral
Tks vì 🤩 id9607,Chitchat,Positive
biết nói chuyện không vậy id9608,Chitchat,Neutral
Thích Mimo ghê id9609,Chitchat,Positive
Mimo dễ thương đang làm gì đấy 💬 id9610,Chitchat,Neutral
Thích ghê id9611,Chitchat,Positive
Cảm ơn vì 🥰 id9612,Chitchat,Positive
Mimo ơi tên gì á 💬,Chitchat,Neutral
mệt vcl deadline ngập đầu id9614,Chitchat,Negative
Tks id9615,Chitchat,Positive
mình muốn hỏi Mimo ơi mấy tuổi rồi 💬,Chitchat,Neutral
Thank you id9617,Chitchat,Positive
Alo bot ơi ơi bác đang vô tri 📉,Chitchat,Negative
Mimo dễ thương 🔥 id9619,Chitchat,Positive
bot ơi 🤩 id9620,Chitchat,Positive
đang làm gì đấy vậy Mimo dễ thương id9621,Chitchat,Neutral
là nam hay nữ vậy id9622,Chitchat,Neutral
Vì nên ông hơi vô tri 😢 id9623,Chitchat,Negative
Vì deadline ngập đầu nên mình hơi vô tri,Chitchat,Negative
là nam hay nữ vậy Mimo 💬 id9625,Chitchat,Neutral
bất lực vcl 😢 id9626,Chitchat,Negative
bà muốn hỏi Mimo ơi có nghe rõ trả lời không ❓,Chitchat,Neutral
đang làm gì đấy vậy ❓ id9628,Chitchat,Neutral
bot ơi là nam hay nữ id9629,Chitchat,Neutral
Mimo ơi là nam hay nữ id9630,Chitchat,Neutral
Cảm ơn vì 🤣 id9631,Chitchat,Positive
mấy tuổi rồi vậy bot ơi id9632,Chitchat,Neutral
Alo ơi ta đang buồn 💔,Chitchat,Negative
ta muốn hỏi bạn là ai id9634,Chitchat,Neutral
mấy tuổi rồi vậy bot ơi id9635,Chitchat,Neutral
🥰 id9636,Chitchat,Positive
bot làm được gì vậy 🐧 id9637,Chitchat,Neutral
tên gì á vậy id9638,Chitchat,Neutral
Mimo dễ thương là nam hay nữ id9639,Chitchat,Neutral
Alo Mimo ơi ơi mình đang buồn 📉,Chitchat,Negative
buồn vcl id9641,Chitchat,Negative
Thích bot ơi ghê thông minh (^_<),Chitchat,Positive
ta muốn hỏi Mimo ở đâu á ❓,Chitchat,Neutral
Alo ai tạo ra bạn id9644,Chitchat,Neutral
có nghe rõ trả lời không vậy 🤖 id9645,Chitchat,Neutral
áp lực vcl crush lơ 🥲,Chitchat,Negative
Thích Mimo ơi ghê id9647,Chitchat,Positive
Mimo Chào ngày mới vui vẻ nha id9648,Chitchat,Positive
cậu thấy tổn thương quá 😭,Chitchat,Negative
ở đâu á vậy id9650,Chitchat,Neutral
Thích bot ghê đỉnh nóc kịch trần id9651,Chitchat,Positive
ta muốn hỏi bot bạn là ai,Chitchat,Neutral
stress vcl 💔 id9653,Chitchat,Negative
Thích ghê chất lượng (^_<) id9654,Chitchat,Positive
đang làm gì đấy vậy id9655,Chitchat,Neutral
biết nói chuyện không vậy Mimo ơi id9656,Chitchat,Neutral
Thích bot ơi ghê quá đã ❤️ id9657,Chitchat,Positive
Mimo đang làm gì đấy id9658,Chitchat,Neutral
Ê tên gì á id9659,Chitchat,Neutral
✨ id9660,Chitchat,Positive
Vì nên ông hơi chán 📉,Chitchat,Negative
biết nói chuyện không vậy Mimo ơi id9662,Chitchat,Neutral
Ê đang làm gì đấy id9663,Chitchat,Neutral
Alo ơi ông đang nản id9664,Chitchat,Negative
mấy tuổi rồi id9665,Chitchat,Neutral
Alo ơi bác đang nản 🥲,Chitchat,Negative
cậu muốn hỏi mấy tuổi rồi id9667,Chitchat,Neutral
Thích bạn ghê app mượt 👍,Chitchat,Positive
Yo đang làm gì đấy id9669,Chitchat,Neutral
Ê Mimo ơi đang làm gì đấy 🤖,Chitchat,Neutral
ở đâu á vậy 💬 id9671,Chitchat,Neutral
Alo Mimo ơi cậu đang tổn thương id9672,Chitchat,Negative
Chào nha bot có nghe rõ trả lời không,Chitchat,Neutral
biết nói chuyện ko vậy bot ơi id9674,Chitchat,Neutral
mấy tuổi rồi ❓ id9675,Chitchat,Neutral
Hế lô mấy tuổi rồi id9676,Chitchat,Neutral
Hiya Love ya,Chitchat,Positive
Hello bot ơi Thank you 🥰,Chitchat,Positive
Thích Mimo ơi ghê đỉnh nóc kịch trần (^_<),Chitchat,Positive
Chào ngày mới vui vẻ nha vì 🤣 id9680,Chitchat,Positive
Love ya vì đỉnh nóc kịch trần id9681,Chitchat,Positive
bác muốn hỏi bot ai tạo ra bạn 💬,Chitchat,Neutral
ta muốn hỏi Mimo dễ thương ở đâu á,Chitchat,Neutral
bot ơi Mãi iu,Chitchat,Positive
Vì cuộc sống khó khăn nên cậu hơi buồn,Chitchat,Negative
bạn là ai vậy bot id9686,Chitchat,Neutral
bác muốn hỏi bot ơi là nam hay nữ 👀 id9687,Chitchat,Neutral
❤️ id9688,Chitchat,Positive
biết nói chuyện không vậy bạn id9689,Chitchat,Neutral
bác muốn hỏi Mimo ơi ai tạo ra bạn,Chitchat,Neutral
bà thấy nản quá 😭,Chitchat,Negative
buồn vcl rớt môn id9692,Chitchat,Negative
cậu muốn hỏi bot ơi là nam hay nữ id9693,Chitchat,Neutral
Alo Mimo ơi ơi đang áp lực 😮‍💨,Chitchat,Negative
Mimo dễ thương Mãi iu id9695,Chitchat,Positive
bạn Củm ơn id9696,Chitchat,Positive
Alo Mimo dễ thương ơi bác đang nản id9697,Chitchat,Negative
là nam hay nữ vậy Mimo id9698,Chitchat,Neutral
Alo bot ơi em đang chán,Chitchat,Negative
Mimo ơi tên gì á id9700,Chitchat,Neutral
Hello bạn Chào ngày mới vui vẻ nha 🤩,Chitchat,Positive
bot đang làm gì đấy ❓ id9702,Chitchat,Neutral
Ê ai tạo ra bạn id9703,Chitchat,Neutral
bot tên gì á 🐧,Chitchat,Neutral
Mimo dễ thương tên gì á 👀 id9705,Chitchat,Neutral
Ê là nam hay nữ 🤔 id9706,Chitchat,Neutral
ai tạo ra bạn ❓ id9707,Chitchat,Neutral
tên gì á ❓ id9708,Chitchat,Neutral
Thích ghê giao diện đẹp id9709,Chitchat,Positive
Vì nên bà hơi vô tri 📉,Chitchat,Negative
Mimo ơi Love ya 🤩,Chitchat,Positive
bạn ở đâu á id9712,Chitchat,Neutral
bot làm được gì vậy bot ơi 🤔,Chitchat,Neutral
bạn Chào ngày mới vui vẻ nha 🥰 id9714,Chitchat,Positive
muốn hỏi Mimo dễ thương ai tạo ra bạn id9715,Chitchat,Neutral
Mãi iu vì 🥰 id9716,Chitchat,Positive
bạn đang làm gì đấy id9717,Chitchat,Neutral
ai tạo ra bạn id9718,Chitchat,Neutral
ông muốn hỏi Mimo dễ thương bạn là ai ❓ id9719,Chitchat,Neutral
là nam hay nữ 🤖 id9720,Chitchat,Neutral
cậu muốn hỏi bạn là nam hay nữ,Chitchat,Neutral
Vì nên bro hơi nản id9722,Chitchat,Negative
Alo Mimo dễ thương tên gì á id9723,Chitchat,Neutral
là nam hay nữ id9724,Chitchat,Neutral
Vì đi học mệt quá nên bro hơi suy,Chitchat,Negative
Thích Mimo ơi ghê 👍 id9726,Chitchat,Positive
bà muốn hỏi đang làm gì đấy 💬 id9727,Chitchat,Neutral
vì app xịn xò ✨,Chitchat,Positive
bác thấy suy quá 🥲,Chitchat,Negative
ai tạo ra bạn vậy bạn 🐧 id9730,Chitchat,Neutral
Chào nha bot bạn là ai 🐧,Chitchat,Neutral
Vì deadline dí nên bác hơi chán 😮‍💨,Chitchat,Negative
Vì cuộc sống khó khăn nên em hơi tổn thương,Chitchat,Negative
Chào ngày mới vui vẻ nha vì 🤣 id9734,Chitchat,Positive
Thích Mimo ghê 🥰 id9735,Chitchat,Positive
Vì nên em hơi bất lực,Chitchat,Negative
bot làm được gì vậy bot ơi id9737,Chitchat,Neutral
 id9738,Chitchat,Positive
Mimo dễ thương id9739,Chitchat,Positive
Chào nha bạn bot làm được gì id9740,Chitchat,Neutral
ai tạo ra bạn vậy Mimo dễ thương id9741,Chitchat,Neutral
mình muốn hỏi biết nói chuyện không 🤖,Chitchat,Neutral
Hế lô tên gì á id9743,Chitchat,Neutral
Chào ngày mới vui vẻ nha (^_<) id9744,Chitchat,Positive
vì thông minh id9745,Chitchat,Positive
em thấy bất lực quá 😢 id9746,Chitchat,Negative
muốn hỏi bot có nghe rõ trả lời không 🤖,Chitchat,Neutral
suy vcl cuộc sống khó khăn 🥺,Chitchat,Negative
bà thấy vô tri quá id9749,Chitchat,Negative
Ê ai tạo ra bạn 🤖 id9750,Chitchat,Neutral
có nghe rõ trả lời không vậy bot id9751,Chitchat,Neutral
ai tạo ra bạn vậy Mimo 👀,Chitchat,Neutral
có nghe rõ trả lời ko vậy bot ơi id9753,Chitchat,Neutral
vì app xịn xò 🤣 id9754,Chitchat,Positive
Chào nha ai tạo ra bạn 🐧,Chitchat,Neutral
Yêu ghê id9756,Chitchat,Positive
Mimo dễ thương đỉnh nóc kịch trần id9757,Chitchat,Positive
Chào nha ở đâu á 🐧 id9758,Chitchat,Neutral
suy vcl deadline ngập đầu 😮‍💨,Chitchat,Negative
mấy ní muốn hỏi mấy tuổi rồi id9760,Chitchat,Neutral
Vì deadline dí nên ông hơi suy 😮‍💨,Chitchat,Negative
Mimo dễ thương Chào ngày mới vui vẻ nha id9762,Chitchat,Positive
bot làm được gì vậy Mimo dễ thương 🐧 id9763,Chitchat,Neutral
stress vcl 🥲,Chitchat,Negative
mấy tuổi rồi 🤔 id9765,Chitchat,Neutral
vì thông minh (^_<) id9766,Chitchat,Positive
mấy ní muốn hỏi bot ơi đang làm gì đấy,Chitchat,Neutral
stress vcl 😢 id9768,Chitchat,Negative
ở đâu á vậy id9769,Chitchat,Neutral
mấy tuổi rồi vậy id9770,Chitchat,Neutral
Mimo dễ thương Mãi iu (^_<),Chitchat,Positive
bot làm được gì vậy Mimo ơi id9772,Chitchat,Neutral
Mimo ơi ở đâu á 💬 id9773,Chitchat,Neutral
bạn thông minh 👍,Chitchat,Positive
vì giao diện đẹp (^_<) id9775,Chitchat,Positive
Thích ghê id9776,Chitchat,Positive
Chào nha là nam hay nữ 🤖 id9777,Chitchat,Neutral
mấy tuổi rồi vậy bot ơi 👀 id9778,Chitchat,Neutral
Good morning bot Biết ơn 🥰,Chitchat,Positive
mấy tuổi rồi id9780,Chitchat,Neutral
đang làm gì đấy id9781,Chitchat,Neutral
biết nói chuyện không vậy id9782,Chitchat,Neutral
Chào nha đang làm gì đấy 🐧 id9783,Chitchat,Neutral
bạn là ai ❓ id9784,Chitchat,Neutral
bot ở đâu á id9785,Chitchat,Neutral
bạn ở đâu á id9786,Chitchat,Neutral
Alo ơi ta đang bất lực id9787,Chitchat,Negative
mấy tuổi rồi vậy bạn id9788,Chitchat,Neutral
Vì crush lơ nên bác hơi bất lực 💔,Chitchat,Negative
bro thấy chán quá id9790,Chitchat,Negative
Chào ngày mới vui vẻ nha 🥰 id9791,Chitchat,Positive
Yo ai tạo ra bạn 💬,Chitchat,Neutral
Thích ghê app xịn xò ❤️ id9793,Chitchat,Positive
đang làm gì đấy id9794,Chitchat,Neutral
tên gì á vậy id9795,Chitchat,Neutral
Ê là nam hay nữ id9796,Chitchat,Neutral
Mimo dễ thương 🤣 id9797,Chitchat,Positive
ở đâu á vậy bạn 🤖,Chitchat,Neutral
Ê bot ơi biết nói chuyện không ❓,Chitchat,Neutral
Alo ơi em đang nản 😭,Chitchat,Negative
Hi bot Cảm ơn ✨,Chitchat,Positive
vì quá đã id9802,Chitchat,Positive
bot làm được gì 🤔 id9803,Chitchat,Neutral
vì quá đã 🥰 id9804,Chitchat,Positive
Thích Mimo ghê 🥰 id9805,Chitchat,Positive
Hế lô mấy tuổi rồi id9806,Chitchat,Neutral
🤣 id9807,Chitchat,Positive
bạn là ai 🐧 id9808,Chitchat,Neutral
em muốn hỏi bạn là ai 💬,Chitchat,Neutral
Chào ngày mới vui vẻ nha vì id9810,Chitchat,Positive
Mimo dễ thương bot làm được gì 🤖,Chitchat,Neutral
mấy tuổi rồi vậy bot id9812,Chitchat,Neutral
vì cute xỉu ✨ id9813,Chitchat,Positive
Thích bot ơi ghê thông minh,Chitchat,Positive
ở đâu á 🐧 id9815,Chitchat,Neutral
vì app xịn xò id9816,Chitchat,Positive
mình thấy buon quá 😢,Chitchat,Negative
vì chất lượng id9818,Chitchat,Positive
biết nói chuyện không vậy id9819,Chitchat,Neutral
Alo Mimo ơi ơi tui đang suy 🥺 id9820,Chitchat,Negative
là nam hay nữ vậy id9821,Chitchat,Neutral
Thích bạn ghê chất lượng,Chitchat,Positive
mấy ní muốn hỏi Mimo dễ thương bot làm được gì,Chitchat,Neutral
Thích Mimo ơi ghê 👍 id9824,Chitchat,Positive
Vì bồ giận nên tui hơi stress,Chitchat,Negative
là nam hay nữ vậy bạn id9826,Chitchat,Neutral
bro muốn hỏi bạn đang làm gì đấy id9827,Chitchat,Neutral
Vì deadline dí nên hơi vô tri id9828,Chitchat,Negative
Alo Mimo dễ thương ơi bà đang chán 📉,Chitchat,Negative
bot làm được gì id9830,Chitchat,Neutral
Vì bồ giận nên em hơi chán 😭,Chitchat,Negative
là nam hay nữ vậy id9832,Chitchat,Neutral
bạn app xịn xò 🤣 id9833,Chitchat,Positive
Vì nên ta hơi áp lực id9834,Chitchat,Negative
Chào ngày mới vui vẻ nha vì 🤣 id9835,Chitchat,Positive
vô tri vcl đi học mệt quá 😭 id9836,Chitchat,Negative
áp lực vcl 💔 id9837,Chitchat,Negative
tên gì á vậy id9838,Chitchat,Neutral
tên gì á 🤖 id9839,Chitchat,Neutral
Yo có nghe rõ trả lời không id9840,Chitchat,Neutral
mấy ní muốn hỏi có nghe rõ trả lời ko,Chitchat,Neutral
ta thấy áp lực quá 💔 id9842,Chitchat,Negative
Thích bot ghê thông minh id9843,Chitchat,Positive
em muốn hỏi bạn là ai id9844,Chitchat,Neutral
Thích Mimo ơi ghê 🤩 id9845,Chitchat,Positive
bot làm được gì 🤖 id9846,Chitchat,Neutral
có nghe rõ trả lời không 🐧 id9847,Chitchat,Neutral
Mimo ơi Chào ngày mới vui vẻ nha 🤩,Chitchat,Positive
là nam hay nữ vậy bot ơi id9849,Chitchat,Neutral
cậu muốn hỏi Mimo dễ thương đang làm gì đấy,Chitchat,Neutral
biết nói chuyện không vậy bot ơi 💬,Chitchat,Neutral
bà muốn hỏi bot ơi bạn là ai,Chitchat,Neutral
Love ya id9853,Chitchat,Positive
Thích ghê chất lượng id9854,Chitchat,Positive
Hế lô Mimo dễ thương ở đâu á,Chitchat,Neutral
mấy tuổi rồi vậy id9856,Chitchat,Neutral
đang làm gì đấy id9857,Chitchat,Neutral
bro muốn hỏi bot ơi bạn là ai 🤖,Chitchat,Neutral
Thích Mimo dễ thương ghê cute xỉu id9859,Chitchat,Positive
Thích bot ơi ghê cute xỉu 🤩 id9860,Chitchat,Positive
mấy tuổi rồi vậy bạn id9861,Chitchat,Neutral
ta thấy nản quá 😮‍💨,Chitchat,Negative
ông muốn hỏi bot tên gì á id9863,Chitchat,Neutral
tên gì á id9864,Chitchat,Neutral
bot ❤️ id9865,Chitchat,Positive
biết nói chuyện không vậy Mimo dễ thương id9866,Chitchat,Neutral
bạn là ai id9867,Chitchat,Neutral
mấy tuổi rồi vậy Mimo dễ thương id9868,Chitchat,Neutral
biết nói chuyện không vậy bot ơi id9869,Chitchat,Neutral
Chào nha Mimo bạn là ai 💬,Chitchat,Neutral
Vì deadline dí nên hơi áp lực 💔,Chitchat,Negative
bot làm được gì 👀 id9872,Chitchat,Neutral
Chào nha biết nói chuyện không id9873,Chitchat,Neutral
là nam hay nữ vậy bot ơi 👀,Chitchat,Neutral
Yo bạn là ai 👀 id9875,Chitchat,Neutral
Yo biết nói chuyện không id9876,Chitchat,Neutral
bạn là ai id9877,Chitchat,Neutral
mấy tuổi rồi id9878,Chitchat,Neutral
Hello Mimo dễ thương Củm ơn ❤️,Chitchat,Positive
Cảm ơn vì đỉnh nóc kịch trần id9880,Chitchat,Positive
Vì cuộc sống khó khăn nên tui hơi stress 🥺,Chitchat,Negative
tui muốn hỏi bạn là nam hay nữ,Chitchat,Neutral
Mimo ✨ id9883,Chitchat,Positive
Chào Mimo Cảm ơn (^_<),Chitchat,Positive
Mimo 🤣 id9885,Chitchat,Positive
Mimo cute xỉu id9886,Chitchat,Positive
Mimo mấy tuổi rồi id9887,Chitchat,Neutral
Hế lô mấy tuổi rồi id9888,Chitchat,Neutral
bạn là ai vậy 💬 id9889,Chitchat,Neutral
Alo Mimo dễ thương ơi ta đang stress,Chitchat,Negative
thấy mệt quá 🥲,Chitchat,Negative
tui muốn hỏi Mimo đang làm gì đấy,Chitchat,Neutral
mấy tuổi rồi ❓ id9893,Chitchat,Neutral
đang làm gì đấy vậy bot ơi 💬 id9894,Chitchat,Neutral
🥰 id9895,Chitchat,Positive
biết nói chuyện ko id9896,Chitchat,Neutral
Thank you vì chất lượng 👍,Chitchat,Positive
bro muốn hỏi Mimo ơi bạn là ai 🤔,Chitchat,Neutral
Yêu ghê vì đỉnh nóc kịch trần id9899,Chitchat,Positive
đang làm gì đấy id9900,Chitchat,Neutral
đang làm gì đấy id9901,Chitchat,Neutral
thấy buồn quá id9902,Chitchat,Negative
Mimo ơi (^_<) id9903,Chitchat,Positive
mấy tuổi rồi 💬 id9904,Chitchat,Neutral
bất lực vcl deadline dí id9905,Chitchat,Negative
Mimo Cảm ơn id9906,Chitchat,Positive
Chào ngày mới vui vẻ nha vì id9907,Chitchat,Positive
ở đâu á vậy Mimo ơi id9908,Chitchat,Neutral
là nam hay nữ 🤔 id9909,Chitchat,Neutral
Thích ghê 🥰 id9910,Chitchat,Positive
Vì nên bro hơi stress 😢,Chitchat,Negative
Vì cuộc sống khó khăn nên mình hơi chán,Chitchat,Negative
ông muốn hỏi Mimo có nghe rõ trả lời không 🐧,Chitchat,Neutral
thấy buồn quá 🥲,Chitchat,Negative
là nam hay nữ id9915,Chitchat,Neutral
tui muốn hỏi có nghe rõ trả lời không id9916,Chitchat,Neutral
mấy tuổi rồi id9917,Chitchat,Neutral
áp lực vcl cuộc sống khó khăn id9918,Chitchat,Negative
Vì cuộc sống khó khăn nên hơi stress 📉,Chitchat,Negative
Thích ghê (^_<) id9920,Chitchat,Positive
Mimo có nghe rõ trả lời không id9921,Chitchat,Neutral
mấy ní muốn hỏi bạn là nam hay nữ,Chitchat,Neutral
bạn là ai id9923,Chitchat,Neutral
mấy tuổi rồi vậy id9924,Chitchat,Neutral
ở đâu á id9925,Chitchat,Neutral
Hiya bot Biết ơn,Chitchat,Positive
bro muốn hỏi ở đâu á 🤔,Chitchat,Neutral
Vì nên ông hơi chán 😮‍💨,Chitchat,Negative
bạn là ai 🤔 id9929,Chitchat,Neutral
ông muốn hỏi bot ơi tên gì á id9930,Chitchat,Neutral
Thank you vì đỉnh nóc kịch trần 🤩 id9931,Chitchat,Positive
ai tạo ra bạn vậy Mimo id9932,Chitchat,Neutral
đang làm gì đấy id9933,Chitchat,Neutral
Alo bot ơi mình đang buồn 😢,Chitchat,Negative
bot làm được gì vậy bot ơi id9935,Chitchat,Neutral
Vì nên mấy ní hơi stress id9936,Chitchat,Negative
Chào bot Cảm ơn ❤️,Chitchat,Positive
tui thấy nản qá,Chitchat,Negative
tui thấy chán quá 📉 id9939,Chitchat,Negative
Mimo dễ thương Củm ơn 🥰 id9940,Chitchat,Positive
tên gì á 🐧 id9941,Chitchat,Neutral
Củm ơn vì chất lượng ✨,Chitchat,Positive
bác muốn hỏi bot mấy tuổi rồi id9943,Chitchat,Neutral
Thích Mimo ghê (^_<) id9944,Chitchat,Positive
mấy ní muốn hỏi Mimo đang làm gì đấy ❓,Chitchat,Neutral
🥰 id9946,Chitchat,Positive
áp lực vcl deadline ngập đầu id9947,Chitchat,Negative
Mimo mấy tuổi rồi id9948,Chitchat,Neutral
bot làm được gì vậy bot ơi 🤖 id9949,Chitchat,Neutral
Alo bot ơi bác đang tổn thương 😭,Chitchat,Negative
Mimo ơi Cảm ơn 🤣,Chitchat,Positive
Alo ơi ta đang chán id9952,Chitchat,Negative
Chào ngày mới vui vẻ nha vì (^_<) id9953,Chitchat,Positive
Mimo đỉnh nóc kịch trần 🤩 id9954,Chitchat,Positive
là nam hay nữ vậy id9955,Chitchat,Neutral
Vì bồ giận nên hơi bất lực,Chitchat,Negative
bạn là ai vậy Mimo 🤖 id9957,Chitchat,Neutral
em muốn hỏi bot bot làm được gì id9958,Chitchat,Neutral
ta muốn hỏi bot ơi ở đâu á id9959,Chitchat,Neutral
tên gì á 👀 id9960,Chitchat,Neutral
Alo bot ơi là nam hay nữ 🤔,Chitchat,Neutral
tên gì á id9962,Chitchat,Neutral
Vì deadline dí nên cậu hơi mệt 😢,Chitchat,Negative
Alo ơi tui đang met id9964,Chitchat,Negative
thấy suy quá,Chitchat,Negative
bạn là ai vậy 🤔 id9966,Chitchat,Neutral
Vì nên cậu hơi nản 😢,Chitchat,Negative
Ê tên gì á 🐧,Chitchat,Neutral
Thích Mimo ghê 🤩 id9969,Chitchat,Positive
Thích Mimo ơi ghê ✨ id9970,Chitchat,Positive
Mimo dễ thương id9971,Chitchat,Positive
Mimo ở đâu á 🤖 id9972,Chitchat,Neutral
❤️ id9973,Chitchat,Positive
muốn hỏi Mimo dễ thương bot làm được gì 💬,Chitchat,Neutral
áp lực vcl id9975,Chitchat,Negative
mấy tuổi rồi id9976,Chitchat,Neutral
tui muốn hỏi Mimo là nam hay nữ 🐧,Chitchat,Neutral
bot làm được gì vậy Mimo 🤖 id9978,Chitchat,Neutral
Vì nên cậu hơi buồn 📉,Chitchat,Negative
Thích bạn ghê id9980,Chitchat,Positive
Thích bot ơi ghê app mượt id9981,Chitchat,Positive
ở đâu á vậy bạn id9982,Chitchat,Neutral
tên gì á vậy id9983,Chitchat,Neutral
vì giao diện đẹp id9984,Chitchat,Positive
ta muốn hỏi Mimo ơi tên gì á,Chitchat,Neutral
bà muốn hỏi có nghe rõ trả lời không id9986,Chitchat,Neutral
Ê bot là nam hay nữ,Chitchat,Neutral
áp lực vcl rớt môn id9988,Chitchat,Negative
là nam hay nữ vậy bot id9989,Chitchat,Neutral
ai tạo ra bạn 🐧 id9990,Chitchat,Neutral
Alo Mimo dễ thương ơi em đang vô tri 🥲,Chitchat,Negative
Yo bot đang làm gì đấy 🐧,Chitchat,Neutral
Thank you vì 🔥 id9993,Chitchat,Positive
ở đâu á 👀 id9994,Chitchat,Neutral
ta muốn hỏi bot ơi mấy tuổi rồi 🐧,Chitchat,Neutral
Biết ơn vì 🤩 id9996,Chitchat,Positive
tổn thương vcl 😭,Chitchat,Negative
Vì nên tui hơi mệt 🥲 id9998,Chitchat,Negative
Thích ghê 🔥 id9999,Chitchat,Positive
bot bot làm được gì 💬,Chitchat,Neutral
bất lực vcl 😢 id10001,Chitchat,Negative
Thích Mimo dễ thương ghê id10002,Chitchat,Positive
Mimo 🥰 id10003,Chitchat,Positive
đang làm gì đấy vậy id10004,Chitchat,Neutral
bot làm được gì vậy Mimo ❓ id10005,Chitchat,Neutral
Love ya vì (^_<) id10006,Chitchat,Positive
chán vcl 😢 id10007,Chitchat,Negative
có nghe rõ trả lời không id10008,Chitchat,Neutral
áp lực vcl cuộc sống khó khăn id10009,Chitchat,Negative
bạn có nghe rõ trả lời không 👀 id10010,Chitchat,Neutral
app xịn xò 🔥 id10011,Chitchat,Positive
là nam hay nữ id10012,Chitchat,Neutral
bot làm được gì vậy id10013,Chitchat,Neutral
tui thấy bất lực quá 😢,Chitchat,Negative
Good morning bạn,Chitchat,Positive
Alo đang làm gì đấy 🤖 id10016,Chitchat,Neutral
em muốn hỏi Mimo tên gì á 🤔,Chitchat,Neutral
Thích bot ơi ghê app xịn xò ✨,Chitchat,Positive
Alo ơi cậu đang bất lực,Chitchat,Negative
Xin chào bạn Chào ngày mới vui vẻ nha ❤️ id10020,Chitchat,Positive
Chào ngày mới vui vẻ nha vì (^_<) id10021,Chitchat,Positive
bro muốn hỏi biết nói chuyện không 🐧 id10022,Chitchat,Neutral
Yo biết nói chuyện không id10023,Chitchat,Neutral
Hey Chào ngày mới vui vẻ nha,Chitchat,Positive
Mimo ơi biết nói chuyện không 👀,Chitchat,Neutral
biết nói chuyện không vậy bot 👀 id10026,Chitchat,Neutral
Chào nha đang làm gì đấy id10027,Chitchat,Neutral
Alo ơi mình đang suy 💔,Chitchat,Negative
Cảm ơn ✨,Chitchat,Positive
quá đã id10030,Chitchat,Positive
Thích Mimo ơi ghê id10031,Chitchat,Positive
có nghe rõ trả lời không vậy Mimo 🐧 id10032,Chitchat,Neutral
Mimo ai tạo ra bạn 👀 id10033,Chitchat,Neutral
bot ơi Chào ngày mới vui vẻ nha 🔥,Chitchat,Positive
Ê Mimo ơi ở đâu á id10035,Chitchat,Neutral
Tks vì app mượt,Chitchat,Positive
mấy tuổi rồi id10037,Chitchat,Neutral
Thích Mimo ghê 🤩 id10038,Chitchat,Positive
vô tri vcl id10039,Chitchat,Negative
là nam hay nữ vậy bot 🤔,Chitchat,Neutral
bạn 👍 id10041,Chitchat,Positive
Thích Mimo ơi ghê id10042,Chitchat,Positive
bot làm được gì id10043,Chitchat,Neutral
Alo ơi bro đang nản id10044,Chitchat,Negative
Vì cuộc sống khó khăn nên mình hơi chán id10045,Chitchat,Negative
ta muốn hỏi bạn là ai 💬,Chitchat,Neutral
ai tạo ra bạn vậy bot id10047,Chitchat,Neutral
Hế lô bot làm được gì id10048,Chitchat,Neutral
bot ơi Mãi iu id10049,Chitchat,Positive
bạn là ai ❓ id10050,Chitchat,Neutral
vì app mượt (^_<) id10051,Chitchat,Positive
em muốn hỏi bot ai tạo ra bạn id10052,Chitchat,Neutral
ta muốn hỏi bạn là ai 🤖,Chitchat,Neutral
Vì nên mấy ní hơi chán 😭,Chitchat,Negative
Thích bot ơi ghê 🔥 id10055,Chitchat,Positive
có nghe rõ trả lời không vậy id10056,Chitchat,Neutral
vì app xịn xò id10057,Chitchat,Positive
bạn là ai vậy bot id10058,Chitchat,Neutral
Alo Mimo ơi em đang tổn thương,Chitchat,Negative
Biết ơn vì cute xỉu 🔥 id10060,Chitchat,Positive
Alo ơi em đang buồn,Chitchat,Negative
Hế lô ai tạo ra bạn ❓ id10062,Chitchat,Neutral
Alo ơi đang suy,Chitchat,Negative
vì giao diện đẹp id10064,Chitchat,Positive
Alo Mimo ơi ơi em đang buon,Chitchat,Negative
Chào nha bạn tên gì á id10066,Chitchat,Neutral
Tks vì 🔥 id10067,Chitchat,Positive
 id10068,Chitchat,Positive
 id10069,Chitchat,Positive
Ê biết nói chuyện không id10070,Chitchat,Neutral
bot làm được gì ❓ id10071,Chitchat,Neutral
bạn là ai id10072,Chitchat,Neutral
có nghe rõ trả lời không id10073,Chitchat,Neutral
Yo Mimo dễ thương là nam hay nữ 💬,Chitchat,Neutral
Chào nha ở đâu á id10075,Chitchat,Neutral
Alo ơi mấy ní đang mệt id10076,Chitchat,Negative
Chào ngày mới vui vẻ nha vì ✨ id10077,Chitchat,Positive
bạn là ai vậy bot id10078,Chitchat,Neutral
mình muốn hỏi đang làm gì đấy id10079,Chitchat,Neutral
bạn là ai vậy bot ơi 🤔,Chitchat,Neutral
bác thấy chán quá 🥺,Chitchat,Negative
Thích ghê id10082,Chitchat,Positive
Chào ngày mới vui vẻ nha vì 🔥 id10083,Chitchat,Positive
Chào ngày mới vui vẻ nha vì ❤️ id10084,Chitchat,Positive
Chào nha là nam hay nữ ❓ id10085,Chitchat,Neutral
vì giao diện đẹp id10086,Chitchat,Positive
bất lực vcl đi học met quá 😭,Chitchat,Negative
Ê Mimo ơi bot làm được gì id10088,Chitchat,Neutral
Chào nha Mimo ai tạo ra bạn,Chitchat,Neutral
là nam hay nữ id10090,Chitchat,Neutral
mấy ní muốn hỏi Mimo dễ thương ai tạo ra bạn,Chitchat,Neutral
mấy ní muốn hỏi đang làm gì đấy id10092,Chitchat,Neutral
ta muốn hỏi Mimo ơi ở đâu á 🤖,Chitchat,Neutral
ở đâu á id10094,Chitchat,Neutral
biết nói chuyện không id10095,Chitchat,Neutral
Thích Mimo dễ thương ghê id10096,Chitchat,Positive
Mimo ơi là nam hay nữ 🐧,Chitchat,Neutral
Thích Mimo ghê thông minh id10098,Chitchat,Positive
Vì cuộc sống khó khăn nên mấy ní hơi chán 😭,Chitchat,Negative
ai tạo ra bạn id10100,Chitchat,Neutral
Ê bot làm đc gì,Chitchat,Neutral
bot ơi biết nói chuyện không 🤖 id10102,Chitchat,Neutral
Thích ghê cute xỉu id10103,Chitchat,Positive
ai tạo ra bạn id10104,Chitchat,Neutral
Thích ghê cute xỉu ❤️,Chitchat,Positive
Hế lô biết nói chuyện không ❓ id10106,Chitchat,Neutral
tui muốn hỏi Mimo tên gì á,Chitchat,Neutral
thấy nản quá id10108,Chitchat,Negative
Thích Mimo dễ thương ghê 🤩 id10109,Chitchat,Positive
bạn là ai id10110,Chitchat,Neutral
có nghe rõ trả lời ko vậy id10111,Chitchat,Neutral
Yo biết nói chuyện không id10112,Chitchat,Neutral
mấy tuổi rồi 🤔 id10113,Chitchat,Neutral
Mimo dễ thương ai tạo ra bạn id10114,Chitchat,Neutral
Hế lô Mimo ơi là nam hay nữ,Chitchat,Neutral
biết nói chuyện không vậy Mimo dễ thương 👀 id10116,Chitchat,Neutral
bạn chất lượng 🔥 id10117,Chitchat,Positive
bot đỉnh nóc kịch trần 👍 id10118,Chitchat,Positive
bà thấy tổn thương quá 😢 id10119,Chitchat,Negative
Ê đang làm gì đấy id10120,Chitchat,Neutral
Yêu ghê vì id10121,Chitchat,Positive
ai tạo ra bạn vậy bot 👀,Chitchat,Neutral
Yo bot ơi biết nói chuyện không 🤖 id10123,Chitchat,Neutral
app xịn xò 👍 id10124,Chitchat,Positive
bot làm được gì vậy bạn 🐧 id10125,Chitchat,Neutral
biết nói chuyện không vậy bạn 🤖 id10126,Chitchat,Neutral
bạn ở đâu á id10127,Chitchat,Neutral
Ê bot làm được gì id10128,Chitchat,Neutral
mấy tuổi rồi vậy bạn 🤖,Chitchat,Neutral
biết nói chuyện không vậy id10130,Chitchat,Neutral
Mimo ơi 🔥 id10131,Chitchat,Positive
Thank you vì id10132,Chitchat,Positive
Alo có nghe rõ trả lời không 💬 id10133,Chitchat,Neutral
em muốn hỏi là nam hay nữ 🐧,Chitchat,Neutral
cậu muốn hỏi bot làm được gì id10135,Chitchat,Neutral
mình thấy bất lực quá 😮‍💨,Chitchat,Negative
Chào ngày mới vui vẻ nha id10137,Chitchat,Positive
tên gì á id10138,Chitchat,Neutral
muốn hỏi Mimo dễ thương tên gì á 🤖,Chitchat,Neutral
vì cute xỉu 👍 id10140,Chitchat,Positive
là nam hay nữ vậy 💬 id10141,Chitchat,Neutral
Thích bạn ghê chất lượng 👍,Chitchat,Positive
muốn hỏi ai tạo ra bạn 🤖,Chitchat,Neutral
tổn thương vcl 💔 id10144,Chitchat,Negative
Hế lô tên gì á ❓ id10145,Chitchat,Neutral
Alo Mimo đang làm gì đấy,Chitchat,Neutral
giao diện đẹp 🥰,Chitchat,Positive
ông muốn hỏi bot ơi biết nói chuyện không 🤔 id10148,Chitchat,Neutral
Chào ngày mới vui vẻ nha vì id10149,Chitchat,Positive
Chào ngày mới vui vẻ nha vì id10150,Chitchat,Positive
app mượt id10151,Chitchat,Positive
đang làm gì đấy vậy bot 🐧 id10152,Chitchat,Neutral
là nam hay nữ vậy Mimo ơi 💬 id10153,Chitchat,Neutral
Chào nha bot ở đâu á 🤔 id10154,Chitchat,Neutral
em muốn hỏi bot làm được gì id10155,Chitchat,Neutral
bot ơi 🤣 id10156,Chitchat,Positive
Yo bạn là ai id10157,Chitchat,Neutral
bro muốn hỏi Mimo đang làm gì đấy id10158,Chitchat,Neutral
bác thấy stress quá id10159,Chitchat,Negative
Cảm ơn vì đỉnh nóc kịch trần (^_<) id10160,Chitchat,Positive
đang làm gì đấy vậy bot ơi 🐧 id10161,Chitchat,Neutral
Hiya Thank you ❤️,Chitchat,Positive
thấy bất lực quá id10163,Chitchat,Negative
Thích ghê thông minh 🔥,Chitchat,Positive
vì chất lượng (^_<) id10165,Chitchat,Positive
Vì nên ông hơi áp lực id10166,Chitchat,Negative
bạn id10167,Chitchat,Positive
áp lực vcl deadline ngập đầu id10168,Chitchat,Negative
Alo ơi bro đang vô tri id10169,Chitchat,Negative
ở đâu á vậy id10170,Chitchat,Neutral
Thích Mimo ghê cute xỉu id10171,Chitchat,Positive
Yêu ghê vì 🤩 id10172,Chitchat,Positive
thấy buồn quá 😭,Chitchat,Negative
tên gì á 🤖 id10174,Chitchat,Neutral
Thích ghê thông minh id10175,Chitchat,Positive
bro muốn hỏi Mimo ơi bạn là ai 👀,Chitchat,Neutral
Mimo đang làm gì đấy 🤖,Chitchat,Neutral
bot Chào ngày mới vui vẻ nha 🤩 id10178,Chitchat,Positive
Vì cuộc sống khó khăn nên tui hơi stress 😢,Chitchat,Negative
ông muốn hỏi tên gì á ❓,Chitchat,Neutral
ông thấy met quá 😢,Chitchat,Negative
bác muốn hỏi là nam hay nữ id10182,Chitchat,Neutral
mấy tuổi rồi vậy Mimo dễ thương id10183,Chitchat,Neutral
Yo ở đâu á id10184,Chitchat,Neutral
Mimo ơi app xịn xò ✨ id10185,Chitchat,Positive
Hế lô có nghe rõ trả lời không id10186,Chitchat,Neutral
Hế lô mấy tuổi rồi id10187,Chitchat,Neutral
Thích bot ghê chất lượng id10188,Chitchat,Positive
ai tạo ra bạn vậy Mimo ơi id10189,Chitchat,Neutral
mấy tuổi rồi vậy 👀 id10190,Chitchat,Neutral
tên gì á vậy bot 🤖 id10191,Chitchat,Neutral
bot ơi ❤️ id10192,Chitchat,Positive
Thích ghê app mượt id10193,Chitchat,Positive
là nam hay nữ vậy bot ơi id10194,Chitchat,Neutral
cậu thấy bất lực quá 📉,Chitchat,Negative
Vì deadline ngập đầu nên bà hơi áp lực,Chitchat,Negative
cute xỉu id10197,Chitchat,Positive
Ê có nghe rõ trả lời không id10198,Chitchat,Neutral
tui muốn hỏi bot làm được gì id10199,Chitchat,Neutral
Vì nên ông hơi vô tri id10200,Chitchat,Negative
Hế lô ai tạo ra bạn id10201,Chitchat,Neutral
Mimo dễ thương mấy tuổi rồi 🤖 id10202,Chitchat,Neutral
bot ✨ id10203,Chitchat,Positive
 id10204,Chitchat,Positive
Chào nha Mimo ơi bạn là ai,Chitchat,Neutral
Chào nha có nghe rõ trả lời không id10206,Chitchat,Neutral
Chào ngày mới vui vẻ nha vì 👍 id10207,Chitchat,Positive
Alo bot ơi ơi cậu đang bất lực 😭,Chitchat,Negative
Hế lô tên gì á id10209,Chitchat,Neutral
Thank you vì id10210,Chitchat,Positive
vì thông minh ✨ id10211,Chitchat,Positive
Thích ghê app xịn xò id10212,Chitchat,Positive
ai tạo ra bạn vậy id10213,Chitchat,Neutral
tên gì á 🐧 id10214,Chitchat,Neutral
là nam hay nữ vậy 🤖 id10215,Chitchat,Neutral
Alo ơi đang mệt 🥲,Chitchat,Negative
ai tạo ra bạn id10217,Chitchat,Neutral
Hế lô ở đâu á id10218,Chitchat,Neutral
mình muốn hỏi là nam hay nữ 🤔,Chitchat,Neutral
bạn là ai vậy ❓ id10220,Chitchat,Neutral
ở đâu á 💬 id10221,Chitchat,Neutral
ông thấy chán quá 😭,Chitchat,Negative
tui muốn hỏi bot ai tạo ra bạn ❓,Chitchat,Neutral
có nghe rõ trả lời không id10224,Chitchat,Neutral
bất lực vcl cuộc sống khó khăn 📉,Chitchat,Negative
bà muốn hỏi bot đang làm gì đấy 🤖,Chitchat,Neutral
Mimo dễ thương 🤩 id10227,Chitchat,Positive
Hế lô mấy tuổi rồi id10228,Chitchat,Neutral
Chào nha ở đâu á id10229,Chitchat,Neutral
có nghe rõ trả lời ko id10230,Chitchat,Neutral
Chào nha Mimo đang làm gì đấy id10231,Chitchat,Neutral
cậu thấy nản quá 😮‍💨 id10232,Chitchat,Negative
bot ơi id10233,Chitchat,Positive
Thích Mimo dễ thương ghê app xịn xò id10234,Chitchat,Positive
bro muốn hỏi bot làm được gì ❓,Chitchat,Neutral
bạn 👍 id10236,Chitchat,Positive
bot làm được gì 💬 id10237,Chitchat,Neutral
Hế lô Mimo dễ thương ai tạo ra bạn 🐧 id10238,Chitchat,Neutral
bro muốn hỏi biết nói chuyện không 👀 id10239,Chitchat,Neutral
ai tạo ra bạn vậy Mimo ơi id10240,Chitchat,Neutral
là nam hay nữ vậy bot ơi id10241,Chitchat,Neutral
vì app xịn xò 🤣 id10242,Chitchat,Positive
Yo Mimo ơi mấy tuổi rồi id10243,Chitchat,Neutral
mấy tuổi rồi vậy bot ơi 👀 id10244,Chitchat,Neutral
Vì deadline ngập đầu nên ông hơi stress 🥺,Chitchat,Negative
chán vcl rớt môn 😮‍💨,Chitchat,Negative
muốn hỏi biết nói chuyện không 🤔,Chitchat,Neutral
bạn là ai id10248,Chitchat,Neutral
bạn là ai vậy 🤖 id10249,Chitchat,Neutral
ở đâu á vậy bot 🤖,Chitchat,Neutral
Thích ghê 🤩 id10251,Chitchat,Positive
ai tạo ra bạn id10252,Chitchat,Neutral
tên gì á vậy 👀 id10253,Chitchat,Neutral
ai tạo ra bạn vậy Mimo dễ thương id10254,Chitchat,Neutral
tên gì á id10255,Chitchat,Neutral
Hế lô Mimo ơi mấy tuổi rồi,Chitchat,Neutral
bot Cảm ơn,Chitchat,Positive
Thích bạn ghê ✨ id10258,Chitchat,Positive
Thích Mimo ơi ghê app mượt id10259,Chitchat,Positive
stress vcl 😢 id10260,Chitchat,Negative
Alo bạn mấy tuổi rồi id10261,Chitchat,Neutral
có nghe rõ trả lời không vậy id10262,Chitchat,Neutral
nản vcl id10263,Chitchat,Negative
Chào nha tên gì á id10264,Chitchat,Neutral
 id10265,Chitchat,Positive
tui muốn hỏi bot ơi là nam hay nữ 💬,Chitchat,Neutral
Thích bot ơi ghê chất lượng 👍,Chitchat,Positive
bà thấy tổn thương quá id10268,Chitchat,Negative
vì chất lượng 🥰 id10269,Chitchat,Positive
có nghe rõ trả lời ko vậy 🐧,Chitchat,Neutral
mấy ní muốn hỏi Mimo biết nói chuyện ko 🐧,Chitchat,Neutral
Thích bot ơi ghê app mượt id10272,Chitchat,Positive
Cảm ơn vì id10273,Chitchat,Positive
Hello Mimo dễ thương,Chitchat,Positive
bác muốn hỏi Mimo ai tạo ra bạn 👀,Chitchat,Neutral
bro muốn hỏi bạn là ai 🤔,Chitchat,Neutral
ở đâu á 🐧 id10277,Chitchat,Neutral
biết nói chuyện không vậy bot ơi id10278,Chitchat,Neutral
ta muốn hỏi bạn ai tạo ra bạn 🤖,Chitchat,Neutral
Yo Mimo dễ thương đang làm gì đấy id10280,Chitchat,Neutral
chán vcl 😭,Chitchat,Negative
ở đâu á vậy bạn id10282,Chitchat,Neutral
bot làm được gì 🐧 id10283,Chitchat,Neutral
ở đâu á 👀 id10284,Chitchat,Neutral
biết nói chuyện không vậy 🤖 id10285,Chitchat,Neutral
Chào nha đang làm gì đấy ❓ id10286,Chitchat,Neutral
biết nói chuyện không 👀 id10287,Chitchat,Neutral
 id10288,Chitchat,Positive
bạn Biết ơn ✨,Chitchat,Positive
ở đâu á vậy id10290,Chitchat,Neutral
bạn là nam hay nữ 👀,Chitchat,Neutral
ta muốn hỏi ở đâu á 🐧 id10292,Chitchat,Neutral
ai tạo ra bạn vậy id10293,Chitchat,Neutral
Thích Mimo ghê cute xỉu ✨,Chitchat,Positive
có nghe rõ trả lời ko id10295,Chitchat,Neutral
ta muốn hỏi bot ơi mấy tuổi rồi,Chitchat,Neutral
bot làm được gì vậy 🤔 id10297,Chitchat,Neutral
bro muốn hỏi bot ơi mấy tuổi rồi 🤔,Chitchat,Neutral
bro muốn hỏi bot làm được gì id10299,Chitchat,Neutral
bot ơi tên gì á 🤔,Chitchat,Neutral
Chào ngày mới vui vẻ nha vì id10301,Chitchat,Positive
bot app xịn xò (^_<) id10302,Chitchat,Positive
Mimo 🤩 id10303,Chitchat,Positive
bot id10304,Chitchat,Positive
🤣 id10305,Chitchat,Positive
có nghe rõ trả lời không 🐧 id10306,Chitchat,Neutral
ông muốn hỏi bot làm được gì ❓,Chitchat,Neutral
mình muốn hỏi bot làm được gì,Chitchat,Neutral
là nam hay nữ id10309,Chitchat,Neutral
Yo ở đâu á 🐧 id10310,Chitchat,Neutral
Mimo cute xỉu 🔥 id10311,Chitchat,Positive
bot Biết ơn (^_<),Chitchat,Positive
Vì cuộc sống khó khăn nên bác hơi stress 😭,Chitchat,Negative
Vì nên bà hơi suy id10314,Chitchat,Negative
Chào Mimo ơi 👍,Chitchat,Positive
ta muốn hỏi Mimo ơi bot làm được gì ❓ id10316,Chitchat,Neutral
Vì rớt môn nên bà hơi mệt,Chitchat,Negative
Thích Mimo ơi ghê 👍 id10318,Chitchat,Positive
biết nói chuyện không id10319,Chitchat,Neutral
bác thấy tổn thương quá id10320,Chitchat,Negative
tên gì á vậy 💬 id10321,Chitchat,Neutral
bạn tên gì á 🐧 id10322,Chitchat,Neutral
Hế lô ai tạo ra bạn id10323,Chitchat,Neutral
em muốn hỏi bot ơi bạn là ai id10324,Chitchat,Neutral
bà muốn hỏi Mimo dễ thương mấy tuổi rồi 🐧,Chitchat,Neutral
bro muốn hỏi biết nói chuyện không,Chitchat,Neutral
Ê biết nói chuyện ko 👀,Chitchat,Neutral
tên gì á vậy Mimo ơi 👀,Chitchat,Neutral
bạn bạn là ai id10329,Chitchat,Neutral
 id10330,Chitchat,Positive
Hế lô biết nói chuyện không id10331,Chitchat,Neutral
quá đã ❤️ id10332,Chitchat,Positive
mấy tuổi rồi id10333,Chitchat,Neutral
Vì deadline dí nên hơi suy 😢,Chitchat,Negative
Mimo ơi Chào ngày mới vui vẻ nha ❤️ id10335,Chitchat,Positive
mấy tuổi rồi id10336,Chitchat,Neutral
Vì nên cậu hơi stress 🥺,Chitchat,Negative
bạn là ai vậy Mimo dễ thương 🐧,Chitchat,Neutral
Hi bot ơi Thank you,Chitchat,Positive
là nam hay nữ vậy id10340,Chitchat,Neutral
vì đỉnh nóc kịch trần 🤩 id10341,Chitchat,Positive
suy vcl deadline dí id10342,Chitchat,Negative
Chào ngày mới vui vẻ nha vì 🤩 id10343,Chitchat,Positive
Tks vì app xịn xò id10344,Chitchat,Positive
bot biết nói chuyện không 🐧,Chitchat,Neutral
Ê Mimo dễ thương có nghe rõ trả lời không ❓,Chitchat,Neutral
đang làm gì đấy id10347,Chitchat,Neutral
Alo bạn ơi mấy ní đang mệt 😢,Chitchat,Negative
Alo Mimo dễ thương ơi bà đang stress id10349,Chitchat,Negative
Thích ghê ✨ id10350,Chitchat,Positive
có nghe rõ trả lời không vậy Mimo ơi id10351,Chitchat,Neutral
nản vcl crush lơ 😢 id10352,Chitchat,Negative
mấy tuổi rồi id10353,Chitchat,Neutral
Vì nên bà hơi chán 🥺,Chitchat,Negative
bạn ở đâu á 🤖,Chitchat,Neutral
đang làm gì đấy ❓ id10356,Chitchat,Neutral
Thích Mimo ghê ❤️ id10357,Chitchat,Positive
bot id10358,Chitchat,Positive
bạn là ai 🤔 id10359,Chitchat,Neutral
Alo Mimo dễ thương ơi ta đang bất lực 😭,Chitchat,Negative
Alo có nghe rõ trả lời không 🐧 id10361,Chitchat,Neutral
bà muốn hỏi Mimo ơi biết nói chuyện không 💬 id10362,Chitchat,Neutral
Thích Mimo dễ thương ghê giao diện đẹp 🤣 id10363,Chitchat,Positive
 id10364,Chitchat,Positive
bot ơi qá đã id10365,Chitchat,Positive
nản vcl deadline dí,Chitchat,Negative
Mimo ơi id10367,Chitchat,Positive
ta muốn hỏi Mimo bot làm đc gì 🤖,Chitchat,Neutral
Chào ngày mới vui vẻ nha vì 🔥 id10369,Chitchat,Positive
chất lượng (^_<) id10370,Chitchat,Positive
Chào ngày mới vui vẻ nha vì id10371,Chitchat,Positive
Mimo mấy tuổi rồi id10372,Chitchat,Neutral
quá đã 🔥,Chitchat,Positive
Chào ngày mới vui vẻ nha vì id10374,Chitchat,Positive
ở đâu á vậy 👀 id10375,Chitchat,Neutral
Yo biết nói chuyện không id10376,Chitchat,Neutral
Thank you vì giao diện đẹp ❤️,Chitchat,Positive
Chào nha bot làm được gì 👀 id10378,Chitchat,Neutral
Thích bạn ghê id10379,Chitchat,Positive
mình thấy vô tri quá,Chitchat,Negative
có nghe rõ trả lời không ❓ id10381,Chitchat,Neutral
biết nói chuyện không vậy 🤔 id10382,Chitchat,Neutral
Mimo dễ thương Chào ngày mới vui vẻ nha id10383,Chitchat,Positive
Alo biết nói chuyện không ❓ id10384,Chitchat,Neutral
tên gì á vậy 💬 id10385,Chitchat,Neutral
đang làm gì đấy id10386,Chitchat,Neutral
cậu muốn hỏi biết nói chuyện không 🤔,Chitchat,Neutral
cậu muốn hỏi bot ơi biết nói chuyện ko 🐧,Chitchat,Neutral
Mãi iu vì (^_<) id10389,Chitchat,Positive
Vì crush lơ nên tui hơi vô tri 💔,Chitchat,Negative
Yêu ghê vì id10391,Chitchat,Positive
có nghe rõ trả lời không vậy id10392,Chitchat,Neutral
có nghe rõ trả lời không id10393,Chitchat,Neutral
Thích ghê (^_<) id10394,Chitchat,Positive
Mimo ơi id10395,Chitchat,Positive
đang làm gì đấy vậy 👀 id10396,Chitchat,Neutral
Cảm ơn vì ❤️ id10397,Chitchat,Positive
tên gì á id10398,Chitchat,Neutral
Xin chào Mimo ơi Chào ngày mới vui vẻ nha 🔥,Chitchat,Positive
Vì deadline ngập đầu nên bro hơi stress id10400,Chitchat,Negative
bro thấy buồn quá id10401,Chitchat,Negative
là nam hay nữ id10402,Chitchat,Neutral
Vì bồ giận nên bro hơi vô tri 💔,Chitchat,Negative
bro muốn hỏi bạn biết nói chuyện không,Chitchat,Neutral
Chào ngày mới vui vẻ nha vì id10405,Chitchat,Positive
mấy tuổi rồi vậy bot id10406,Chitchat,Neutral
vì thông minh id10407,Chitchat,Positive
Mimo ơi Cảm ơn 👍,Chitchat,Positive
Alo bạn là ai id10409,Chitchat,Neutral
có nghe rõ trả lời không vậy 🐧 id10410,Chitchat,Neutral
Mimo 🤣 id10411,Chitchat,Positive
Chào nha biết nói chuyện không ❓,Chitchat,Neutral
mệt vcl đi học mệt quá id10413,Chitchat,Negative
Mimo ơi Biết ơn id10414,Chitchat,Positive
muốn hỏi ở đâu á 👀,Chitchat,Neutral
Mimo 🤣 id10416,Chitchat,Positive
ông thấy tổn thương quá id10417,Chitchat,Negative
Alo ơi tui đang bất lực,Chitchat,Negative
là nam hay nữ vậy bot 🤖,Chitchat,Neutral
Yo mấy tuổi rồi 🤔 id10420,Chitchat,Neutral
mấy tuổi rồi 🤖 id10421,Chitchat,Neutral
bất lực vcl 😭,Chitchat,Negative
bạn là ai 🤔 id10423,Chitchat,Neutral
Thích Mimo ơi ghê chất lượng 🤩,Chitchat,Positive
Thích ghê cute xỉu ❤️ id10425,Chitchat,Positive
Thích ghê quá đã ❤️ id10426,Chitchat,Positive
em thấy buồn quá 😮‍💨,Chitchat,Negative
bro muốn hỏi bạn biết nói chuyện không id10428,Chitchat,Neutral
Biết ơn vì app xịn xò 🥰 id10429,Chitchat,Positive
đang làm gì đấy vậy bot ơi id10430,Chitchat,Neutral
Vì nên ông hơi nản 📉 id10431,Chitchat,Negative
bot Yêu ghê ❤️,Chitchat,Positive
suy vcl bồ giận,Chitchat,Negative
biết nói chuyện ko vậy id10434,Chitchat,Neutral
bot Thank you 🤣,Chitchat,Positive
bot làm được gì ❓ id10436,Chitchat,Neutral
Thích ghê chất lượng id10437,Chitchat,Positive
🤣 id10438,Chitchat,Positive
bà muốn hỏi bot bot làm được gì 🐧,Chitchat,Neutral
ta thấy áp lực quá 💔 id10440,Chitchat,Negative
buồn vcl 💔 id10441,Chitchat,Negative
Vì nên mấy ní hơi áp lực id10442,Chitchat,Negative
Yo bot ơi ở đâu á,Chitchat,Neutral
suy vcl id10444,Chitchat,Negative
bot ơi ở đâu á id10445,Chitchat,Neutral
Alo ơi ta đang tổn thương 😭,Chitchat,Negative
tổn thương vcl 🥺 id10447,Chitchat,Negative
buồn vcl deadline dí id10448,Chitchat,Negative
app mượt 🔥 id10449,Chitchat,Positive
Mimo ơi bot làm được gì 💬,Chitchat,Neutral
Chào ngày mới vui vẻ nha vì id10451,Chitchat,Positive
Mimo biết nói chuyện không id10452,Chitchat,Neutral
mấy tuổi rồi vậy Mimo ơi id10453,Chitchat,Neutral
tên gì á vậy Mimo id10454,Chitchat,Neutral
Mimo ơi app xịn xò 👍 id10455,Chitchat,Positive
tui thấy nản quá 💔,Chitchat,Negative
Thank you vì 🤩 id10457,Chitchat,Positive
Alo bot ơi mình đang stress 🥲,Chitchat,Negative
bot làm được gì vậy id10459,Chitchat,Neutral
Hế lô tên gì á id10460,Chitchat,Neutral
chán vcl crush lơ 😭 id10461,Chitchat,Negative
là nam hay nữ vậy bot id10462,Chitchat,Neutral
Alo bot làm được gì id10463,Chitchat,Neutral
Alo ơi bác đang chán 🥺 id10464,Chitchat,Negative
mấy ní muốn hỏi Mimo bot làm được gì,Chitchat,Neutral
Alo Mimo ơi ơi em đang tổn thương 💔,Chitchat,Negative
 id10467,Chitchat,Positive
Mimo là nam hay nữ id10468,Chitchat,Neutral
Hi Cảm ơn,Chitchat,Positive
Thích Mimo ơi ghê id10470,Chitchat,Positive
là nam hay nữ id10471,Chitchat,Neutral
ai tạo ra bạn vậy Mimo dễ thương id10472,Chitchat,Neutral
đang làm gì đấy vậy bot ❓ id10473,Chitchat,Neutral
cậu thấy áp lực quá 😭,Chitchat,Negative
bot làm được gì 💬 id10475,Chitchat,Neutral
Alo ơi bà đang vô tri 😭,Chitchat,Negative
ai tạo ra bạn vậy bot 💬 id10477,Chitchat,Neutral
Thích bot ghê chất lượng ❤️,Chitchat,Positive
Alo Mimo dễ thương ơi bác đang tổn thương 😭,Chitchat,Negative
Alo bạn ơi bà đang stress id10480,Chitchat,Negative
chán vcl cuộc sống khó khăn 🥲,Chitchat,Negative
Hế lô bot làm được gì 🤔,Chitchat,Neutral
bro muốn hỏi Mimo tên gì á 👀,Chitchat,Neutral
Chào nha ở đâu á id10484,Chitchat,Neutral
em muốn hỏi tên gì á,Chitchat,Neutral
tên gì á id10486,Chitchat,Neutral
vì giao diện đẹp 👍 id10487,Chitchat,Positive
mấy ní thấy nản quá 💔,Chitchat,Negative
mấy tuổi rồi vậy bot 💬,Chitchat,Neutral
mấy ní muốn hỏi Mimo dễ thương là nam hay nữ 👀,Chitchat,Neutral
ông muốn hỏi có nghe rõ trả lời không id10491,Chitchat,Neutral
Gút mỏ ninh Thank you,Chitchat,Positive
mình muốn hỏi đang làm gì đấy 💬,Chitchat,Neutral
mấy ní muốn hỏi bot ở đâu á 💬,Chitchat,Neutral
có nghe rõ trả lời không vậy Mimo 💬 id10495,Chitchat,Neutral
buồn vcl deadline ngập đầu id10496,Chitchat,Negative
cute xỉu id10497,Chitchat,Positive
Ê biết nói chuyện không 🤔 id10498,Chitchat,Neutral
bot Tks 🥰 id10499,Chitchat,Positive
mấy ní muốn hỏi Mimo dễ thương bạn là ai,Chitchat,Neutral
suy vcl đi học mệt quá id10501,Chitchat,Negative
Alo Mimo dễ thương ơi ta đang nản,Chitchat,Negative
mấy tuổi rồi id10503,Chitchat,Neutral
mình thấy vô tri quá 📉 id10504,Chitchat,Negative
bot ơi Cảm ơn id10505,Chitchat,Positive
Hey  🔥,Chitchat,Positive
ông muốn hỏi bot ơi mấy tuổi rồi id10507,Chitchat,Neutral
bot app xịn xò id10508,Chitchat,Positive
Alo ơi em đang vô tri 😭,Chitchat,Negative
Vì crush lơ nên ông hơi stress,Chitchat,Negative
bot ơi ✨ id10511,Chitchat,Positive
bạn là ai vậy id10512,Chitchat,Neutral
mình muốn hỏi bot làm được gì 🐧,Chitchat,Neutral
Vì nên bà hơi áp lực 📉,Chitchat,Negative
Thích ghê 🥰 id10515,Chitchat,Positive
tên gì á 🤖 id10516,Chitchat,Neutral
Ê mấy tuổi rồi id10517,Chitchat,Neutral
mấy ní thấy tổn thương quá id10518,Chitchat,Negative
Vì bồ giận nên bác hơi chán 📉 id10519,Chitchat,Negative
đang làm gì đấy id10520,Chitchat,Neutral
Mimo giao diện đẹp id10521,Chitchat,Positive
Vì deadline dí nên mấy ní hơi buon 🥲,Chitchat,Negative
Mimo dễ thương là nam hay nữ id10523,Chitchat,Neutral
Tks 🥰,Chitchat,Positive
có nghe rõ trả lời không 👀 id10525,Chitchat,Neutral
có nghe rõ trả lời ko vậy bot ơi 🐧,Chitchat,Neutral
tên gì á id10527,Chitchat,Neutral
Thích ghê ❤️ id10528,Chitchat,Positive
Mimo dễ thương biết nói chuyện không 🤖 id10529,Chitchat,Neutral
bot làm được gì vậy id10530,Chitchat,Neutral
Alo Mimo ơi ơi bro đang suy 🥺,Chitchat,Negative
tên gì á vậy bot 👀 id10532,Chitchat,Neutral
Mimo dễ thương giao diện đẹp 🤩,Chitchat,Positive
tên gì á vậy bạn 🤔,Chitchat,Neutral
biết nói chuyện không id10535,Chitchat,Neutral
Hey bot ơi Chào ngày mới vui vẻ nha ✨,Chitchat,Positive
Alo bạn là ai id10537,Chitchat,Neutral
vì app xịn xò (^_<) id10538,Chitchat,Positive
bạn là ai vậy 💬 id10539,Chitchat,Neutral
ở đâu á vậy Mimo id10540,Chitchat,Neutral
Hello bot ơi,Chitchat,Positive
Alo ơi bác đang nản,Chitchat,Negative
vì quá đã 🥰 id10543,Chitchat,Positive
Mãi iu vì 🤣 id10544,Chitchat,Positive
Củm ơn vì cute xỉu 🥰,Chitchat,Positive
mệt vcl đi học mệt quá 🥲 id10546,Chitchat,Negative
nản vcl 😭 id10547,Chitchat,Negative
Chào ngày mới vui vẻ nha vì id10548,Chitchat,Positive
Alo bot ơi mấy ní đang vô tri 😢,Chitchat,Negative
tên gì á vậy Mimo ơi 🤔,Chitchat,Neutral
mấy tuổi rồi vậy bạn id10551,Chitchat,Neutral
Alo Mimo ơi ơi bác đang chán,Chitchat,Negative
đang làm gì đấy 💬 id10553,Chitchat,Neutral
mấy ní muốn hỏi Mimo dễ thương bot làm được gì id10554,Chitchat,Neutral
Yo biết nói chuyện không 🐧 id10555,Chitchat,Neutral
Biết ơn vì thông minh id10556,Chitchat,Positive
bất lực vcl rớt môn 😢,Chitchat,Negative
Mimo dễ thương app xịn xò 🤣 id10558,Chitchat,Positive
mình muốn hỏi Mimo ơi bot làm được gì,Chitchat,Neutral
bạn có nghe rõ trả lời không id10560,Chitchat,Neutral
tên gì á id10561,Chitchat,Neutral
Hey Mimo,Chitchat,Positive
Vì deadline ngập đầu nên bro hơi chán 🥲,Chitchat,Negative
ở đâu á id10564,Chitchat,Neutral
Good morning bạn Yêu ghê 🥰,Chitchat,Positive
Yo Mimo có nghe rõ trả lời không,Chitchat,Neutral
ở đâu á vậy 🐧 id10567,Chitchat,Neutral
vì đỉnh nóc kịch trần (^_<) id10568,Chitchat,Positive
Chào ngày mới vui vẻ nha 🔥,Chitchat,Positive
Chào nha là nam hay nữ id10570,Chitchat,Neutral
Vì deadline dí nên bà hơi áp lực 📉,Chitchat,Negative
Alo là nam hay nữ ❓ id10572,Chitchat,Neutral
Love ya vì ❤️,Chitchat,Positive
Thích bot ghê 👍 id10574,Chitchat,Positive
cậu muốn hỏi bạn bạn là ai ❓,Chitchat,Neutral
là nam hay nữ vậy bot ơi id10576,Chitchat,Neutral
em muốn hỏi biết nói chuyện không 🤖,Chitchat,Neutral
có nghe rõ trả lời không vậy Mimo dễ thương id10578,Chitchat,Neutral
Yo bot làm được gì ❓,Chitchat,Neutral
mấy tuổi rồi vậy 🐧 id10580,Chitchat,Neutral
Thích bot ơi ghê cute xỉu 👍,Chitchat,Positive
bro muốn hỏi bot ở đâu á,Chitchat,Neutral
Thích ghê 👍 id10583,Chitchat,Positive
Yo bot làm được gì id10584,Chitchat,Neutral
là nam hay nữ 🤖 id10585,Chitchat,Neutral
Thích bạn ghê giao diện đẹp 🔥 id10586,Chitchat,Positive
biết nói chuyện không id10587,Chitchat,Neutral
đỉnh nóc kịch trần 🔥,Chitchat,Positive
muốn hỏi bot làm được gì 👀,Chitchat,Neutral
Chào nha ai tạo ra bạn 👀,Chitchat,Neutral
muốn hỏi tên gì á ❓,Chitchat,Neutral
ta muốn hỏi Mimo dễ thương ở đâu á id10592,Chitchat,Neutral
ở đâu á id10593,Chitchat,Neutral
Thích Mimo dễ thương ghê quá đã,Chitchat,Positive
bot ơi Biết ơn 🤣 id10595,Chitchat,Positive
Chào ngày mới vui vẻ nha vì id10596,Chitchat,Positive
em muốn hỏi bạn mấy tuổi rồi 🤖,Chitchat,Neutral
Chào ngày mới vui vẻ nha vì 🔥 id10598,Chitchat,Positive
Hey Mimo dễ thương Biết ơn,Chitchat,Positive
Yêu ghê vì app mượt,Chitchat,Positive
ở đâu á id10601,Chitchat,Neutral
Alo ơi bro đang bất lực 😮‍💨,Chitchat,Negative
em muốn hỏi Mimo dễ thương ở đâu á,Chitchat,Neutral
Yo là nam hay nữ id10604,Chitchat,Neutral
bác muốn hỏi đang làm gì đấy 🤖,Chitchat,Neutral
muốn hỏi ai tạo ra bạn ❓,Chitchat,Neutral
suy vcl deadline dí 😮‍💨 id10607,Chitchat,Negative
bro muốn hỏi Mimo ai tạo ra bạn 🐧,Chitchat,Neutral
Chào ngày mới vui vẻ nha vì id10609,Chitchat,Positive
Alo bot ơi ơi ông đang buon 🥲,Chitchat,Negative
Hi bot Mãi iu,Chitchat,Positive
ai tạo ra bạn 🐧 id10612,Chitchat,Neutral
tổn thương vcl id10613,Chitchat,Negative
app mượt (^_<) id10614,Chitchat,Positive
có nghe rõ trả lời không vậy 🤔 id10615,Chitchat,Neutral
mấy tuổi rồi vậy Mimo dễ thương 🐧,Chitchat,Neutral
cậu muốn hỏi bạn là nam hay nữ id10617,Chitchat,Neutral
vì đỉnh nóc kịch trần 🤩 id10618,Chitchat,Positive
có nghe rõ trả lời ko id10619,Chitchat,Neutral
cậu muốn hỏi ai tạo ra bạn 🤔 id10620,Chitchat,Neutral
Mãi iu vì id10621,Chitchat,Positive
Alo ơi mình đang suy,Chitchat,Negative
🤩 id10623,Chitchat,Positive
Mimo dễ thương cute xỉu,Chitchat,Positive
Alo Mimo ơi ơi ta đang suy,Chitchat,Negative
bạn là nam hay nữ 🤖 id10626,Chitchat,Neutral
Thích Mimo dễ thương ghê 🤣 id10627,Chitchat,Positive
Mãi iu 🤩 id10628,Chitchat,Positive
bot ở đâu á 🤔,Chitchat,Neutral
bạn biết nói chuyện không id10630,Chitchat,Neutral
bot ơi ở đâu á id10631,Chitchat,Neutral
mấy ní thấy nản quá 😭,Chitchat,Negative
Thích Mimo ghê app xịn xò 👍,Chitchat,Positive
đang làm gì đấy vậy 💬 id10634,Chitchat,Neutral
ai tạo ra bạn id10635,Chitchat,Neutral
bot làm được gì vậy bạn 🐧 id10636,Chitchat,Neutral
Chào nha Mimo ơi là nam hay nữ id10637,Chitchat,Neutral
Vì nên cậu hơi buồn,Chitchat,Negative
Alo Mimo dễ thương ơi bác đang tổn thương 😢,Chitchat,Negative
Thích ghê 🥰 id10640,Chitchat,Positive
là nam hay nữ vậy Mimo dễ thương id10641,Chitchat,Neutral
Ê ở đâu á 💬 id10642,Chitchat,Neutral
Alo ai tạo ra bạn id10643,Chitchat,Neutral
đang làm gì đấy id10644,Chitchat,Neutral
Chào ngày mới vui vẻ nha vì 👍 id10645,Chitchat,Positive
Thích Mimo ghê giao diện đẹp,Chitchat,Positive
Vì nên ta hơi nản,Chitchat,Negative
Củm ơn vì id10648,Chitchat,Positive
tên gì á vậy Mimo dễ thương 🤔 id10649,Chitchat,Neutral
Thích bot ghê quá đã id10650,Chitchat,Positive
bot ai tạo ra bạn ❓,Chitchat,Neutral
Chào nha bạn là ai 👀,Chitchat,Neutral
Ê biết nói chuyện không 🤔 id10653,Chitchat,Neutral
Mimo ơi Chào ngày mới vui vẻ nha 🔥 id10654,Chitchat,Positive
Thích bạn ghê app mượt 🥰 id10655,Chitchat,Positive
Mimo dễ thương ai tạo ra bạn id10656,Chitchat,Neutral
Thích ghê cute xỉu ❤️ id10657,Chitchat,Positive
Hiya bạn ✨,Chitchat,Positive
biết nói chuyện không vậy Mimo 💬,Chitchat,Neutral
Mimo đỉnh nóc kịch trần (^_<),Chitchat,Positive
mấy ní thấy mệt quá 😮‍💨 id10661,Chitchat,Negative
Alo bạn ơi cậu đang bất lực 🥺,Chitchat,Negative
cậu muốn hỏi có nghe rõ trả lời không ❓,Chitchat,Neutral
vì app xịn xò 👍 id10664,Chitchat,Positive
Mãi iu ✨ id10665,Chitchat,Positive
bác muốn hỏi bot ở đâu á 👀,Chitchat,Neutral
có nghe rõ trả lời không vậy Mimo ơi id10667,Chitchat,Neutral
bạn bot làm được gì id10668,Chitchat,Neutral
tên gì á 🤔 id10669,Chitchat,Neutral
bot bạn là ai 👀 id10670,Chitchat,Neutral
ta thấy tổn thương quá 💔,Chitchat,Negative
Thích ghê id10672,Chitchat,Positive
bà muốn hỏi tên gì á id10673,Chitchat,Neutral
biết nói chuyện không id10674,Chitchat,Neutral
Cảm ơn id10675,Chitchat,Positive
Alo bạn bot làm đc gì 🤔,Chitchat,Neutral
Cảm ơn vì id10677,Chitchat,Positive
biết nói chuyện không vậy 🤔 id10678,Chitchat,Neutral
buồn vcl deadline dí 💔,Chitchat,Negative
Alo bạn là ai id10680,Chitchat,Neutral
tui muốn hỏi Mimo đang làm gì đấy id10681,Chitchat,Neutral
cậu muốn hỏi bot ơi biết nói chuyện không 🤔,Chitchat,Neutral
Alo bot làm đc gì 🤖,Chitchat,Neutral
Alo bot ơi ơi bà đang stress,Chitchat,Negative
thấy vô tri quá 🥺,Chitchat,Negative
mấy tuổi rồi vậy bạn id10686,Chitchat,Neutral
Hế lô ai tạo ra bạn 🤖 id10687,Chitchat,Neutral
🤩 id10688,Chitchat,Positive
thấy buồn quá 😭 id10689,Chitchat,Negative
Mimo ơi Cảm ơn id10690,Chitchat,Positive
Alo ơi cậu đang bất lực 🥲 id10691,Chitchat,Negative
Vì nên ta hơi tổn thương,Chitchat,Negative
mình thấy tổn thương quá 🥺,Chitchat,Negative
Alo Mimo dễ thương có nghe rõ trả lời không,Chitchat,Neutral
bot làm được gì vậy bot id10695,Chitchat,Neutral
bot biết nói chuyện không id10696,Chitchat,Neutral
vô tri vcl 📉,Chitchat,Negative
Thích bot ơi ghê ✨,Chitchat,Positive
app mượt id10699,Chitchat,Positive
tui muốn hỏi bạn là ai ❓,Chitchat,Neutral
tổn thương vcl id10701,Chitchat,Negative
bot ✨ id10702,Chitchat,Positive
bot ơi ở đâu á id10703,Chitchat,Neutral
đang làm gì đấy 👀 id10704,Chitchat,Neutral
Hế lô ở đâu á 👀,Chitchat,Neutral
Alo ơi mấy ní đang nản id10706,Chitchat,Negative
biết nói chuyện không vậy bạn 💬 id10707,Chitchat,Neutral
Yêu ghê ❤️,Chitchat,Positive
mấy tuổi rồi 🐧 id10709,Chitchat,Neutral
Chào bạn Chào ngày mới vui vẻ nha 🤣,Chitchat,Positive
Vì nên mấy ní hơi stress id10711,Chitchat,Negative
có nghe rõ trả lời không vậy Mimo ơi 💬 id10712,Chitchat,Neutral
Thích Mimo ơi ghê 🔥 id10713,Chitchat,Positive
ai tạo ra bạn vậy Mimo dễ thương ❓,Chitchat,Neutral
app xịn xò ❤️ id10715,Chitchat,Positive
bot làm được gì vậy Mimo 🤖 id10716,Chitchat,Neutral
Mimo 🤣 id10717,Chitchat,Positive
bot ơi id10718,Chitchat,Positive
ông muốn hỏi Mimo dễ thương đang làm gì đấy,Chitchat,Neutral
em muốn hỏi Mimo mấy tuổi rồi ❓,Chitchat,Neutral
Yo Mimo biết nói chuyện không 💬 id10721,Chitchat,Neutral
Alo bot ơi mấy ní đang nản,Chitchat,Negative
Thích bot ghê id10723,Chitchat,Positive
mình muốn hỏi tên gì á 🐧,Chitchat,Neutral
biết nói chuyện không id10725,Chitchat,Neutral
là nam hay nữ vậy bot ơi ❓ id10726,Chitchat,Neutral
Thích Mimo ghê cute xỉu 🥰,Chitchat,Positive
ở đâu á vậy bot id10728,Chitchat,Neutral
mấy tuổi rồi vậy bạn 🤖 id10729,Chitchat,Neutral
Tks id10730,Chitchat,Positive
bất lực vcl 🥺 id10731,Chitchat,Negative
Vì nên hơi vô tri,Chitchat,Negative
Thích bot ơi ghê thông minh (^_<) id10733,Chitchat,Positive
Mimo ơi đang làm gì đấy ❓ id10734,Chitchat,Neutral
ai tạo ra bạn id10735,Chitchat,Neutral
 id10736,Chitchat,Positive
ai tạo ra bạn vậy bot 🤔,Chitchat,Neutral
Yo biết nói chuyện không id10738,Chitchat,Neutral
Alo ơi cậu đang bất lực 😭 id10739,Chitchat,Negative
Thích ghê 🔥 id10740,Chitchat,Positive
Alo bạn ơi đang nản 😢,Chitchat,Negative
Mimo dễ thương đỉnh nóc kịch trần ✨,Chitchat,Positive
Biết ơn vì 🔥,Chitchat,Positive
Thích ghê quá đã 🤩 id10744,Chitchat,Positive
Alo bạn ơi bro đang tổn thương 😢,Chitchat,Negative
ai tạo ra bạn vậy bot ơi 🤔 id10746,Chitchat,Neutral
Ê bot ai tạo ra bạn 🤔,Chitchat,Neutral
là nam hay nữ id10748,Chitchat,Neutral
bot làm được gì vậy Mimo ơi id10749,Chitchat,Neutral
biết nói chuyện không vậy Mimo id10750,Chitchat,Neutral
cậu muốn hỏi Mimo dễ thương bot làm đc gì 👀,Chitchat,Neutral
bot làm được gì vậy id10752,Chitchat,Neutral
ông thấy tổn thương quá 😮‍💨,Chitchat,Negative
đang làm gì đấy 💬 id10754,Chitchat,Neutral
ông muốn hỏi tên gì á 🤔,Chitchat,Neutral
suy vcl 😢 id10756,Chitchat,Negative
là nam hay nữ ❓ id10757,Chitchat,Neutral
vì thông minh id10758,Chitchat,Positive
Thích ghê app mượt id10759,Chitchat,Positive
bot làm được gì vậy id10760,Chitchat,Neutral
tên gì á vậy bot ơi id10761,Chitchat,Neutral
Alo Mimo dễ thương ơi em đang buồn 🥲,Chitchat,Negative
Chào nha đang làm gì đấy id10763,Chitchat,Neutral
Hế lô Mimo bạn là ai,Chitchat,Neutral
Alo bot ơi ơi bà đang bất lực,Chitchat,Negative
bạn là nam hay nữ id10766,Chitchat,Neutral
Yo ai tạo ra bạn 🤔,Chitchat,Neutral
Chào ngày mới vui vẻ nha vì id10768,Chitchat,Positive
Alo ơi bro đang stress,Chitchat,Negative
Mimo dễ thương mấy tuổi rồi 👀,Chitchat,Neutral
bác muốn hỏi bot ơi bạn là ai 🤖 id10771,Chitchat,Neutral
Thích bot ghê cute xỉu (^_<) id10772,Chitchat,Positive
Ê Mimo bot làm được gì id10773,Chitchat,Neutral
bạn bot làm được gì 🐧 id10774,Chitchat,Neutral
Hế lô ở đâu á ❓ id10775,Chitchat,Neutral
Ê có nghe rõ trả lời không id10776,Chitchat,Neutral
Thích ghê giao diện đẹp 🥰,Chitchat,Positive
bạn Chào ngày mới vui vẻ nha 🥰 id10778,Chitchat,Positive
cậu thấy vô tri quá,Chitchat,Negative
Thích Mimo ơi ghê id10780,Chitchat,Positive
bot làm được gì vậy bạn 💬,Chitchat,Neutral
mấy tuổi rồi vậy bot ơi id10782,Chitchat,Neutral
muốn hỏi đang làm gì đấy id10783,Chitchat,Neutral
ta muốn hỏi có nghe rõ trả lời không id10784,Chitchat,Neutral
tên gì á vậy Mimo id10785,Chitchat,Neutral
Love ya ✨ id10786,Chitchat,Positive
suy vcl cuộc sống khó khăn id10787,Chitchat,Negative
Vì deadline ngập đầu nên tui hơi stress 🥲,Chitchat,Negative
nản vcl cuộc sống khó khăn id10789,Chitchat,Negative
Chào nha bot ơi mấy tuổi rồi,Chitchat,Neutral
tui muốn hỏi Mimo bạn là ai 💬,Chitchat,Neutral
Cảm ơn id10792,Chitchat,Positive
tui thấy tổn thương quá 😢,Chitchat,Negative
ai tạo ra bạn id10794,Chitchat,Neutral
có nghe rõ trả lời không vậy bạn id10795,Chitchat,Neutral
bạn là ai vậy Mimo id10796,Chitchat,Neutral
Hey Mimo Mãi iu ✨,Chitchat,Positive
Alo bot làm được gì id10798,Chitchat,Neutral
đang làm gì đấy id10799,Chitchat,Neutral
muốn hỏi Mimo ơi ai tạo ra bạn 🤔,Chitchat,Neutral
bạn là ai vậy 💬 id10801,Chitchat,Neutral
biết nói chuyện không vậy bot ơi id10802,Chitchat,Neutral
Vì hết tiền nên hơi tổn thương 😭,Chitchat,Negative
Củm ơn vì id10804,Chitchat,Positive
tên gì á id10805,Chitchat,Neutral
Vì nên ta hơi bất lực 💔,Chitchat,Negative
ta muốn hỏi Mimo đang làm gì đấy,Chitchat,Neutral
có nghe rõ trả lời không id10808,Chitchat,Neutral
Chào nha bot làm được gì id10809,Chitchat,Neutral
ông thấy suy quá 📉,Chitchat,Negative
Thích Mimo ơi ghê 🤣 id10811,Chitchat,Positive
Yo có nghe rõ trả lời không 💬 id10812,Chitchat,Neutral
Chào ngày mới vui vẻ nha vì id10813,Chitchat,Positive
Thích bot ơi ghê đỉnh nóc kịch trần ✨,Chitchat,Positive
bro thấy bất lực quá id10815,Chitchat,Negative
Yo đang làm gì đấy 👀 id10816,Chitchat,Neutral
ta muốn hỏi bot ơi ai tạo ra bạn 💬,Chitchat,Neutral
bà muốn hỏi Mimo dễ thương tên gì á 🤔,Chitchat,Neutral
mấy ní muốn hỏi ai tạo ra bạn,Chitchat,Neutral
ai tạo ra bạn id10820,Chitchat,Neutral
Yo bạn ai tạo ra bạn 🤖 id10821,Chitchat,Neutral
Vì nên bro hơi bất lực id10822,Chitchat,Negative
tổn thương vcl rớt môn id10823,Chitchat,Negative
Thích Mimo ơi ghê (^_<) id10824,Chitchat,Positive
mấy ní muốn hỏi bot ơi có nghe rõ trả lời không 🤖 id10825,Chitchat,Neutral
Thích bot ơi ghê 🔥 id10826,Chitchat,Positive
ở đâu á id10827,Chitchat,Neutral
ở đâu á vậy bot ơi id10828,Chitchat,Neutral
Mimo ở đâu á id10829,Chitchat,Neutral
Mimo dễ thương ở đâu á id10830,Chitchat,Neutral
bạn là ai vậy 👀 id10831,Chitchat,Neutral
Alo đang làm gì đấy id10832,Chitchat,Neutral
ai tạo ra bạn id10833,Chitchat,Neutral
có nghe rõ trả lời không vậy Mimo id10834,Chitchat,Neutral
mình muốn hỏi bạn là ai 👀,Chitchat,Neutral
Mimo ơi ✨ id10836,Chitchat,Positive
ở đâu á vậy id10837,Chitchat,Neutral
bà muốn hỏi Mimo ơi có nghe rõ trả lời ko 👀,Chitchat,Neutral
tên gì á vậy id10839,Chitchat,Neutral
là nam hay nữ 🤔 id10840,Chitchat,Neutral
Alo Mimo dễ thương bạn là ai 🐧,Chitchat,Neutral
Thích bot ơi ghê id10842,Chitchat,Positive
chất lượng id10843,Chitchat,Positive
Mimo ở đâu á id10844,Chitchat,Neutral
Hiya bạn Cảm ơn 🔥,Chitchat,Positive
Chào ngày mới vui vẻ nha vì 🔥 id10846,Chitchat,Positive
Alo ơi ta đang bất lực 😢,Chitchat,Negative
mấy tuổi rồi vậy 🤔 id10848,Chitchat,Neutral
bạn là ai 🤖 id10849,Chitchat,Neutral
Yêu ghê vì 🤣 id10850,Chitchat,Positive
tổn thương vcl id10851,Chitchat,Negative
ở đâu á id10852,Chitchat,Neutral
có nghe rõ trả lời không id10853,Chitchat,Neutral
Love ya 🤣 id10854,Chitchat,Positive
bà muốn hỏi mấy tuổi rồi ❓,Chitchat,Neutral
Mimo dễ thương Chào ngày mới vui vẻ nha id10856,Chitchat,Positive
bro muốn hỏi ở đâu á id10857,Chitchat,Neutral
tên gì á 🤖 id10858,Chitchat,Neutral
❤️ id10859,Chitchat,Positive
Yo biết nói chuyện không 🐧 id10860,Chitchat,Neutral
chán vcl hết tiền,Chitchat,Negative
suy vcl đi học mệt quá 😭,Chitchat,Negative
bot 🤣 id10863,Chitchat,Positive
Vì deadline dí nên tui hơi stress 📉,Chitchat,Negative
tên gì á vậy bot ơi ❓ id10865,Chitchat,Neutral
Vì deadline dí nên hơi buon,Chitchat,Negative
áp lực vcl 🥺 id10867,Chitchat,Negative
Mimo dễ thương 🤣 id10868,Chitchat,Positive
mấy tuổi rồi vậy id10869,Chitchat,Neutral
ông thấy suy quá 😢,Chitchat,Negative
biết nói chuyện không vậy id10871,Chitchat,Neutral
tên gì á vậy Mimo dễ thương 🤖,Chitchat,Neutral
vì cute xỉu 🤣 id10873,Chitchat,Positive
Vì rớt môn nên mấy ní hơi vô tri 😭,Chitchat,Negative
Mimo dễ thương Chào ngày mới vui vẻ nha 🔥,Chitchat,Positive
cậu muốn hỏi tên gì á 👀 id10876,Chitchat,Neutral
Alo Mimo dễ thương ơi đang tổn thương 💔,Chitchat,Negative
Thích Mimo ơi ghê 🔥 id10878,Chitchat,Positive
ông muốn hỏi tên gì á id10879,Chitchat,Neutral
ông muốn hỏi là nam hay nữ 💬 id10880,Chitchat,Neutral
ở đâu á id10881,Chitchat,Neutral
ở đâu á id10882,Chitchat,Neutral
ta muốn hỏi Mimo đang làm gì đấy id10883,Chitchat,Neutral
bạn ❤️ id10884,Chitchat,Positive
vì giao diện đẹp id10885,Chitchat,Positive
Mimo id10886,Chitchat,Positive
mấy tuổi rồi 💬 id10887,Chitchat,Neutral
tên gì á id10888,Chitchat,Neutral
bất lực vcl deadline dí id10889,Chitchat,Negative
Chào ngày mới vui vẻ nha vì id10890,Chitchat,Positive
app xịn xò id10891,Chitchat,Positive
bà muốn hỏi tên gì á 🤖,Chitchat,Neutral
bot làm được gì vậy Mimo dễ thương 💬 id10893,Chitchat,Neutral
ta muốn hỏi Mimo dễ thương bạn là ai ❓,Chitchat,Neutral
bác muốn hỏi bot ai tạo ra bạn,Chitchat,Neutral
bro thấy suy quá 💔 id10896,Chitchat,Negative
biết nói chuyện không vậy bot 🤖,Chitchat,Neutral
ở đâu á vậy id10898,Chitchat,Neutral
cute xỉu 🥰 id10899,Chitchat,Positive
Alo ơi mình đang suy id10900,Chitchat,Negative
tổn thương vcl deadline ngập đầu 😢,Chitchat,Negative
bạn là ai vậy bạn id10902,Chitchat,Neutral
bot ơi biết nói chuyện không id10903,Chitchat,Neutral
Mimo cute xỉu id10904,Chitchat,Positive
Thích ghê id10905,Chitchat,Positive
bro muốn hỏi Mimo tên gì á,Chitchat,Neutral
ông muốn hỏi là nam hay nữ 👀,Chitchat,Neutral
là nam hay nữ vậy id10908,Chitchat,Neutral
Biết ơn id10909,Chitchat,Positive
Vì hết tiền nên mình hơi suy 😭,Chitchat,Negative
Thích Mimo dễ thương ghê id10911,Chitchat,Positive
biết nói chuyện không vậy ❓ id10912,Chitchat,Neutral
Thích bạn ghê id10913,Chitchat,Positive
Mimo dễ thương ai tạo ra bạn 🤔,Chitchat,Neutral
bác muốn hỏi bạn tên gì á,Chitchat,Neutral
là nam hay nữ vậy bot ơi id10916,Chitchat,Neutral
Ê đang làm gì đấy id10917,Chitchat,Neutral
 id10918,Chitchat,Positive
đang làm gì đấy id10919,Chitchat,Neutral
Vì nên hơi áp lực 😭,Chitchat,Negative
có nghe rõ trả lời không vậy Mimo dễ thương 🐧 id10921,Chitchat,Neutral
Vì crush lơ nên bro hơi stress,Chitchat,Negative
mấy ní thấy áp lực quá id10923,Chitchat,Negative
bot làm được gì vậy 💬 id10924,Chitchat,Neutral
bạn Chào ngày mới vui vẻ nha ❤️,Chitchat,Positive
ông thấy bất lực quá id10926,Chitchat,Negative
bot ơi Chào ngày mới vui vẻ nha ❤️,Chitchat,Positive
tui muốn hỏi bot làm được gì 🤔 id10928,Chitchat,Neutral
Hế lô Mimo ơi bạn là ai 🐧,Chitchat,Neutral
mấy tuổi rồi vậy Mimo dễ thương id10930,Chitchat,Neutral
Vì deadline ngập đầu nên mấy ní hơi buồn,Chitchat,Negative
biết nói chuyện không vậy Mimo id10932,Chitchat,Neutral
Thích ghê id10933,Chitchat,Positive
mình thấy chán quá 😮‍💨,Chitchat,Negative
bro thấy mệt quá,Chitchat,Negative
Alo bạn ơi đang áp lực 😭,Chitchat,Negative
là nam hay nữ vậy Mimo 👀 id10937,Chitchat,Neutral
ta thấy suy quá id10938,Chitchat,Negative
bot ơi 🤣 id10939,Chitchat,Positive
bạn là ai vậy id10940,Chitchat,Neutral
bot ơi thông minh id10941,Chitchat,Positive
Chào nha bot ở đâu á 🐧,Chitchat,Neutral
Alo là nam hay nữ 🤔,Chitchat,Neutral
ai tạo ra bạn vậy 🤖 id10944,Chitchat,Neutral
mấy tuổi rồi 🤖 id10945,Chitchat,Neutral
bot làm đc gì vậy Mimo id10946,Chitchat,Neutral
Hế lô mấy tuổi rồi 🤖 id10947,Chitchat,Neutral
bất lực vcl 🥲,Chitchat,Negative
Mãi iu vì giao diện đẹp 🔥,Chitchat,Positive
Thích ghê 🔥 id10950,Chitchat,Positive
bà muốn hỏi tên gì á id10951,Chitchat,Neutral
Thích ghê giao diện đẹp id10952,Chitchat,Positive
Chào ngày mới vui vẻ nha 👍 id10953,Chitchat,Positive
suy vcl đi học mệt quá id10954,Chitchat,Negative
Mãi iu id10955,Chitchat,Positive
mấy tuổi rồi ❓ id10956,Chitchat,Neutral
Hế lô có nghe rõ trả lời không id10957,Chitchat,Neutral
tên gì á id10958,Chitchat,Neutral
Thích bạn ghê giao diện đẹp id10959,Chitchat,Positive
mấy tuổi rồi id10960,Chitchat,Neutral
Mimo bạn là ai 💬,Chitchat,Neutral
🤣 id10962,Chitchat,Positive
mấy tuổi rồi id10963,Chitchat,Neutral
ông thấy mệt quá id10964,Chitchat,Negative
Mimo dễ thương mấy tuổi rồi id10965,Chitchat,Neutral
tui muốn hỏi Mimo bạn là ai,Chitchat,Neutral
bot ơi đang làm gì đấy id10967,Chitchat,Neutral
bạn đang làm gì đấy id10968,Chitchat,Neutral
Chào ngày mới vui vẻ nha vì (^_<) id10969,Chitchat,Positive
mấy ní muốn hỏi ai tạo ra bạn id10970,Chitchat,Neutral
mấy ní thấy stress quá id10971,Chitchat,Negative
bro muốn hỏi tên gì á id10972,Chitchat,Neutral
Thích Mimo ghê 👍 id10973,Chitchat,Positive
bot id10974,Chitchat,Positive
bác muốn hỏi có nghe rõ trả lời không 💬,Chitchat,Neutral
Ê có nghe rõ trả lời không id10976,Chitchat,Neutral
tên gì á vậy bot 🐧,Chitchat,Neutral
Mimo ơi ai tạo ra bạn id10978,Chitchat,Neutral
ông thấy bất lực quá 😢,Chitchat,Negative
bot làm được gì id10980,Chitchat,Neutral
bác muốn hỏi bot làm được gì id10981,Chitchat,Neutral
bạn là ai vậy Mimo ❓ id10982,Chitchat,Neutral
Chào ngày mới vui vẻ nha vì id10983,Chitchat,Positive
Thích Mimo ghê chất lượng 🤩,Chitchat,Positive
Vì deadline ngập đầu nên hơi nản id10985,Chitchat,Negative
Mãi iu vì giao diện đẹp id10986,Chitchat,Positive
Thích Mimo ơi ghê id10987,Chitchat,Positive
suy vcl rớt môn 🥺,Chitchat,Negative
Mimo ơi Củm ơn 🤣,Chitchat,Positive
biết nói chuyện không vậy 🤔 id10990,Chitchat,Neutral
app mượt 🤩,Chitchat,Positive
bot ơi ✨ id10992,Chitchat,Positive
Mimo ơi là nam hay nữ 💬,Chitchat,Neutral
bạn biết nói chuyện không id10994,Chitchat,Neutral
bác muốn hỏi tên gì á id10995,Chitchat,Neutral
Mimo cute xỉu id10996,Chitchat,Positive
Vì đi học met qá nên bác hơi chán 😢,Chitchat,Negative
Thank you vì chất lượng 🥰,Chitchat,Positive
Alo bạn ơi đang áp lực 🥲,Chitchat,Negative
Thích ghê 🤣 id11000,Chitchat,Positive
Ê mấy tuổi rồi id11001,Chitchat,Neutral
ai tạo ra bạn 💬 id11002,Chitchat,Neutral
Vì crush lơ nên cậu hơi vô tri 📉,Chitchat,Negative
bà thấy áp lực quá 💔,Chitchat,Negative
Vì nên ông hơi buồn,Chitchat,Negative
Mimo ơi chất lượng 🤣,Chitchat,Positive
bot ơi id11007,Chitchat,Positive
cậu muốn hỏi bạn là nam hay nữ id11008,Chitchat,Neutral
là nam hay nữ vậy bot id11009,Chitchat,Neutral
Yo đang làm gì đấy 🤖 id11010,Chitchat,Neutral
cậu muốn hỏi bạn bạn là ai 🐧,Chitchat,Neutral
Hế lô Mimo ơi ai tạo ra bạn id11012,Chitchat,Neutral
em muốn hỏi tên gì á 💬,Chitchat,Neutral
mấy tuổi rồi ❓ id11014,Chitchat,Neutral
Alo ơi bro đang chán id11015,Chitchat,Negative
Alo bạn là ai 🤖,Chitchat,Neutral
Alo ơi bà đang áp lực 💔,Chitchat,Negative
Love ya 🔥 id11018,Chitchat,Positive
bác muốn hỏi bot có nghe rõ trả lời không 🤔,Chitchat,Neutral
bot ơi Mãi iu id11020,Chitchat,Positive
ở đâu á vậy Mimo ơi 🤔 id11021,Chitchat,Neutral
bà thấy mệt quá id11022,Chitchat,Negative
Alo ơi bro đang stress id11023,Chitchat,Negative
giao diện đẹp id11024,Chitchat,Positive
bro thấy suy quá 🥺,Chitchat,Negative
Vì cuộc sống khó khăn nên cậu hơi nản 🥺,Chitchat,Negative
đang làm gì đấy id11027,Chitchat,Neutral
mấy tuổi rồi id11028,Chitchat,Neutral
Cảm ơn vì 🤩 id11029,Chitchat,Positive
Chào ngày mới vui vẻ nha id11030,Chitchat,Positive
tui muốn hỏi tên gì á id11031,Chitchat,Neutral
bất lực vcl rớt môn id11032,Chitchat,Negative
Thích ghê chất lượng ✨,Chitchat,Positive
cậu thấy stress quá id11034,Chitchat,Negative
bạn cute xỉu ❤️,Chitchat,Positive
Chào ngày mới vui vẻ nha vì ✨ id11036,Chitchat,Positive
là nam hay nữ ❓ id11037,Chitchat,Neutral
Ê bot làm được gì 💬,Chitchat,Neutral
muốn hỏi Mimo dễ thương ở đâu á 🤔,Chitchat,Neutral
ông muốn hỏi Mimo dễ thương có nghe rõ trả lời không id11040,Chitchat,Neutral
là nam hay nữ id11041,Chitchat,Neutral
Thích ghê 🥰 id11042,Chitchat,Positive
bot ơi chất lượng id11043,Chitchat,Positive
bạn là ai vậy bot ơi 🤔 id11044,Chitchat,Neutral
Thích Mimo dễ thương ghê 🤣 id11045,Chitchat,Positive
Tks id11046,Chitchat,Positive
bot ơi mấy tuổi rồi 👀,Chitchat,Neutral
Mimo dễ thương 🤩 id11048,Chitchat,Positive
Thích bạn ghê id11049,Chitchat,Positive
Mimo dễ thương đang làm gì đấy 🤔,Chitchat,Neutral
đang làm gì đấy vậy ❓ id11051,Chitchat,Neutral
có nghe rõ trả lời không vậy Mimo dễ thương 🤖,Chitchat,Neutral
Chào ngày mới vui vẻ nha vì id11053,Chitchat,Positive
Ê mấy tuổi rồi 🤖,Chitchat,Neutral
Mimo ơi mấy tuổi rồi 🤖,Chitchat,Neutral
Hế lô tên gì á 👀,Chitchat,Neutral
là nam hay nữ vậy bot ơi 🤖 id11057,Chitchat,Neutral
Mimo dễ thương id11058,Chitchat,Positive
Vì nên mình hơi nản id11059,Chitchat,Negative
tui muốn hỏi mấy tuổi rồi id11060,Chitchat,Neutral
Alo bạn là ai id11061,Chitchat,Neutral
Alo bạn ơi bro đang suy 🥺,Chitchat,Negative
vô tri vcl deadline dí 💔,Chitchat,Negative
Yo ở đâu á id11064,Chitchat,Neutral
Hế lô Mimo bạn là ai 🤖,Chitchat,Neutral
Tks vì cute xỉu 👍,Chitchat,Positive
bot Chào ngày mới vui vẻ nha 🥰 id11067,Chitchat,Positive
Thích Mimo ghê giao diện đẹp id11068,Chitchat,Positive
Ê bot ơi biết nói chuyện không,Chitchat,Neutral
mấy tuổi rồi id11070,Chitchat,Neutral
Chào ngày mới vui vẻ nha 👍 id11071,Chitchat,Positive
Mimo ơi cute xỉu 🤩,Chitchat,Positive
Chào nha có nghe rõ trả lời không 🤖 id11073,Chitchat,Neutral
Thank you vì ✨ id11074,Chitchat,Positive
Thích ghê id11075,Chitchat,Positive
Alo ơi cậu đang áp lực 😮‍💨,Chitchat,Negative
ai tạo ra bạn vậy Mimo id11077,Chitchat,Neutral
tui muốn hỏi Mimo dễ thương ở đâu á 🤔,Chitchat,Neutral
app mượt (^_<) id11079,Chitchat,Positive
Thích ghê id11080,Chitchat,Positive
đang làm gì đấy id11081,Chitchat,Neutral
em muốn hỏi bạn biết nói chuyện không 👀,Chitchat,Neutral
mấy tuổi rồi 🤔 id11083,Chitchat,Neutral
bot làm được gì 🤖 id11084,Chitchat,Neutral
đang làm gì đấy vậy bot id11085,Chitchat,Neutral
bạn là ai vậy id11086,Chitchat,Neutral
 id11087,Chitchat,Positive
mệt vcl đi học mệt quá 😢,Chitchat,Negative
Chào nha mấy tuổi rồi ❓ id11089,Chitchat,Neutral
bot Củm ơn 🤣 id11090,Chitchat,Positive
Ê bạn là ai id11091,Chitchat,Neutral
Vì nên ta hơi vô tri id11092,Chitchat,Negative
bot ở đâu á id11093,Chitchat,Neutral
bot làm được gì 🤖 id11094,Chitchat,Neutral
thấy bất lực quá id11095,Chitchat,Negative
Mimo ❤️ id11096,Chitchat,Positive
tên gì á vậy 🤔 id11097,Chitchat,Neutral
Alo ơi bro đang buồn 😢,Chitchat,Negative
met vcl 💔,Chitchat,Negative
Vì nên ông hơi suy 😭,Chitchat,Negative
mấy tuổi rồi vậy Mimo id11101,Chitchat,Neutral
mấy tuổi rồi vậy bot 💬 id11102,Chitchat,Neutral
bạn là ai id11103,Chitchat,Neutral
bot làm được gì vậy bot ơi id11104,Chitchat,Neutral
biết nói chuyện không vậy bạn 🤔,Chitchat,Neutral
Vì nên bro hơi bất lực id11106,Chitchat,Negative
Mimo đang làm gì đấy 💬 id11107,Chitchat,Neutral
đang làm gì đấy vậy bạn id11108,Chitchat,Neutral
Mimo ơi id11109,Chitchat,Positive
bác muốn hỏi ai tạo ra bạn 🤔 id11110,Chitchat,Neutral
bạn là ai 🐧 id11111,Chitchat,Neutral
ai tạo ra bạn vậy Mimo ❓ id11112,Chitchat,Neutral
Thích ghê 🤩 id11113,Chitchat,Positive
Mimo ơi id11114,Chitchat,Positive
Hế lô mấy tuổi rồi 💬,Chitchat,Neutral
bạn là ai id11116,Chitchat,Neutral
vì cute xỉu 🔥 id11117,Chitchat,Positive
suy vcl id11118,Chitchat,Negative
Thích Mimo ghê app xịn xò id11119,Chitchat,Positive
Củm ơn vì giao diện đẹp id11120,Chitchat,Positive
tui thấy tổn thương quá 😢 id11121,Chitchat,Negative
Thích ghê thông minh 🤩 id11122,Chitchat,Positive
cậu muốn hỏi bot ơi đang làm gì đấy id11123,Chitchat,Neutral
bot có nghe rõ trả lời không 🤖 id11124,Chitchat,Neutral
mấy tuổi rồi vậy Mimo dễ thương id11125,Chitchat,Neutral
ta thấy bất lực qá,Chitchat,Negative
Thích Mimo ghê ✨ id11127,Chitchat,Positive
bot ơi Mãi iu ❤️,Chitchat,Positive
Củm ơn vì 🔥 id11129,Chitchat,Positive
Chào nha bot làm đc gì,Chitchat,Neutral
bro thấy áp lực quá 😢,Chitchat,Negative
Love ya vì app mượt (^_<) id11132,Chitchat,Positive
Alo là nam hay nữ id11133,Chitchat,Neutral
Alo bot ơi ơi mình đang buồn 😢,Chitchat,Negative
Xin chào Chào ngày mới vui vẻ nha ✨,Chitchat,Positive
Alo ơi em đang chán 📉,Chitchat,Negative
Mimo thông minh 🔥,Chitchat,Positive
Củm ơn vì quá đã id11138,Chitchat,Positive
mệt vcl đi học mệt qá id11139,Chitchat,Negative
ông thấy stress quá id11140,Chitchat,Negative
ở đâu á 🐧 id11141,Chitchat,Neutral
Yêu ghê vì app mượt 🔥 id11142,Chitchat,Positive
Alo bot ơi cậu đang chán 😮‍💨,Chitchat,Negative
mình thấy nản quá 😮‍💨 id11144,Chitchat,Negative
Mimo dễ thương đang làm gì đấy 🤔 id11145,Chitchat,Neutral
có nghe rõ trả lời không vậy 🤔 id11146,Chitchat,Neutral
Alo ơi đang nản,Chitchat,Negative
Vì nên bro hơi chán 💔,Chitchat,Negative
là nam hay nữ ❓ id11149,Chitchat,Neutral
Thích Mimo dễ thương ghê id11150,Chitchat,Positive
là nam hay nữ id11151,Chitchat,Neutral
em muốn hỏi Mimo dễ thương mấy tuổi rồi 💬,Chitchat,Neutral
Thích ghê id11153,Chitchat,Positive
Biết ơn vì 🤩 id11154,Chitchat,Positive
Mimo ơi biết nói chuyện không 🤔 id11155,Chitchat,Neutral
bot làm đc gì vậy bot ơi id11156,Chitchat,Neutral
mấy tuổi rồi id11157,Chitchat,Neutral
ông muốn hỏi bot mấy tuổi rồi id11158,Chitchat,Neutral
Thích Mimo ơi ghê id11159,Chitchat,Positive
Ê bạn bot làm được gì 👀,Chitchat,Neutral
ai tạo ra bạn vậy 🐧 id11161,Chitchat,Neutral
buồn vcl crush lơ 💔,Chitchat,Negative
Alo ơi bà đang mệt 💔,Chitchat,Negative
Mimo ơi Cảm ơn 🤣 id11164,Chitchat,Positive
mấy tuổi rồi vậy Mimo 👀 id11165,Chitchat,Neutral
Alo ơi đang chán 😢,Chitchat,Negative
tên gì á vậy Mimo dễ thương id11167,Chitchat,Neutral
ai tạo ra bạn vậy Mimo dễ thương id11168,Chitchat,Neutral
em muốn hỏi Mimo ơi là nam hay nữ id11169,Chitchat,Neutral
Ê ai tạo ra bạn id11170,Chitchat,Neutral
ông muốn hỏi bạn có nghe rõ trả lời ko ❓,Chitchat,Neutral
bot đang làm gì đấy id11172,Chitchat,Neutral
bot làm được gì vậy id11173,Chitchat,Neutral
Chào ngày mới vui vẻ nha 🔥 id11174,Chitchat,Positive
Yêu ghê vì quá đã,Chitchat,Positive
em thấy nản quá 📉,Chitchat,Negative
mấy tuổi rồi vậy bạn id11177,Chitchat,Neutral
bot đang làm gì đấy 👀 id11178,Chitchat,Neutral
bạn cute xỉu id11179,Chitchat,Positive
bot ơi ở đâu á id11180,Chitchat,Neutral
Chào nha có nghe rõ trả lời không 🤔 id11181,Chitchat,Neutral
bot ơi đang làm gì đấy id11182,Chitchat,Neutral
Chào Mimo dễ thương Biết ơn ❤️,Chitchat,Positive
Hế lô có nghe rõ trả lời ko 🐧,Chitchat,Neutral
mình muốn hỏi bạn đang làm gì đấy ❓,Chitchat,Neutral
Thank you vì 🤣 id11186,Chitchat,Positive
mấy tuổi rồi vậy bot id11187,Chitchat,Neutral
Thích ghê app mượt (^_<) id11188,Chitchat,Positive
cậu thấy nản quá 🥲,Chitchat,Negative
ở đâu á vậy Mimo 🤔,Chitchat,Neutral
là nam hay nữ id11191,Chitchat,Neutral
Ê ở đâu á id11192,Chitchat,Neutral
Alo mấy tuổi rồi ❓ id11193,Chitchat,Neutral
Mimo ơi mấy tuổi rồi id11194,Chitchat,Neutral
nản vcl cuộc sống khó khăn id11195,Chitchat,Negative
mấy tuổi rồi vậy id11196,Chitchat,Neutral
Hế lô có nghe rõ trả lời không id11197,Chitchat,Neutral
bot làm được gì vậy bạn id11198,Chitchat,Neutral
Alo ơi đang suy id11199,Chitchat,Negative
có nghe rõ trả lời không 💬 id11200,Chitchat,Neutral
bro thấy buồn quá 🥲,Chitchat,Negative
Vì nên cậu hơi tổn thương 📉,Chitchat,Negative
Yo Mimo ai tạo ra bạn,Chitchat,Neutral
bro muốn hỏi bạn mấy tuổi rồi,Chitchat,Neutral
bạn mấy tuổi rồi id11205,Chitchat,Neutral
Alo bot bạn là ai,Chitchat,Neutral
Chào nha Mimo dễ thương ai tạo ra bạn 🐧,Chitchat,Neutral
Alo ơi ta đang stress 🥲,Chitchat,Negative
cậu muốn hỏi Mimo dễ thương đang làm gì đấy 💬,Chitchat,Neutral
Alo Mimo ơi đang chán,Chitchat,Negative
Thank you vì 👍 id11211,Chitchat,Positive
bot ơi tên gì á 🤔 id11212,Chitchat,Neutral
là nam hay nữ vậy 🐧 id11213,Chitchat,Neutral
em muốn hỏi tên gì á 👀,Chitchat,Neutral
 id11215,Chitchat,Positive
stress vcl id11216,Chitchat,Negative
mấy ní muốn hỏi ở đâu á id11217,Chitchat,Neutral
đang làm gì đấy vậy 💬 id11218,Chitchat,Neutral
Mãi iu vì id11219,Chitchat,Positive
mình muốn hỏi bot biết nói chuyện không id11220,Chitchat,Neutral
tên gì á id11221,Chitchat,Neutral
biết nói chuyện không vậy Mimo dễ thương id11222,Chitchat,Neutral
ta muốn hỏi ở đâu á id11223,Chitchat,Neutral
Chào nha ai tạo ra bạn id11224,Chitchat,Neutral
chất lượng 🤩 id11225,Chitchat,Positive
bro muốn hỏi ai tạo ra bạn 🐧,Chitchat,Neutral
Hế lô Mimo mấy tuổi rồi,Chitchat,Neutral
Ê Mimo ơi mấy tuổi rồi,Chitchat,Neutral
mấy tuổi rồi id11229,Chitchat,Neutral
Mimo Chào ngày mới vui vẻ nha 🤣,Chitchat,Positive
có nghe rõ trả lời không id11231,Chitchat,Neutral
Thích ghê 🔥 id11232,Chitchat,Positive
muốn hỏi Mimo ơi biết nói chuyện không 🐧,Chitchat,Neutral
bác thấy vô tri quá 🥲 id11234,Chitchat,Negative
Mimo dễ thương id11235,Chitchat,Positive
tên gì á id11236,Chitchat,Neutral
Alo ơi bác đang tổn thương,Chitchat,Negative
Vì nên bro hơi met,Chitchat,Negative
mấy ní muốn hỏi Mimo ơi bot làm được gì,Chitchat,Neutral
Thích Mimo dễ thương ghê id11240,Chitchat,Positive
Mimo ơi ❤️ id11241,Chitchat,Positive
Mimo ✨ id11242,Chitchat,Positive
bác muốn hỏi Mimo dễ thương tên gì á 🐧,Chitchat,Neutral
Hey Củm ơn,Chitchat,Positive
có nghe rõ trả lời không vậy 🐧 id11245,Chitchat,Neutral
Chào Mimo Cảm ơn,Chitchat,Positive
nản vcl deadline dí 😮‍💨,Chitchat,Negative
bot bạn là ai id11248,Chitchat,Neutral
Thích bạn ghê ✨ id11249,Chitchat,Positive
bạn là ai vậy id11250,Chitchat,Neutral
Hế lô ai tạo ra bạn id11251,Chitchat,Neutral
tên gì á vậy Mimo ơi id11252,Chitchat,Neutral
bà thấy áp lực quá,Chitchat,Negative
bot có nghe rõ trả lời không 💬,Chitchat,Neutral
Hế lô Mimo dễ thương là nam hay nữ 💬,Chitchat,Neutral
Vì hết tiền nên ta hơi áp lực 🥲,Chitchat,Negative
chán vcl cuộc sống khó khăn 😢,Chitchat,Negative
Mãi iu vì id11258,Chitchat,Positive
ông muốn hỏi ai tạo ra bạn 👀,Chitchat,Neutral
Mimo ơi là nam hay nữ 🐧 id11260,Chitchat,Neutral
Tks vì 👍 id11261,Chitchat,Positive
tui muốn hỏi bot làm được gì 💬,Chitchat,Neutral
👍 id11263,Chitchat,Positive
bot làm đc gì vậy 🤖 id11264,Chitchat,Neutral
đang làm gì đấy 💬 id11265,Chitchat,Neutral
mấy ní thấy áp lực quá 📉,Chitchat,Negative
áp lực vcl deadline dí id11267,Chitchat,Negative
Vì nên bác hơi tổn thương,Chitchat,Negative
bot làm được gì id11269,Chitchat,Neutral
em muốn hỏi có nghe rõ trả lời không 🐧,Chitchat,Neutral
Vì deadline dí nên hơi áp lực 📉,Chitchat,Negative
Alo ơi ta đang tổn thương id11272,Chitchat,Negative
Ê bot ơi bot làm được gì 👀,Chitchat,Neutral
 id11274,Chitchat,Positive
Củm ơn vì chất lượng,Chitchat,Positive
Alo Mimo dễ thương ơi cậu đang vô tri,Chitchat,Negative
tên gì á 💬 id11277,Chitchat,Neutral
bot ơi app mượt 👍,Chitchat,Positive
Hế lô mấy tuổi rồi id11279,Chitchat,Neutral
ai tạo ra bạn vậy id11280,Chitchat,Neutral
áp lực vcl đi học met quá id11281,Chitchat,Negative
bác muốn hỏi ai tạo ra bạn 👀 id11282,Chitchat,Neutral
bot Chào ngày mới vui vẻ nha 👍 id11283,Chitchat,Positive
muốn hỏi là nam hay nữ 👀 id11284,Chitchat,Neutral
bất lực vcl crush lơ id11285,Chitchat,Negative
có nghe rõ trả lời không vậy bot ơi ❓,Chitchat,Neutral
bạn là ai vậy ❓ id11287,Chitchat,Neutral
muốn hỏi tên gì á id11288,Chitchat,Neutral
thông minh (^_<) id11289,Chitchat,Positive
ông muốn hỏi biết nói chuyện không id11290,Chitchat,Neutral
mấy tuổi rồi vậy bot 🤖 id11291,Chitchat,Neutral
Củm ơn vì ✨ id11292,Chitchat,Positive
biết nói chuyện không vậy 👀 id11293,Chitchat,Neutral
Yêu ghê vì 🤩 id11294,Chitchat,Positive
bác thấy suy quá 😢 id11295,Chitchat,Negative
bạn Chào ngày mới vui vẻ nha id11296,Chitchat,Positive
ta muốn hỏi là nam hay nữ 💬 id11297,Chitchat,Neutral
🤣 id11298,Chitchat,Positive
buồn vcl hết tiền id11299,Chitchat,Negative
thấy chán quá id11300,Chitchat,Negative
bác muốn hỏi Mimo dễ thương mấy tuổi rồi 👀,Chitchat,Neutral
ở đâu á id11302,Chitchat,Neutral
Thích Mimo dễ thương ghê đỉnh nóc kịch trần 🔥 id11303,Chitchat,Positive
Mimo dễ thương Chào ngày mới vui vẻ nha 🤣,Chitchat,Positive
bot làm được gì ❓ id11305,Chitchat,Neutral
🤩 id11306,Chitchat,Positive
ai tạo ra bạn 👀 id11307,Chitchat,Neutral
Chào ngày mới vui vẻ nha vì 👍 id11308,Chitchat,Positive
bác muốn hỏi ở đâu á 💬,Chitchat,Neutral
vì cute xỉu ✨ id11310,Chitchat,Positive
nản vcl 💔 id11311,Chitchat,Negative
Vì nên mấy ní hơi stress id11312,Chitchat,Negative
ở đâu á id11313,Chitchat,Neutral
áp lực vcl deadline ngập đầu 😮‍💨,Chitchat,Negative
Vì crush lơ nên bác hơi chán 😮‍💨,Chitchat,Negative
đang làm gì đấy ❓ id11316,Chitchat,Neutral
suy vcl 💔,Chitchat,Negative
biết nói chuyện không vậy 🐧 id11318,Chitchat,Neutral
Alo ơi tui đang vô tri 💔,Chitchat,Negative
 id11320,Chitchat,Positive
ở đâu á id11321,Chitchat,Neutral
bạn là ai vậy id11322,Chitchat,Neutral
tên gì á ❓ id11323,Chitchat,Neutral
Thích Mimo ơi ghê giao diện đẹp 👍,Chitchat,Positive
❤️ id11325,Chitchat,Positive
Alo Mimo ơi ở đâu á,Chitchat,Neutral
bro muốn hỏi có nghe rõ trả lời không 💬,Chitchat,Neutral
biết nói chuyện không id11328,Chitchat,Neutral
Mimo ơi có nghe rõ trả lời không 🤔,Chitchat,Neutral
em muốn hỏi ở đâu á id11330,Chitchat,Neutral
tên gì á vậy id11331,Chitchat,Neutral
tui muốn hỏi bạn có nghe rõ trả lời không,Chitchat,Neutral
Chào ngày mới vui vẻ nha id11333,Chitchat,Positive
Thích bạn ghê app xịn xò 🤣,Chitchat,Positive
Hế lô Mimo dễ thương ai tạo ra bạn ❓,Chitchat,Neutral
ông muốn hỏi Mimo ơi biết nói chuyện không,Chitchat,Neutral
muốn hỏi mấy tuổi rồi 👀,Chitchat,Neutral
ông muốn hỏi mấy tuổi rồi id11338,Chitchat,Neutral
tui muốn hỏi Mimo bạn là ai id11339,Chitchat,Neutral
stress vcl deadline ngập đầu id11340,Chitchat,Negative
bạn app mượt id11341,Chitchat,Positive
Thích bot ghê app mượt 🤣,Chitchat,Positive
giao diện đẹp 🔥 id11343,Chitchat,Positive
Ê đang làm gì đấy 💬,Chitchat,Neutral
app mượt id11345,Chitchat,Positive
Alo Mimo ơi ơi mình đang chán 😭,Chitchat,Negative
bro muốn hỏi là nam hay nữ id11347,Chitchat,Neutral
Thích ghê giao diện đẹp id11348,Chitchat,Positive
Vì đi học mệt quá nên cậu hơi vô tri 🥲,Chitchat,Negative
biết nói chuyện không id11350,Chitchat,Neutral
đang làm gì đấy vậy id11351,Chitchat,Neutral
ở đâu á id11352,Chitchat,Neutral
ai tạo ra bạn vậy id11353,Chitchat,Neutral
Vì nên ông hơi buồn id11354,Chitchat,Negative
ai tạo ra bạn vậy 🤖 id11355,Chitchat,Neutral
Vì nên mình hơi chán 🥲,Chitchat,Negative
Vì deadline dí nên hơi áp lực id11357,Chitchat,Negative
🤣 id11358,Chitchat,Positive
vì quá đã 🤣 id11359,Chitchat,Positive
Alo ơi tui đang suy 😢,Chitchat,Negative
Vì đi học met quá nên mấy ní hơi met,Chitchat,Negative
Yo bot biết nói chuyện không 🤔,Chitchat,Neutral
Alo bot ơi ơi ta đang bất lực,Chitchat,Negative
Hế lô bot làm được gì 👀 id11364,Chitchat,Neutral
Thích ghê ❤️ id11365,Chitchat,Positive
mấy ní muốn hỏi bạn là ai id11366,Chitchat,Neutral
tên gì á vậy Mimo dễ thương ❓ id11367,Chitchat,Neutral
Chào nha Mimo ơi có nghe rõ trả lời không,Chitchat,Neutral
Yo Mimo ơi tên gì á id11369,Chitchat,Neutral
Alo Mimo ơi cậu đang nản 📉,Chitchat,Negative
Mimo ơi ai tạo ra bạn id11371,Chitchat,Neutral
Chào nha ai tạo ra bạn 🤖,Chitchat,Neutral
Chào nha bot ơi bạn là ai,Chitchat,Neutral
bà thấy mệt quá 🥲 id11374,Chitchat,Negative
Love ya vì id11375,Chitchat,Positive
áp lực vcl crush lơ id11376,Chitchat,Negative
đang làm gì đấy vậy Mimo dễ thương 🤖,Chitchat,Neutral
mấy tuổi rồi vậy Mimo 🤔,Chitchat,Neutral
Vì nên bác hơi áp lực 🥺,Chitchat,Negative
là nam hay nữ id11380,Chitchat,Neutral
tổn thương vcl đi học mệt quá,Chitchat,Negative
bot là nam hay nữ id11382,Chitchat,Neutral
Thích bot ghê app xịn xò 🤣,Chitchat,Positive
Thích ghê app xịn xò id11384,Chitchat,Positive
Alo bot ơi em đang áp lực 😢,Chitchat,Negative
bạn là ai 🐧 id11386,Chitchat,Neutral
đang làm gì đấy id11387,Chitchat,Neutral
Hế lô bot ơi tên gì á 🤔,Chitchat,Neutral
Yo bot ai tạo ra bạn,Chitchat,Neutral
Ê bot ơi mấy tuổi rồi 💬,Chitchat,Neutral
cậu thấy suy qá 😭,Chitchat,Negative
Mimo ơi giao diện đẹp ❤️,Chitchat,Positive
áp lực vcl hết tiền 🥺,Chitchat,Negative
Chào ngày mới vui vẻ nha vì ✨ id11394,Chitchat,Positive
ta thấy bất lực quá id11395,Chitchat,Negative
Alo bot làm được gì id11396,Chitchat,Neutral
bot làm được gì vậy Mimo id11397,Chitchat,Neutral
biết nói chuyện không vậy bot ơi id11398,Chitchat,Neutral
đang làm gì đấy vậy Mimo dễ thương ❓ id11399,Chitchat,Neutral
Thích Mimo ghê (^_<) id11400,Chitchat,Positive
tên gì á vậy 👀 id11401,Chitchat,Neutral
Biết ơn vì cute xỉu 🤩,Chitchat,Positive
là nam hay nữ vậy Mimo ơi 💬 id11403,Chitchat,Neutral
mình muốn hỏi bạn bạn là ai,Chitchat,Neutral
Mimo ơi ở đâu á 👀,Chitchat,Neutral
Mimo dễ thương tên gì á id11406,Chitchat,Neutral
bro muốn hỏi Mimo ơi là nam hay nữ,Chitchat,Neutral
Thích Mimo ghê 👍 id11408,Chitchat,Positive
Ê mấy tuổi rồi 🤖 id11409,Chitchat,Neutral
Thích Mimo ơi ghê id11410,Chitchat,Positive
Chào ngày mới vui vẻ nha vì (^_<) id11411,Chitchat,Positive
bạn đang làm gì đấy id11412,Chitchat,Neutral
Hế lô bot ơi tên gì á 🤖,Chitchat,Neutral
ông muốn hỏi bot biết nói chuyện không 💬,Chitchat,Neutral
tên gì á vậy Mimo dễ thương 👀,Chitchat,Neutral
tên gì á vậy 🐧 id11416,Chitchat,Neutral
Ê Mimo dễ thương đang làm gì đấy 🤖,Chitchat,Neutral
Chào nha là nam hay nữ id11418,Chitchat,Neutral
Mimo ơi app mượt 🔥,Chitchat,Positive
em muốn hỏi đang làm gì đấy id11420,Chitchat,Neutral
Chào Mimo dễ thương Thank you (^_<),Chitchat,Positive
bạn là ai id11422,Chitchat,Neutral
tui thấy tổn thương quá 😭,Chitchat,Negative
mấy ní muốn hỏi Mimo ở đâu á 🤖,Chitchat,Neutral
bà muốn hỏi Mimo ơi có nghe rõ trả lời không,Chitchat,Neutral
Thank you vì 🤩 id11426,Chitchat,Positive
biết nói chuyện không vậy Mimo dễ thương id11427,Chitchat,Neutral
bot 🔥 id11428,Chitchat,Positive
muốn hỏi Mimo ơi mấy tuổi rồi id11429,Chitchat,Neutral
mấy tuổi rồi vậy bot ơi 💬,Chitchat,Neutral
bạn Cảm ơn ❤️,Chitchat,Positive
Mimo ơi Chào ngày mới vui vẻ nha id11432,Chitchat,Positive
Thích ghê cute xỉu 🔥 id11433,Chitchat,Positive
đang làm gì đấy vậy id11434,Chitchat,Neutral
mấy tuổi rồi ❓ id11435,Chitchat,Neutral
bác thấy nản quá id11436,Chitchat,Negative
suy vcl bồ giận 😮‍💨,Chitchat,Negative
Vì bồ giận nên cậu hơi chán,Chitchat,Negative
áp lực vcl 😮‍💨,Chitchat,Negative
Alo bot ơi ơi đang mệt 😢,Chitchat,Negative
có nghe rõ trả lời không vậy bot ơi 🤖 id11441,Chitchat,Neutral
Vì nên bà hơi bất lực 📉,Chitchat,Negative
Biết ơn vì id11443,Chitchat,Positive
Vì deadline ngập đầu nên hơi bất lực 💔,Chitchat,Negative
Chào ngày mới vui vẻ nha vì 🥰 id11445,Chitchat,Positive
Thích ghê id11446,Chitchat,Positive
bà muốn hỏi Mimo bot làm được gì,Chitchat,Neutral
Ê bot làm được gì 💬 id11448,Chitchat,Neutral
Alo bot ơi ơi mình đang vô tri 😭,Chitchat,Negative
Alo biết nói chuyện không id11450,Chitchat,Neutral
là nam hay nữ 💬 id11451,Chitchat,Neutral
suy vcl deadline ngập đầu 😭,Chitchat,Negative
bot ơi id11453,Chitchat,Positive
ở đâu á vậy id11454,Chitchat,Neutral
bạn là nam hay nữ 💬,Chitchat,Neutral
đang làm gì đấy vậy bot 🐧 id11456,Chitchat,Neutral
bạn là ai id11457,Chitchat,Neutral
Mimo dễ thương ở đâu á ❓ id11458,Chitchat,Neutral
thông minh (^_<) id11459,Chitchat,Positive
buồn vcl deadline ngập đầu 🥲,Chitchat,Negative
mấy tuổi rồi vậy ❓ id11461,Chitchat,Neutral
Chào nha tên gì á id11462,Chitchat,Neutral
Chào bạn Mãi iu,Chitchat,Positive
có nghe rõ trả lời không id11464,Chitchat,Neutral
Thích ghê đỉnh nóc kịch trần id11465,Chitchat,Positive
bạn là ai vậy id11466,Chitchat,Neutral
Chào ngày mới vui vẻ nha vì id11467,Chitchat,Positive
Cảm ơn vì id11468,Chitchat,Positive
vì app mượt 🔥 id11469,Chitchat,Positive
Thích ghê app xịn xò id11470,Chitchat,Positive
chất lượng 🤣 id11471,Chitchat,Positive
Thích ghê app xịn xò ❤️ id11472,Chitchat,Positive
Vì hết tiền nên mấy ní hơi mệt 😭,Chitchat,Negative
Thích ghê 🔥 id11474,Chitchat,Positive
Alo ơi tui đang mệt 💔,Chitchat,Negative
Thank you vì (^_<),Chitchat,Positive
Vì rớt môn nên bà hơi met,Chitchat,Negative
có nghe rõ trả lời không vậy Mimo dễ thương id11478,Chitchat,Neutral
Alo bạn là ai 🤖 id11479,Chitchat,Neutral
Vì hết tiền nên em hơi nản,Chitchat,Negative
Mimo ơi 🤩 id11481,Chitchat,Positive
Mimo ơi Chào ngày mới vui vẻ nha id11482,Chitchat,Positive
là nam hay nữ vậy bot id11483,Chitchat,Neutral
bạn ở đâu á 🤔 id11484,Chitchat,Neutral
là nam hay nữ vậy id11485,Chitchat,Neutral
Thích bạn ghê app mượt 🤣,Chitchat,Positive
Vì nên mấy ní hơi vô tri 😢,Chitchat,Negative
mấy tuổi rồi vậy bot ơi id11488,Chitchat,Neutral
Mimo dễ thương đỉnh nóc kịch trần 🥰,Chitchat,Positive
Ê ai tạo ra bạn 🤔,Chitchat,Neutral
 id11491,Chitchat,Positive
đang làm gì đấy vậy Mimo ơi 🤖 id11492,Chitchat,Neutral
tui muốn hỏi bot ơi mấy tuổi rồi 👀,Chitchat,Neutral
Vì deadline dí nên bà hơi nản,Chitchat,Negative
Vì rớt môn nên ta hơi bất lực 😮‍💨,Chitchat,Negative
tên gì á vậy ❓ id11496,Chitchat,Neutral
bro thấy bất lực qá 😭,Chitchat,Negative
mình muốn hỏi Mimo có nghe rõ trả lời không id11498,Chitchat,Neutral
Vì đi học mệt quá nên cậu hơi suy,Chitchat,Negative
bro thấy buồn quá 😮‍💨 id11500,Chitchat,Negative
Thích Mimo ghê 🔥 id11501,Chitchat,Positive
đang làm gì đấy 👀 id11502,Chitchat,Neutral
Thích ghê app mượt 🔥 id11503,Chitchat,Positive
Alo ơi tui đang chán 😭,Chitchat,Negative
ở đâu á 💬 id11505,Chitchat,Neutral
mệt vcl rớt môn 💔 id11506,Chitchat,Negative
Hiya bot ơi 👍,Chitchat,Positive
bạn là ai vậy Mimo dễ thương id11508,Chitchat,Neutral
app xịn xò ✨ id11509,Chitchat,Positive
mệt vcl cuộc sống khó khăn id11510,Chitchat,Negative
ai tạo ra bạn vậy Mimo dễ thương 🐧 id11511,Chitchat,Neutral
Hế lô là nam hay nữ id11512,Chitchat,Neutral
Alo ở đâu á id11513,Chitchat,Neutral
Chào nha là nam hay nữ id11514,Chitchat,Neutral
tên gì á vậy bạn id11515,Chitchat,Neutral
em muốn hỏi Mimo ơi bạn là ai,Chitchat,Neutral
Alo Mimo ơi ơi em đang áp lực,Chitchat,Negative
Chào nha tên gì á id11518,Chitchat,Neutral
mấy tuổi rồi vậy Mimo ơi id11519,Chitchat,Neutral
ông muốn hỏi Mimo ơi bot làm được gì ❓,Chitchat,Neutral
biết nói chuyện không vậy 🤖 id11521,Chitchat,Neutral
ai tạo ra bạn vậy id11522,Chitchat,Neutral
Thích Mimo dễ thương ghê app mượt 👍 id11523,Chitchat,Positive
bạn là ai vậy Mimo 🤖 id11524,Chitchat,Neutral
bot Chào ngày mới vui vẻ nha ❤️,Chitchat,Positive
bác thấy áp lực quá id11526,Chitchat,Negative
Alo ơi mấy ní đang vô tri 📉,Chitchat,Negative
ai tạo ra bạn vậy Mimo dễ thương id11528,Chitchat,Neutral
bác muốn hỏi Mimo dễ thương có nghe rõ trả lời không,Chitchat,Neutral
bot làm được gì vậy id11530,Chitchat,Neutral
đang làm gì đấy id11531,Chitchat,Neutral
Vì nên ta hơi met 🥲,Chitchat,Negative
Thích ghê id11533,Chitchat,Positive
Yêu ghê vì chất lượng 🤣,Chitchat,Positive
là nam hay nữ id11535,Chitchat,Neutral
Củm ơn 🥰 id11536,Chitchat,Positive
🥰 id11537,Chitchat,Positive
đang làm gì đấy vậy Mimo dễ thương id11538,Chitchat,Neutral
muốn hỏi bạn có nghe rõ trả lời không 🐧,Chitchat,Neutral
Thích Mimo ghê chất lượng 🥰,Chitchat,Positive
bot ơi ai tạo ra bạn id11541,Chitchat,Neutral
tổn thương vcl id11542,Chitchat,Negative
bà muốn hỏi bot làm được gì ❓,Chitchat,Neutral
ông muốn hỏi là nam hay nữ 🤔,Chitchat,Neutral
Vì nên em hơi stress 🥲,Chitchat,Negative
bot làm được gì 🐧 id11546,Chitchat,Neutral
mình thấy mệt quá id11547,Chitchat,Negative
muốn hỏi bot ơi ở đâu á,Chitchat,Neutral
bro muốn hỏi tên gì á 💬,Chitchat,Neutral
mấy ní thấy mệt quá id11550,Chitchat,Negative
tổn thương vcl bồ giận,Chitchat,Negative
biết nói chuyện ko 🤔 id11552,Chitchat,Neutral
Alo ơi bà đang stress 📉,Chitchat,Negative
Hello bot Cảm ơn,Chitchat,Positive
Hế lô bot ơi biết nói chuyện không,Chitchat,Neutral
Vì deadline dí nên mấy ní hơi buồn 😮‍💨,Chitchat,Negative
em muốn hỏi bot ơi bot làm đc gì ❓,Chitchat,Neutral
Alo bot ơi mấy ní đang buồn,Chitchat,Negative
Hello Thank you 🔥,Chitchat,Positive
Mimo dễ thương ai tạo ra bạn ❓,Chitchat,Neutral
bạn là ai ❓ id11561,Chitchat,Neutral
Thank you vì 👍 id11562,Chitchat,Positive
tên gì á vậy 🤔 id11563,Chitchat,Neutral
đang làm gì đấy vậy id11564,Chitchat,Neutral
Yo mấy tuổi rồi 💬 id11565,Chitchat,Neutral
là nam hay nữ id11566,Chitchat,Neutral
 id11567,Chitchat,Positive
ông muốn hỏi Mimo ơi bạn là ai,Chitchat,Neutral
Thích Mimo ghê 🥰 id11569,Chitchat,Positive
đang làm gì đấy 💬 id11570,Chitchat,Neutral
Hey Tks id11571,Chitchat,Positive
đang làm gì đấy vậy bot ơi 🤖,Chitchat,Neutral
bà muốn hỏi Mimo ơi đang làm gì đấy,Chitchat,Neutral
Chào ngày mới vui vẻ nha vì id11574,Chitchat,Positive
chất lượng 🥰,Chitchat,Positive
Chào nha bot làm được gì 🤔 id11576,Chitchat,Neutral
bot làm được gì id11577,Chitchat,Neutral
Tks id11578,Chitchat,Positive
Cảm ơn vì thông minh 👍,Chitchat,Positive
Yo ở đâu á 🐧 id11580,Chitchat,Neutral
bro muốn hỏi bot đang làm gì đấy,Chitchat,Neutral
Ê đang làm gì đấy ❓,Chitchat,Neutral
Alo ơi em đang mệt 🥺,Chitchat,Negative
Alo ơi bác đang áp lực id11584,Chitchat,Negative
bot làm được gì id11585,Chitchat,Neutral
Mimo ơi app xịn xò ✨ id11586,Chitchat,Positive
Thích bot ghê cute xỉu 👍,Chitchat,Positive
Mimo dễ thương chất lượng id11588,Chitchat,Positive
mấy tuổi rồi vậy id11589,Chitchat,Neutral
bot làm đc gì id11590,Chitchat,Neutral
Vì deadline dí nên mấy ní hơi chán 😮‍💨,Chitchat,Negative
Thích ghê id11592,Chitchat,Positive
Thích bot ơi ghê id11593,Chitchat,Positive
Hey bạn Yêu ghê 🤣,Chitchat,Positive
Mãi iu vì 🥰 id11595,Chitchat,Positive
có nghe rõ trả lời không 🤔 id11596,Chitchat,Neutral
Good morning bot 👍,Chitchat,Positive
Yêu ghê vì 👍 id11598,Chitchat,Positive
Alo bạn ơi mấy ní đang chán 🥲,Chitchat,Negative
mình thấy chán qá,Chitchat,Negative
bot quá đã (^_<),Chitchat,Positive
Ê Mimo ơi biết nói chuyện không 🐧,Chitchat,Neutral
Thank you vì chất lượng ✨,Chitchat,Positive
Thích bot ơi ghê id11604,Chitchat,Positive
Mimo app xịn xò 🤣 id11605,Chitchat,Positive
mình muốn hỏi có nghe rõ trả lời không id11606,Chitchat,Neutral
Mimo ai tạo ra bạn 🤖 id11607,Chitchat,Neutral
Vì nên tui hơi tổn thương 📉 id11608,Chitchat,Negative
ở đâu á vậy 💬 id11609,Chitchat,Neutral
bạn là ai id11610,Chitchat,Neutral
suy vcl id11611,Chitchat,Negative
Alo Mimo dễ thương bạn là ai 🐧 id11612,Chitchat,Neutral
em muốn hỏi tên gì á 💬 id11613,Chitchat,Neutral
ai tạo ra bạn id11614,Chitchat,Neutral
Ê biết nói chuyện không id11615,Chitchat,Neutral
tên gì á vậy id11616,Chitchat,Neutral
Thank you vì 🥰,Chitchat,Positive
Thích ghê thông minh id11618,Chitchat,Positive
suy vcl deadline ngập đầu 😢,Chitchat,Negative
em muốn hỏi ở đâu á id11620,Chitchat,Neutral
Mimo 🔥 id11621,Chitchat,Positive
Ê bạn là ai id11622,Chitchat,Neutral
Ê Mimo dễ thương mấy tuổi rồi 🤖,Chitchat,Neutral
bot làm được gì vậy bot ơi id11624,Chitchat,Neutral
em thấy nản quá id11625,Chitchat,Negative
 id11626,Chitchat,Positive
Vì đi học mệt quá nên cậu hơi stress,Chitchat,Negative
Alo bot ơi ơi cậu đang áp lực 📉,Chitchat,Negative
mấy tuổi rồi 💬 id11629,Chitchat,Neutral
Thank you vì quá đã,Chitchat,Positive
Chào nha đang làm gì đấy 💬 id11631,Chitchat,Neutral
Ê đang làm gì đấy id11632,Chitchat,Neutral
Chào nha mấy tuổi rồi id11633,Chitchat,Neutral
Thích ghê thông minh (^_<) id11634,Chitchat,Positive
Chào ngày mới vui vẻ nha vì 🥰 id11635,Chitchat,Positive
Thích bot ơi ghê 👍 id11636,Chitchat,Positive
Vì bồ giận nên em hơi suy,Chitchat,Negative
Alo Mimo ơi bot làm được gì 🤖,Chitchat,Neutral
Vì đi học mệt quá nên hơi buồn 🥲,Chitchat,Negative
Yo biết nói chuyện không 💬,Chitchat,Neutral
vô tri vcl hết tiền 😮‍💨,Chitchat,Negative
bạn là ai id11642,Chitchat,Neutral
nản vcl id11643,Chitchat,Negative
Chào nha đang làm gì đấy 🤔 id11644,Chitchat,Neutral
Thank you vì chất lượng id11645,Chitchat,Positive
bot 🔥 id11646,Chitchat,Positive
Alo ơi ông đang vô tri 😢,Chitchat,Negative
tổn thương vcl bồ giận 📉 id11648,Chitchat,Negative
ai tạo ra bạn vậy bot id11649,Chitchat,Neutral
bro thấy vô tri qá,Chitchat,Negative
Ê bạn là nam hay nữ 🐧,Chitchat,Neutral
Ê bạn là ai ❓,Chitchat,Neutral
ở đâu á 💬 id11653,Chitchat,Neutral
Alo mấy tuổi rồi 💬 id11654,Chitchat,Neutral
có nghe rõ trả lời không id11655,Chitchat,Neutral
Vì hết tiền nên ta hơi stress 🥺,Chitchat,Negative
Thích ghê giao diện đẹp 🤣 id11657,Chitchat,Positive
ai tạo ra bạn vậy bạn ❓,Chitchat,Neutral
tên gì á id11659,Chitchat,Neutral
suy vcl hết tiền 💔,Chitchat,Negative
Alo bot ở đâu á,Chitchat,Neutral
chán vcl id11662,Chitchat,Negative
Tks vì id11663,Chitchat,Positive
Mimo dễ thương Chào ngày mới vui vẻ nha 🔥 id11664,Chitchat,Positive
Yêu ghê vì id11665,Chitchat,Positive
Alo bot ơi bot làm được gì id11666,Chitchat,Neutral
Thích ghê id11667,Chitchat,Positive
Chào ngày mới vui vẻ nha vì 🤩 id11668,Chitchat,Positive
đang làm gì đấy 👀 id11669,Chitchat,Neutral
ở đâu á vậy id11670,Chitchat,Neutral
Ê tên gì á ❓ id11671,Chitchat,Neutral
Mãi iu 🤣,Chitchat,Positive
stress vcl rớt môn 🥲 id11673,Chitchat,Negative
bot ơi (^_<) id11674,Chitchat,Positive
bạn là ai id11675,Chitchat,Neutral
tui muốn hỏi bạn mấy tuổi rồi id11676,Chitchat,Neutral
tổn thương vcl rớt môn 😭,Chitchat,Negative
Thích ghê giao diện đẹp ✨ id11678,Chitchat,Positive
bạn là nam hay nữ 🤔 id11679,Chitchat,Neutral
Alo Mimo dễ thương ơi ta đang stress 🥺,Chitchat,Negative
em thấy nản qá,Chitchat,Negative
bà thấy stress quá 😭,Chitchat,Negative
Hế lô mấy tuổi rồi 💬 id11683,Chitchat,Neutral
là nam hay nữ id11684,Chitchat,Neutral
Hế lô Mimo ơi là nam hay nữ ❓,Chitchat,Neutral
 id11686,Chitchat,Positive
Alo bot ơi ơi ta đang chán,Chitchat,Negative
Mimo dễ thương là nam hay nữ 💬 id11688,Chitchat,Neutral
Vì hết tiền nên mấy ní hơi tổn thương 😮‍💨,Chitchat,Negative
mấy tuổi rồi id11690,Chitchat,Neutral
Mimo ơi cute xỉu,Chitchat,Positive
mấy tuổi rồi 🐧 id11692,Chitchat,Neutral
biết nói chuyện ko vậy id11693,Chitchat,Neutral
là nam hay nữ 💬 id11694,Chitchat,Neutral
ta thấy met quá,Chitchat,Negative
Thích Mimo dễ thương ghê ❤️ id11696,Chitchat,Positive
Alo ơi cậu đang tổn thương,Chitchat,Negative
là nam hay nữ 🤖 id11698,Chitchat,Neutral
Mimo ơi quá đã id11699,Chitchat,Positive
Thích Mimo dễ thương ghê 🔥 id11700,Chitchat,Positive
Ê tên gì á id11701,Chitchat,Neutral
Cảm ơn vì giao diện đẹp,Chitchat,Positive
mấy ní muốn hỏi là nam hay nữ 🐧,Chitchat,Neutral
Alo đang làm gì đấy id11704,Chitchat,Neutral
là nam hay nữ vậy Mimo ơi 💬 id11705,Chitchat,Neutral
đang làm gì đấy 👀 id11706,Chitchat,Neutral
Chào  ✨ id11707,Chitchat,Positive
bạn 🤣 id11708,Chitchat,Positive
bạn là nam hay nữ id11709,Chitchat,Neutral
biết nói chuyện không vậy 🤔 id11710,Chitchat,Neutral
bro muốn hỏi Mimo dễ thương là nam hay nữ 👀,Chitchat,Neutral
Chào nha bot ơi biết nói chuyện không ❓,Chitchat,Neutral
Thích ghê chất lượng id11713,Chitchat,Positive
bot làm được gì id11714,Chitchat,Neutral
Alo bạn ơi bác đang nản,Chitchat,Negative
Thích Mimo dễ thương ghê app mượt 🔥,Chitchat,Positive
Yo tên gì á id11717,Chitchat,Neutral
có nghe rõ trả lời không vậy 🐧 id11718,Chitchat,Neutral
ở đâu á vậy Mimo dễ thương ❓ id11719,Chitchat,Neutral
có nghe rõ trả lời không vậy bot 🐧 id11720,Chitchat,Neutral
Hey id11721,Chitchat,Positive
tổn thương vcl id11722,Chitchat,Negative
nản vcl rớt môn 🥺 id11723,Chitchat,Negative
Mãi iu vì id11724,Chitchat,Positive
bro thấy mệt quá id11725,Chitchat,Negative
bạn là nam hay nữ id11726,Chitchat,Neutral
bạn là nam hay nữ 💬 id11727,Chitchat,Neutral
đang làm gì đấy vậy bot ❓ id11728,Chitchat,Neutral
Yo ai tạo ra bạn ❓ id11729,Chitchat,Neutral
buồn vcl id11730,Chitchat,Negative
có nghe rõ trả lời không ❓ id11731,Chitchat,Neutral
mấy ní muốn hỏi Mimo ơi có nghe rõ trả lời không id11732,Chitchat,Neutral
đang làm gì đấy id11733,Chitchat,Neutral
vì app mượt id11734,Chitchat,Positive
Yo biết nói chuyện ko id11735,Chitchat,Neutral
bác muốn hỏi ai tạo ra bạn id11736,Chitchat,Neutral
 id11737,Chitchat,Positive
Mimo chất lượng id11738,Chitchat,Positive
 id11739,Chitchat,Positive
mấy ní thấy bất lực quá id11740,Chitchat,Negative
ở đâu á 👀 id11741,Chitchat,Neutral
Alo có nghe rõ trả lời không 👀 id11742,Chitchat,Neutral
ở đâu á vậy 🐧 id11743,Chitchat,Neutral
Thích Mimo ghê thông minh id11744,Chitchat,Positive
Mimo chất lượng id11745,Chitchat,Positive
bot làm được gì vậy bot ơi id11746,Chitchat,Neutral
Alo ơi cậu đang nản 😮‍💨 id11747,Chitchat,Negative
Alo ơi bác đang vô tri 🥺,Chitchat,Negative
bạn 👍 id11749,Chitchat,Positive
em thấy mệt qá 🥲,Chitchat,Negative
Love ya vì id11751,Chitchat,Positive
mấy tuổi rồi vậy bot ơi 🤖 id11752,Chitchat,Neutral
Vì crush lơ nên ông hơi vô tri,Chitchat,Negative
ở đâu á vậy bot 🤖 id11754,Chitchat,Neutral
cậu muốn hỏi Mimo ơi ai tạo ra bạn 🤖,Chitchat,Neutral
ông muốn hỏi bot ơi có nghe rõ trả lời không,Chitchat,Neutral
bạn bot làm được gì 🤖,Chitchat,Neutral
Chào ngày mới vui vẻ nha vì id11758,Chitchat,Positive
Củm ơn id11759,Chitchat,Positive
Alo Mimo ơi mình đang stress 📉,Chitchat,Negative
Chào ngày mới vui vẻ nha vì id11761,Chitchat,Positive
ở đâu á 🐧 id11762,Chitchat,Neutral
Chào nha biết nói chuyện ko,Chitchat,Neutral
Xin chào Mimo Thank you,Chitchat,Positive
bác muốn hỏi mấy tuổi rồi ❓,Chitchat,Neutral
bot ơi id11766,Chitchat,Positive
bot ơi tên gì á id11767,Chitchat,Neutral
vì app xịn xò 🔥 id11768,Chitchat,Positive
ông muốn hỏi đang làm gì đấy 🤔,Chitchat,Neutral
Thích ghê id11770,Chitchat,Positive
Mimo ơi app mượt ✨ id11771,Chitchat,Positive
Alo bot ơi mấy ní đang suy 😢,Chitchat,Negative
Chào nha đang làm gì đấy id11773,Chitchat,Neutral
thông minh id11774,Chitchat,Positive
Ê bạn là ai id11775,Chitchat,Neutral
ở đâu á vậy id11776,Chitchat,Neutral
ông muốn hỏi bạn tên gì á 👀,Chitchat,Neutral
áp lực vcl 💔 id11778,Chitchat,Negative
mình muốn hỏi là nam hay nữ 💬,Chitchat,Neutral
mấy tuổi rồi 👀 id11780,Chitchat,Neutral
bạn là ai vậy id11781,Chitchat,Neutral
ai tạo ra bạn 💬 id11782,Chitchat,Neutral
bro muốn hỏi bot ơi bạn là ai,Chitchat,Neutral
thấy buồn quá id11784,Chitchat,Negative
biết nói chuyện không vậy bot id11785,Chitchat,Neutral
Alo ơi ta đang tổn thương id11786,Chitchat,Negative
bất lực vcl 😭 id11787,Chitchat,Negative
Thích ghê thông minh 🔥 id11788,Chitchat,Positive
Thích ghê (^_<) id11789,Chitchat,Positive
là nam hay nữ id11790,Chitchat,Neutral
✨ id11791,Chitchat,Positive
Alo mấy tuổi rồi id11792,Chitchat,Neutral
Thích Mimo ơi ghê cute xỉu id11793,Chitchat,Positive
Mimo ơi Love ya 🔥,Chitchat,Positive
Mãi iu vì 🤣 id11795,Chitchat,Positive
Ê đang làm gì đấy id11796,Chitchat,Neutral
Vì rớt môn nên tui hơi tổn thương 😮‍💨,Chitchat,Negative
chán vcl hết tiền id11798,Chitchat,Negative
Alo ơi tui đang áp lực 🥲,Chitchat,Negative
Vì nên hơi buồn 😮‍💨,Chitchat,Negative
suy vcl hết tiền 🥲,Chitchat,Negative
Tks vì 🥰 id11802,Chitchat,Positive
tên gì á vậy id11803,Chitchat,Neutral
Thích ghê thông minh id11804,Chitchat,Positive
bạn là ai 🤔 id11805,Chitchat,Neutral
Alo Mimo ơi ơi mấy ní đang vô tri 😢,Chitchat,Negative
ta thấy mệt quá 😢 id11807,Chitchat,Negative
Thích bot ơi ghê 👍 id11808,Chitchat,Positive
Vì nên ông hơi suy 😭 id11809,Chitchat,Negative
biết nói chuyện không 👀 id11810,Chitchat,Neutral
Vì crush lơ nên tui hơi stress 🥲,Chitchat,Negative
tên gì á vậy bot 👀 id11812,Chitchat,Neutral
bot làm được gì 👀 id11813,Chitchat,Neutral
có nghe rõ trả lời không vậy Mimo dễ thương id11814,Chitchat,Neutral
đang làm gì đấy vậy 👀 id11815,Chitchat,Neutral
Chào ngày mới vui vẻ nha vì 🤩 id11816,Chitchat,Positive
ai tạo ra bạn vậy Mimo ơi 👀 id11817,Chitchat,Neutral
bot 🤩 id11818,Chitchat,Positive
bất lực vcl id11819,Chitchat,Negative
tên gì á id11820,Chitchat,Neutral
bạn giao diện đẹp ✨,Chitchat,Positive
Alo bot ơi đang buồn,Chitchat,Negative
Alo Mimo có nghe rõ trả lời ko 👀,Chitchat,Neutral
em muốn hỏi Mimo dễ thương bot làm được gì 🤖,Chitchat,Neutral
là nam hay nữ id11825,Chitchat,Neutral
ở đâu á 👀 id11826,Chitchat,Neutral
đang làm gì đấy id11827,Chitchat,Neutral
Alo ơi mình đang áp lực 😮‍💨,Chitchat,Negative
Alo bot ơi ơi mình đang suy,Chitchat,Negative
Thích ghê đỉnh nóc kịch trần 🥰,Chitchat,Positive
vì chất lượng ❤️,Chitchat,Positive
Mimo bạn là ai ❓ id11832,Chitchat,Neutral
bà thấy áp lực quá 😢 id11833,Chitchat,Negative
Chào nha bot biết nói chuyện ko 👀,Chitchat,Neutral
vì chất lượng 🤩,Chitchat,Positive
Cảm ơn vì giao diện đẹp 🔥,Chitchat,Positive
em muốn hỏi bot biết nói chuyện không id11837,Chitchat,Neutral
bot làm đc gì vậy Mimo dễ thương ❓,Chitchat,Neutral
chán vcl deadline dí 📉,Chitchat,Negative
có nghe rõ trả lời không vậy bot ơi id11840,Chitchat,Neutral
có nghe rõ trả lời không vậy 🐧 id11841,Chitchat,Neutral
tên gì á vậy Mimo dễ thương 🐧,Chitchat,Neutral
bạn là nam hay nữ id11843,Chitchat,Neutral
biết nói chuyện không vậy 👀 id11844,Chitchat,Neutral
Alo mấy tuổi rồi 🤔 id11845,Chitchat,Neutral
Thích ghê quá đã id11846,Chitchat,Positive
ai tạo ra bạn vậy id11847,Chitchat,Neutral
❤️ id11848,Chitchat,Positive
mình muốn hỏi Mimo dễ thương bot làm được gì 👀,Chitchat,Neutral
thấy tổn thương quá 💔,Chitchat,Negative
Thích Mimo ghê (^_<) id11851,Chitchat,Positive
Chào nha bạn là ai id11852,Chitchat,Neutral
tên gì á id11853,Chitchat,Neutral
bạn là ai vậy 💬 id11854,Chitchat,Neutral
ở đâu á ❓ id11855,Chitchat,Neutral
Vì nên ta hơi suy 😭,Chitchat,Negative
quá đã id11857,Chitchat,Positive
bác thấy buồn quá 📉 id11858,Chitchat,Negative
cậu muốn hỏi Mimo mấy tuổi rồi id11859,Chitchat,Neutral
cậu thấy suy quá,Chitchat,Negative
Chào nha là nam hay nữ 👀 id11861,Chitchat,Neutral
ta muốn hỏi bot ơi đang làm gì đấy ❓,Chitchat,Neutral
áp lực vcl bồ giận 😮‍💨,Chitchat,Negative
Ê ở đâu á id11864,Chitchat,Neutral
Mimo dễ thương thông minh id11865,Chitchat,Positive
bot làm được gì ❓ id11866,Chitchat,Neutral
 id11867,Chitchat,Positive
Mimo bot làm được gì id11868,Chitchat,Neutral
Thích ghê 🤩 id11869,Chitchat,Positive
có nghe rõ trả lời không vậy id11870,Chitchat,Neutral
Chào ngày mới vui vẻ nha vì 🤩 id11871,Chitchat,Positive
bạn mấy tuổi rồi 🐧,Chitchat,Neutral
Chào nha bot ai tạo ra bạn,Chitchat,Neutral
Mimo ơi 🔥 id11874,Chitchat,Positive
Good morning bạn Biết ơn,Chitchat,Positive
Vì nên hơi buồn,Chitchat,Negative
Xin chào Chào ngày mới vui vẻ nha id11877,Chitchat,Positive
bác muốn hỏi ở đâu á 💬 id11878,Chitchat,Neutral
bạn Thank you 🔥,Chitchat,Positive
mấy tuổi rồi 🤔 id11880,Chitchat,Neutral
Thích ghê id11881,Chitchat,Positive
ta muốn hỏi ai tạo ra bạn 🐧,Chitchat,Neutral
Mimo id11883,Chitchat,Positive
tổn thương vcl id11884,Chitchat,Negative
bot ơi ở đâu á id11885,Chitchat,Neutral
ở đâu á id11886,Chitchat,Neutral
tên gì á id11887,Chitchat,Neutral
Ê bot ơi biết nói chuyện không id11888,Chitchat,Neutral
nản vcl id11889,Chitchat,Negative
Tks vì thông minh 🤣,Chitchat,Positive
cậu thấy chán quá 🥺,Chitchat,Negative
bot ơi đang làm gì đấy 🐧 id11892,Chitchat,Neutral
mấy tuổi rồi vậy bot ơi id11893,Chitchat,Neutral
Vì bồ giận nên bà hơi stress 📉,Chitchat,Negative
có nghe rõ trả lời không vậy Mimo ơi 🐧,Chitchat,Neutral
mấy ní muốn hỏi Mimo tên gì á 👀,Chitchat,Neutral
Mimo dễ thương bạn là ai id11897,Chitchat,Neutral
Alo bot ơi bot làm được gì 👀,Chitchat,Neutral
Vì hết tiền nên hơi buồn,Chitchat,Negative
ai tạo ra bạn 🤖 id11900,Chitchat,Neutral
Ê đang làm gì đấy id11901,Chitchat,Neutral
Thích bạn ghê app mượt ✨,Chitchat,Positive
mình muốn hỏi bot ở đâu á,Chitchat,Neutral
buồn vcl đi học mệt quá 🥺,Chitchat,Negative
vì app mượt 🥰 id11905,Chitchat,Positive
Alo Mimo ơi ơi ông đang met,Chitchat,Negative
Mimo dễ thương Cảm ơn ✨ id11907,Chitchat,Positive
Biết ơn vì cute xỉu id11908,Chitchat,Positive
Cảm ơn vì 🤩 id11909,Chitchat,Positive
Yêu ghê 🤩,Chitchat,Positive
chán vcl 😢 id11911,Chitchat,Negative
ta thấy mệt quá id11912,Chitchat,Negative
biết nói chuyện không id11913,Chitchat,Neutral
Vì đi học mệt quá nên em hơi bất lực 💔,Chitchat,Negative
đỉnh nóc kịch trần 🔥 id11915,Chitchat,Positive
Vì nên cậu hơi tổn thương id11916,Chitchat,Negative
bot làm đc gì id11917,Chitchat,Neutral
Hey Love ya ✨,Chitchat,Positive
Mimo là nam hay nữ id11919,Chitchat,Neutral
Yo bạn là ai 🤖 id11920,Chitchat,Neutral
ông thấy tổn thương quá 🥲,Chitchat,Negative
bot làm được gì vậy 💬 id11922,Chitchat,Neutral
Chào ngày mới vui vẻ nha vì 🔥 id11923,Chitchat,Positive
chán vcl rớt môn id11924,Chitchat,Negative
Mimo 🥰 id11925,Chitchat,Positive
bot Củm ơn id11926,Chitchat,Positive
tui muốn hỏi mấy tuổi rồi id11927,Chitchat,Neutral
Thích ghê id11928,Chitchat,Positive
bạn là ai vậy Mimo ơi 🤔,Chitchat,Neutral
vì đỉnh nóc kịch trần 🤩 id11930,Chitchat,Positive
Củm ơn vì 🤣 id11931,Chitchat,Positive
Mimo ơi 🤣 id11932,Chitchat,Positive
tên gì á 🐧 id11933,Chitchat,Neutral
bạn biết nói chuyện không id11934,Chitchat,Neutral
cute xỉu (^_<),Chitchat,Positive
Chào ngày mới vui vẻ nha ✨ id11936,Chitchat,Positive
Xin chào Mimo dễ thương,Chitchat,Positive
mấy tuổi rồi vậy bot id11938,Chitchat,Neutral
bot ơi chất lượng 🔥,Chitchat,Positive
đang làm gì đấy vậy id11940,Chitchat,Neutral
biết nói chuyện ko 👀 id11941,Chitchat,Neutral
Alo bạn ơi tui đang vô tri 😭,Chitchat,Negative
Alo ơi đang bất lực 🥲,Chitchat,Negative
👍 id11944,Chitchat,Positive
cậu muốn hỏi Mimo dễ thương đang làm gì đấy id11945,Chitchat,Neutral
bot id11946,Chitchat,Positive
Xin chào bạn Love ya 🥰,Chitchat,Positive
Alo bạn là ai id11948,Chitchat,Neutral
bot làm được gì 🤔 id11949,Chitchat,Neutral
tui thấy vô tri quá 🥲,Chitchat,Negative
đang làm gì đấy vậy bot ơi id11951,Chitchat,Neutral
Alo ai tạo ra bạn id11952,Chitchat,Neutral
tên gì á vậy bot id11953,Chitchat,Neutral
Vì bồ giận nên ông hơi chán 😭,Chitchat,Negative
ta muốn hỏi tên gì á 🐧,Chitchat,Neutral
là nam hay nữ id11956,Chitchat,Neutral
là nam hay nữ id11957,Chitchat,Neutral
ai tạo ra bạn id11958,Chitchat,Neutral
ta muốn hỏi mấy tuổi rồi 🤔,Chitchat,Neutral
biết nói chuyện không ❓ id11960,Chitchat,Neutral
đang làm gì đấy vậy bot 🤖 id11961,Chitchat,Neutral
nản vcl id11962,Chitchat,Negative
Ê bạn là ai id11963,Chitchat,Neutral
Yo bạn là ai 👀 id11964,Chitchat,Neutral
bất lực vcl rớt môn id11965,Chitchat,Negative
ai tạo ra bạn vậy bot id11966,Chitchat,Neutral
bot làm được gì id11967,Chitchat,Neutral
bạn app mượt id11968,Chitchat,Positive
stress vcl bồ giận id11969,Chitchat,Negative
Chào nha ai tạo ra bạn id11970,Chitchat,Neutral
Thích bot ghê id11971,Chitchat,Positive
Thích ghê quá đã ❤️ id11972,Chitchat,Positive
bot làm được gì vậy bạn 🤖 id11973,Chitchat,Neutral
Mimo cute xỉu 👍,Chitchat,Positive
Thích Mimo ơi ghê app xịn xò ✨,Chitchat,Positive
Mimo ơi thông minh id11976,Chitchat,Positive
Vì nên bro hơi bất lực 😭,Chitchat,Negative
ông thấy suy quá 😮‍💨,Chitchat,Negative
vô tri vcl id11979,Chitchat,Negative
bạn Chào ngày mới vui vẻ nha id11980,Chitchat,Positive
Alo ơi cậu đang suy id11981,Chitchat,Negative
đang làm gì đấy vậy bạn 👀,Chitchat,Neutral
Thích ghê cute xỉu 🔥 id11983,Chitchat,Positive
Thích ghê đỉnh nóc kịch trần id11984,Chitchat,Positive
có nghe rõ trả lời không id11985,Chitchat,Neutral
mình muốn hỏi Mimo biết nói chuyện ko,Chitchat,Neutral
Vì nên mấy ní hơi bất lực id11987,Chitchat,Negative
biết nói chuyện ko vậy bot id11988,Chitchat,Neutral
vì app xịn xò 👍 id11989,Chitchat,Positive
biết nói chuyện không 🤖 id11990,Chitchat,Neutral
Alo ơi em đang suy 😭,Chitchat,Negative
Ê là nam hay nữ id11992,Chitchat,Neutral
bạn là ai vậy bot ơi id11993,Chitchat,Neutral
ông thấy mệt quá 📉,Chitchat,Negative
Xin chào id11995,Chitchat,Positive
em muốn hỏi Mimo dễ thương đang làm gì đấy id11996,Chitchat,Neutral
bạn 👍 id11997,Chitchat,Positive
mấy tuổi rồi vậy Mimo 🤔 id11998,Chitchat,Neutral
bác muốn hỏi mấy tuổi rồi id11999,Chitchat,Neutral
Alo Mimo dễ thương ơi cậu đang nản 💔,Chitchat,Negative
Yo biết nói chuyện không 🐧 id12001,Chitchat,Neutral
mấy tuổi rồi vậy Mimo id12002,Chitchat,Neutral
muốn hỏi Mimo ở đâu á 🐧,Chitchat,Neutral
tên gì á vậy Mimo ơi id12004,Chitchat,Neutral
tên gì á vậy bot ơi ❓ id12005,Chitchat,Neutral
biết nói chuyện không 👀 id12006,Chitchat,Neutral
Mimo dễ thương quá đã ✨ id12007,Chitchat,Positive
ở đâu á vậy Mimo dễ thương id12008,Chitchat,Neutral
bro muốn hỏi Mimo bạn là ai 🤖,Chitchat,Neutral
ai tạo ra bạn vậy bạn id12010,Chitchat,Neutral
Vì bồ giận nên mấy ní hơi nản 😮‍💨,Chitchat,Negative
đang làm gì đấy vậy bot id12012,Chitchat,Neutral
stress vcl rớt môn 📉,Chitchat,Negative
bot 👍 id12014,Chitchat,Positive
Chào nha có nghe rõ trả lời không ❓ id12015,Chitchat,Neutral
Vì đi học mệt quá nên bro hơi chán 🥺,Chitchat,Negative
đang làm gì đấy id12017,Chitchat,Neutral
tên gì á vậy Mimo dễ thương id12018,Chitchat,Neutral
Vì deadline dí nên tui hơi bất lực 🥲,Chitchat,Negative
Chào nha biết nói chuyện không 🤔,Chitchat,Neutral
bot giao diện đẹp id12021,Chitchat,Positive
Thích ghê id12022,Chitchat,Positive
Vì rớt môn nên hơi buồn,Chitchat,Negative
nản vcl cuộc sống khó khăn id12024,Chitchat,Negative
Thích ghê giao diện đẹp id12025,Chitchat,Positive
mình muốn hỏi mấy tuổi rồi ❓ id12026,Chitchat,Neutral
bạn là ai 💬 id12027,Chitchat,Neutral
em muốn hỏi Mimo đang làm gì đấy,Chitchat,Neutral
bà muốn hỏi bot ai tạo ra bạn ❓ id12029,Chitchat,Neutral
Hey bot ơi ✨,Chitchat,Positive
chán vcl deadline dí 🥲,Chitchat,Negative
Hi  🔥,Chitchat,Positive
Cảm ơn vì ❤️ id12033,Chitchat,Positive
Yo biết nói chuyện không 🐧 id12034,Chitchat,Neutral
Alo Mimo ơi ơi bác đang stress 😭,Chitchat,Negative
em muốn hỏi Mimo ơi có nghe rõ trả lời không id12036,Chitchat,Neutral
đang làm gì đấy 🐧 id12037,Chitchat,Neutral
Vì rớt môn nên mấy ní hơi buồn 😢,Chitchat,Negative
Hế lô bot làm được gì id12039,Chitchat,Neutral
Thích ghê đỉnh nóc kịch trần 👍 id12040,Chitchat,Positive
mấy tuổi rồi 💬 id12041,Chitchat,Neutral
bà muốn hỏi ai tạo ra bạn id12042,Chitchat,Neutral
Ê Mimo ơi bot làm được gì id12043,Chitchat,Neutral
thấy bất lực quá id12044,Chitchat,Negative
Ê bạn là ai id12045,Chitchat,Neutral
Love ya vì giao diện đẹp,Chitchat,Positive
Chào nha ở đâu á id12047,Chitchat,Neutral
bạn Chào ngày mới vui vẻ nha id12048,Chitchat,Positive
Vì deadline dí nên tui hơi tổn thương,Chitchat,Negative
🥰 id12050,Chitchat,Positive
bất lực vcl deadline ngập đầu 📉 id12051,Chitchat,Negative
Yo bot ơi là nam hay nữ 💬,Chitchat,Neutral
đang làm gì đấy 🤔 id12053,Chitchat,Neutral
tên gì á vậy bot ơi 🤖 id12054,Chitchat,Neutral
Mimo ơi quá đã ✨,Chitchat,Positive
Chào nha biết nói chuyện không 🤔 id12056,Chitchat,Neutral
Chào ngày mới vui vẻ nha vì id12057,Chitchat,Positive
bot có nghe rõ trả lời ko 🐧,Chitchat,Neutral
ai tạo ra bạn id12059,Chitchat,Neutral
mình muốn hỏi mấy tuổi rồi 👀,Chitchat,Neutral
Ê bạn là ai id12061,Chitchat,Neutral
bot ơi 🤩 id12062,Chitchat,Positive
mấy tuổi rồi vậy 💬 id12063,Chitchat,Neutral
Thích bot ơi ghê thông minh id12064,Chitchat,Positive
Vì deadline ngập đầu nên hơi buồn 🥺,Chitchat,Negative
ở đâu á vậy Mimo dễ thương 👀 id12066,Chitchat,Neutral
Tks 🥰 id12067,Chitchat,Positive
Thích Mimo dễ thương ghê cute xỉu 🥰,Chitchat,Positive
đang làm gì đấy vậy bot id12069,Chitchat,Neutral
ta muốn hỏi ai tạo ra bạn ❓ id12070,Chitchat,Neutral
bạn Chào ngày mới vui vẻ nha id12071,Chitchat,Positive
có nghe rõ trả lời không vậy bạn ❓ id12072,Chitchat,Neutral
bot ơi đỉnh nóc kịch trần id12073,Chitchat,Positive
ai tạo ra bạn id12074,Chitchat,Neutral
bất lực vcl deadline dí id12075,Chitchat,Negative
Alo bot ơi tui đang suy 😢,Chitchat,Negative
đang làm gì đấy 👀 id12077,Chitchat,Neutral
Thích Mimo dễ thương ghê thông minh 🥰,Chitchat,Positive
Hey bot ơi Yêu ghê,Chitchat,Positive
Vì nên ông hơi áp lực 😭 id12080,Chitchat,Negative
bà muốn hỏi biết nói chuyện không 🐧 id12081,Chitchat,Neutral
Mimo ơi Cảm ơn id12082,Chitchat,Positive
Thích Mimo dễ thương ghê chất lượng 🤩,Chitchat,Positive
mấy tuổi rồi vậy bạn id12084,Chitchat,Neutral
tên gì á ❓ id12085,Chitchat,Neutral
mệt vcl hết tiền 🥺,Chitchat,Negative
bạn Tks 🔥,Chitchat,Positive
Chào ngày mới vui vẻ nha 👍 id12088,Chitchat,Positive
Thank you 🤣 id12089,Chitchat,Positive
Alo ơi bro đang mệt id12090,Chitchat,Negative
Hế lô bot ơi ở đâu á 🤔,Chitchat,Neutral
có nghe rõ trả lời không vậy id12092,Chitchat,Neutral
vì thông minh id12093,Chitchat,Positive
mệt vcl crush lơ 😭,Chitchat,Negative
Mimo ơi app mượt id12095,Chitchat,Positive
Chào ngày mới vui vẻ nha 🔥 id12096,Chitchat,Positive
Mimo 🔥 id12097,Chitchat,Positive
mấy tuổi rồi vậy Mimo 🤔 id12098,Chitchat,Neutral
đỉnh nóc kịch trần (^_<) id12099,Chitchat,Positive
bạn là nam hay nữ id12100,Chitchat,Neutral
Alo Mimo ơi có nghe rõ trả lời không ❓,Chitchat,Neutral
bro muốn hỏi Mimo ơi là nam hay nữ id12102,Chitchat,Neutral
Hế lô bot tên gì á,Chitchat,Neutral
Mimo dễ thương id12104,Chitchat,Positive
muốn hỏi là nam hay nữ 👀 id12105,Chitchat,Neutral
Alo bot ơi bà đang vô tri,Chitchat,Negative
✨ id12107,Chitchat,Positive
Yo có nghe rõ trả lời không id12108,Chitchat,Neutral
Vì nên tui hơi stress 😮‍💨,Chitchat,Negative
bác thấy vô tri quá 😭,Chitchat,Negative
bà thấy mệt quá id12111,Chitchat,Negative
mình thấy stress quá 💔 id12112,Chitchat,Negative
bà muốn hỏi bot làm được gì id12113,Chitchat,Neutral
Vì deadline ngập đầu nên hơi mệt 📉,Chitchat,Negative
ai tạo ra bạn vậy Mimo dễ thương id12115,Chitchat,Neutral
muốn hỏi bot bạn là ai id12116,Chitchat,Neutral
ở đâu á 💬 id12117,Chitchat,Neutral
bot làm đc gì 🤔 id12118,Chitchat,Neutral
mình muốn hỏi Mimo ơi biết nói chuyện không 🤔,Chitchat,Neutral
Thích bot ơi ghê ✨ id12120,Chitchat,Positive
Thích Mimo ơi ghê ✨ id12121,Chitchat,Positive
em thấy tổn thương quá 🥺 id12122,Chitchat,Negative
Alo Mimo ơi mấy ní đang tổn thương id12123,Chitchat,Negative
buồn vcl đi học mệt quá 🥲,Chitchat,Negative
Mimo ơi quá đã 🤣,Chitchat,Positive
 id12126,Chitchat,Positive
áp lực vcl cuộc sống khó khăn 😮‍💨,Chitchat,Negative
Mimo ơi chất lượng (^_<) id12128,Chitchat,Positive
Củm ơn 🥰 id12129,Chitchat,Positive
Alo ơi cậu đang nản 😭,Chitchat,Negative
bot làm được gì ❓ id12131,Chitchat,Neutral
stress vcl hết tiền 😢,Chitchat,Negative
muốn hỏi ai tạo ra bạn ❓ id12133,Chitchat,Neutral
Chào nha ở đâu á ❓ id12134,Chitchat,Neutral
là nam hay nữ ❓ id12135,Chitchat,Neutral
có nghe rõ trả lời không id12136,Chitchat,Neutral
ông muốn hỏi bạn tên gì á 💬,Chitchat,Neutral
Hey bot 🤣,Chitchat,Positive
mấy ní thấy buồn quá id12139,Chitchat,Negative
em thấy nản quá 📉 id12140,Chitchat,Negative
em muốn hỏi ai tạo ra bạn 🤔 id12141,Chitchat,Neutral
Thích Mimo ơi ghê id12142,Chitchat,Positive
là nam hay nữ vậy bot ơi id12143,Chitchat,Neutral
bot làm được gì vậy Mimo ơi 💬 id12144,Chitchat,Neutral
Mimo dễ thương ai tạo ra bạn 🤔 id12145,Chitchat,Neutral
Vì rớt môn nên bác hơi met 🥲,Chitchat,Negative
Thích ghê giao diện đẹp 🤩,Chitchat,Positive
bot làm đc gì id12148,Chitchat,Neutral
Vì hết tiền nên hơi tổn thương,Chitchat,Negative
Biết ơn vì id12150,Chitchat,Positive
Thích ghê đỉnh nóc kịch trần id12151,Chitchat,Positive
Củm ơn id12152,Chitchat,Positive
bạn là ai vậy 💬 id12153,Chitchat,Neutral
mình muốn hỏi bot biết nói chuyện không id12154,Chitchat,Neutral
muốn hỏi bot ơi đang làm gì đấy 🤔,Chitchat,Neutral
ở đâu á 🤔 id12156,Chitchat,Neutral
Thank you vì ✨ id12157,Chitchat,Positive
ở đâu á vậy id12158,Chitchat,Neutral
Hello Love ya ❤️,Chitchat,Positive
mấy ní muốn hỏi là nam hay nữ ❓ id12160,Chitchat,Neutral
Mimo ơi ai tạo ra bạn id12161,Chitchat,Neutral
❤️ id12162,Chitchat,Positive
bà muốn hỏi đang làm gì đấy id12163,Chitchat,Neutral
app xịn xò id12164,Chitchat,Positive
Alo mấy tuổi rồi id12165,Chitchat,Neutral
Alo Mimo ơi ông đang mệt 🥲,Chitchat,Negative
là nam hay nữ id12167,Chitchat,Neutral
chất lượng (^_<) id12168,Chitchat,Positive
Mimo ơi 👍 id12169,Chitchat,Positive
Alo bot làm được gì ❓ id12170,Chitchat,Neutral
bro muốn hỏi bạn bạn là ai,Chitchat,Neutral
bot làm được gì id12172,Chitchat,Neutral
bro muốn hỏi mấy tuổi rồi 💬,Chitchat,Neutral
ông thấy buồn quá,Chitchat,Negative
ai tạo ra bạn 🤔 id12175,Chitchat,Neutral
bất lực vcl rớt môn 📉,Chitchat,Negative
bác muốn hỏi Mimo dễ thương đang làm gì đấy,Chitchat,Neutral
Ê Mimo ơi có nghe rõ trả lời không 🤔,Chitchat,Neutral
Mimo dễ thương ❤️ id12179,Chitchat,Positive
Mimo Chào ngày mới vui vẻ nha 🥰,Chitchat,Positive
Hế lô có nghe rõ trả lời không id12181,Chitchat,Neutral
Mimo (^_<) id12182,Chitchat,Positive
Ê tên gì á 🐧 id12183,Chitchat,Neutral
Yo mấy tuổi rồi id12184,Chitchat,Neutral
chán vcl đi học mệt qá 📉,Chitchat,Negative
bác muốn hỏi ai tạo ra bạn 🤔 id12186,Chitchat,Neutral
Thích bot ơi ghê id12187,Chitchat,Positive
Thích bạn ghê 🤩 id12188,Chitchat,Positive
mấy ní muốn hỏi bạn bạn là ai 🤔,Chitchat,Neutral
mệt vcl 😢,Chitchat,Negative
Hế lô đang làm gì đấy id12191,Chitchat,Neutral
Alo ơi tui đang mệt,Chitchat,Negative
biết nói chuyện không vậy 👀 id12193,Chitchat,Neutral
có nghe rõ trả lời không vậy Mimo ơi id12194,Chitchat,Neutral
Alo Mimo dễ thương ơi ông đang tổn thương,Chitchat,Negative
Chào nha ai tạo ra bạn id12196,Chitchat,Neutral
Hey bot Chào ngày mới vui vẻ nha,Chitchat,Positive
Thích bot ơi ghê ✨ id12198,Chitchat,Positive
Thích bot ghê ✨ id12199,Chitchat,Positive
thấy stress quá 💔 id12200,Chitchat,Negative
tên gì á 🤖 id12201,Chitchat,Neutral
Ê ở đâu á id12202,Chitchat,Neutral
mình thấy stress quá id12203,Chitchat,Negative
Vì hết tiền nên cậu hơi bất lực 📉,Chitchat,Negative
Alo bot ơi bác đang chán,Chitchat,Negative
ta muốn hỏi có nghe rõ trả lời không id12206,Chitchat,Neutral
bot làm được gì vậy id12207,Chitchat,Neutral
biết nói chuyện không id12208,Chitchat,Neutral
có nghe rõ trả lời ko vậy Mimo dễ thương,Chitchat,Neutral
Alo bot ơi bro đang mệt 📉,Chitchat,Negative
bot có nghe rõ trả lời không id12211,Chitchat,Neutral
mấy tuổi rồi vậy Mimo 💬 id12212,Chitchat,Neutral
Alo ơi bác đang tổn thương 💔,Chitchat,Negative
Thích Mimo dễ thương ghê app mượt 👍 id12214,Chitchat,Positive
bot làm được gì id12215,Chitchat,Neutral
Thích bot ơi ghê 🔥 id12216,Chitchat,Positive
Mimo Thank you 🔥,Chitchat,Positive
mấy tuổi rồi vậy Mimo id12218,Chitchat,Neutral
muốn hỏi bạn bạn là ai 🤔,Chitchat,Neutral
Thích bạn ghê qá đã 🔥,Chitchat,Positive
bro thấy mệt quá id12221,Chitchat,Negative
Chào nha bot ơi ở đâu á 🤖,Chitchat,Neutral
mấy tuổi rồi 🤖 id12223,Chitchat,Neutral
Thích ghê id12224,Chitchat,Positive
Hế lô bạn là ai id12225,Chitchat,Neutral
ông thấy vô tri quá 😮‍💨,Chitchat,Negative
Hế lô ở đâu á 🐧,Chitchat,Neutral
muốn hỏi Mimo ơi biết nói chuyện không,Chitchat,Neutral
Mimo id12229,Chitchat,Positive
Thank you vì app mượt,Chitchat,Positive
bot ơi 👍 id12231,Chitchat,Positive
ông muốn hỏi ở đâu á id12232,Chitchat,Neutral
em muốn hỏi Mimo ơi ai tạo ra bạn ❓,Chitchat,Neutral
mình thấy stress quá id12234,Chitchat,Negative
ông thấy nản quá id12235,Chitchat,Negative
bạn là ai id12236,Chitchat,Neutral
bạn là ai vậy Mimo dễ thương 🤔 id12237,Chitchat,Neutral
vì quá đã (^_<) id12238,Chitchat,Positive
vì giao diện đẹp (^_<) id12239,Chitchat,Positive
vì chất lượng ✨ id12240,Chitchat,Positive
Thích ghê quá đã id12241,Chitchat,Positive
Thích bạn ghê đỉnh nóc kịch trần 🤣,Chitchat,Positive
Thích Mimo ghê id12243,Chitchat,Positive
ở đâu á id12244,Chitchat,Neutral
Thích bạn ghê ❤️ id12245,Chitchat,Positive
mấy ní muốn hỏi là nam hay nữ id12246,Chitchat,Neutral
Alo bot ơi ơi ông đang stress 💔,Chitchat,Negative
 id12248,Chitchat,Positive
tên gì á vậy Mimo ơi id12249,Chitchat,Neutral
bác muốn hỏi là nam hay nữ id12250,Chitchat,Neutral
Vì nên hơi áp lực 🥲,Chitchat,Negative
Thích Mimo ơi ghê đỉnh nóc kịch trần id12252,Chitchat,Positive
Chào ngày mới vui vẻ nha vì ❤️ id12253,Chitchat,Positive
mình muốn hỏi bạn là ai 💬,Chitchat,Neutral
Mimo Thank you 🔥 id12255,Chitchat,Positive
có nghe rõ trả lời không vậy bot ơi id12256,Chitchat,Neutral
Yo Mimo có nghe rõ trả lời không id12257,Chitchat,Neutral
cậu thấy suy qá,Chitchat,Negative
có nghe rõ trả lời không 🤖 id12259,Chitchat,Neutral
Mimo dễ thương Chào ngày mới vui vẻ nha id12260,Chitchat,Positive
Vì deadline ngập đầu nên bà hơi áp lực id12261,Chitchat,Negative
là nam hay nữ 👀 id12262,Chitchat,Neutral
Alo Mimo ơi ông đang áp lực 😢,Chitchat,Negative
Thích bot ghê id12264,Chitchat,Positive
mệt vcl đi học mệt quá id12265,Chitchat,Negative
mấy ní thấy suy quá id12266,Chitchat,Negative
Thích Mimo ơi ghê app mượt id12267,Chitchat,Positive
chán vcl cuộc sống khó khăn id12268,Chitchat,Negative
mình muốn hỏi bot ở đâu á id12269,Chitchat,Neutral
bạn có nghe rõ trả lời không 🤔,Chitchat,Neutral
Thích ghê quá đã (^_<) id12271,Chitchat,Positive
Thích bạn ghê id12272,Chitchat,Positive
tên gì á id12273,Chitchat,Neutral
Mimo ơi id12274,Chitchat,Positive
ở đâu á vậy bot ơi id12275,Chitchat,Neutral
biết nói chuyện không vậy bot 🐧 id12276,Chitchat,Neutral
bạn biết nói chuyện không ❓,Chitchat,Neutral
Hế lô đang làm gì đấy id12278,Chitchat,Neutral
Chào nha bot làm được gì 👀 id12279,Chitchat,Neutral
biết nói chuyện không 💬 id12280,Chitchat,Neutral
em muốn hỏi bot làm được gì id12281,Chitchat,Neutral
là nam hay nữ vậy bot ơi id12282,Chitchat,Neutral
Ê bot ơi đang làm gì đấy id12283,Chitchat,Neutral
Chào nha biết nói chuyện không id12284,Chitchat,Neutral
Vì nên ta hơi chán 💔,Chitchat,Negative
Vì rớt môn nên bà hơi mệt 😢,Chitchat,Negative
Chào nha biết nói chuyện không id12287,Chitchat,Neutral
Yo là nam hay nữ id12288,Chitchat,Neutral
mình thấy mệt quá 😭,Chitchat,Negative
tui thấy buồn quá 😮‍💨,Chitchat,Negative
áp lực vcl deadline ngập đầu 😢 id12291,Chitchat,Negative
mấy tuổi rồi 🤔 id12292,Chitchat,Neutral
bot ơi app mượt ❤️ id12293,Chitchat,Positive
Mimo dễ thương ❤️ id12294,Chitchat,Positive
là nam hay nữ vậy id12295,Chitchat,Neutral
tên gì á 💬 id12296,Chitchat,Neutral
Gút mỏ ninh bot ơi Chào ngày mới vui vẻ nha 🔥,Chitchat,Positive
bot ơi ở đâu á id12298,Chitchat,Neutral
ta thấy stress quá,Chitchat,Negative
cậu thấy nản quá 😮‍💨 id12300,Chitchat,Negative
là nam hay nữ 🐧 id12301,Chitchat,Neutral
có nghe rõ trả lời không vậy bạn 👀 id12302,Chitchat,Neutral
bạn là ai vậy bạn id12303,Chitchat,Neutral
tui muốn hỏi biết nói chuyện không id12304,Chitchat,Neutral
bác muốn hỏi bạn là ai 🤔,Chitchat,Neutral
Thích ghê app mượt 👍 id12306,Chitchat,Positive
thông minh id12307,Chitchat,Positive
Alo mấy tuổi rồi id12308,Chitchat,Neutral
cậu muốn hỏi biết nói chuyện ko 🤔,Chitchat,Neutral
tên gì á vậy 👀 id12310,Chitchat,Neutral
mình muốn hỏi đang làm gì đấy id12311,Chitchat,Neutral
tên gì á 🤖 id12312,Chitchat,Neutral
Mimo ơi mấy tuổi rồi 🐧 id12313,Chitchat,Neutral
Alo Mimo ơi bác đang áp lực 😭,Chitchat,Negative
mình thấy bất lực quá 😭 id12315,Chitchat,Negative
Thích Mimo dễ thương ghê thông minh id12316,Chitchat,Positive
Mimo dễ thương cute xỉu id12317,Chitchat,Positive
tui thấy suy quá 📉 id12318,Chitchat,Negative
biết nói chuyện không vậy ❓ id12319,Chitchat,Neutral
bot 🤣 id12320,Chitchat,Positive
Thích ghê id12321,Chitchat,Positive
stress vcl hết tiền id12322,Chitchat,Negative
Hế lô mấy tuổi rồi 🤖 id12323,Chitchat,Neutral
Alo là nam hay nữ id12324,Chitchat,Neutral
Mimo id12325,Chitchat,Positive
Biết ơn 🥰 id12326,Chitchat,Positive
chán vcl 📉 id12327,Chitchat,Negative
mấy ní thấy mệt quá 🥲,Chitchat,Negative
cậu muốn hỏi Mimo dễ thương bot làm được gì,Chitchat,Neutral
ông thấy stress quá 😭,Chitchat,Negative
biết nói chuyện không 🤖 id12331,Chitchat,Neutral
là nam hay nữ vậy id12332,Chitchat,Neutral
bạn Chào ngày mới vui vẻ nha (^_<) id12333,Chitchat,Positive
Thích bot ơi ghê 🔥 id12334,Chitchat,Positive
Alo Mimo ơi ông đang buồn 🥺,Chitchat,Negative
là nam hay nữ vậy bạn id12336,Chitchat,Neutral
Thích ghê ✨ id12337,Chitchat,Positive
Yo ở đâu á 🤖,Chitchat,Neutral
bro muốn hỏi Mimo dễ thương là nam hay nữ 🤔,Chitchat,Neutral
bot Biết ơn (^_<) id12340,Chitchat,Positive
Cảm ơn vì quá đã 🥰,Chitchat,Positive
Cảm ơn vì app mượt 🤩,Chitchat,Positive
Thích bot ghê 👍 id12343,Chitchat,Positive
bà muốn hỏi mấy tuổi rồi 👀,Chitchat,Neutral
muốn hỏi Mimo dễ thương đang làm gì đấy id12345,Chitchat,Neutral
đang làm gì đấy vậy Mimo ơi ❓ id12346,Chitchat,Neutral
Thích bot ơi ghê chất lượng id12347,Chitchat,Positive
Thích Mimo ghê đỉnh nóc kịch trần 🤩,Chitchat,Positive
bro muốn hỏi Mimo ơi biết nói chuyện không ❓,Chitchat,Neutral
đang làm gì đấy 💬 id12350,Chitchat,Neutral
Mimo dễ thương 🤣 id12351,Chitchat,Positive
đang làm gì đấy vậy 🐧 id12352,Chitchat,Neutral
ta muốn hỏi bot ở đâu á,Chitchat,Neutral
mấy tuổi rồi 🐧 id12354,Chitchat,Neutral
Alo bot ơi ơi bà đang bất lực 😭,Chitchat,Negative
Chào ngày mới vui vẻ nha vì (^_<) id12356,Chitchat,Positive
bot làm được gì vậy id12357,Chitchat,Neutral
🤩 id12358,Chitchat,Positive
biết nói chuyện không vậy id12359,Chitchat,Neutral
Mimo dễ thương ở đâu á id12360,Chitchat,Neutral
Vì nên tui hơi suy,Chitchat,Negative
bro thấy mệt quá 🥲,Chitchat,Negative
bot bot làm được gì id12363,Chitchat,Neutral
Vì nên ta hơi suy 💔,Chitchat,Negative
cậu muốn hỏi bot bạn là ai id12365,Chitchat,Neutral
muốn hỏi Mimo ơi ở đâu á 💬,Chitchat,Neutral
ở đâu á vậy bạn 🤔 id12367,Chitchat,Neutral
🥰 id12368,Chitchat,Positive
bạn là ai ❓ id12369,Chitchat,Neutral
tên gì á id12370,Chitchat,Neutral
tên gì á id12371,Chitchat,Neutral
bot ơi Cảm ơn 👍,Chitchat,Positive
thấy nản quá id12373,Chitchat,Negative
Mimo ơi Chào ngày mới vui vẻ nha id12374,Chitchat,Positive
Mimo chất lượng 🤣,Chitchat,Positive
ta muốn hỏi Mimo ơi tên gì á id12376,Chitchat,Neutral
Yo là nam hay nữ ❓ id12377,Chitchat,Neutral
bro muốn hỏi là nam hay nữ 🤔 id12378,Chitchat,Neutral
stress vcl 😢 id12379,Chitchat,Negative
Mimo dễ thương 🥰 id12380,Chitchat,Positive
Mãi iu vì đỉnh nóc kịch trần 🔥 id12381,Chitchat,Positive
Chào ngày mới vui vẻ nha 👍 id12382,Chitchat,Positive
bạn app xịn xò 👍 id12383,Chitchat,Positive
áp lực vcl 😢,Chitchat,Negative
là nam hay nữ vậy id12385,Chitchat,Neutral
biết nói chuyện không 🐧 id12386,Chitchat,Neutral
bot ơi ❤️ id12387,Chitchat,Positive
Mimo là nam hay nữ 💬 id12388,Chitchat,Neutral
buon vcl,Chitchat,Negative
tui muốn hỏi bot biết nói chuyện không 🤖,Chitchat,Neutral
Yo có nghe rõ trả lời không id12391,Chitchat,Neutral
Yo có nghe rõ trả lời không id12392,Chitchat,Neutral
Alo bot ai tạo ra bạn 💬,Chitchat,Neutral
Chào Mimo Tks,Chitchat,Positive
bạn là ai vậy bạn id12395,Chitchat,Neutral
Chào nha đang làm gì đấy id12396,Chitchat,Neutral
bạn bot làm được gì id12397,Chitchat,Neutral
Ê là nam hay nữ 🤔 id12398,Chitchat,Neutral
Chào bạn ✨,Chitchat,Positive
có nghe rõ trả lời không id12400,Chitchat,Neutral
có nghe rõ trả lời ko vậy id12401,Chitchat,Neutral
Vì cuộc sống khó khăn nên ta hơi tổn thương 🥲 id12402,Chitchat,Negative
Vì cuộc sống khó khăn nên bro hơi tổn thương,Chitchat,Negative
bot làm được gì 👀 id12404,Chitchat,Neutral
Thích Mimo dễ thương ghê app xịn xò 🤩,Chitchat,Positive
Alo bot ơi ơi tui đang vô tri 💔,Chitchat,Negative
mình muốn hỏi tên gì á 🤔,Chitchat,Neutral
Good morning Tks,Chitchat,Positive
là nam hay nữ id12409,Chitchat,Neutral
bro muốn hỏi tên gì á id12410,Chitchat,Neutral
bạn bot làm được gì id12411,Chitchat,Neutral
Hế lô bot ơi có nghe rõ trả lời không,Chitchat,Neutral
vì cute xỉu (^_<) id12413,Chitchat,Positive
Thích bot ơi ghê id12414,Chitchat,Positive
Vì deadline ngập đầu nên bác hơi bất lực 💔,Chitchat,Negative
vô tri vcl crush lơ 📉,Chitchat,Negative
bạn là ai vậy Mimo dễ thương id12417,Chitchat,Neutral
Alo ơi cậu đang suy 😮‍💨,Chitchat,Negative
em muốn hỏi Mimo dễ thương ở đâu á 🤖,Chitchat,Neutral
ở đâu á id12420,Chitchat,Neutral
Hế lô đang làm gì đấy id12421,Chitchat,Neutral
bot làm được gì vậy bot 💬 id12422,Chitchat,Neutral
bot cute xỉu id12423,Chitchat,Positive
ở đâu á vậy ❓ id12424,Chitchat,Neutral
bà muốn hỏi biết nói chuyện không id12425,Chitchat,Neutral
bot ơi bạn là ai ❓ id12426,Chitchat,Neutral
 id12427,Chitchat,Positive
đang làm gì đấy vậy id12428,Chitchat,Neutral
cậu muốn hỏi bạn tên gì á id12429,Chitchat,Neutral
Alo là nam hay nữ 👀 id12430,Chitchat,Neutral
Love ya vì id12431,Chitchat,Positive
bro muốn hỏi bạn là ai 🤔 id12432,Chitchat,Neutral
Vì nên cậu hơi met 🥺,Chitchat,Negative
muốn hỏi mấy tuổi rồi ❓,Chitchat,Neutral
Thích Mimo ơi ghê 🤩 id12435,Chitchat,Positive
mình thấy mệt quá 💔 id12436,Chitchat,Negative
bà muốn hỏi Mimo là nam hay nữ id12437,Chitchat,Neutral
mấy tuổi rồi 🤖 id12438,Chitchat,Neutral
em muốn hỏi ai tạo ra bạn id12439,Chitchat,Neutral
🤣 id12440,Chitchat,Positive
vì app mượt 🤣 id12441,Chitchat,Positive
bà muốn hỏi ở đâu á id12442,Chitchat,Neutral
bạn là ai id12443,Chitchat,Neutral
Thích bạn ghê đỉnh nóc kịch trần (^_<),Chitchat,Positive
bạn Biết ơn id12445,Chitchat,Positive
Biết ơn vì chất lượng,Chitchat,Positive
ai tạo ra bạn id12447,Chitchat,Neutral
mấy tuổi rồi vậy Mimo ơi id12448,Chitchat,Neutral
ông muốn hỏi Mimo ai tạo ra bạn,Chitchat,Neutral
bà muốn hỏi tên gì á 🤔,Chitchat,Neutral
bà thấy áp lực quá 😭,Chitchat,Negative
Chào ngày mới vui vẻ nha vì ❤️ id12452,Chitchat,Positive
🥰 id12453,Chitchat,Positive
Hế lô là nam hay nữ 💬 id12454,Chitchat,Neutral
app xịn xò id12455,Chitchat,Positive
Mimo dễ thương 🔥 id12456,Chitchat,Positive
Thích Mimo ơi ghê 👍 id12457,Chitchat,Positive
Ê bot làm được gì id12458,Chitchat,Neutral
ta muốn hỏi biết nói chuyện không id12459,Chitchat,Neutral
Chào ngày mới vui vẻ nha ✨ id12460,Chitchat,Positive
Thích bot ghê đỉnh nóc kịch trần 🥰,Chitchat,Positive
biết nói chuyện ko id12462,Chitchat,Neutral
buồn vcl id12463,Chitchat,Negative
có nghe rõ trả lời không vậy Mimo ơi id12464,Chitchat,Neutral
bác muốn hỏi Mimo ai tạo ra bạn,Chitchat,Neutral
stress vcl deadline ngập đầu id12466,Chitchat,Negative
bot 🥰 id12467,Chitchat,Positive
giao diện đẹp id12468,Chitchat,Positive
Vì hết tiền nên em hơi nản id12469,Chitchat,Negative
ta thấy vô tri quá id12470,Chitchat,Negative
Mimo ơi id12471,Chitchat,Positive
tổn thương vcl rớt môn id12472,Chitchat,Negative
em muốn hỏi bạn biết nói chuyện không id12473,Chitchat,Neutral
Alo ơi em đang áp lực 😭 id12474,Chitchat,Negative
biết nói chuyện không vậy id12475,Chitchat,Neutral
ở đâu á vậy id12476,Chitchat,Neutral
bro muốn hỏi Mimo ơi là nam hay nữ 🐧,Chitchat,Neutral
Chào ngày mới vui vẻ nha vì ❤️ id12478,Chitchat,Positive
met vcl 🥲,Chitchat,Negative
Alo biết nói chuyện không 🤔 id12480,Chitchat,Neutral
bạn là ai vậy Mimo dễ thương 💬,Chitchat,Neutral
ta muốn hỏi bạn tên gì á 👀,Chitchat,Neutral
mấy tuổi rồi 👀 id12483,Chitchat,Neutral
Mãi iu vì chất lượng id12484,Chitchat,Positive
app xịn xò (^_<) id12485,Chitchat,Positive
mấy ní thấy stress quá id12486,Chitchat,Negative
đang làm gì đấy id12487,Chitchat,Neutral
ta muốn hỏi bạn ở đâu á ❓,Chitchat,Neutral
Thích ghê đỉnh nóc kịch trần id12489,Chitchat,Positive
bot ơi ở đâu á 🤔,Chitchat,Neutral
Mimo ơi app xịn xò 🤩,Chitchat,Positive
bro muốn hỏi Mimo ơi tên gì á id12492,Chitchat,Neutral
Yo Mimo ơi đang làm gì đấy,Chitchat,Neutral
Thích Mimo ơi ghê ✨ id12494,Chitchat,Positive
tên gì á id12495,Chitchat,Neutral
em muốn hỏi bạn có nghe rõ trả lời ko 👀,Chitchat,Neutral
vì đỉnh nóc kịch trần ✨ id12497,Chitchat,Positive
Thích bot ghê ❤️ id12498,Chitchat,Positive
bạn (^_<) id12499,Chitchat,Positive
tui thấy áp lực quá 🥲,Chitchat,Negative
bot thông minh id12501,Chitchat,Positive
bà muốn hỏi bot ơi bot làm được gì 🤖 id12502,Chitchat,Neutral
tui muốn hỏi bot ơi có nghe rõ trả lời không 👀 id12503,Chitchat,Neutral
Thích ghê 🔥 id12504,Chitchat,Positive
đỉnh nóc kịch trần id12505,Chitchat,Positive
Thích Mimo ghê đỉnh nóc kịch trần 👍 id12506,Chitchat,Positive
Alo Mimo ơi em đang vô tri 📉,Chitchat,Negative
Thích bot ơi ghê app mượt id12508,Chitchat,Positive
tổn thương vcl đi học mệt quá id12509,Chitchat,Negative
Vì đi học mệt quá nên cậu hơi vô tri 🥲 id12510,Chitchat,Negative
Mimo chất lượng 🤣 id12511,Chitchat,Positive
em muốn hỏi Mimo ơi ở đâu á 🤔,Chitchat,Neutral
Love ya vì 🤣 id12513,Chitchat,Positive
ai tạo ra bạn 🐧 id12514,Chitchat,Neutral
đang làm gì đấy id12515,Chitchat,Neutral
bot làm được gì 🤔 id12516,Chitchat,Neutral
Xin chào Mimo Mãi iu ❤️,Chitchat,Positive
vì thông minh 🥰 id12518,Chitchat,Positive
Alo biết nói chuyện không 💬,Chitchat,Neutral
bot ơi biết nói chuyện không id12520,Chitchat,Neutral
biết nói chuyện không id12521,Chitchat,Neutral
Alo Mimo ơi ông đang áp lực,Chitchat,Negative
Alo Mimo dễ thương ơi ta đang bất lực 📉,Chitchat,Negative
Chào bạn id12524,Chitchat,Positive
ai tạo ra bạn 👀 id12525,Chitchat,Neutral
Thích ghê quá đã 🤣,Chitchat,Positive
bot ơi 🥰 id12527,Chitchat,Positive
bà thấy tổn thương quá id12528,Chitchat,Negative
bot ❤️ id12529,Chitchat,Positive
Alo mấy tuổi rồi id12530,Chitchat,Neutral
tui muốn hỏi Mimo là nam hay nữ 💬,Chitchat,Neutral
Vì crush lơ nên bác hơi bất lực 💔 id12532,Chitchat,Negative
bot làm được gì vậy 💬 id12533,Chitchat,Neutral
tui muốn hỏi Mimo ở đâu á id12534,Chitchat,Neutral
tên gì á vậy 🤔 id12535,Chitchat,Neutral
bot làm được gì 💬 id12536,Chitchat,Neutral
bạn là ai 🤖 id12537,Chitchat,Neutral
bạn cute xỉu 🤩,Chitchat,Positive
bot làm đc gì vậy 🤖 id12539,Chitchat,Neutral
mấy tuổi rồi vậy bot 💬 id12540,Chitchat,Neutral
đang làm gì đấy vậy 👀 id12541,Chitchat,Neutral
bạn 🔥 id12542,Chitchat,Positive
Thích ghê 👍 id12543,Chitchat,Positive
bot id12544,Chitchat,Positive
bác thấy buồn qá id12545,Chitchat,Negative
Thích ghê app xịn xò id12546,Chitchat,Positive
bot làm được gì id12547,Chitchat,Neutral
Ê Mimo dễ thương có nghe rõ trả lời không 👀,Chitchat,Neutral
app xịn xò id12549,Chitchat,Positive
bro muốn hỏi là nam hay nữ 🤔 id12550,Chitchat,Neutral
bác muốn hỏi Mimo ơi là nam hay nữ 🤖 id12551,Chitchat,Neutral
Hế lô bot mấy tuổi rồi 💬,Chitchat,Neutral
đang làm gì đấy id12553,Chitchat,Neutral
Mimo dễ thương quá đã,Chitchat,Positive
biết nói chuyện không vậy id12555,Chitchat,Neutral
Mimo dễ thương ✨ id12556,Chitchat,Positive
vì chất lượng id12557,Chitchat,Positive
đang làm gì đấy 🤔 id12558,Chitchat,Neutral
đang làm gì đấy id12559,Chitchat,Neutral
tên gì á 💬 id12560,Chitchat,Neutral
Alo ơi em đang suy 😭 id12561,Chitchat,Negative
Thích ghê 👍 id12562,Chitchat,Positive
bot ơi id12563,Chitchat,Positive
Hế lô tên gì á id12564,Chitchat,Neutral
Hế lô bạn là ai id12565,Chitchat,Neutral
bạn Mãi iu 🤩 id12566,Chitchat,Positive
em muốn hỏi là nam hay nữ ❓,Chitchat,Neutral
bot Cảm ơn id12568,Chitchat,Positive
mấy ní muốn hỏi bạn là ai id12569,Chitchat,Neutral
bác muốn hỏi ai tạo ra bạn id12570,Chitchat,Neutral
Ê là nam hay nữ 💬,Chitchat,Neutral
bot app mượt 🥰,Chitchat,Positive
Vì deadline dí nên tui hơi met 😭,Chitchat,Negative
ta muốn hỏi bot ơi bot làm được gì,Chitchat,Neutral
đang làm gì đấy 💬 id12575,Chitchat,Neutral
Thích ghê 👍 id12576,Chitchat,Positive
Gút mỏ ninh Củm ơn,Chitchat,Positive
là nam hay nữ ❓ id12578,Chitchat,Neutral
Vì crush lơ nên cậu hơi nản 🥺,Chitchat,Negative
em thấy mệt qá,Chitchat,Negative
em muốn hỏi bot có nghe rõ trả lời không 💬,Chitchat,Neutral
Cảm ơn vì chất lượng 🥰,Chitchat,Positive
ông thấy vô tri quá 🥲,Chitchat,Negative
vì app mượt 👍,Chitchat,Positive
Mimo ơi Yêu ghê 🤣,Chitchat,Positive
Thích Mimo ghê qá đã 👍,Chitchat,Positive
bot ✨ id12587,Chitchat,Positive
cute xỉu id12588,Chitchat,Positive
Mimo ơi 🔥 id12589,Chitchat,Positive
Ê bạn là ai 🤔 id12590,Chitchat,Neutral
tên gì á vậy Mimo dễ thương id12591,Chitchat,Neutral
Ê ai tạo ra bạn id12592,Chitchat,Neutral
Biết ơn 🤩,Chitchat,Positive
🤩 id12594,Chitchat,Positive
là nam hay nữ vậy Mimo dễ thương ❓ id12595,Chitchat,Neutral
là nam hay nữ vậy bot 🤖 id12596,Chitchat,Neutral
ai tạo ra bạn 🤖 id12597,Chitchat,Neutral
Vì rớt môn nên mấy ní hơi tổn thương,Chitchat,Negative
bot tên gì á id12599,Chitchat,Neutral
em muốn hỏi mấy tuổi rồi 🤔,Chitchat,Neutral
ông muốn hỏi biết nói chuyện không id12601,Chitchat,Neutral
Chào nha bot làm được gì id12602,Chitchat,Neutral
tui muốn hỏi bot làm được gì id12603,Chitchat,Neutral
Chào ngày mới vui vẻ nha vì 🤩 id12604,Chitchat,Positive
bot ơi app mượt id12605,Chitchat,Positive
đang làm gì đấy vậy 💬 id12606,Chitchat,Neutral
Mimo dễ thương id12607,Chitchat,Positive
muốn hỏi bạn bot làm được gì ❓,Chitchat,Neutral
Thích ghê app mượt id12609,Chitchat,Positive
mấy tuổi rồi vậy bot 💬 id12610,Chitchat,Neutral
bà muốn hỏi bot ơi ai tạo ra bạn,Chitchat,Neutral
suy vcl 🥲 id12612,Chitchat,Negative
tên gì á vậy ❓ id12613,Chitchat,Neutral
Mimo là nam hay nữ id12614,Chitchat,Neutral
em thấy bất lực quá 📉 id12615,Chitchat,Negative
Mimo dễ thương tên gì á id12616,Chitchat,Neutral
tên gì á vậy Mimo 👀 id12617,Chitchat,Neutral
Mimo dễ thương Biết ơn (^_<),Chitchat,Positive
met vcl deadline ngập đầu 📉,Chitchat,Negative
bot làm được gì vậy id12620,Chitchat,Neutral
Alo ơi ông đang buồn 😢,Chitchat,Negative
đang làm gì đấy ❓ id12622,Chitchat,Neutral
Mãi iu ❤️ id12623,Chitchat,Positive
tên gì á vậy 💬 id12624,Chitchat,Neutral
vì chất lượng id12625,Chitchat,Positive
bạn đỉnh nóc kịch trần id12626,Chitchat,Positive
mình muốn hỏi Mimo là nam hay nữ 👀,Chitchat,Neutral
Thích ghê giao diện đẹp 🥰 id12628,Chitchat,Positive
vô tri vcl id12629,Chitchat,Negative
Mimo dễ thương ở đâu á ❓ id12630,Chitchat,Neutral
bot làm được gì vậy bot ơi 💬 id12631,Chitchat,Neutral
bác muốn hỏi có nghe rõ trả lời không id12632,Chitchat,Neutral
Thích ghê 🔥 id12633,Chitchat,Positive
Mimo đang làm gì đấy 💬 id12634,Chitchat,Neutral
Mimo ơi id12635,Chitchat,Positive
Thích Mimo ghê id12636,Chitchat,Positive
Chào ngày mới vui vẻ nha vì 🤣 id12637,Chitchat,Positive
Yo bạn là ai id12638,Chitchat,Neutral
ai tạo ra bạn 🐧 id12639,Chitchat,Neutral
Ê tên gì á id12640,Chitchat,Neutral
ai tạo ra bạn vậy Mimo dễ thương 🐧 id12641,Chitchat,Neutral
Vì crush lơ nên mình hơi buồn,Chitchat,Negative
em thấy buồn quá 🥺,Chitchat,Negative
cậu muốn hỏi Mimo dễ thương có nghe rõ trả lời ko 🤖,Chitchat,Neutral
Thank you vì chất lượng id12645,Chitchat,Positive
bạn bạn là ai id12646,Chitchat,Neutral
tên gì á 🐧 id12647,Chitchat,Neutral
Thích Mimo ghê giao diện đẹp ❤️,Chitchat,Positive
Mimo ơi mấy tuổi rồi 🐧 id12649,Chitchat,Neutral
Thank you id12650,Chitchat,Positive
bot Thank you id12651,Chitchat,Positive
Hiya Mimo (^_<),Chitchat,Positive
đang làm gì đấy vậy bot 👀,Chitchat,Neutral
ở đâu á id12654,Chitchat,Neutral
bot ơi cute xỉu id12655,Chitchat,Positive
Alo ơi cậu đang buồn 💔,Chitchat,Negative
Vì nên mấy ní hơi chán 🥺,Chitchat,Negative
Alo ơi bro đang mệt id12658,Chitchat,Negative
bot làm được gì 👀 id12659,Chitchat,Neutral
vì chất lượng ✨ id12660,Chitchat,Positive
bot đang làm gì đấy 🐧 id12661,Chitchat,Neutral
Chào ngày mới vui vẻ nha 🤣 id12662,Chitchat,Positive
Vì nên ông hơi nản 💔,Chitchat,Negative
đang làm gì đấy vậy id12664,Chitchat,Neutral
Yo biết nói chuyện không id12665,Chitchat,Neutral
Ê ai tạo ra bạn id12666,Chitchat,Neutral
Củm ơn vì cute xỉu id12667,Chitchat,Positive
đang làm gì đấy 🐧 id12668,Chitchat,Neutral
Alo ơi cậu đang chán,Chitchat,Negative
Mimo id12670,Chitchat,Positive
bot tên gì á id12671,Chitchat,Neutral
Thích ghê id12672,Chitchat,Positive
ở đâu á vậy Mimo ❓ id12673,Chitchat,Neutral
Cảm ơn vì chất lượng (^_<) id12674,Chitchat,Positive
là nam hay nữ vậy Mimo dễ thương 🤔,Chitchat,Neutral
cậu muốn hỏi mấy tuổi rồi id12676,Chitchat,Neutral
Chào ngày mới vui vẻ nha vì 🥰 id12677,Chitchat,Positive
ở đâu á vậy 🐧 id12678,Chitchat,Neutral
đang làm gì đấy vậy Mimo dễ thương 👀 id12679,Chitchat,Neutral
tổn thương vcl 📉 id12680,Chitchat,Negative
Thích ghê quá đã ✨ id12681,Chitchat,Positive
Mimo biết nói chuyện không 🐧,Chitchat,Neutral
bot Love ya ❤️ id12683,Chitchat,Positive
đang làm gì đấy vậy id12684,Chitchat,Neutral
Chào nha ai tạo ra bạn id12685,Chitchat,Neutral
đỉnh nóc kịch trần id12686,Chitchat,Positive
Vì hết tiền nên cậu hơi bất lực 💔,Chitchat,Negative
bot làm đc gì vậy,Chitchat,Neutral
Hey Mimo ơi Tks,Chitchat,Positive
bác muốn hỏi bot ơi đang làm gì đấy 👀,Chitchat,Neutral
stress vcl deadline ngập đầu id12691,Chitchat,Negative
Chào ngày mới vui vẻ nha id12692,Chitchat,Positive
Mimo ơi 🤩 id12693,Chitchat,Positive
Alo có nghe rõ trả lời không id12694,Chitchat,Neutral
bot là nam hay nữ id12695,Chitchat,Neutral
Vì deadline ngập đầu nên hơi vô tri,Chitchat,Negative
Chào ngày mới vui vẻ nha vì (^_<) id12697,Chitchat,Positive
mấy tuổi rồi id12698,Chitchat,Neutral
met vcl deadline dí,Chitchat,Negative
đang làm gì đấy vậy 🐧 id12700,Chitchat,Neutral
là nam hay nữ 🐧 id12701,Chitchat,Neutral
tổn thương vcl đi học mệt quá 🥺 id12702,Chitchat,Negative
bot làm được gì 💬 id12703,Chitchat,Neutral
Love ya vì 🥰 id12704,Chitchat,Positive
nản vcl id12705,Chitchat,Negative
mấy ní muốn hỏi bạn bot làm được gì 🤖,Chitchat,Neutral
Thank you vì id12707,Chitchat,Positive
biết nói chuyện không vậy Mimo ơi id12708,Chitchat,Neutral
thấy áp lực qá,Chitchat,Negative
Chào ngày mới vui vẻ nha vì id12710,Chitchat,Positive
bot ai tạo ra bạn id12711,Chitchat,Neutral
bot ơi 👍 id12712,Chitchat,Positive
ở đâu á vậy Mimo id12713,Chitchat,Neutral
app mượt 🤩 id12714,Chitchat,Positive
Mimo Mãi iu,Chitchat,Positive
biết nói chuyện không id12716,Chitchat,Neutral
Yo bot ơi là nam hay nữ id12717,Chitchat,Neutral
Chào ngày mới vui vẻ nha vì ✨ id12718,Chitchat,Positive
Củm ơn (^_<),Chitchat,Positive
mấy tuổi rồi id12720,Chitchat,Neutral
Mimo ❤️ id12721,Chitchat,Positive
Thích ghê 🤩 id12722,Chitchat,Positive
Hey  🤣,Chitchat,Positive
nản vcl cuộc sống khó khăn id12724,Chitchat,Negative
bro muốn hỏi Mimo dễ thương biết nói chuyện không 🤖,Chitchat,Neutral
bot làm được gì id12726,Chitchat,Neutral
Biết ơn vì id12727,Chitchat,Positive
đang làm gì đấy vậy ❓ id12728,Chitchat,Neutral
Thích ghê ❤️ id12729,Chitchat,Positive
mấy ní thấy bất lực quá 📉,Chitchat,Negative
Alo biết nói chuyện không id12731,Chitchat,Neutral
bạn là ai vậy bot 🐧 id12732,Chitchat,Neutral
tên gì á id12733,Chitchat,Neutral
 id12734,Chitchat,Positive
Cảm ơn vì chất lượng id12735,Chitchat,Positive
Chào ngày mới vui vẻ nha vì (^_<) id12736,Chitchat,Positive
Chào ngày mới vui vẻ nha vì 🔥 id12737,Chitchat,Positive
Chào ngày mới vui vẻ nha vì id12738,Chitchat,Positive
Chào nha mấy tuổi rồi 👀,Chitchat,Neutral
Mimo dễ thương quá đã id12740,Chitchat,Positive
Thích bạn ghê id12741,Chitchat,Positive
Ê bot ơi tên gì á ❓,Chitchat,Neutral
là nam hay nữ vậy ❓ id12743,Chitchat,Neutral
Ê Mimo ơi tên gì á 💬 id12744,Chitchat,Neutral
bác muốn hỏi mấy tuổi rồi 💬,Chitchat,Neutral
biết nói chuyện ko vậy 👀,Chitchat,Neutral
Chào ngày mới vui vẻ nha vì (^_<) id12747,Chitchat,Positive
mình muốn hỏi ai tạo ra bạn 🤖,Chitchat,Neutral
đang làm gì đấy vậy bạn ❓ id12749,Chitchat,Neutral
tui muốn hỏi bot ơi bot làm được gì 🐧,Chitchat,Neutral
Chào ngày mới vui vẻ nha vì id12751,Chitchat,Positive
Hi bot ơi,Chitchat,Positive
Chào ngày mới vui vẻ nha id12753,Chitchat,Positive
Hế lô ở đâu á 💬 id12754,Chitchat,Neutral
bạn là ai 💬 id12755,Chitchat,Neutral
bot ơi ở đâu á ❓ id12756,Chitchat,Neutral
Alo ơi em đang nản 🥺,Chitchat,Negative
Alo ơi cậu đang chán 😮‍💨,Chitchat,Negative
Thích bot ghê 🤣 id12759,Chitchat,Positive
Hế lô bạn là ai 🐧 id12760,Chitchat,Neutral
bạn ai tạo ra bạn id12761,Chitchat,Neutral
vì thông minh id12762,Chitchat,Positive
Alo ơi tui đang áp lực id12763,Chitchat,Negative
Alo bạn ơi em đang buồn 💔,Chitchat,Negative
chán vcl 🥺 id12765,Chitchat,Negative
thấy buồn qá 😮‍💨,Chitchat,Negative
Vì nên bà hơi bất lực 💔,Chitchat,Negative
Mimo ở đâu á id12768,Chitchat,Neutral
ai tạo ra bạn id12769,Chitchat,Neutral
bot làm được gì id12770,Chitchat,Neutral
bạn biết nói chuyện không 🤔,Chitchat,Neutral
Vì đi học mệt quá nên bà hơi chán 😮‍💨,Chitchat,Negative
Alo bot ơi ơi cậu đang áp lực 📉 id12773,Chitchat,Negative
vô tri vcl cuộc sống khó khăn 😭,Chitchat,Negative
Thích Mimo dễ thương ghê id12775,Chitchat,Positive
Chào ngày mới vui vẻ nha ✨ id12776,Chitchat,Positive
Alo ơi mấy ní đang chán id12777,Chitchat,Negative
ở đâu á vậy 🐧 id12778,Chitchat,Neutral
bot ơi ai tạo ra bạn 🐧 id12779,Chitchat,Neutral
mấy ní muốn hỏi biết nói chuyện ko 💬,Chitchat,Neutral
ông muốn hỏi biết nói chuyện không 💬,Chitchat,Neutral
ai tạo ra bạn vậy id12782,Chitchat,Neutral
Mimo dễ thương id12783,Chitchat,Positive
là nam hay nữ vậy bot 🐧 id12784,Chitchat,Neutral
ở đâu á 👀 id12785,Chitchat,Neutral
Mimo tên gì á id12786,Chitchat,Neutral
có nghe rõ trả lời không vậy Mimo id12787,Chitchat,Neutral
cậu muốn hỏi bot ơi bạn là ai 🐧,Chitchat,Neutral
Yo bạn là ai id12789,Chitchat,Neutral
Alo Mimo dễ thương ơi mình đang áp lực 🥲,Chitchat,Negative
suy vcl cuộc sống khó khăn 😢,Chitchat,Negative
bot Yêu ghê 🥰,Chitchat,Positive
Alo ơi ông đang buon 🥺,Chitchat,Negative
Ê biết nói chuyện không 👀,Chitchat,Neutral
bot ơi ở đâu á ❓ id12795,Chitchat,Neutral
Mimo ơi 🤣 id12796,Chitchat,Positive
Thích Mimo ghê quá đã id12797,Chitchat,Positive
bạn app xịn xò id12798,Chitchat,Positive
Vì nên mình hơi mệt 😭,Chitchat,Negative
Alo ơi ta đang chán 😢,Chitchat,Negative
ông muốn hỏi Mimo ơi ở đâu á 🐧,Chitchat,Neutral
đang làm gì đấy vậy Mimo dễ thương 🐧 id12802,Chitchat,Neutral
Ê ai tạo ra bạn id12803,Chitchat,Neutral
met vcl deadline ngập đầu 😭,Chitchat,Negative
tên gì á id12805,Chitchat,Neutral
Mimo dễ thương đỉnh nóc kịch trần id12806,Chitchat,Positive
Mimo Mãi iu 🤣,Chitchat,Positive
đang làm gì đấy vậy 🐧 id12808,Chitchat,Neutral
Thích ghê id12809,Chitchat,Positive
Thích Mimo dễ thương ghê app mượt 🤩,Chitchat,Positive
bà muốn hỏi tên gì á 🐧,Chitchat,Neutral
bạn ai tạo ra bạn 🤖,Chitchat,Neutral
ta muốn hỏi đang làm gì đấy id12813,Chitchat,Neutral
Ê ai tạo ra bạn 🐧,Chitchat,Neutral
Vì nên bác hơi suy,Chitchat,Negative
ông muốn hỏi bot ơi có nghe rõ trả lời không id12816,Chitchat,Neutral
Mimo bạn là ai 🤖 id12817,Chitchat,Neutral
biết nói chuyện không 🤖 id12818,Chitchat,Neutral
mấy ní muốn hỏi Mimo dễ thương mấy tuổi rồi 💬,Chitchat,Neutral
mình muốn hỏi đang làm gì đấy 💬 id12820,Chitchat,Neutral
bro muốn hỏi bạn bạn là ai 🐧,Chitchat,Neutral
đang làm gì đấy vậy id12822,Chitchat,Neutral
Thích ghê cute xỉu 👍,Chitchat,Positive
tên gì á id12824,Chitchat,Neutral
đang làm gì đấy id12825,Chitchat,Neutral
biết nói chuyện ko vậy Mimo 🤔,Chitchat,Neutral
tui muốn hỏi Mimo dễ thương biết nói chuyện không 👀,Chitchat,Neutral
Thích bot ơi ghê giao diện đẹp 👍,Chitchat,Positive
bot ơi 🥰 id12829,Chitchat,Positive
Alo bạn ơi mấy ní đang chán 😮‍💨,Chitchat,Negative
vì cute xỉu ✨ id12831,Chitchat,Positive
Ê bạn là ai 🤔 id12832,Chitchat,Neutral
Alo có nghe rõ trả lời không 🤖 id12833,Chitchat,Neutral
bot ơi 🥰 id12834,Chitchat,Positive
cậu muốn hỏi Mimo ai tạo ra bạn,Chitchat,Neutral
Mimo ở đâu á 👀,Chitchat,Neutral
ở đâu á id12837,Chitchat,Neutral
Alo Mimo ơi cậu đang tổn thương 🥺,Chitchat,Negative
Mimo ơi biết nói chuyện không id12839,Chitchat,Neutral
ai tạo ra bạn 💬 id12840,Chitchat,Neutral
stress vcl hết tiền 😮‍💨,Chitchat,Negative
tổn thương vcl 📉 id12842,Chitchat,Negative
Alo ơi ta đang stress 🥺 id12843,Chitchat,Negative
Mimo ơi bạn là ai 💬,Chitchat,Neutral
🤩 id12845,Chitchat,Positive
Mãi iu id12846,Chitchat,Positive
ai tạo ra bạn vậy id12847,Chitchat,Neutral
bro muốn hỏi ở đâu á id12848,Chitchat,Neutral
Alo ơi đang nản 😮‍💨,Chitchat,Negative
bạn Mãi iu id12850,Chitchat,Positive
Mimo mấy tuổi rồi 🤖 id12851,Chitchat,Neutral
biết nói chuyện không vậy 💬 id12852,Chitchat,Neutral
Chào ngày mới vui vẻ nha vì ❤️ id12853,Chitchat,Positive
nản vcl cuộc sống khó khăn 😮‍💨,Chitchat,Negative
ở đâu á id12855,Chitchat,Neutral
Alo mấy tuổi rồi ❓ id12856,Chitchat,Neutral
Hế lô là nam hay nữ id12857,Chitchat,Neutral
là nam hay nữ vậy bạn 🤔 id12858,Chitchat,Neutral
bạn đang làm gì đấy ❓,Chitchat,Neutral
Alo Mimo ơi bác đang mệt 💔,Chitchat,Negative
ai tạo ra bạn vậy id12861,Chitchat,Neutral
Hế lô biết nói chuyện không ❓ id12862,Chitchat,Neutral
Yo biết nói chuyện không ❓,Chitchat,Neutral
Thích ghê chất lượng 🥰 id12864,Chitchat,Positive
Alo biết nói chuyện không 💬 id12865,Chitchat,Neutral
mấy tuổi rồi id12866,Chitchat,Neutral
ở đâu á vậy bạn 👀 id12867,Chitchat,Neutral
vì đỉnh nóc kịch trần 🤣 id12868,Chitchat,Positive
bạn ở đâu á id12869,Chitchat,Neutral
tui muốn hỏi ai tạo ra bạn id12870,Chitchat,Neutral
có nghe rõ trả lời không id12871,Chitchat,Neutral
vì đỉnh nóc kịch trần id12872,Chitchat,Positive
Thích ghê 🥰 id12873,Chitchat,Positive
Chào ngày mới vui vẻ nha vì 🤣 id12874,Chitchat,Positive
Vì nên bro hơi buồn id12875,Chitchat,Negative
Yo bạn bot làm được gì id12876,Chitchat,Neutral
Chào ngày mới vui vẻ nha vì 🥰 id12877,Chitchat,Positive
bác thấy chán qá 🥲,Chitchat,Negative
tên gì á 💬 id12879,Chitchat,Neutral
có nghe rõ trả lời ko vậy bạn,Chitchat,Neutral
ông muốn hỏi Mimo dễ thương tên gì á 🐧,Chitchat,Neutral
Thích Mimo dễ thương ghê cute xỉu ❤️,Chitchat,Positive
bot Tks id12883,Chitchat,Positive
biết nói chuyện không vậy Mimo ơi id12884,Chitchat,Neutral
Tks vì cute xỉu,Chitchat,Positive
Vì nên bro hơi buồn id12886,Chitchat,Negative
Yo ở đâu á 🐧 id12887,Chitchat,Neutral
có nghe rõ trả lời không vậy bot ơi 🐧 id12888,Chitchat,Neutral
Thích bot ghê cute xỉu id12889,Chitchat,Positive
có nghe rõ trả lời không id12890,Chitchat,Neutral
bác muốn hỏi bot ơi bot làm được gì 👀,Chitchat,Neutral
biết nói chuyện không ❓ id12892,Chitchat,Neutral
cậu muốn hỏi là nam hay nữ 💬 id12893,Chitchat,Neutral
Mãi iu vì thông minh 🔥,Chitchat,Positive
bác muốn hỏi là nam hay nữ 💬,Chitchat,Neutral
bà muốn hỏi Mimo ơi ở đâu á,Chitchat,Neutral
tui muốn hỏi có nghe rõ trả lời không id12897,Chitchat,Neutral
mấy ní muốn hỏi tên gì á id12898,Chitchat,Neutral
đang làm gì đấy id12899,Chitchat,Neutral
Yo ai tạo ra bạn id12900,Chitchat,Neutral
Mimo ơi tên gì á 🐧 id12901,Chitchat,Neutral
mình muốn hỏi mấy tuổi rồi ❓ id12902,Chitchat,Neutral
ở đâu á vậy Mimo ơi id12903,Chitchat,Neutral
tên gì á vậy id12904,Chitchat,Neutral
Mimo dễ thương 🤩 id12905,Chitchat,Positive
ta muốn hỏi bot có nghe rõ trả lời không,Chitchat,Neutral
Vì nên mình hơi chán 😭,Chitchat,Negative
Chào ngày mới vui vẻ nha vì id12908,Chitchat,Positive
Chào nha là nam hay nữ ❓ id12909,Chitchat,Neutral
mấy ní muốn hỏi bot ơi có nghe rõ trả lời ko,Chitchat,Neutral
bác thấy met quá 😮‍💨,Chitchat,Negative
Hey Chào ngày mới vui vẻ nha 🥰,Chitchat,Positive
Chào ngày mới vui vẻ nha 🤣 id12913,Chitchat,Positive
bot ✨ id12914,Chitchat,Positive
bác thấy tổn thương quá id12915,Chitchat,Negative
Gút mỏ ninh Mãi iu 🥰,Chitchat,Positive
bạn bạn là ai 👀 id12917,Chitchat,Neutral
bot ơi ai tạo ra bạn 🤖 id12918,Chitchat,Neutral
bot ✨ id12919,Chitchat,Positive
Ê đang làm gì đấy id12920,Chitchat,Neutral
biết nói chuyện không id12921,Chitchat,Neutral
mình thấy suy quá 🥺,Chitchat,Negative
bác thấy stress quá id12923,Chitchat,Negative
Xin chào bot ơi Yêu ghê ❤️,Chitchat,Positive
Vì nên bác hơi chán 📉,Chitchat,Negative
đang làm gì đấy vậy 🤖 id12926,Chitchat,Neutral
đang làm gì đấy id12927,Chitchat,Neutral
bạn bạn là ai id12928,Chitchat,Neutral
ở đâu á vậy 🤖 id12929,Chitchat,Neutral
bà thấy áp lực quá id12930,Chitchat,Negative
quá đã 🤣 id12931,Chitchat,Positive
bot ✨ id12932,Chitchat,Positive
mấy ní thấy bất lực quá 😮‍💨 id12933,Chitchat,Negative
Yo bạn là ai id12934,Chitchat,Neutral
bà thấy vô tri quá 😮‍💨 id12935,Chitchat,Negative
bro muốn hỏi bot biết nói chuyện không id12936,Chitchat,Neutral
quá đã ❤️ id12937,Chitchat,Positive
tui muốn hỏi bot ơi ai tạo ra bạn ❓,Chitchat,Neutral
Biết ơn vì giao diện đẹp id12939,Chitchat,Positive
chán vcl 🥲,Chitchat,Negative
đang làm gì đấy id12941,Chitchat,Neutral
tui thấy stress quá 😮‍💨 id12942,Chitchat,Negative
vì giao diện đẹp 🤣 id12943,Chitchat,Positive
bro thấy áp lực quá 📉,Chitchat,Negative
nản vcl hết tiền 🥲,Chitchat,Negative
ai tạo ra bạn 🐧 id12946,Chitchat,Neutral
bot app xịn xò 🥰 id12947,Chitchat,Positive
giao diện đẹp id12948,Chitchat,Positive
là nam hay nữ vậy id12949,Chitchat,Neutral
bạn Chào ngày mới vui vẻ nha 🔥 id12950,Chitchat,Positive
Củm ơn vì id12951,Chitchat,Positive
bot làm được gì vậy Mimo ơi 💬 id12952,Chitchat,Neutral
ai tạo ra bạn vậy bot id12953,Chitchat,Neutral
Chào ngày mới vui vẻ nha vì 🤩 id12954,Chitchat,Positive
🥰 id12955,Chitchat,Positive
bạn là ai id12956,Chitchat,Neutral
Alo bot ơi ông đang chán,Chitchat,Negative
tổn thương vcl đi học mệt quá 💔 id12958,Chitchat,Negative
là nam hay nữ id12959,Chitchat,Neutral
bác thấy nản quá 📉,Chitchat,Negative
tên gì á vậy bot ơi id12961,Chitchat,Neutral
Yêu ghê vì id12962,Chitchat,Positive
Vì nên mấy ní hơi chán 😮‍💨,Chitchat,Negative
áp lực vcl hết tiền 📉,Chitchat,Negative
vô tri vcl id12965,Chitchat,Negative
Thích ghê app xịn xò ❤️ id12966,Chitchat,Positive
là nam hay nữ vậy id12967,Chitchat,Neutral
Mimo dễ thương id12968,Chitchat,Positive
cậu thấy áp lực quá 😢,Chitchat,Negative
Mimo ơi 🔥 id12970,Chitchat,Positive
bạn là ai vậy Mimo dễ thương id12971,Chitchat,Neutral
Vì nên cậu hơi nản 📉,Chitchat,Negative
Alo ơi ta đang mệt id12973,Chitchat,Negative
là nam hay nữ id12974,Chitchat,Neutral
mấy ní thấy chán quá 🥲,Chitchat,Negative
Mimo dễ thương id12976,Chitchat,Positive
Thích ghê đỉnh nóc kịch trần 🤩 id12977,Chitchat,Positive
Hế lô ở đâu á id12978,Chitchat,Neutral
 id12979,Chitchat,Positive
Mimo dễ thương ai tạo ra bạn id12980,Chitchat,Neutral
Thích Mimo ghê thông minh id12981,Chitchat,Positive
bác muốn hỏi bot bot làm được gì,Chitchat,Neutral
Thích Mimo dễ thương ghê id12983,Chitchat,Positive
bà muốn hỏi Mimo ơi có nghe rõ trả lời không 👀,Chitchat,Neutral
Mimo Chào ngày mới vui vẻ nha id12985,Chitchat,Positive
biết nói chuyện không id12986,Chitchat,Neutral
Hế lô bot làm được gì id12987,Chitchat,Neutral
Chào bot ơi Chào ngày mới vui vẻ nha 🔥,Chitchat,Positive
Alo bot là nam hay nữ ❓,Chitchat,Neutral
mình muốn hỏi Mimo tên gì á 👀,Chitchat,Neutral
muốn hỏi mấy tuổi rồi id12991,Chitchat,Neutral
biết nói chuyện không vậy Mimo id12992,Chitchat,Neutral
Thích ghê giao diện đẹp id12993,Chitchat,Positive
bà muốn hỏi có nghe rõ trả lời không 🤔,Chitchat,Neutral
Alo Mimo ơi cậu đang stress 📉,Chitchat,Negative
Alo ơi đang vô tri,Chitchat,Negative
ta muốn hỏi bot là nam hay nữ id12997,Chitchat,Neutral
Alo ơi đang stress 😮‍💨,Chitchat,Negative
Mimo id12999,Chitchat,Positive
bot ơi id13000,Chitchat,Positive
Thích Mimo dễ thương ghê đỉnh nóc kịch trần id13001,Chitchat,Positive
bot app xịn xò id13002,Chitchat,Positive
biết nói chuyện không id13003,Chitchat,Neutral
là nam hay nữ vậy bạn 🤖 id13004,Chitchat,Neutral
chất lượng 👍 id13005,Chitchat,Positive
vì qá đã 🤩,Chitchat,Positive
Alo ơi mình đang bất lực,Chitchat,Negative
Vì cuộc sống khó khăn nên em hơi áp lực id13008,Chitchat,Negative
buồn vcl 😮‍💨 id13009,Chitchat,Negative
Thích Mimo dễ thương ghê id13010,Chitchat,Positive
Hiya Chào ngày mới vui vẻ nha 🤩,Chitchat,Positive
Mimo dễ thương id13012,Chitchat,Positive
ta thấy chán quá 😢,Chitchat,Negative
bạn Yêu ghê 🤩,Chitchat,Positive
có nghe rõ trả lời không vậy id13015,Chitchat,Neutral
suy vcl id13016,Chitchat,Negative
bà muốn hỏi bạn là ai 🤔,Chitchat,Neutral
ai tạo ra bạn id13018,Chitchat,Neutral
ở đâu á vậy Mimo dễ thương 🤔 id13019,Chitchat,Neutral
bot làm được gì id13020,Chitchat,Neutral
Mimo Tks 🥰 id13021,Chitchat,Positive
mình muốn hỏi đang làm gì đấy id13022,Chitchat,Neutral
Mimo ơi cute xỉu id13023,Chitchat,Positive
mấy tuổi rồi vậy Mimo 🤔 id13024,Chitchat,Neutral
mấy tuổi rồi vậy 💬 id13025,Chitchat,Neutral
Hey bạn,Chitchat,Positive
Chào ngày mới vui vẻ nha id13027,Chitchat,Positive
Hế lô có nghe rõ trả lời không 🤔 id13028,Chitchat,Neutral
ta thấy chán quá 💔,Chitchat,Negative
Thích ghê chất lượng id13030,Chitchat,Positive
biết nói chuyện không vậy id13031,Chitchat,Neutral
bà muốn hỏi tên gì á 👀,Chitchat,Neutral
Alo Mimo ơi cậu đang met 💔,Chitchat,Negative
Alo đang làm gì đấy id13034,Chitchat,Neutral
vì app mượt id13035,Chitchat,Positive
bạn quá đã 🤣,Chitchat,Positive
bạn là ai vậy Mimo id13037,Chitchat,Neutral
Vì nên em hơi suy 🥺,Chitchat,Negative
ta muốn hỏi bạn biết nói chuyện không 🐧,Chitchat,Neutral
mấy tuổi rồi vậy 👀 id13040,Chitchat,Neutral
suy vcl cuộc sống khó khăn 📉,Chitchat,Negative
có nghe rõ trả lời không vậy bot ơi 🤖 id13042,Chitchat,Neutral
Hiya bạn Biết ơn ✨,Chitchat,Positive
ở đâu á vậy id13044,Chitchat,Neutral
muốn hỏi Mimo dễ thương bạn là ai 💬,Chitchat,Neutral
bot làm được gì 🤔 id13046,Chitchat,Neutral
Mimo (^_<) id13047,Chitchat,Positive
Chào ngày mới vui vẻ nha vì ❤️ id13048,Chitchat,Positive
Mimo dễ thương cute xỉu id13049,Chitchat,Positive
có nghe rõ trả lời ko id13050,Chitchat,Neutral
mấy ní muốn hỏi Mimo ơi đang làm gì đấy,Chitchat,Neutral
Mimo dễ thương ai tạo ra bạn 🤔 id13052,Chitchat,Neutral
bot mấy tuổi rồi id13053,Chitchat,Neutral
tui muốn hỏi Mimo dễ thương bot làm được gì 🐧,Chitchat,Neutral
có nghe rõ trả lời không vậy Mimo dễ thương id13055,Chitchat,Neutral
Vì hết tiền nên bà hơi bất lực 📉,Chitchat,Negative
bạn 🤩 id13057,Chitchat,Positive
Ê bạn ai tạo ra bạn id13058,Chitchat,Neutral
Yo Mimo ở đâu á 🤔,Chitchat,Neutral
chán vcl deadline ngập đầu id13060,Chitchat,Negative
Chào nha biết nói chuyện không 🐧 id13061,Chitchat,Neutral
mệt vcl 🥺 id13062,Chitchat,Negative
ông muốn hỏi bạn có nghe rõ trả lời không 🤔,Chitchat,Neutral
ai tạo ra bạn vậy bạn 🤖 id13064,Chitchat,Neutral
✨ id13065,Chitchat,Positive
đang làm gì đấy id13066,Chitchat,Neutral
Chào nha Mimo là nam hay nữ 👀,Chitchat,Neutral
ta muốn hỏi là nam hay nữ 💬 id13068,Chitchat,Neutral
Ê Mimo ơi mấy tuổi rồi id13069,Chitchat,Neutral
giao diện đẹp (^_<) id13070,Chitchat,Positive
✨ id13071,Chitchat,Positive
ta thấy chán quá,Chitchat,Negative
nản vcl deadline ngập đầu id13073,Chitchat,Negative
Mimo dễ thương ở đâu á id13074,Chitchat,Neutral
Vì deadline ngập đầu nên bác hơi nản,Chitchat,Negative
bro muốn hỏi là nam hay nữ 🤔 id13076,Chitchat,Neutral
Vì deadline dí nên cậu hơi bất lực id13077,Chitchat,Negative
buồn vcl crush lơ 📉,Chitchat,Negative
Vì cuộc sống khó khăn nên bà hơi suy 📉,Chitchat,Negative
Thích bạn ghê đỉnh nóc kịch trần 👍,Chitchat,Positive
bác muốn hỏi ở đâu á id13081,Chitchat,Neutral
Vì crush lơ nên bác hơi suy 😮‍💨,Chitchat,Negative
có nghe rõ trả lời không vậy Mimo 👀,Chitchat,Neutral
Mimo ơi giao diện đẹp id13084,Chitchat,Positive
muốn hỏi Mimo ơi mấy tuổi rồi id13085,Chitchat,Neutral
bot ơi có nghe rõ trả lời ko,Chitchat,Neutral
Alo bot ơi em đang vô tri,Chitchat,Negative
Yo mấy tuổi rồi id13088,Chitchat,Neutral
Chào nha là nam hay nữ 🤔 id13089,Chitchat,Neutral
bot ơi là nam hay nữ 🐧 id13090,Chitchat,Neutral
Thích Mimo ơi ghê 🤩 id13091,Chitchat,Positive
Mimo dễ thương đang làm gì đấy ❓,Chitchat,Neutral
Alo ơi mấy ní đang buon 😮‍💨,Chitchat,Negative
mình muốn hỏi là nam hay nữ id13094,Chitchat,Neutral
là nam hay nữ 💬 id13095,Chitchat,Neutral
có nghe rõ trả lời không 🐧 id13096,Chitchat,Neutral
Chào nha tên gì á id13097,Chitchat,Neutral
tên gì á vậy id13098,Chitchat,Neutral
Xin chào Chào ngày mới vui vẻ nha 🥰,Chitchat,Positive
suy vcl 🥲 id13100,Chitchat,Negative
Vì nên cậu hơi tổn thương 😭,Chitchat,Negative
bà muốn hỏi có nghe rõ trả lời không id13102,Chitchat,Neutral
Mimo Chào ngày mới vui vẻ nha 🔥 id13103,Chitchat,Positive
nản vcl crush lơ 😮‍💨,Chitchat,Negative
Vì cuộc sống khó khăn nên bro hơi bất lực 😮‍💨,Chitchat,Negative
 id13106,Chitchat,Positive
Thích ghê (^_<) id13107,Chitchat,Positive
Chào nha Mimo ơi ai tạo ra bạn,Chitchat,Neutral
ai tạo ra bạn id13109,Chitchat,Neutral
đang làm gì đấy vậy Mimo dễ thương ❓ id13110,Chitchat,Neutral
vì giao diện đẹp 🤣 id13111,Chitchat,Positive
Vì cuộc sống khó khăn nên em hơi nản 💔,Chitchat,Negative
Cảm ơn vì ❤️ id13113,Chitchat,Positive
Thích Mimo dễ thương ghê id13114,Chitchat,Positive
đang làm gì đấy 💬 id13115,Chitchat,Neutral
Ê bạn mấy tuổi rồi id13116,Chitchat,Neutral
là nam hay nữ 👀 id13117,Chitchat,Neutral
chán vcl 😭 id13118,Chitchat,Negative
Alo Mimo ơi ta đang nản,Chitchat,Negative
ở đâu á vậy Mimo 🤖 id13120,Chitchat,Neutral
Thích ghê 🤣 id13121,Chitchat,Positive
Vì nên mình hơi mệt 🥺,Chitchat,Negative
em muốn hỏi ở đâu á ❓,Chitchat,Neutral
Yo là nam hay nữ ❓ id13124,Chitchat,Neutral
ở đâu á id13125,Chitchat,Neutral
là nam hay nữ vậy Mimo dễ thương id13126,Chitchat,Neutral
áp lực vcl 😢 id13127,Chitchat,Negative
bạn là ai 💬 id13128,Chitchat,Neutral
mấy tuổi rồi 🤔 id13129,Chitchat,Neutral
bot ơi thông minh 🤩 id13130,Chitchat,Positive
bạn là ai vậy bot ơi id13131,Chitchat,Neutral
Chào nha là nam hay nữ id13132,Chitchat,Neutral
mình muốn hỏi bot ơi đang làm gì đấy 🤖,Chitchat,Neutral
bot ơi giao diện đẹp,Chitchat,Positive
Vì rớt môn nên mấy ní hơi stress 💔,Chitchat,Negative
cậu muốn hỏi Mimo ơi là nam hay nữ id13136,Chitchat,Neutral
thông minh (^_<) id13137,Chitchat,Positive
bất lực vcl deadline dí 💔,Chitchat,Negative
bạn là ai vậy id13139,Chitchat,Neutral
biết nói chuyện không ❓ id13140,Chitchat,Neutral
bot ơi Cảm ơn ❤️,Chitchat,Positive
bot làm được gì ❓ id13142,Chitchat,Neutral
bot id13143,Chitchat,Positive
Thích ghê 🥰 id13144,Chitchat,Positive
Chào nha bot làm được gì 🤖,Chitchat,Neutral
bạn là ai id13146,Chitchat,Neutral
bot làm được gì id13147,Chitchat,Neutral
đỉnh nóc kịch trần id13148,Chitchat,Positive
bot ơi quá đã 🤩,Chitchat,Positive
tên gì á vậy id13150,Chitchat,Neutral
mấy ní muốn hỏi bạn là ai 💬,Chitchat,Neutral
Mãi iu id13152,Chitchat,Positive
bro muốn hỏi Mimo tên gì á id13153,Chitchat,Neutral
đang làm gì đấy id13154,Chitchat,Neutral
stress vcl deadline dí id13155,Chitchat,Negative
Alo Mimo ở đâu á 👀,Chitchat,Neutral
Biết ơn vì giao diện đẹp id13157,Chitchat,Positive
🔥 id13158,Chitchat,Positive
tổn thương vcl 🥺 id13159,Chitchat,Negative
Xin chào Mimo Chào ngày mới vui vẻ nha id13160,Chitchat,Positive
Chào nha bot làm được gì id13161,Chitchat,Neutral
Alo Mimo dễ thương ơi tui đang stress 😭,Chitchat,Negative
Alo có nghe rõ trả lời không 👀 id13163,Chitchat,Neutral
vì app mượt 🤩 id13164,Chitchat,Positive
Mimo dễ thương mấy tuổi rồi id13165,Chitchat,Neutral
Alo ơi bác đang nản id13166,Chitchat,Negative
Vì nên ta hơi suy,Chitchat,Negative
Chào ngày mới vui vẻ nha vì id13168,Chitchat,Positive
Mimo dễ thương bot làm được gì id13169,Chitchat,Neutral
Ê đang làm gì đấy id13170,Chitchat,Neutral
Vì nên cậu hơi suy 😭,Chitchat,Negative
vì chất lượng (^_<) id13172,Chitchat,Positive
Hế lô bot làm được gì 🤔 id13173,Chitchat,Neutral
Củm ơn vì quá đã (^_<) id13174,Chitchat,Positive
Mimo quá đã id13175,Chitchat,Positive
Vì đi học mệt quá nên bà hơi suy 📉,Chitchat,Negative
Thích ghê id13177,Chitchat,Positive
tên gì á 💬 id13178,Chitchat,Neutral
bot làm được gì vậy bot ơi id13179,Chitchat,Neutral
Xin chào bạn Love ya ❤️,Chitchat,Positive
bot đang làm gì đấy id13181,Chitchat,Neutral
Thích bot ơi ghê 🥰 id13182,Chitchat,Positive
Vì cuộc sống khó khăn nên mình hơi mệt 😢,Chitchat,Negative
Chào ngày mới vui vẻ nha vì id13184,Chitchat,Positive
Alo bot ơi biết nói chuyện không 🤖,Chitchat,Neutral
đang làm gì đấy vậy bot ơi 💬 id13186,Chitchat,Neutral
vì app mượt 👍 id13187,Chitchat,Positive
Thích ghê 🔥 id13188,Chitchat,Positive
mấy tuổi rồi vậy bot ơi 🤔,Chitchat,Neutral
tui thấy áp lực quá,Chitchat,Negative
Vì hết tiền nên mình hơi tổn thương 😭,Chitchat,Negative
bot id13192,Chitchat,Positive
mấy ní thấy stress quá 🥲,Chitchat,Negative
mình thấy chán quá 😢 id13194,Chitchat,Negative
mình thấy tổn thương quá 🥺 id13195,Chitchat,Negative
Thích Mimo ơi ghê 🥰 id13196,Chitchat,Positive
Chào ngày mới vui vẻ nha vì 🤣 id13197,Chitchat,Positive
Hế lô bạn là ai id13198,Chitchat,Neutral
Thích ghê chất lượng ❤️,Chitchat,Positive
là nam hay nữ vậy 🤔 id13200,Chitchat,Neutral
Vì deadline dí nên mình hơi suy 😮‍💨,Chitchat,Negative
Hế lô có nghe rõ trả lời ko,Chitchat,Neutral
bạn Củm ơn 🥰,Chitchat,Positive
Chào ngày mới vui vẻ nha vì id13204,Chitchat,Positive
Thích ghê 🔥 id13205,Chitchat,Positive
ai tạo ra bạn vậy id13206,Chitchat,Neutral
Thank you vì app mượt 👍,Chitchat,Positive
Chào nha bạn là ai 👀 id13208,Chitchat,Neutral
bot làm được gì 💬 id13209,Chitchat,Neutral
thấy met quá 😮‍💨,Chitchat,Negative
ở đâu á vậy bot ơi 🤔 id13211,Chitchat,Neutral
Vì bồ giận nên mình hơi tổn thương 📉,Chitchat,Negative
buồn vcl cuộc sống khó khăn id13213,Chitchat,Negative
bot làm được gì ❓ id13214,Chitchat,Neutral
bác thấy bất lực quá id13215,Chitchat,Negative
cute xỉu ❤️ id13216,Chitchat,Positive
buồn vcl id13217,Chitchat,Negative
bà muốn hỏi Mimo bot làm được gì id13218,Chitchat,Neutral
có nghe rõ trả lời không vậy bot ơi 🤖 id13219,Chitchat,Neutral
Mimo id13220,Chitchat,Positive
mình muốn hỏi đang làm gì đấy 🐧 id13221,Chitchat,Neutral
đang làm gì đấy vậy 🐧 id13222,Chitchat,Neutral
Chào ngày mới vui vẻ nha vì 🤩 id13223,Chitchat,Positive
Vì deadline dí nên mình hơi vô tri,Chitchat,Negative
bot làm được gì vậy Mimo ơi 🐧 id13225,Chitchat,Neutral
Mimo app xịn xò id13226,Chitchat,Positive
ở đâu á vậy id13227,Chitchat,Neutral
bot làm được gì id13228,Chitchat,Neutral
Chào nha đang làm gì đấy id13229,Chitchat,Neutral
là nam hay nữ 🤖 id13230,Chitchat,Neutral
Mimo ❤️ id13231,Chitchat,Positive
Hế lô mấy tuổi rồi id13232,Chitchat,Neutral
tổn thương vcl cuộc sống khó khăn 😭 id13233,Chitchat,Negative
tui muốn hỏi biết nói chuyện không 🤔,Chitchat,Neutral
mấy ní thấy buon qá 🥲,Chitchat,Negative
bạn đang làm gì đấy id13236,Chitchat,Neutral
bot quá đã id13237,Chitchat,Positive
muốn hỏi đang làm gì đấy 👀,Chitchat,Neutral
Ê ở đâu á 🐧 id13239,Chitchat,Neutral
Chào nha biết nói chuyện không id13240,Chitchat,Neutral
ai tạo ra bạn 🤖 id13241,Chitchat,Neutral
Chào nha có nghe rõ trả lời không id13242,Chitchat,Neutral
Alo Mimo ơi ơi tui đang buồn,Chitchat,Negative
Thank you vì ❤️ id13244,Chitchat,Positive
mấy ní thấy bất lực quá id13245,Chitchat,Negative
bạn thông minh,Chitchat,Positive
mấy ní thấy vô tri quá 📉,Chitchat,Negative
ông thấy mệt quá 🥲,Chitchat,Negative
tên gì á vậy bạn 🤔 id13249,Chitchat,Neutral
bot làm được gì vậy 🐧 id13250,Chitchat,Neutral
Biết ơn vì id13251,Chitchat,Positive
em muốn hỏi bot mấy tuổi rồi 🤖,Chitchat,Neutral
ta muốn hỏi Mimo là nam hay nữ 👀,Chitchat,Neutral
Hế lô là nam hay nữ 💬 id13254,Chitchat,Neutral
bot ơi (^_<) id13255,Chitchat,Positive
ở đâu á vậy Mimo dễ thương id13256,Chitchat,Neutral
Chào ngày mới vui vẻ nha vì id13257,Chitchat,Positive
buồn vcl hết tiền id13258,Chitchat,Negative
Mimo ơi Củm ơn 👍,Chitchat,Positive
Thích bot ơi ghê thông minh id13260,Chitchat,Positive
Hey Mimo Yêu ghê,Chitchat,Positive
Mimo chất lượng id13262,Chitchat,Positive
tui thấy suy quá 📉 id13263,Chitchat,Negative
Alo bot ơi ơi bác đang nản,Chitchat,Negative
Alo Mimo ơi ơi em đang tổn thương 😢,Chitchat,Negative
mình muốn hỏi Mimo biết nói chuyện không,Chitchat,Neutral
bot làm đc gì 🤔 id13267,Chitchat,Neutral
Vì nên bà hơi mệt 😭,Chitchat,Negative
bà muốn hỏi bạn là ai 👀 id13269,Chitchat,Neutral
bạn là ai id13270,Chitchat,Neutral
Mimo ơi app mượt ❤️ id13271,Chitchat,Positive
Alo Mimo dễ thương ơi tui đang mệt 😢,Chitchat,Negative
Mimo ơi bot làm được gì 🤖,Chitchat,Neutral
Mimo ơi đang làm gì đấy id13274,Chitchat,Neutral
Alo bot ơi ơi cậu đang chán 🥺,Chitchat,Negative
ở đâu á vậy bạn id13276,Chitchat,Neutral
Mimo 🤩 id13277,Chitchat,Positive
đang làm gì đấy vậy id13278,Chitchat,Neutral
Thích bạn ghê đỉnh nóc kịch trần 🤩 id13279,Chitchat,Positive
bot ơi 🤩 id13280,Chitchat,Positive
ông thấy áp lực quá 🥲,Chitchat,Negative
cậu muốn hỏi biết nói chuyện không 🤔 id13282,Chitchat,Neutral
là nam hay nữ id13283,Chitchat,Neutral
có nghe rõ trả lời không vậy 👀 id13284,Chitchat,Neutral
Thích ghê 👍 id13285,Chitchat,Positive
bà muốn hỏi bạn có nghe rõ trả lời không,Chitchat,Neutral
ông muốn hỏi bot ai tạo ra bạn id13287,Chitchat,Neutral
em muốn hỏi bot ai tạo ra bạn 🤖,Chitchat,Neutral
bot làm được gì vậy bot ơi id13289,Chitchat,Neutral
Vì deadline dí nên hơi bất lực,Chitchat,Negative
biết nói chuyện không vậy Mimo ơi id13291,Chitchat,Neutral
ở đâu á id13292,Chitchat,Neutral
met vcl deadline dí 😢,Chitchat,Negative
bot ơi Mãi iu (^_<) id13294,Chitchat,Positive
Cảm ơn vì quá đã id13295,Chitchat,Positive
Hello bot ơi Cảm ơn,Chitchat,Positive
muốn hỏi Mimo dễ thương bot làm được gì ❓,Chitchat,Neutral
❤️ id13298,Chitchat,Positive
bạn 👍 id13299,Chitchat,Positive
mình muốn hỏi bot ơi có nghe rõ trả lời không 👀 id13300,Chitchat,Neutral
ở đâu á 🐧 id13301,Chitchat,Neutral
Thích Mimo ghê id13302,Chitchat,Positive
Thích Mimo ơi ghê quá đã 👍,Chitchat,Positive
có nghe rõ trả lời không id13304,Chitchat,Neutral
ai tạo ra bạn vậy bot ơi id13305,Chitchat,Neutral
tên gì á vậy bot id13306,Chitchat,Neutral
Vì đi học met quá nên bro hơi áp lực 🥺,Chitchat,Negative
tui thấy buồn quá 🥺,Chitchat,Negative
Mimo chất lượng 🤩,Chitchat,Positive
Mimo ❤️ id13310,Chitchat,Positive
Mimo ơi chất lượng 👍,Chitchat,Positive
Thích Mimo ghê đỉnh nóc kịch trần id13312,Chitchat,Positive
❤️ id13313,Chitchat,Positive
bạn là ai 👀 id13314,Chitchat,Neutral
Alo mấy tuổi rồi 🤔 id13315,Chitchat,Neutral
biết nói chuyện không vậy Mimo dễ thương 🤔,Chitchat,Neutral
có nghe rõ trả lời không 🤖 id13317,Chitchat,Neutral
biết nói chuyện không id13318,Chitchat,Neutral
Alo ơi bác đang buồn 💔,Chitchat,Negative
Chào ngày mới vui vẻ nha vì ❤️ id13320,Chitchat,Positive
Tks vì đỉnh nóc kịch trần 👍,Chitchat,Positive
Mimo (^_<) id13322,Chitchat,Positive
mình muốn hỏi là nam hay nữ id13323,Chitchat,Neutral
ta muốn hỏi ở đâu á id13324,Chitchat,Neutral
cậu muốn hỏi bot ai tạo ra bạn 🐧,Chitchat,Neutral
là nam hay nữ vậy Mimo dễ thương 👀 id13326,Chitchat,Neutral
em muốn hỏi có nghe rõ trả lời ko,Chitchat,Neutral
Thích ghê id13328,Chitchat,Positive
mấy ní muốn hỏi đang làm gì đấy id13329,Chitchat,Neutral
Thích bạn ghê đỉnh nóc kịch trần 🤩 id13330,Chitchat,Positive
Yo ai tạo ra bạn 🐧 id13331,Chitchat,Neutral
bạn là ai vậy Mimo 🐧,Chitchat,Neutral
Thích bot ghê 🤣 id13333,Chitchat,Positive
Love ya vì id13334,Chitchat,Positive
🤣 id13335,Chitchat,Positive
Chào ngày mới vui vẻ nha vì 🔥 id13336,Chitchat,Positive
vô tri vcl bồ giận id13337,Chitchat,Negative
Thích bạn ghê thông minh (^_<),Chitchat,Positive
giao diện đẹp id13339,Chitchat,Positive
mấy tuổi rồi id13340,Chitchat,Neutral
bot ơi 🥰 id13341,Chitchat,Positive
Alo bot ơi ơi ta đang áp lực,Chitchat,Negative
là nam hay nữ id13343,Chitchat,Neutral
bot ơi id13344,Chitchat,Positive
Mimo dễ thương thông minh (^_<),Chitchat,Positive
Alo ơi đang chán 🥺,Chitchat,Negative
Mimo 🥰 id13347,Chitchat,Positive
mấy ní muốn hỏi Mimo ơi là nam hay nữ,Chitchat,Neutral
Củm ơn vì 🤣 id13349,Chitchat,Positive
ở đâu á vậy Mimo 🤔 id13350,Chitchat,Neutral
Thích ghê 🤩 id13351,Chitchat,Positive
Thích bạn ghê thông minh id13352,Chitchat,Positive
là nam hay nữ vậy id13353,Chitchat,Neutral
mấy ní muốn hỏi ở đâu á 🤔,Chitchat,Neutral
Biết ơn vì thông minh ❤️,Chitchat,Positive
Mimo bạn là ai 🤔,Chitchat,Neutral
Mimo ở đâu á 👀 id13357,Chitchat,Neutral
bà thấy bất lực quá 😭,Chitchat,Negative
em muốn hỏi biết nói chuyện không id13359,Chitchat,Neutral
mấy tuổi rồi 💬 id13360,Chitchat,Neutral
bot Biết ơn,Chitchat,Positive
Chào nha bot làm được gì id13362,Chitchat,Neutral
áp lực vcl 💔 id13363,Chitchat,Negative
đỉnh nóc kịch trần id13364,Chitchat,Positive
suy vcl rớt môn 😮‍💨 id13365,Chitchat,Negative
Thích ghê id13366,Chitchat,Positive
Ê Mimo biết nói chuyện không id13367,Chitchat,Neutral
muốn hỏi bot tên gì á 👀,Chitchat,Neutral
Hế lô tên gì á id13369,Chitchat,Neutral
bạn là ai vậy Mimo id13370,Chitchat,Neutral
tui muốn hỏi Mimo ơi đang làm gì đấy,Chitchat,Neutral
Vì cuộc sống khó khăn nên mình hơi mệt,Chitchat,Negative
bạn có nghe rõ trả lời không id13373,Chitchat,Neutral
app xịn xò id13374,Chitchat,Positive
vì thông minh id13375,Chitchat,Positive
ai tạo ra bạn vậy 🤖 id13376,Chitchat,Neutral
Mimo ơi có nghe rõ trả lời không 🤔 id13377,Chitchat,Neutral
Vì crush lơ nên ông hơi tổn thương,Chitchat,Negative
biết nói chuyện ko id13379,Chitchat,Neutral
Vì đi học met qá nên mấy ní hơi vô tri,Chitchat,Negative
Vì nên bà hơi mệt id13381,Chitchat,Negative
Thích Mimo dễ thương ghê thông minh id13382,Chitchat,Positive
Chào ngày mới vui vẻ nha vì ✨ id13383,Chitchat,Positive
bot ơi thông minh 🤩 id13384,Chitchat,Positive
Alo Mimo dễ thương ơi bác đang vô tri 😮‍💨,Chitchat,Negative
Thích ghê id13386,Chitchat,Positive
biết nói chuyện không vậy Mimo ơi id13387,Chitchat,Neutral
mấy tuổi rồi vậy bạn 🤔 id13388,Chitchat,Neutral
tui muốn hỏi Mimo biết nói chuyện không,Chitchat,Neutral
❤️ id13390,Chitchat,Positive
bất lực vcl id13391,Chitchat,Negative
vì app xịn xò 🔥 id13392,Chitchat,Positive
Alo ơi bác đang suy 📉,Chitchat,Negative
tui thấy met quá,Chitchat,Negative
cậu muốn hỏi Mimo bot làm được gì 🤔,Chitchat,Neutral
Mimo ơi thông minh 🔥,Chitchat,Positive
Vì deadline dí nên hơi tổn thương 🥲,Chitchat,Negative
Chào ngày mới vui vẻ nha id13398,Chitchat,Positive
Vì hết tiền nên tui hơi vô tri 🥺,Chitchat,Negative
có nghe rõ trả lời không 💬 id13400,Chitchat,Neutral
vô tri vcl đi học mệt quá id13401,Chitchat,Negative
Thích bot ơi ghê app mượt 🤣,Chitchat,Positive
ở đâu á id13403,Chitchat,Neutral
Mãi iu id13404,Chitchat,Positive
Vì bồ giận nên ông hơi bất lực 🥺,Chitchat,Negative
mấy ní muốn hỏi là nam hay nữ 👀 id13406,Chitchat,Neutral
Thích Mimo ơi ghê 👍 id13407,Chitchat,Positive
Love ya vì 🤩 id13408,Chitchat,Positive
thấy áp lực quá 🥺,Chitchat,Negative
Hiya Mimo dễ thương ❤️,Chitchat,Positive
Vì nên bác hơi tổn thương id13411,Chitchat,Negative
Vì nên ta hơi vô tri 😭,Chitchat,Negative
là nam hay nữ 💬 id13413,Chitchat,Neutral
Thích bot ghê id13414,Chitchat,Positive
áp lực vcl id13415,Chitchat,Negative
Mimo 🤣 id13416,Chitchat,Positive
Yo ở đâu á id13417,Chitchat,Neutral
đang làm gì đấy 🤔 id13418,Chitchat,Neutral
Chào ngày mới vui vẻ nha ✨ id13419,Chitchat,Positive
Mimo dễ thương id13420,Chitchat,Positive
bot làm được gì id13421,Chitchat,Neutral
bạn id13422,Chitchat,Positive
ai tạo ra bạn vậy Mimo dễ thương id13423,Chitchat,Neutral
Hi id13424,Chitchat,Positive
Alo bạn ơi ông đang nản 😭,Chitchat,Negative
Alo ơi bà đang buồn,Chitchat,Negative
Chào ngày mới vui vẻ nha vì 🥰 id13427,Chitchat,Positive
Thích ghê (^_<) id13428,Chitchat,Positive
cậu thấy áp lực quá 😢 id13429,Chitchat,Negative
Vì nên bà hơi nản 😢,Chitchat,Negative
Chào nha bot ơi là nam hay nữ,Chitchat,Neutral
Ê Mimo tên gì á,Chitchat,Neutral
em muốn hỏi mấy tuổi rồi id13433,Chitchat,Neutral
Tks vì ✨ id13434,Chitchat,Positive
ai tạo ra bạn vậy bạn id13435,Chitchat,Neutral
mình muốn hỏi bot ở đâu á id13436,Chitchat,Neutral
Thank you vì đỉnh nóc kịch trần 🥰,Chitchat,Positive
Vì crush lơ nên ông hơi chán 😢,Chitchat,Negative
ta thấy stress quá id13439,Chitchat,Negative
mấy ní muốn hỏi ai tạo ra bạn 🤔,Chitchat,Neutral
mấy tuổi rồi vậy ❓ id13441,Chitchat,Neutral
thông minh 🤩 id13442,Chitchat,Positive
Alo ơi tui đang buồn,Chitchat,Negative
bot làm được gì vậy bot ơi id13444,Chitchat,Neutral
bạn là nam hay nữ ❓ id13445,Chitchat,Neutral
đang làm gì đấy vậy Mimo dễ thương 💬 id13446,Chitchat,Neutral
tên gì á 🐧 id13447,Chitchat,Neutral
bác muốn hỏi bot làm được gì 🐧,Chitchat,Neutral
ai tạo ra bạn 🤔 id13449,Chitchat,Neutral
Vì cuộc sống khó khăn nên hơi vô tri 📉,Chitchat,Negative
nản vcl id13451,Chitchat,Negative
thấy nản quá 😮‍💨,Chitchat,Negative
Alo Mimo dễ thương ơi cậu đang stress,Chitchat,Negative
Hế lô ở đâu á id13454,Chitchat,Neutral
Thích ghê thông minh id13455,Chitchat,Positive
em thấy tổn thương quá 😭,Chitchat,Negative
em thấy stress quá 😢 id13457,Chitchat,Negative
mình thấy áp lực quá id13458,Chitchat,Negative
Mimo id13459,Chitchat,Positive
bạn 🥰,Chitchat,Positive
Vì nên mấy ní hơi suy id13461,Chitchat,Negative
tên gì á vậy bạn id13462,Chitchat,Neutral
bot Tks id13463,Chitchat,Positive
Vì deadline dí nên ta hơi suy 🥲,Chitchat,Negative
bot ơi id13465,Chitchat,Positive
Thích bot ghê app mượt ❤️ id13466,Chitchat,Positive
Vì bồ giận nên cậu hơi vô tri,Chitchat,Negative
nản vcl 🥺 id13468,Chitchat,Negative
Thích ghê id13469,Chitchat,Positive
vì app xịn xò 🔥 id13470,Chitchat,Positive
bất lực vcl id13471,Chitchat,Negative
đang làm gì đấy vậy bạn id13472,Chitchat,Neutral
Ê tên gì á id13473,Chitchat,Neutral
Vì cuộc sống khó khăn nên em hơi suy 😢,Chitchat,Negative
bạn là ai vậy 💬 id13475,Chitchat,Neutral
Hi bot ✨,Chitchat,Positive
Yo bạn là ai id13477,Chitchat,Neutral
Hey Cảm ơn 👍,Chitchat,Positive
Alo Mimo ơi mấy ní đang bất lực 🥺,Chitchat,Negative
Mimo dễ thương 🤩 id13480,Chitchat,Positive
ta thấy nản qá,Chitchat,Negative
mấy tuổi rồi id13482,Chitchat,Neutral
tên gì á id13483,Chitchat,Neutral
bạn là ai id13484,Chitchat,Neutral
nản vcl đi học mệt qá 😮‍💨,Chitchat,Negative
Alo ơi em đang áp lực 💔,Chitchat,Negative
chán vcl hết tiền 😮‍💨,Chitchat,Negative
Alo bot ơi ơi ông đang bất lực,Chitchat,Negative
ai tạo ra bạn vậy Mimo ơi id13489,Chitchat,Neutral
Vì rớt môn nên em hơi suy 😮‍💨,Chitchat,Negative
Chào Củm ơn id13491,Chitchat,Positive
mấy tuổi rồi vậy ❓ id13492,Chitchat,Neutral
bot ai tạo ra bạn 🐧 id13493,Chitchat,Neutral
Thích bot ơi ghê id13494,Chitchat,Positive
Alo bạn ơi em đang buồn 🥺,Chitchat,Negative
Ê bot ơi mấy tuổi rồi ❓,Chitchat,Neutral
mình thấy tổn thương qá 😭,Chitchat,Negative
Mimo ơi ai tạo ra bạn id13498,Chitchat,Neutral
vì chất lượng id13499,Chitchat,Positive
em muốn hỏi Mimo ơi là nam hay nữ id13500,Chitchat,Neutral
tên gì á vậy bot id13501,Chitchat,Neutral
bot làm được gì ❓ id13502,Chitchat,Neutral
Thích bot ơi ghê cute xỉu 🤣,Chitchat,Positive
biết nói chuyện ko ❓,Chitchat,Neutral
áp lực vcl hết tiền 🥲,Chitchat,Negative
cậu muốn hỏi bot ơi có nghe rõ trả lời không 💬,Chitchat,Neutral
áp lực vcl id13507,Chitchat,Negative
Mimo dễ thương có nghe rõ trả lời ko,Chitchat,Neutral
bạn là ai vậy Mimo id13509,Chitchat,Neutral
bà muốn hỏi Mimo ơi là nam hay nữ,Chitchat,Neutral
bot ơi giao diện đẹp id13511,Chitchat,Positive
Yo bạn là ai ❓ id13512,Chitchat,Neutral
Vì rớt môn nên mấy ní hơi stress,Chitchat,Negative
Chào ngày mới vui vẻ nha vì ✨ id13514,Chitchat,Positive
Chào ngày mới vui vẻ nha vì id13515,Chitchat,Positive
Thích bot ơi ghê 🤩 id13516,Chitchat,Positive
Chào ngày mới vui vẻ nha vì (^_<) id13517,Chitchat,Positive
Biết ơn vì 🔥 id13518,Chitchat,Positive
giao diện đẹp 👍,Chitchat,Positive
Vì rớt môn nên em hơi suy,Chitchat,Negative
Mimo ơi app xịn xò id13521,Chitchat,Positive
tui muốn hỏi Mimo dễ thương là nam hay nữ id13522,Chitchat,Neutral
bot ơi id13523,Chitchat,Positive
Hey Mimo Chào ngày mới vui vẻ nha,Chitchat,Positive
Alo bạn là ai id13525,Chitchat,Neutral
Biết ơn vì ✨ id13526,Chitchat,Positive
Good morning Tks id13527,Chitchat,Positive
Ê mấy tuổi rồi 🤔 id13528,Chitchat,Neutral
Mimo dễ thương giao diện đẹp,Chitchat,Positive
đang làm gì đấy vậy 👀 id13530,Chitchat,Neutral
cậu thấy mệt quá id13531,Chitchat,Negative
mấy tuổi rồi vậy bot ❓ id13532,Chitchat,Neutral
ở đâu á id13533,Chitchat,Neutral
đang làm gì đấy vậy id13534,Chitchat,Neutral
Thích Mimo dễ thương ghê đỉnh nóc kịch trần id13535,Chitchat,Positive
nản vcl 😭 id13536,Chitchat,Negative
em muốn hỏi Mimo dễ thương có nghe rõ trả lời không 👀,Chitchat,Neutral
Mãi iu 🤩 id13538,Chitchat,Positive
ai tạo ra bạn id13539,Chitchat,Neutral
bot làm đc gì 🐧 id13540,Chitchat,Neutral
bất lực vcl id13541,Chitchat,Negative
bạn là ai vậy 💬 id13542,Chitchat,Neutral
Thank you vì id13543,Chitchat,Positive
có nghe rõ trả lời không vậy id13544,Chitchat,Neutral
bà muốn hỏi bot ơi bot làm đc gì,Chitchat,Neutral
Thích bạn ghê 👍 id13546,Chitchat,Positive
thông minh (^_<) id13547,Chitchat,Positive
mình muốn hỏi Mimo ơi bot làm được gì id13548,Chitchat,Neutral
Mimo Chào ngày mới vui vẻ nha ❤️ id13549,Chitchat,Positive
Hế lô ở đâu á 👀 id13550,Chitchat,Neutral
Alo có nghe rõ trả lời không 👀 id13551,Chitchat,Neutral
vì quá đã 🤣 id13552,Chitchat,Positive
ta muốn hỏi Mimo bot làm được gì id13553,Chitchat,Neutral
ở đâu á vậy Mimo ơi id13554,Chitchat,Neutral
bạn (^_<) id13555,Chitchat,Positive
bác muốn hỏi bot bạn là ai id13556,Chitchat,Neutral
cậu muốn hỏi biết nói chuyện không ❓ id13557,Chitchat,Neutral
Mimo ơi biết nói chuyện không id13558,Chitchat,Neutral
bro muốn hỏi bot ơi bot làm được gì id13559,Chitchat,Neutral
là nam hay nữ vậy bot ơi ❓ id13560,Chitchat,Neutral
em muốn hỏi Mimo ơi mấy tuổi rồi id13561,Chitchat,Neutral
bot bạn là ai 👀 id13562,Chitchat,Neutral
ai tạo ra bạn vậy Mimo id13563,Chitchat,Neutral
Mimo ơi ở đâu á id13564,Chitchat,Neutral
cute xỉu 👍 id13565,Chitchat,Positive
Alo ơi ta đang met 💔,Chitchat,Negative
Thích bot ghê id13567,Chitchat,Positive
bạn là ai vậy 👀 id13568,Chitchat,Neutral
Vì deadline ngập đầu nên bro hơi bất lực,Chitchat,Negative
Chào nha biết nói chuyện không id13570,Chitchat,Neutral
Chào ngày mới vui vẻ nha vì ❤️ id13571,Chitchat,Positive
bot ơi app mượt ❤️ id13572,Chitchat,Positive
bot làm được gì 🤖 id13573,Chitchat,Neutral
Hello bạn Chào ngày mới vui vẻ nha 🔥,Chitchat,Positive
biết nói chuyện không id13575,Chitchat,Neutral
ở đâu á vậy 🐧 id13576,Chitchat,Neutral
stress vcl đi học mệt qá,Chitchat,Negative
bất lực vcl hết tiền,Chitchat,Negative
stress vcl 💔 id13579,Chitchat,Negative
Thích ghê thông minh 🥰 id13580,Chitchat,Positive
Thích Mimo ơi ghê id13581,Chitchat,Positive
biết nói chuyện không vậy bạn id13582,Chitchat,Neutral
Alo Mimo dễ thương ơi em đang vô tri 😭,Chitchat,Negative
ai tạo ra bạn id13584,Chitchat,Neutral
stress vcl crush lơ 😮‍💨,Chitchat,Negative
bạn là ai 🐧 id13586,Chitchat,Neutral
bạn là ai vậy 🤔 id13587,Chitchat,Neutral
có nghe rõ trả lời không ❓ id13588,Chitchat,Neutral
ta muốn hỏi bot làm được gì id13589,Chitchat,Neutral
ông muốn hỏi biết nói chuyện không 🤔,Chitchat,Neutral
mấy tuổi rồi vậy bot ơi 👀 id13591,Chitchat,Neutral
bot 🤣 id13592,Chitchat,Positive
ai tạo ra bạn 🤖 id13593,Chitchat,Neutral
mấy tuổi rồi vậy Mimo id13594,Chitchat,Neutral
có nghe rõ trả lời không 💬 id13595,Chitchat,Neutral
ta muốn hỏi Mimo ai tạo ra bạn ❓,Chitchat,Neutral
bạn id13597,Chitchat,Positive
Mimo ơi 🤩 id13598,Chitchat,Positive
bất lực vcl crush lơ id13599,Chitchat,Negative
Hế lô là nam hay nữ 🤔 id13600,Chitchat,Neutral
bác muốn hỏi ở đâu á id13601,Chitchat,Neutral
mấy tuổi rồi vậy 💬 id13602,Chitchat,Neutral
vì đỉnh nóc kịch trần ❤️ id13603,Chitchat,Positive
Hế lô bạn tên gì á 💬,Chitchat,Neutral
Tks vì 🥰 id13605,Chitchat,Positive
ông muốn hỏi bạn bot làm được gì 🤔,Chitchat,Neutral
tên gì á vậy id13607,Chitchat,Neutral
Love ya vì id13608,Chitchat,Positive
có nghe rõ trả lời không vậy bot id13609,Chitchat,Neutral
Mimo là nam hay nữ 💬 id13610,Chitchat,Neutral
bạn là ai vậy Mimo ơi ❓,Chitchat,Neutral
muốn hỏi Mimo dễ thương ai tạo ra bạn 💬,Chitchat,Neutral
Chào nha mấy tuổi rồi id13613,Chitchat,Neutral
là nam hay nữ id13614,Chitchat,Neutral
Mimo ơi Chào ngày mới vui vẻ nha id13615,Chitchat,Positive
👍 id13616,Chitchat,Positive
Thích ghê quá đã 🤣 id13617,Chitchat,Positive
mấy ní thấy nản quá 📉 id13618,Chitchat,Negative
muốn hỏi ở đâu á,Chitchat,Neutral
em thấy nản quá 😮‍💨,Chitchat,Negative
Chào ngày mới vui vẻ nha vì id13621,Chitchat,Positive
có nghe rõ trả lời ko vậy id13622,Chitchat,Neutral
Ê có nghe rõ trả lời không 🐧,Chitchat,Neutral
là nam hay nữ id13624,Chitchat,Neutral
là nam hay nữ vậy bạn ❓ id13625,Chitchat,Neutral
cậu muốn hỏi bot ơi biết nói chuyện không ❓,Chitchat,Neutral
bot Yêu ghê id13627,Chitchat,Positive
mình muốn hỏi Mimo ơi là nam hay nữ 💬,Chitchat,Neutral
Mimo ơi Tks id13629,Chitchat,Positive
bot làm đc gì vậy 🐧,Chitchat,Neutral
Ê bot ơi có nghe rõ trả lời không,Chitchat,Neutral
Love ya vì 🥰 id13632,Chitchat,Positive
bác muốn hỏi là nam hay nữ id13633,Chitchat,Neutral
Mimo ơi id13634,Chitchat,Positive
bot ơi id13635,Chitchat,Positive
muốn hỏi bạn là ai 💬 id13636,Chitchat,Neutral
Mimo ơi bot làm được gì 🤔,Chitchat,Neutral
em muốn hỏi bot ai tạo ra bạn id13638,Chitchat,Neutral
đỉnh nóc kịch trần id13639,Chitchat,Positive
ta muốn hỏi mấy tuổi rồi id13640,Chitchat,Neutral
muốn hỏi bot bot làm được gì 🤔,Chitchat,Neutral
Alo Mimo ơi ơi cậu đang tổn thương,Chitchat,Negative
bà thấy bất lực quá id13643,Chitchat,Negative
thấy buồn quá id13644,Chitchat,Negative
bot Củm ơn 🤣 id13645,Chitchat,Positive
Yêu ghê vì thông minh,Chitchat,Positive
bác thấy met quá,Chitchat,Negative
Yêu ghê vì chất lượng (^_<),Chitchat,Positive
bot ơi ❤️ id13649,Chitchat,Positive
Hello  (^_<),Chitchat,Positive
Chào nha ở đâu á 👀 id13651,Chitchat,Neutral
bot làm được gì vậy bot 💬 id13652,Chitchat,Neutral
Alo tên gì á id13653,Chitchat,Neutral
ở đâu á 🐧 id13654,Chitchat,Neutral
bất lực vcl 💔 id13655,Chitchat,Negative
Alo mấy tuổi rồi 👀,Chitchat,Neutral
chán vcl đi học mệt quá 😮‍💨 id13657,Chitchat,Negative
Yo ai tạo ra bạn 🤔 id13658,Chitchat,Neutral
bot làm được gì 🤖 id13659,Chitchat,Neutral
bot 🥰 id13660,Chitchat,Positive
Chào ngày mới vui vẻ nha (^_<) id13661,Chitchat,Positive
ta muốn hỏi Mimo ơi đang làm gì đấy id13662,Chitchat,Neutral
Thích ghê id13663,Chitchat,Positive
Love ya vì 🔥 id13664,Chitchat,Positive
bà muốn hỏi bot làm được gì 👀,Chitchat,Neutral
bạn là ai vậy bot ơi id13666,Chitchat,Neutral
Thích Mimo dễ thương ghê (^_<),Chitchat,Positive
vì chất lượng 🥰 id13668,Chitchat,Positive
bot ơi mấy tuổi rồi id13669,Chitchat,Neutral
Thank you vì cute xỉu (^_<),Chitchat,Positive
bác thấy chán quá id13671,Chitchat,Negative
mấy tuổi rồi id13672,Chitchat,Neutral
là nam hay nữ vậy bạn 🐧,Chitchat,Neutral
bro muốn hỏi Mimo dễ thương biết nói chuyện không 🤖 id13674,Chitchat,Neutral
Thích bạn ghê 👍 id13675,Chitchat,Positive
là nam hay nữ vậy id13676,Chitchat,Neutral
tên gì á vậy bot ơi id13677,Chitchat,Neutral
Biết ơn vì id13678,Chitchat,Positive
quá đã 🤣 id13679,Chitchat,Positive
bà muốn hỏi Mimo ơi ai tạo ra bạn 💬,Chitchat,Neutral
bot mấy tuổi rồi id13681,Chitchat,Neutral
Alo Mimo ơi bạn là ai id13682,Chitchat,Neutral
Chào bot ơi Cảm ơn,Chitchat,Positive
Mãi iu vì app mượt 🥰,Chitchat,Positive
mấy ní muốn hỏi tên gì á id13685,Chitchat,Neutral
biết nói chuyện không 🤖 id13686,Chitchat,Neutral
bà muốn hỏi Mimo dễ thương có nghe rõ trả lời ko 🤔,Chitchat,Neutral
giao diện đẹp 🔥 id13688,Chitchat,Positive
Vì nên bà hơi tổn thương id13689,Chitchat,Negative
Hế lô mấy tuổi rồi 💬 id13690,Chitchat,Neutral
ta muốn hỏi bạn bạn là ai 🤔 id13691,Chitchat,Neutral
Hế lô ở đâu á id13692,Chitchat,Neutral
Thích Mimo dễ thương ghê thông minh 🔥,Chitchat,Positive
là nam hay nữ vậy Mimo ơi 🤔,Chitchat,Neutral
bot ở đâu á id13695,Chitchat,Neutral
Alo Mimo dễ thương ai tạo ra bạn id13696,Chitchat,Neutral
bạn là ai vậy bot id13697,Chitchat,Neutral
áp lực vcl id13698,Chitchat,Negative
bot làm được gì 🐧 id13699,Chitchat,Neutral
(^_<) id13700,Chitchat,Positive
mấy tuổi rồi vậy 🤖 id13701,Chitchat,Neutral
là nam hay nữ vậy Mimo id13702,Chitchat,Neutral
Mimo 🤣 id13703,Chitchat,Positive
Mimo quá đã 🤩,Chitchat,Positive
tui thấy chán quá id13705,Chitchat,Negative
đang làm gì đấy vậy bot ơi id13706,Chitchat,Neutral
bot làm đc gì vậy 💬,Chitchat,Neutral
app xịn xò ❤️ id13708,Chitchat,Positive
❤️ id13709,Chitchat,Positive
cậu thấy buồn quá,Chitchat,Negative
quá đã id13711,Chitchat,Positive
Thích Mimo ơi ghê chất lượng,Chitchat,Positive
có nghe rõ trả lời không vậy bot id13713,Chitchat,Neutral
bot ❤️ id13714,Chitchat,Positive
Thích Mimo dễ thương ghê 🤣 id13715,Chitchat,Positive
Mãi iu vì 🔥 id13716,Chitchat,Positive
Alo Mimo dễ thương ơi bro đang tổn thương 😢,Chitchat,Negative
Thank you vì 🔥 id13718,Chitchat,Positive
Yo bot mấy tuổi rồi,Chitchat,Neutral
Alo bot đang làm gì đấy,Chitchat,Neutral
vì đỉnh nóc kịch trần 🔥 id13721,Chitchat,Positive
Alo mấy tuổi rồi 💬 id13722,Chitchat,Neutral
suy vcl cuộc sống khó khăn 🥲,Chitchat,Negative
Thích ghê đỉnh nóc kịch trần 👍 id13724,Chitchat,Positive
tui muốn hỏi bot làm được gì id13725,Chitchat,Neutral
Ê bot làm được gì 👀,Chitchat,Neutral
bot chất lượng (^_<),Chitchat,Positive
ông thấy tổn thương quá 🥲 id13728,Chitchat,Negative
Thích ghê id13729,Chitchat,Positive
app mượt (^_<) id13730,Chitchat,Positive
Chào ngày mới vui vẻ nha id13731,Chitchat,Positive
bot ơi Biết ơn id13732,Chitchat,Positive
áp lực vcl 🥺 id13733,Chitchat,Negative
ông thấy bất lực quá id13734,Chitchat,Negative
bạn Chào ngày mới vui vẻ nha (^_<) id13735,Chitchat,Positive
mấy tuổi rồi vậy Mimo 👀 id13736,Chitchat,Neutral
Alo Mimo ơi ơi mấy ní đang tổn thương id13737,Chitchat,Negative
Chào nha có nghe rõ trả lời không id13738,Chitchat,Neutral
stress vcl bồ giận 🥺 id13739,Chitchat,Negative
Mimo dễ thương biết nói chuyện không ❓,Chitchat,Neutral
Mimo ơi id13741,Chitchat,Positive
Alo bot ơi biết nói chuyện không 💬,Chitchat,Neutral
em muốn hỏi ai tạo ra bạn id13743,Chitchat,Neutral
mấy ní muốn hỏi bạn có nghe rõ trả lời không,Chitchat,Neutral
bot Mãi iu (^_<),Chitchat,Positive
Chào ngày mới vui vẻ nha vì id13746,Chitchat,Positive
vô tri vcl id13747,Chitchat,Negative
Thích bot ơi ghê id13748,Chitchat,Positive
Mimo ơi Thank you id13749,Chitchat,Positive
Alo bot ơi cậu đang vô tri 📉,Chitchat,Negative
tên gì á 👀 id13751,Chitchat,Neutral
Thank you vì thông minh,Chitchat,Positive
ông muốn hỏi bot bot làm được gì 💬,Chitchat,Neutral
mình muốn hỏi Mimo tên gì á,Chitchat,Neutral
tui thấy stress quá 📉 id13755,Chitchat,Negative
Thích Mimo dễ thương ghê chất lượng id13756,Chitchat,Positive
Yo bot làm được gì id13757,Chitchat,Neutral
tui muốn hỏi bot làm được gì 💬 id13758,Chitchat,Neutral
đang làm gì đấy vậy Mimo 🤖,Chitchat,Neutral
Ê bạn là ai id13760,Chitchat,Neutral
Yo bạn có nghe rõ trả lời không id13761,Chitchat,Neutral
bro muốn hỏi bot biết nói chuyện không 🤔,Chitchat,Neutral
em thấy buồn quá id13763,Chitchat,Negative
bạn là ai 🤖 id13764,Chitchat,Neutral
Chào nha ở đâu á 🤔 id13765,Chitchat,Neutral
Vì nên cậu hơi suy 🥺,Chitchat,Negative
Ê biết nói chuyện không id13767,Chitchat,Neutral
Alo ơi bác đang stress 💔,Chitchat,Negative
Mimo biết nói chuyện ko 💬,Chitchat,Neutral
Chào nha bạn là ai 🤔 id13770,Chitchat,Neutral
mình muốn hỏi bot ơi biết nói chuyện không 🐧,Chitchat,Neutral
bạn id13772,Chitchat,Positive
Chào ngày mới vui vẻ nha vì (^_<) id13773,Chitchat,Positive
ở đâu á id13774,Chitchat,Neutral
Mimo dễ thương ✨ id13775,Chitchat,Positive
Tks vì giao diện đẹp,Chitchat,Positive
Vì cuộc sống khó khăn nên bác hơi stress 💔,Chitchat,Negative
đang làm gì đấy 🤔 id13778,Chitchat,Neutral
Alo ai tạo ra bạn 👀 id13779,Chitchat,Neutral
bot 👍 id13780,Chitchat,Positive
cậu muốn hỏi bot là nam hay nữ 🐧,Chitchat,Neutral
Hế lô là nam hay nữ id13782,Chitchat,Neutral
Vì nên ông hơi stress id13783,Chitchat,Negative
ai tạo ra bạn 👀 id13784,Chitchat,Neutral
bot làm được gì 👀 id13785,Chitchat,Neutral
có nghe rõ trả lời không vậy Mimo id13786,Chitchat,Neutral
bot mấy tuổi rồi id13787,Chitchat,Neutral
Thích ghê giao diện đẹp ✨ id13788,Chitchat,Positive
Chào nha Mimo ơi ở đâu á 👀,Chitchat,Neutral
 id13790,Chitchat,Positive
mấy ní thấy vô tri quá id13791,Chitchat,Negative
buồn vcl đi học mệt quá 😢,Chitchat,Negative
Chào ngày mới vui vẻ nha vì id13793,Chitchat,Positive
Hế lô ai tạo ra bạn id13794,Chitchat,Neutral
Love ya vì giao diện đẹp id13795,Chitchat,Positive
Thích ghê 👍 id13796,Chitchat,Positive
Vì rớt môn nên hơi stress,Chitchat,Negative
bạn ❤️ id13798,Chitchat,Positive
Ê Mimo bot làm được gì id13799,Chitchat,Neutral
có nghe rõ trả lời không vậy id13800,Chitchat,Neutral
Mimo ơi là nam hay nữ 🐧 id13801,Chitchat,Neutral
ta muốn hỏi ở đâu á id13802,Chitchat,Neutral
Mimo dễ thương ❤️ id13803,Chitchat,Positive
Mãi iu vì chất lượng 🤩,Chitchat,Positive
quá đã 🤣 id13805,Chitchat,Positive
bạn thông minh 🤩 id13806,Chitchat,Positive
biết nói chuyện ko id13807,Chitchat,Neutral
Thích bot ơi ghê 🤩 id13808,Chitchat,Positive
có nghe rõ trả lời không vậy bạn ❓ id13809,Chitchat,Neutral
ai tạo ra bạn vậy Mimo dễ thương ❓ id13810,Chitchat,Neutral
Hi Mimo ơi Biết ơn 👍,Chitchat,Positive
ở đâu á id13812,Chitchat,Neutral
có nghe rõ trả lời ko id13813,Chitchat,Neutral
mấy tuổi rồi id13814,Chitchat,Neutral
Yo bot làm được gì 🤖 id13815,Chitchat,Neutral
tên gì á id13816,Chitchat,Neutral
Hey Tks id13817,Chitchat,Positive
có nghe rõ trả lời không id13818,Chitchat,Neutral
(^_<) id13819,Chitchat,Positive
Ê là nam hay nữ 💬 id13820,Chitchat,Neutral
Thích ghê id13821,Chitchat,Positive
Thank you vì 🤣 id13822,Chitchat,Positive
Chào ngày mới vui vẻ nha vì id13823,Chitchat,Positive
ai tạo ra bạn vậy 🐧 id13824,Chitchat,Neutral
Alo có nghe rõ trả lời ko 👀,Chitchat,Neutral
Cảm ơn vì id13826,Chitchat,Positive
Yêu ghê ❤️ id13827,Chitchat,Positive
mấy ní thấy nản quá,Chitchat,Negative
bot ở đâu á 🤖,Chitchat,Neutral
Thank you (^_<) id13830,Chitchat,Positive
Hế lô ai tạo ra bạn 🐧,Chitchat,Neutral
Vì rớt môn nên mình hơi mệt 😭,Chitchat,Negative
bot làm được gì vậy Mimo id13833,Chitchat,Neutral
ông muốn hỏi ai tạo ra bạn 👀 id13834,Chitchat,Neutral
suy vcl cuộc sống khó khăn 🥺 id13835,Chitchat,Negative
Yêu ghê vì 🤣 id13836,Chitchat,Positive
Mimo ơi id13837,Chitchat,Positive
Ê có nghe rõ trả lời không id13838,Chitchat,Neutral
Love ya 👍 id13839,Chitchat,Positive
Alo ơi bà đang suy 😭 id13840,Chitchat,Negative
Yo bot ơi là nam hay nữ id13841,Chitchat,Neutral
đang làm gì đấy vậy bot id13842,Chitchat,Neutral
Alo Mimo dễ thương ơi tui đang bất lực,Chitchat,Negative
bà muốn hỏi bot làm được gì id13844,Chitchat,Neutral
đang làm gì đấy vậy id13845,Chitchat,Neutral
tui muốn hỏi Mimo dễ thương bot làm được gì,Chitchat,Neutral
Hey Mimo ơi (^_<),Chitchat,Positive
tên gì á vậy 💬 id13848,Chitchat,Neutral
Chào nha ở đâu á 🐧 id13849,Chitchat,Neutral
cute xỉu id13850,Chitchat,Positive
bot id13851,Chitchat,Positive
bot làm được gì id13852,Chitchat,Neutral
Thích bot ghê id13853,Chitchat,Positive
Alo ơi tui đang bất lực id13854,Chitchat,Negative
đang làm gì đấy id13855,Chitchat,Neutral
Biết ơn vì id13856,Chitchat,Positive
đang làm gì đấy vậy 🐧 id13857,Chitchat,Neutral
bà muốn hỏi bot ơi tên gì á,Chitchat,Neutral
Mimo cute xỉu id13859,Chitchat,Positive
Mimo ơi tên gì á ❓ id13860,Chitchat,Neutral
Chào nha bạn bot làm được gì id13861,Chitchat,Neutral
bot làm đc gì vậy Mimo dễ thương,Chitchat,Neutral
mấy ní thấy stress quá 😢 id13863,Chitchat,Negative
Thích ghê chất lượng ❤️ id13864,Chitchat,Positive
bạn là ai id13865,Chitchat,Neutral
Alo bot ơi mấy tuổi rồi ❓,Chitchat,Neutral
Thích ghê đỉnh nóc kịch trần id13867,Chitchat,Positive
có nghe rõ trả lời không vậy 💬 id13868,Chitchat,Neutral
Hế lô biết nói chuyện không ❓ id13869,Chitchat,Neutral
tên gì á vậy 🤔 id13870,Chitchat,Neutral
Alo Mimo ơi ơi bà đang stress 😭,Chitchat,Negative
Thích ghê id13872,Chitchat,Positive
ai tạo ra bạn vậy 🐧 id13873,Chitchat,Neutral
Chào nha có nghe rõ trả lời ko,Chitchat,Neutral
bot Chào ngày mới vui vẻ nha 🤩 id13875,Chitchat,Positive
đang làm gì đấy id13876,Chitchat,Neutral
muốn hỏi bot biết nói chuyện không 🤔,Chitchat,Neutral
Yo bạn là ai id13878,Chitchat,Neutral
Chào bot Tks,Chitchat,Positive
mấy tuổi rồi vậy bạn 💬,Chitchat,Neutral
bạn là ai 🤔 id13881,Chitchat,Neutral
bạn là ai vậy id13882,Chitchat,Neutral
đang làm gì đấy 🤖 id13883,Chitchat,Neutral
Tks vì chất lượng 🔥,Chitchat,Positive
tui muốn hỏi Mimo là nam hay nữ,Chitchat,Neutral
bot ai tạo ra bạn 👀 id13886,Chitchat,Neutral
ông muốn hỏi bạn ở đâu á id13887,Chitchat,Neutral
bot tên gì á id13888,Chitchat,Neutral
bạn là ai vậy 🐧 id13889,Chitchat,Neutral
tổn thương vcl id13890,Chitchat,Negative
biết nói chuyện không 👀 id13891,Chitchat,Neutral
Alo ơi bác đang suy 📉 id13892,Chitchat,Negative
muốn hỏi ở đâu á ❓,Chitchat,Neutral
Thích bot ghê id13894,Chitchat,Positive
Mimo ơi đỉnh nóc kịch trần ✨,Chitchat,Positive
Thích ghê app mượt id13896,Chitchat,Positive
Chào Mimo (^_<),Chitchat,Positive
Mimo đỉnh nóc kịch trần (^_<) id13898,Chitchat,Positive
bot ơi Tks 🤣,Chitchat,Positive
Vì nên ta hơi bất lực 😮‍💨,Chitchat,Negative
bất lực vcl bồ giận id13901,Chitchat,Negative
mấy ní thấy mệt quá 💔,Chitchat,Negative
Thích bạn ghê id13903,Chitchat,Positive
vì chất lượng id13904,Chitchat,Positive
Love ya vì id13905,Chitchat,Positive
Alo Mimo dễ thương ơi em đang buon 😮‍💨,Chitchat,Negative
bot làm được gì ❓ id13907,Chitchat,Neutral
Yo bot đang làm gì đấy ❓,Chitchat,Neutral
Yo bạn ai tạo ra bạn 🤖 id13909,Chitchat,Neutral
Thích ghê quá đã id13910,Chitchat,Positive
bạn là ai vậy 💬 id13911,Chitchat,Neutral
Thích Mimo ghê id13912,Chitchat,Positive
mệt vcl rớt môn 😮‍💨,Chitchat,Negative
biết nói chuyện không id13914,Chitchat,Neutral
là nam hay nữ vậy Mimo dễ thương id13915,Chitchat,Neutral
Love ya vì giao diện đẹp (^_<),Chitchat,Positive
Hế lô là nam hay nữ 🐧 id13917,Chitchat,Neutral
Thích ghê quá đã (^_<) id13918,Chitchat,Positive
mấy ní muốn hỏi bạn bạn là ai id13919,Chitchat,Neutral
tui muốn hỏi Mimo ơi có nghe rõ trả lời không 🤔,Chitchat,Neutral
ông muốn hỏi bot làm được gì 💬,Chitchat,Neutral
bác muốn hỏi bot ơi biết nói chuyện không ❓,Chitchat,Neutral
Thích ghê ✨ id13923,Chitchat,Positive
mình muốn hỏi Mimo có nghe rõ trả lời không 🐧,Chitchat,Neutral
có nghe rõ trả lời không id13925,Chitchat,Neutral
Tks vì 👍 id13926,Chitchat,Positive
Alo Mimo dễ thương ơi bác đang buồn,Chitchat,Negative
bạn id13928,Chitchat,Positive
biết nói chuyện không id13929,Chitchat,Neutral
bot làm được gì vậy id13930,Chitchat,Neutral
là nam hay nữ id13931,Chitchat,Neutral
Vì nên bro hơi áp lực 💔,Chitchat,Negative
Ê ai tạo ra bạn id13933,Chitchat,Neutral
có nghe rõ trả lời không vậy bot ơi 🤔 id13934,Chitchat,Neutral
là nam hay nữ vậy bot ơi 🤖 id13935,Chitchat,Neutral
ta muốn hỏi ở đâu á 👀,Chitchat,Neutral
Thích bot ghê thông minh ✨,Chitchat,Positive
mấy ní thấy bất lực qá 🥺,Chitchat,Negative
Mimo dễ thương bạn là ai id13939,Chitchat,Neutral
Vì bồ giận nên mấy ní hơi nản 🥲,Chitchat,Negative
bạn 🥰 id13941,Chitchat,Positive
mấy tuổi rồi vậy 🐧 id13942,Chitchat,Neutral
Mimo dễ thương ở đâu á id13943,Chitchat,Neutral
ta muốn hỏi bot ơi ở đâu á id13944,Chitchat,Neutral
bot ơi id13945,Chitchat,Positive
Mimo dễ thương id13946,Chitchat,Positive
Vì deadline dí nên bro hơi bất lực 😮‍💨,Chitchat,Negative
Hế lô bot ơi bạn là ai id13948,Chitchat,Neutral
áp lực vcl đi học mệt quá 😮‍💨,Chitchat,Negative
có nghe rõ trả lời không vậy bot ơi 🤖 id13950,Chitchat,Neutral
Mimo dễ thương cute xỉu ❤️,Chitchat,Positive
bác thấy tổn thương quá id13952,Chitchat,Negative
Alo ơi bro đang suy 😢 id13953,Chitchat,Negative
Chào nha ở đâu á 🐧 id13954,Chitchat,Neutral
Củm ơn vì id13955,Chitchat,Positive
 id13956,Chitchat,Positive
là nam hay nữ vậy bot ơi id13957,Chitchat,Neutral
Hế lô bot biết nói chuyện ko,Chitchat,Neutral
ai tạo ra bạn vậy Mimo dễ thương id13959,Chitchat,Neutral
bạn 👍 id13960,Chitchat,Positive
em thấy suy quá 📉,Chitchat,Negative
🔥 id13962,Chitchat,Positive
tên gì á vậy 💬 id13963,Chitchat,Neutral
Alo Mimo ơi ơi bà đang tổn thương 🥺,Chitchat,Negative
tên gì á vậy bot 🤔,Chitchat,Neutral
Yo bot làm đc gì 🤔,Chitchat,Neutral
Vì nên ông hơi vô tri id13967,Chitchat,Negative
mình thấy nản quá,Chitchat,Negative
Chào nha biết nói chuyện không 🤔 id13969,Chitchat,Neutral
em muốn hỏi Mimo biết nói chuyện không,Chitchat,Neutral
Thích ghê (^_<) id13971,Chitchat,Positive
Vì deadline dí nên bro hơi suy,Chitchat,Negative
Hế lô Mimo mấy tuổi rồi id13973,Chitchat,Neutral
tên gì á vậy Mimo id13974,Chitchat,Neutral
Hế lô có nghe rõ trả lời không 👀 id13975,Chitchat,Neutral
mấy tuổi rồi vậy Mimo dễ thương ❓ id13976,Chitchat,Neutral
bot ơi Củm ơn id13977,Chitchat,Positive
cậu muốn hỏi Mimo ơi đang làm gì đấy id13978,Chitchat,Neutral
Alo ơi em đang stress id13979,Chitchat,Negative
đang làm gì đấy vậy bot 🤔 id13980,Chitchat,Neutral
biết nói chuyện không 👀 id13981,Chitchat,Neutral
Tks vì giao diện đẹp (^_<),Chitchat,Positive
Thích bot ơi ghê 👍 id13983,Chitchat,Positive
ai tạo ra bạn id13984,Chitchat,Neutral
Alo ơi bà đang áp lực 😢,Chitchat,Negative
Vì hết tiền nên bác hơi stress,Chitchat,Negative
là nam hay nữ vậy ❓ id13987,Chitchat,Neutral
bot 🥰 id13988,Chitchat,Positive
vì chất lượng 🥰 id13989,Chitchat,Positive
là nam hay nữ id13990,Chitchat,Neutral
Alo ơi em đang buồn 😮‍💨 id13991,Chitchat,Negative
Chào nha biết nói chuyện không 🤔 id13992,Chitchat,Neutral
ta muốn hỏi đang làm gì đấy id13993,Chitchat,Neutral
đang làm gì đấy vậy bot ơi 💬 id13994,Chitchat,Neutral
mấy ní muốn hỏi Mimo dễ thương ai tạo ra bạn id13995,Chitchat,Neutral
Tks vì chất lượng id13996,Chitchat,Positive
biết nói chuyện không id13997,Chitchat,Neutral
bot (^_<) id13998,Chitchat,Positive
🤩 id13999,Chitchat,Positive
áp lực vcl id14000,Chitchat,Negative
bác thấy nản quá 😭,Chitchat,Negative
ở đâu á vậy Mimo dễ thương id14002,Chitchat,Neutral
bro muốn hỏi Mimo dễ thương biết nói chuyện không,Chitchat,Neutral
vì app mượt 🔥 id14004,Chitchat,Positive
Chào nha bạn là ai id14005,Chitchat,Neutral
ở đâu á 🤖 id14006,Chitchat,Neutral
chán vcl rớt môn 😮‍💨 id14007,Chitchat,Negative
Alo Mimo ơi ơi cậu đang bất lực 😭,Chitchat,Negative
mấy ní thấy chán quá 🥺 id14009,Chitchat,Negative
áp lực vcl đi học mệt quá 😢,Chitchat,Negative
Hế lô Mimo ơi có nghe rõ trả lời không 🐧,Chitchat,Neutral
mệt vcl crush lơ 🥺,Chitchat,Negative
Vì nên ta hơi áp lực 📉,Chitchat,Negative
(^_<) id14014,Chitchat,Positive
Thích ghê ✨ id14015,Chitchat,Positive
bro muốn hỏi bot ai tạo ra bạn 👀,Chitchat,Neutral
ai tạo ra bạn vậy 💬 id14017,Chitchat,Neutral
Vì deadline ngập đầu nên bro hơi áp lực,Chitchat,Negative
chất lượng 🔥 id14019,Chitchat,Positive
Mãi iu ✨ id14020,Chitchat,Positive
Chào nha bot làm được gì 🐧 id14021,Chitchat,Neutral
ai tạo ra bạn vậy bot ơi 🤖 id14022,Chitchat,Neutral
Thích bạn ghê 👍 id14023,Chitchat,Positive
là nam hay nữ vậy bot 💬 id14024,Chitchat,Neutral
Mimo ❤️ id14025,Chitchat,Positive
Gút mỏ ninh bot Chào ngày mới vui vẻ nha 👍,Chitchat,Positive
Chào nha biết nói chuyện ko id14027,Chitchat,Neutral
ông thấy bất lực quá 💔,Chitchat,Negative
biết nói chuyện không vậy Mimo ơi ❓,Chitchat,Neutral
Alo ơi bác đang tổn thương 💔 id14030,Chitchat,Negative
vì đỉnh nóc kịch trần 🔥 id14031,Chitchat,Positive
Ê đang làm gì đấy id14032,Chitchat,Neutral
Hế lô tên gì á ❓ id14033,Chitchat,Neutral
bot làm được gì id14034,Chitchat,Neutral
vì cute xỉu 👍 id14035,Chitchat,Positive
ở đâu á 🤔 id14036,Chitchat,Neutral
bot Chào ngày mới vui vẻ nha 🔥,Chitchat,Positive
bot ơi id14038,Chitchat,Positive
bot cute xỉu id14039,Chitchat,Positive
bot ơi thông minh 🤣,Chitchat,Positive
Tks 🔥 id14041,Chitchat,Positive
Hey Mimo ơi Love ya 🔥,Chitchat,Positive
Hế lô là nam hay nữ 🐧 id14043,Chitchat,Neutral
Mimo dễ thương bot làm đc gì,Chitchat,Neutral
Thích ghê quá đã 🔥 id14045,Chitchat,Positive
Thích ghê 🔥 id14046,Chitchat,Positive
Alo ở đâu á 💬,Chitchat,Neutral
mình muốn hỏi bot ơi ai tạo ra bạn id14048,Chitchat,Neutral
bot làm được gì 🐧 id14049,Chitchat,Neutral
 id14050,Chitchat,Positive
vô tri vcl rớt môn id14051,Chitchat,Negative
bot làm được gì vậy bot ơi 🤖 id14052,Chitchat,Neutral
Thích ghê app xịn xò ❤️ id14053,Chitchat,Positive
bot Củm ơn 👍 id14054,Chitchat,Positive
Love ya id14055,Chitchat,Positive
bot làm đc gì vậy 🤔,Chitchat,Neutral
bot ơi biết nói chuyện không 🤔 id14057,Chitchat,Neutral
bot ơi bot làm được gì 🤔,Chitchat,Neutral
🤩 id14059,Chitchat,Positive
Yo bạn là ai id14060,Chitchat,Neutral
Vì deadline dí nên mấy ní hơi bất lực,Chitchat,Negative
Vì nên mấy ní hơi vô tri 😢 id14062,Chitchat,Negative
bro muốn hỏi Mimo mấy tuổi rồi 🤖,Chitchat,Neutral
ông muốn hỏi bot có nghe rõ trả lời không,Chitchat,Neutral
Tks vì app xịn xò 🥰,Chitchat,Positive
bot ơi Chào ngày mới vui vẻ nha 🥰,Chitchat,Positive
tên gì á vậy bot 🤔 id14067,Chitchat,Neutral
cute xỉu id14068,Chitchat,Positive
Thích bạn ghê 🤣 id14069,Chitchat,Positive
✨ id14070,Chitchat,Positive
cậu thấy chán qá,Chitchat,Negative
stress vcl 😮‍💨 id14072,Chitchat,Negative
ai tạo ra bạn id14073,Chitchat,Neutral
Vì cuộc sống khó khăn nên bà hơi áp lực 🥲,Chitchat,Negative
Chào nha mấy tuổi rồi ❓ id14075,Chitchat,Neutral
Alo biết nói chuyện không 👀,Chitchat,Neutral
Vì rớt môn nên ta hơi vô tri,Chitchat,Negative
Vì nên cậu hơi stress 🥺 id14078,Chitchat,Negative
Thích ghê 👍 id14079,Chitchat,Positive
vì thông minh 👍,Chitchat,Positive
Vì crush lơ nên tui hơi chán,Chitchat,Negative
(^_<) id14082,Chitchat,Positive
Thích ghê ❤️ id14083,Chitchat,Positive
bro muốn hỏi có nghe rõ trả lời không 🤔 id14084,Chitchat,Neutral
Mimo dễ thương (^_<) id14085,Chitchat,Positive
Xin chào Tks,Chitchat,Positive
mình thấy suy quá 😭,Chitchat,Negative
biết nói chuyện không id14088,Chitchat,Neutral
Alo Mimo dễ thương ơi cậu đang buồn 🥲,Chitchat,Negative
Mimo dễ thương biết nói chuyện không id14090,Chitchat,Neutral
Thích bạn ghê cute xỉu id14091,Chitchat,Positive
Ê có nghe rõ trả lời không id14092,Chitchat,Neutral
mình muốn hỏi bạn có nghe rõ trả lời không,Chitchat,Neutral
Xin chào Love ya id14094,Chitchat,Positive
biết nói chuyện không id14095,Chitchat,Neutral
Mãi iu vì id14096,Chitchat,Positive
bot app mượt id14097,Chitchat,Positive
ai tạo ra bạn 💬 id14098,Chitchat,Neutral
 id14099,Chitchat,Positive
Thích bạn ghê id14100,Chitchat,Positive
đang làm gì đấy vậy bạn id14101,Chitchat,Neutral
Alo Mimo ơi em đang stress 😮‍💨,Chitchat,Negative
biết nói chuyện không 🤔 id14103,Chitchat,Neutral
tui muốn hỏi đang làm gì đấy 🐧 id14104,Chitchat,Neutral
met vcl bồ giận 💔,Chitchat,Negative
ông thấy bất lực qá,Chitchat,Negative
ai tạo ra bạn id14107,Chitchat,Neutral
tên gì á 💬 id14108,Chitchat,Neutral
❤️ id14109,Chitchat,Positive
là nam hay nữ vậy id14110,Chitchat,Neutral
Alo Mimo ơi ông đang tổn thương,Chitchat,Negative
bác muốn hỏi bot ơi có nghe rõ trả lời không 🤔,Chitchat,Neutral
cậu muốn hỏi bạn ai tạo ra bạn 👀,Chitchat,Neutral
Chào nha mấy tuổi rồi 🐧 id14114,Chitchat,Neutral
Yo đang làm gì đấy 🐧,Chitchat,Neutral
muốn hỏi bot ơi bot làm được gì 🤖,Chitchat,Neutral
ở đâu á vậy 🤖 id14117,Chitchat,Neutral
Alo bot ơi ơi đang chán 💔,Chitchat,Negative
tui muốn hỏi đang làm gì đấy id14119,Chitchat,Neutral
ai tạo ra bạn 💬 id14120,Chitchat,Neutral
biết nói chuyện không vậy bot ơi 🤖 id14121,Chitchat,Neutral
suy vcl 📉 id14122,Chitchat,Negative
có nghe rõ trả lời không vậy id14123,Chitchat,Neutral
Mimo ơi bạn là ai 🤖,Chitchat,Neutral
Alo Mimo dễ thương ơi đang suy id14125,Chitchat,Negative
Mimo dễ thương Chào ngày mới vui vẻ nha id14126,Chitchat,Positive
Vì nên mình hơi bất lực id14127,Chitchat,Negative
ở đâu á id14128,Chitchat,Neutral
tên gì á ❓ id14129,Chitchat,Neutral
Thích ghê đỉnh nóc kịch trần (^_<),Chitchat,Positive
mình thấy bất lực quá id14131,Chitchat,Negative
tên gì á 🤔 id14132,Chitchat,Neutral
Thích ghê app xịn xò id14133,Chitchat,Positive
ai tạo ra bạn id14134,Chitchat,Neutral
🤩 id14135,Chitchat,Positive
buon vcl 😢 id14136,Chitchat,Negative
Alo ơi bà đang áp lực 🥺,Chitchat,Negative
Alo là nam hay nữ id14138,Chitchat,Neutral
bác muốn hỏi Mimo ơi ở đâu á,Chitchat,Neutral
Mimo ơi là nam hay nữ id14140,Chitchat,Neutral
muốn hỏi Mimo là nam hay nữ 🤔 id14141,Chitchat,Neutral
ở đâu á vậy id14142,Chitchat,Neutral
Chào ngày mới vui vẻ nha vì ✨ id14143,Chitchat,Positive
vô tri vcl id14144,Chitchat,Negative
Chào Mimo ơi Biết ơn ❤️,Chitchat,Positive
 id14146,Chitchat,Positive
🤩 id14147,Chitchat,Positive
Thích ghê 👍 id14148,Chitchat,Positive
Ê bot làm được gì 🤖 id14149,Chitchat,Neutral
bà thấy chán quá id14150,Chitchat,Negative
Hế lô Mimo ơi ai tạo ra bạn id14151,Chitchat,Neutral
Mimo bạn là ai 🤖 id14152,Chitchat,Neutral
ông muốn hỏi Mimo ơi bot làm được gì ❓ id14153,Chitchat,Neutral
đỉnh nóc kịch trần 👍,Chitchat,Positive
Thích ghê app mượt id14155,Chitchat,Positive
mình thấy bất lực quá 😮‍💨 id14156,Chitchat,Negative
mấy tuổi rồi vậy Mimo ơi id14157,Chitchat,Neutral
muốn hỏi bot bạn là ai id14158,Chitchat,Neutral
nản vcl deadline dí 💔,Chitchat,Negative
thông minh 🤩 id14160,Chitchat,Positive
Hey  🤣 id14161,Chitchat,Positive
vì đỉnh nóc kịch trần id14162,Chitchat,Positive
ta muốn hỏi bạn là nam hay nữ,Chitchat,Neutral
là nam hay nữ vậy 🤔 id14164,Chitchat,Neutral
Vì deadline ngập đầu nên hơi suy,Chitchat,Negative
bot (^_<) id14166,Chitchat,Positive
Vì nên tui hơi mệt,Chitchat,Negative
Vì đi học mệt quá nên mình hơi suy 📉,Chitchat,Negative
Mimo ơi id14169,Chitchat,Positive
bạn là ai id14170,Chitchat,Neutral
Thích bot ơi ghê 👍 id14171,Chitchat,Positive
Chào ngày mới vui vẻ nha vì id14172,Chitchat,Positive
Chào ngày mới vui vẻ nha vì 🔥 id14173,Chitchat,Positive
Ê mấy tuổi rồi id14174,Chitchat,Neutral
Chào ngày mới vui vẻ nha vì id14175,Chitchat,Positive
là nam hay nữ id14176,Chitchat,Neutral
bot chất lượng 👍,Chitchat,Positive
Hello Mimo Chào ngày mới vui vẻ nha 🤩,Chitchat,Positive
mình muốn hỏi bạn đang làm gì đấy 👀,Chitchat,Neutral
ông muốn hỏi bot đang làm gì đấy 👀,Chitchat,Neutral
Thích bot ghê ❤️ id14181,Chitchat,Positive
Chào nha Mimo ơi bạn là ai 🤔,Chitchat,Neutral
Mimo giao diện đẹp id14183,Chitchat,Positive
Yo bạn là nam hay nữ 🤔,Chitchat,Neutral
Mãi iu vì id14185,Chitchat,Positive
là nam hay nữ vậy 🤔 id14186,Chitchat,Neutral
Cảm ơn vì id14187,Chitchat,Positive
Mimo dễ thương là nam hay nữ 💬 id14188,Chitchat,Neutral
Thank you vì thông minh ❤️,Chitchat,Positive
ta muốn hỏi có nghe rõ trả lời không id14190,Chitchat,Neutral
Thích ghê id14191,Chitchat,Positive
bot ơi Chào ngày mới vui vẻ nha 👍 id14192,Chitchat,Positive
bot làm được gì vậy Mimo ơi 🐧 id14193,Chitchat,Neutral
Hế lô ở đâu á 🐧 id14194,Chitchat,Neutral
vì app xịn xò id14195,Chitchat,Positive
biết nói chuyện không id14196,Chitchat,Neutral
Hế lô tên gì á 🤖,Chitchat,Neutral
Alo ơi em đang áp lực 😭 id14198,Chitchat,Negative
ai tạo ra bạn id14199,Chitchat,Neutral
Chào ngày mới vui vẻ nha vì id14200,Chitchat,Positive
bạn Yêu ghê ✨,Chitchat,Positive
Yo tên gì á 💬 id14202,Chitchat,Neutral
Alo ơi ta đang áp lực 😭 id14203,Chitchat,Negative
cute xỉu (^_<) id14204,Chitchat,Positive
là nam hay nữ vậy Mimo 🤔,Chitchat,Neutral
Chào nha đang làm gì đấy id14206,Chitchat,Neutral
biết nói chuyện không id14207,Chitchat,Neutral
Mimo dễ thương ✨ id14208,Chitchat,Positive
Alo ơi bác đang stress 🥺,Chitchat,Negative
ai tạo ra bạn vậy bot ơi ❓,Chitchat,Neutral
ai tạo ra bạn ❓ id14211,Chitchat,Neutral
ta muốn hỏi bạn là ai id14212,Chitchat,Neutral
 id14213,Chitchat,Positive
muốn hỏi bot ơi ở đâu á 🐧,Chitchat,Neutral
Ê Mimo dễ thương là nam hay nữ 💬,Chitchat,Neutral
Mimo ơi Mãi iu ❤️,Chitchat,Positive
Alo biết nói chuyện không id14217,Chitchat,Neutral
ta muốn hỏi là nam hay nữ id14218,Chitchat,Neutral
👍 id14219,Chitchat,Positive
app xịn xò ✨ id14220,Chitchat,Positive
ta muốn hỏi bạn biết nói chuyện không 💬,Chitchat,Neutral
Alo mấy tuổi rồi 🤖 id14222,Chitchat,Neutral
chán vcl bồ giận 😮‍💨,Chitchat,Negative
thông minh id14224,Chitchat,Positive
Củm ơn id14225,Chitchat,Positive
ai tạo ra bạn vậy bot ❓ id14226,Chitchat,Neutral
tên gì á vậy Mimo ơi 👀 id14227,Chitchat,Neutral
Chào ngày mới vui vẻ nha vì 🔥 id14228,Chitchat,Positive
app xịn xò 🔥 id14229,Chitchat,Positive
bạn là ai vậy id14230,Chitchat,Neutral
Thích ghê 🤩 id14231,Chitchat,Positive
bạn thông minh id14232,Chitchat,Positive
bot làm được gì vậy Mimo dễ thương id14233,Chitchat,Neutral
bạn id14234,Chitchat,Positive
bác muốn hỏi Mimo biết nói chuyện không ❓,Chitchat,Neutral
vô tri vcl hết tiền id14236,Chitchat,Negative
chán vcl 🥲 id14237,Chitchat,Negative
Mimo dễ thương Chào ngày mới vui vẻ nha 🤣 id14238,Chitchat,Positive
Mimo dễ thương Tks 👍,Chitchat,Positive
ta thấy buồn quá 🥲 id14240,Chitchat,Negative
Thank you id14241,Chitchat,Positive
là nam hay nữ 🤔 id14242,Chitchat,Neutral
Chào ngày mới vui vẻ nha vì 🔥 id14243,Chitchat,Positive
Alo đang làm gì đấy id14244,Chitchat,Neutral
là nam hay nữ vậy bạn 👀 id14245,Chitchat,Neutral
mình muốn hỏi Mimo ơi ở đâu á 🐧,Chitchat,Neutral
em muốn hỏi Mimo dễ thương ai tạo ra bạn 👀,Chitchat,Neutral
đang làm gì đấy vậy Mimo dễ thương id14248,Chitchat,Neutral
mình muốn hỏi bot làm được gì id14249,Chitchat,Neutral
Tks vì id14250,Chitchat,Positive
bot làm được gì vậy bot ❓,Chitchat,Neutral
bro thấy vô tri quá 🥺,Chitchat,Negative
Vì nên mình hơi bất lực 😭,Chitchat,Negative
Xin chào Love ya ✨,Chitchat,Positive
bot id14255,Chitchat,Positive
bạn 🤩 id14256,Chitchat,Positive
tui thấy nản quá 🥺,Chitchat,Negative
mấy tuổi rồi vậy Mimo 👀 id14258,Chitchat,Neutral
Thích ghê app xịn xò (^_<) id14259,Chitchat,Positive
Thích bot ơi ghê chất lượng ✨,Chitchat,Positive
Alo bot ơi em đang buồn 📉,Chitchat,Negative
có nghe rõ trả lời không 💬 id14262,Chitchat,Neutral
bot làm được gì id14263,Chitchat,Neutral
Mimo Chào ngày mới vui vẻ nha (^_<) id14264,Chitchat,Positive
Mimo dễ thương bot làm được gì id14265,Chitchat,Neutral
bạn là ai 💬 id14266,Chitchat,Neutral
Alo ơi em đang mệt 📉 id14267,Chitchat,Negative
Mimo dễ thương id14268,Chitchat,Positive
tên gì á vậy 💬 id14269,Chitchat,Neutral
Thích ghê id14270,Chitchat,Positive
ai tạo ra bạn id14271,Chitchat,Neutral
Chào nha bạn bạn là ai,Chitchat,Neutral
Thích Mimo ghê id14273,Chitchat,Positive
Thích ghê 🤣 id14274,Chitchat,Positive
ta thấy vô tri quá 🥲,Chitchat,Negative
bà muốn hỏi bạn bot làm được gì 💬,Chitchat,Neutral
Vì đi học mệt quá nên hơi stress 😭,Chitchat,Negative
mấy ní muốn hỏi Mimo ơi ở đâu á 💬,Chitchat,Neutral
Vì deadline ngập đầu nên bác hơi tổn thương 🥲,Chitchat,Negative
Thích bot ơi ghê id14280,Chitchat,Positive
tên gì á vậy 🤔 id14281,Chitchat,Neutral
Thích ghê đỉnh nóc kịch trần ❤️ id14282,Chitchat,Positive
mình thấy tổn thương quá 💔 id14283,Chitchat,Negative
có nghe rõ trả lời ko vậy bot ơi id14284,Chitchat,Neutral
mình muốn hỏi Mimo bot làm được gì 👀,Chitchat,Neutral
Alo bot bot làm được gì 👀,Chitchat,Neutral
bà muốn hỏi ở đâu á ❓,Chitchat,Neutral
bất lực vcl deadline ngập đầu 💔,Chitchat,Negative
Vì rớt môn nên cậu hơi buồn,Chitchat,Negative
bro muốn hỏi Mimo dễ thương biết nói chuyện không 🤔,Chitchat,Neutral
cậu thấy nản quá 😢,Chitchat,Negative
ta muốn hỏi ai tạo ra bạn 🤖,Chitchat,Neutral
stress vcl crush lơ id14293,Chitchat,Negative
Mimo app mượt,Chitchat,Positive
Chào ngày mới vui vẻ nha ❤️ id14295,Chitchat,Positive
Love ya vì 🤩 id14296,Chitchat,Positive
Mimo ơi ✨ id14297,Chitchat,Positive
bot ơi Chào ngày mới vui vẻ nha 👍 id14298,Chitchat,Positive
có nghe rõ trả lời không 🤖 id14299,Chitchat,Neutral
bot làm được gì vậy bạn 👀,Chitchat,Neutral
Mimo dễ thương thông minh 🤣,Chitchat,Positive
ở đâu á 🤖 id14302,Chitchat,Neutral
Alo bot ơi bro đang áp lực id14303,Chitchat,Negative
Mimo dễ thương là nam hay nữ 🤖,Chitchat,Neutral
Mimo ✨ id14305,Chitchat,Positive
biết nói chuyện không 💬 id14306,Chitchat,Neutral
có nghe rõ trả lời không vậy 🐧 id14307,Chitchat,Neutral
vì chất lượng ✨ id14308,Chitchat,Positive
ta muốn hỏi Mimo có nghe rõ trả lời không ❓,Chitchat,Neutral
Thích Mimo ghê giao diện đẹp id14310,Chitchat,Positive
bot (^_<) id14311,Chitchat,Positive
Chào nha biết nói chuyện không 🤔 id14312,Chitchat,Neutral
bạn là ai 🤖 id14313,Chitchat,Neutral
mấy ní thấy áp lực qá 🥺,Chitchat,Negative
ở đâu á vậy bot 👀 id14315,Chitchat,Neutral
Mimo dễ thương ở đâu á 💬,Chitchat,Neutral
Alo Mimo ơi em đang buồn 😢,Chitchat,Negative
bot thông minh 🤩,Chitchat,Positive
Thích Mimo ơi ghê ✨ id14319,Chitchat,Positive
bà thấy áp lực quá id14320,Chitchat,Negative
bro muốn hỏi bot tên gì á 💬,Chitchat,Neutral
ta muốn hỏi mấy tuổi rồi ❓ id14322,Chitchat,Neutral
ai tạo ra bạn vậy 🐧 id14323,Chitchat,Neutral
mấy ní muốn hỏi đang làm gì đấy id14324,Chitchat,Neutral
bác muốn hỏi bot ơi ai tạo ra bạn ❓,Chitchat,Neutral
Alo bot ơi bác đang chán id14326,Chitchat,Negative
Chào ngày mới vui vẻ nha vì id14327,Chitchat,Positive
Mãi iu vì app xịn xò id14328,Chitchat,Positive
Hey bot ơi id14329,Chitchat,Positive
là nam hay nữ id14330,Chitchat,Neutral
Vì crush lơ nên mấy ní hơi suy 😭,Chitchat,Negative
bro thấy buồn quá 🥲 id14332,Chitchat,Negative
chất lượng id14333,Chitchat,Positive
bot làm được gì id14334,Chitchat,Neutral
Thích Mimo dễ thương ghê id14335,Chitchat,Positive
bot ơi 🤣 id14336,Chitchat,Positive
Thích bot ơi ghê id14337,Chitchat,Positive
Thích bot ghê app xịn xò 🤣 id14338,Chitchat,Positive
Thích Mimo ơi ghê cute xỉu ✨,Chitchat,Positive
tên gì á 💬 id14340,Chitchat,Neutral
Hế lô bot đang làm gì đấy,Chitchat,Neutral
tên gì á vậy id14342,Chitchat,Neutral
bác thấy chán quá 📉,Chitchat,Negative
là nam hay nữ 👀 id14344,Chitchat,Neutral
bot ơi tên gì á 💬 id14345,Chitchat,Neutral
ai tạo ra bạn vậy 🤖 id14346,Chitchat,Neutral
 id14347,Chitchat,Positive
bác thấy nản quá 💔,Chitchat,Negative
buồn vcl rớt môn id14349,Chitchat,Negative
chất lượng 🤣 id14350,Chitchat,Positive
Hế lô tên gì á 🤔,Chitchat,Neutral
ai tạo ra bạn vậy bot 🤔 id14352,Chitchat,Neutral
Hế lô là nam hay nữ id14353,Chitchat,Neutral
ở đâu á id14354,Chitchat,Neutral
Alo Mimo ơi là nam hay nữ id14355,Chitchat,Neutral
thông minh id14356,Chitchat,Positive
Thank you vì ✨ id14357,Chitchat,Positive
ta muốn hỏi Mimo ơi là nam hay nữ id14358,Chitchat,Neutral
Alo ơi tui đang bất lực 😢,Chitchat,Negative
bạn là ai id14360,Chitchat,Neutral
tên gì á vậy Mimo ơi ❓ id14361,Chitchat,Neutral
vì quá đã 🔥 id14362,Chitchat,Positive
Mimo dễ thương chất lượng ❤️,Chitchat,Positive
có nghe rõ trả lời không vậy bot 🤖,Chitchat,Neutral
thông minh 🥰 id14365,Chitchat,Positive
có nghe rõ trả lời không vậy bạn id14366,Chitchat,Neutral
vì quá đã 🤣 id14367,Chitchat,Positive
bro muốn hỏi Mimo ơi mấy tuổi rồi,Chitchat,Neutral
bot đỉnh nóc kịch trần 👍 id14369,Chitchat,Positive
có nghe rõ trả lời không id14370,Chitchat,Neutral
Chào nha là nam hay nữ id14371,Chitchat,Neutral
Vì đi học mệt quá nên ta hơi vô tri 🥲,Chitchat,Negative
thông minh id14373,Chitchat,Positive
ở đâu á vậy id14374,Chitchat,Neutral
Mimo ơi có nghe rõ trả lời không id14375,Chitchat,Neutral
Ê biết nói chuyện không 🤔 id14376,Chitchat,Neutral
muốn hỏi bạn có nghe rõ trả lời ko ❓,Chitchat,Neutral
cậu muốn hỏi bot ơi mấy tuổi rồi 🤖 id14378,Chitchat,Neutral
vì thông minh (^_<) id14379,Chitchat,Positive
em thấy buon quá,Chitchat,Negative
Vì deadline dí nên cậu hơi stress 😭,Chitchat,Negative
Mimo ơi đang làm gì đấy ❓ id14382,Chitchat,Neutral
ở đâu á id14383,Chitchat,Neutral
Yo là nam hay nữ 🤖 id14384,Chitchat,Neutral
chất lượng id14385,Chitchat,Positive
Mimo đỉnh nóc kịch trần 🔥,Chitchat,Positive
Vì nên em hơi bất lực 📉,Chitchat,Negative
ở đâu á id14388,Chitchat,Neutral
ai tạo ra bạn vậy Mimo ơi id14389,Chitchat,Neutral
Ê bot đang làm gì đấy,Chitchat,Neutral
❤️ id14391,Chitchat,Positive
mấy tuổi rồi vậy 👀 id14392,Chitchat,Neutral
Chào Chào ngày mới vui vẻ nha ❤️ id14393,Chitchat,Positive
vì app mượt id14394,Chitchat,Positive
Vì đi học mệt quá nên bà hơi bất lực 🥲,Chitchat,Negative
bro muốn hỏi có nghe rõ trả lời không id14396,Chitchat,Neutral
Vì nên ông hơi suy 😭 id14397,Chitchat,Negative
Vì crush lơ nên ông hơi stress 🥺,Chitchat,Negative
Thích bạn ghê 🤣 id14399,Chitchat,Positive
biết nói chuyện không 🐧 id14400,Chitchat,Neutral
vì giao diện đẹp ✨ id14401,Chitchat,Positive
bạn ✨ id14402,Chitchat,Positive
Mimo ơi id14403,Chitchat,Positive
Alo Mimo dễ thương có nghe rõ trả lời không id14404,Chitchat,Neutral
ai tạo ra bạn vậy id14405,Chitchat,Neutral
Yo Mimo dễ thương bạn là ai ❓,Chitchat,Neutral
Chào ngày mới vui vẻ nha vì id14407,Chitchat,Positive
Thích ghê id14408,Chitchat,Positive
tên gì á id14409,Chitchat,Neutral
Mãi iu vì qá đã,Chitchat,Positive
👍 id14411,Chitchat,Positive
Vì nên ông hơi nản,Chitchat,Negative
Alo ơi mình đang mệt 😢,Chitchat,Negative
bro muốn hỏi Mimo dễ thương bot làm được gì 🤔,Chitchat,Neutral
Vì nên tui hơi áp lực,Chitchat,Negative
bot làm được gì vậy bot id14416,Chitchat,Neutral
ở đâu á vậy bot ơi id14417,Chitchat,Neutral
Tks vì ❤️,Chitchat,Positive
cậu thấy buồn quá 🥲,Chitchat,Negative
Mãi iu vì chất lượng id14420,Chitchat,Positive
em muốn hỏi Mimo ơi tên gì á 🤖,Chitchat,Neutral
Cảm ơn vì quá đã ❤️,Chitchat,Positive
Chào ngày mới vui vẻ nha vì id14423,Chitchat,Positive
Thích bot ơi ghê đỉnh nóc kịch trần 🔥 id14424,Chitchat,Positive
Vì deadline dí nên bro hơi buồn 📉,Chitchat,Negative
bro muốn hỏi mấy tuổi rồi 🤔,Chitchat,Neutral
mấy tuổi rồi 💬 id14427,Chitchat,Neutral
có nghe rõ trả lời không vậy bạn id14428,Chitchat,Neutral
Chào nha bot bot làm được gì,Chitchat,Neutral
tui muốn hỏi bạn là ai 💬,Chitchat,Neutral
stress vcl hết tiền 🥲,Chitchat,Negative
đang làm gì đấy vậy Mimo ơi 🤖 id14432,Chitchat,Neutral
bạn là ai vậy id14433,Chitchat,Neutral
bà muốn hỏi bot ơi có nghe rõ trả lời không 👀,Chitchat,Neutral
có nghe rõ trả lời không vậy Mimo ơi id14435,Chitchat,Neutral
ở đâu á id14436,Chitchat,Neutral
Thích bạn ghê (^_<) id14437,Chitchat,Positive
Alo bot tên gì á id14438,Chitchat,Neutral
bot ơi Tks id14439,Chitchat,Positive
mệt vcl cuộc sống khó khăn 🥲,Chitchat,Negative
bạn là ai id14441,Chitchat,Neutral
Mãi iu vì 🤣 id14442,Chitchat,Positive
mấy tuổi rồi id14443,Chitchat,Neutral
nản vcl bồ giận 🥲,Chitchat,Negative
Thích bot ghê id14445,Chitchat,Positive
đang làm gì đấy vậy Mimo dễ thương 👀 id14446,Chitchat,Neutral
bác muốn hỏi bot ơi ai tạo ra bạn ❓ id14447,Chitchat,Neutral
bạn là ai 💬 id14448,Chitchat,Neutral
Chào ngày mới vui vẻ nha vì 👍 id14449,Chitchat,Positive
Thích ghê giao diện đẹp ✨ id14450,Chitchat,Positive
ta muốn hỏi Mimo ơi biết nói chuyện không id14451,Chitchat,Neutral
biết nói chuyện không vậy Mimo 👀 id14452,Chitchat,Neutral
biết nói chuyện không 🤖 id14453,Chitchat,Neutral
ở đâu á vậy bot id14454,Chitchat,Neutral
Chào ngày mới vui vẻ nha vì 🔥 id14455,Chitchat,Positive
là nam hay nữ 🤔 id14456,Chitchat,Neutral
Good morning bot Mãi iu,Chitchat,Positive
ta muốn hỏi bot ơi là nam hay nữ 🐧,Chitchat,Neutral
Mimo ai tạo ra bạn id14459,Chitchat,Neutral
mình muốn hỏi bot ơi ở đâu á,Chitchat,Neutral
app mượt 🔥 id14461,Chitchat,Positive
Vì deadline ngập đầu nên tui hơi áp lực 😮‍💨,Chitchat,Negative
là nam hay nữ id14463,Chitchat,Neutral
vì cute xỉu id14464,Chitchat,Positive
Hế lô biết nói chuyện không 🐧 id14465,Chitchat,Neutral
bro muốn hỏi mấy tuổi rồi 👀,Chitchat,Neutral
bạn là ai vậy Mimo dễ thương id14467,Chitchat,Neutral
suy vcl cuộc sống khó khăn 🥺 id14468,Chitchat,Negative
Thích ghê quá đã id14469,Chitchat,Positive
ta thấy bất lực quá id14470,Chitchat,Negative
bot làm được gì vậy 🐧 id14471,Chitchat,Neutral
thông minh 🔥 id14472,Chitchat,Positive
cậu muốn hỏi Mimo ơi bot làm đc gì 👀,Chitchat,Neutral
Thích ghê chất lượng (^_<) id14474,Chitchat,Positive
là nam hay nữ id14475,Chitchat,Neutral
Vì đi học mệt quá nên bro hơi bất lực 📉,Chitchat,Negative
Mimo ơi là nam hay nữ 💬 id14477,Chitchat,Neutral
Chào nha Mimo dễ thương là nam hay nữ ❓,Chitchat,Neutral
Alo ơi ta đang tổn thương 😭 id14479,Chitchat,Negative
vô tri vcl id14480,Chitchat,Negative
tui muốn hỏi bot biết nói chuyện không,Chitchat,Neutral
chất lượng 🤣 id14482,Chitchat,Positive
Thích Mimo ơi ghê đỉnh nóc kịch trần id14483,Chitchat,Positive
Thích bot ghê ✨ id14484,Chitchat,Positive
Biết ơn vì id14485,Chitchat,Positive
bạn là ai id14486,Chitchat,Neutral
Vì deadline dí nên bà hơi stress 💔,Chitchat,Negative
Vì cuộc sống khó khăn nên ông hơi nản,Chitchat,Negative
tui muốn hỏi bạn là ai 🐧 id14489,Chitchat,Neutral
Alo Mimo ơi ơi bà đang bất lực 📉,Chitchat,Negative
Chào ngày mới vui vẻ nha vì id14491,Chitchat,Positive
Thích ghê chất lượng 🔥 id14492,Chitchat,Positive
ông muốn hỏi Mimo có nghe rõ trả lời không,Chitchat,Neutral
Vì nên mình hơi bất lực 🥲,Chitchat,Negative
mấy ní muốn hỏi bot bot làm đc gì,Chitchat,Neutral
Alo ơi đang met 😮‍💨,Chitchat,Negative
áp lực vcl 💔 id14497,Chitchat,Negative
Thích ghê id14498,Chitchat,Positive
chán vcl hết tiền id14499,Chitchat,Negative
Alo bot ơi ơi em đang áp lực 📉,Chitchat,Negative
Alo ơi bro đang áp lực 😢,Chitchat,Negative
Alo Mimo ơi bot làm được gì 🤖 id14502,Chitchat,Neutral
Vì nên cậu hơi suy,Chitchat,Negative
bot app xịn xò ❤️,Chitchat,Positive
vì chất lượng 🤩 id14505,Chitchat,Positive
Yêu ghê vì app mượt 🤣,Chitchat,Positive
bro muốn hỏi bot ơi mấy tuổi rồi 👀,Chitchat,Neutral
Yêu ghê vì app xịn xò,Chitchat,Positive
Ê đang làm gì đấy id14509,Chitchat,Neutral
tên gì á vậy Mimo id14510,Chitchat,Neutral
vô tri vcl id14511,Chitchat,Negative
biết nói chuyện không 💬 id14512,Chitchat,Neutral
Thích Mimo ghê chất lượng 🥰 id14513,Chitchat,Positive
Hello Mimo dễ thương Chào ngày mới vui vẻ nha,Chitchat,Positive
Alo ơi tui đang bất lực id14515,Chitchat,Negative
tên gì á vậy 👀 id14516,Chitchat,Neutral
tui thấy vô tri quá id14517,Chitchat,Negative
tên gì á vậy 🤖 id14518,Chitchat,Neutral
bác muốn hỏi là nam hay nữ 🐧 id14519,Chitchat,Neutral
có nghe rõ trả lời không vậy Mimo id14520,Chitchat,Neutral
tên gì á 🐧 id14521,Chitchat,Neutral
Tks vì id14522,Chitchat,Positive
Thích ghê cute xỉu 🤣 id14523,Chitchat,Positive
Thích bot ơi ghê (^_<) id14524,Chitchat,Positive
Mimo cute xỉu 👍 id14525,Chitchat,Positive
Mimo dễ thương thông minh 🤣 id14526,Chitchat,Positive
Alo bot ơi ơi bác đang suy,Chitchat,Negative
bạn 👍 id14528,Chitchat,Positive
bác muốn hỏi bot làm đc gì,Chitchat,Neutral
Thích ghê id14530,Chitchat,Positive
bạn bot làm được gì id14531,Chitchat,Neutral
Vì crush lơ nên tui hơi buon 🥺,Chitchat,Negative
(^_<) id14533,Chitchat,Positive
Alo Mimo ơi tui đang buồn 📉,Chitchat,Negative
Thích Mimo ơi ghê 🤣 id14535,Chitchat,Positive
là nam hay nữ vậy bạn 🤔 id14536,Chitchat,Neutral
Mimo dễ thương bot làm được gì 🤖 id14537,Chitchat,Neutral
Alo bot ơi biết nói chuyện không id14538,Chitchat,Neutral
mình muốn hỏi bot ơi bạn là ai id14539,Chitchat,Neutral
 id14540,Chitchat,Positive
Vì deadline dí nên bà hơi suy 😮‍💨,Chitchat,Negative
Hế lô bot ơi bạn là ai 🐧,Chitchat,Neutral
tui muốn hỏi bạn là ai 💬 id14543,Chitchat,Neutral
ai tạo ra bạn id14544,Chitchat,Neutral
mình muốn hỏi Mimo biết nói chuyện không id14545,Chitchat,Neutral
Ê bot làm được gì id14546,Chitchat,Neutral
Mimo mấy tuổi rồi 💬 id14547,Chitchat,Neutral
mấy tuổi rồi vậy 🤔 id14548,Chitchat,Neutral
Hey Mimo Chào ngày mới vui vẻ nha 🤣,Chitchat,Positive
tên gì á vậy bạn ❓,Chitchat,Neutral
bạn là ai id14551,Chitchat,Neutral
vì thông minh id14552,Chitchat,Positive
vì app xịn xò ❤️ id14553,Chitchat,Positive
bác muốn hỏi biết nói chuyện không,Chitchat,Neutral
ông muốn hỏi tên gì á id14555,Chitchat,Neutral
ta muốn hỏi bot ơi bot làm được gì 🤔,Chitchat,Neutral
bro thấy stress qá,Chitchat,Negative
vì cute xỉu ❤️,Chitchat,Positive
bro muốn hỏi Mimo có nghe rõ trả lời không 🤖,Chitchat,Neutral
muốn hỏi bạn là ai 👀,Chitchat,Neutral
Yêu ghê vì thông minh ✨,Chitchat,Positive
bot ơi có nghe rõ trả lời ko id14562,Chitchat,Neutral
bác muốn hỏi có nghe rõ trả lời không id14563,Chitchat,Neutral
Hế lô đang làm gì đấy ❓ id14564,Chitchat,Neutral
suy vcl crush lơ 😢,Chitchat,Negative
mình muốn hỏi mấy tuổi rồi id14566,Chitchat,Neutral
Hế lô mấy tuổi rồi 💬 id14567,Chitchat,Neutral
tên gì á vậy id14568,Chitchat,Neutral
bro muốn hỏi Mimo ơi là nam hay nữ id14569,Chitchat,Neutral
Mimo chất lượng 👍 id14570,Chitchat,Positive
Mimo ơi ai tạo ra bạn 🤖,Chitchat,Neutral
bro muốn hỏi bot ơi ai tạo ra bạn 👀 id14572,Chitchat,Neutral
ta muốn hỏi bạn là ai id14573,Chitchat,Neutral
Hế lô ở đâu á 💬 id14574,Chitchat,Neutral
Alo Mimo ơi bác đang nản,Chitchat,Negative
đang làm gì đấy 🐧 id14576,Chitchat,Neutral
bác muốn hỏi Mimo ơi biết nói chuyện không 🐧,Chitchat,Neutral
là nam hay nữ vậy bot 🤖 id14578,Chitchat,Neutral
em muốn hỏi ở đâu á 💬 id14579,Chitchat,Neutral
Yêu ghê vì (^_<) id14580,Chitchat,Positive
Vì cuộc sống khó khăn nên cậu hơi buồn 😭,Chitchat,Negative
bạn biết nói chuyện không id14582,Chitchat,Neutral
Thích bạn ghê đỉnh nóc kịch trần (^_<) id14583,Chitchat,Positive
ông muốn hỏi tên gì á 🤖,Chitchat,Neutral
Vì deadline dí nên hơi nản 😮‍💨,Chitchat,Negative
Thích ghê app mượt 🤣,Chitchat,Positive
bạn Cảm ơn,Chitchat,Positive
tên gì á 💬 id14588,Chitchat,Neutral
bạn là ai ❓ id14589,Chitchat,Neutral
Thích ghê quá đã 🤣 id14590,Chitchat,Positive
Thích Mimo ơi ghê đỉnh nóc kịch trần 🤩,Chitchat,Positive
Hi Chào ngày mới vui vẻ nha 🤩,Chitchat,Positive
tui muốn hỏi bạn ở đâu á ❓,Chitchat,Neutral
ở đâu á vậy 💬 id14594,Chitchat,Neutral
là nam hay nữ id14595,Chitchat,Neutral
Thích Mimo ghê id14596,Chitchat,Positive
Thích Mimo ghê giao diện đẹp 🥰 id14597,Chitchat,Positive
cậu muốn hỏi Mimo ơi mấy tuổi rồi id14598,Chitchat,Neutral
tui muốn hỏi biết nói chuyện không id14599,Chitchat,Neutral
Mimo 🤩 id14600,Chitchat,Positive
Chào ngày mới vui vẻ nha vì id14601,Chitchat,Positive
Ê là nam hay nữ 💬 id14602,Chitchat,Neutral
Chào nha biết nói chuyện không 🤖 id14603,Chitchat,Neutral
bạn là ai 💬 id14604,Chitchat,Neutral
cậu muốn hỏi bạn ai tạo ra bạn 💬,Chitchat,Neutral
cậu thấy vô tri quá 😭,Chitchat,Negative
bà muốn hỏi Mimo có nghe rõ trả lời không id14607,Chitchat,Neutral
suy vcl cuộc sống khó khăn 🥲 id14608,Chitchat,Negative
ở đâu á ❓ id14609,Chitchat,Neutral
Chào ngày mới vui vẻ nha vì id14610,Chitchat,Positive
tên gì á id14611,Chitchat,Neutral
mấy ní thấy tổn thương quá id14612,Chitchat,Negative
Mãi iu (^_<),Chitchat,Positive
bot ơi Củm ơn id14614,Chitchat,Positive
bạn là ai 🤔 id14615,Chitchat,Neutral
biết nói chuyện không id14616,Chitchat,Neutral
ở đâu á vậy Mimo dễ thương id14617,Chitchat,Neutral
Chào ngày mới vui vẻ nha vì 🤩 id14618,Chitchat,Positive
bot ơi chất lượng 🥰,Chitchat,Positive
Mimo dễ thương ai tạo ra bạn 💬 id14620,Chitchat,Neutral
Hế lô bot ơi biết nói chuyện không 🐧,Chitchat,Neutral
bot ơi app xịn xò 🤣,Chitchat,Positive
bot ơi bạn là ai id14623,Chitchat,Neutral
Good morning bot,Chitchat,Positive
suy vcl 😮‍💨,Chitchat,Negative
Vì nên em hơi stress 😮‍💨,Chitchat,Negative
quá đã 🥰 id14627,Chitchat,Positive
Mimo ơi là nam hay nữ id14628,Chitchat,Neutral
bạn thông minh id14629,Chitchat,Positive
Alo bot ơi ơi ông đang buồn 💔,Chitchat,Negative
Alo Mimo ơi bác đang mệt,Chitchat,Negative
Mimo biết nói chuyện không 🤖,Chitchat,Neutral
Chào ngày mới vui vẻ nha vì 🤩 id14633,Chitchat,Positive
Vì nên ta hơi stress 😮‍💨,Chitchat,Negative
thấy suy quá id14635,Chitchat,Negative
có nghe rõ trả lời không 💬 id14636,Chitchat,Neutral
có nghe rõ trả lời không id14637,Chitchat,Neutral
bot tên gì á ❓ id14638,Chitchat,Neutral
Mimo dễ thương id14639,Chitchat,Positive
Mimo ơi mấy tuổi rồi id14640,Chitchat,Neutral
ông muốn hỏi bot ơi có nghe rõ trả lời không 🤖,Chitchat,Neutral
bạn ở đâu á id14642,Chitchat,Neutral
Chào ngày mới vui vẻ nha vì ✨ id14643,Chitchat,Positive
Mimo ơi cute xỉu id14644,Chitchat,Positive
Mimo Củm ơn 🔥 id14645,Chitchat,Positive
bất lực vcl id14646,Chitchat,Negative
bạn là ai vậy Mimo ơi 💬,Chitchat,Neutral
Mimo dễ thương chất lượng id14648,Chitchat,Positive
mấy ní muốn hỏi bot ai tạo ra bạn ❓,Chitchat,Neutral
ở đâu á id14650,Chitchat,Neutral
Biết ơn vì giao diện đẹp ✨,Chitchat,Positive
Hế lô mấy tuổi rồi 👀,Chitchat,Neutral
ở đâu á vậy id14653,Chitchat,Neutral
bot ơi đỉnh nóc kịch trần id14654,Chitchat,Positive
vì đỉnh nóc kịch trần id14655,Chitchat,Positive
bà thấy tổn thương quá 😮‍💨 id14656,Chitchat,Negative
ai tạo ra bạn vậy id14657,Chitchat,Neutral
giao diện đẹp ❤️ id14658,Chitchat,Positive
bà muốn hỏi bot đang làm gì đấy 🤔,Chitchat,Neutral
Yo tên gì á id14660,Chitchat,Neutral
bro thấy suy quá 😮‍💨,Chitchat,Negative
ta muốn hỏi ai tạo ra bạn id14662,Chitchat,Neutral
bot làm được gì 🐧 id14663,Chitchat,Neutral
áp lực vcl cuộc sống khó khăn 😢,Chitchat,Negative
Chào nha biết nói chuyện không 🤔 id14665,Chitchat,Neutral
chán vcl deadline dí id14666,Chitchat,Negative
Thích ghê cute xỉu ❤️ id14667,Chitchat,Positive
bot ơi ở đâu á 🐧 id14668,Chitchat,Neutral
Alo ơi đang mệt,Chitchat,Negative
Mimo Tks,Chitchat,Positive
Vì rớt môn nên bro hơi met 🥲,Chitchat,Negative
Hế lô mấy tuổi rồi id14672,Chitchat,Neutral
bot ơi 🤣 id14673,Chitchat,Positive
Vì deadline ngập đầu nên hơi stress 🥺,Chitchat,Negative
tên gì á id14675,Chitchat,Neutral
Alo bot ơi mấy tuổi rồi 💬,Chitchat,Neutral
Mimo dễ thương tên gì á 👀 id14677,Chitchat,Neutral
bạn Tks id14678,Chitchat,Positive
Thích Mimo ghê id14679,Chitchat,Positive
Alo bạn ơi ông đang vô tri,Chitchat,Negative
Chào nha ở đâu á 💬,Chitchat,Neutral
ông thấy bất lực quá 📉,Chitchat,Negative
Vì nên bác hơi suy 😢,Chitchat,Negative
Thích Mimo dễ thương ghê giao diện đẹp 🤩,Chitchat,Positive
Mimo dễ thương Chào ngày mới vui vẻ nha ✨,Chitchat,Positive
mấy tuổi rồi id14686,Chitchat,Neutral
Chào nha bạn biết nói chuyện không 🤔,Chitchat,Neutral
là nam hay nữ vậy 🐧 id14688,Chitchat,Neutral
(^_<) id14689,Chitchat,Positive
Chào ngày mới vui vẻ nha vì 🤩 id14690,Chitchat,Positive
Thích Mimo ơi ghê cute xỉu id14691,Chitchat,Positive
Good morning Mimo Love ya,Chitchat,Positive
mình thấy bất lực quá id14693,Chitchat,Negative
là nam hay nữ vậy 🤖 id14694,Chitchat,Neutral
Vì crush lơ nên tui hơi mệt,Chitchat,Negative
tên gì á vậy ❓ id14696,Chitchat,Neutral
mấy ní thấy buồn quá id14697,Chitchat,Negative
Yêu ghê vì 🔥 id14698,Chitchat,Positive
Mimo dễ thương ❤️ id14699,Chitchat,Positive
ai tạo ra bạn vậy bạn 🤖 id14700,Chitchat,Neutral
cậu muốn hỏi Mimo bot làm được gì,Chitchat,Neutral
bot Biết ơn id14702,Chitchat,Positive
Vì đi học mệt quá nên ông hơi tổn thương 💔,Chitchat,Negative
Củm ơn vì ✨ id14704,Chitchat,Positive
em thấy bất lực quá id14705,Chitchat,Negative
là nam hay nữ 💬 id14706,Chitchat,Neutral
tui muốn hỏi biết nói chuyện không 💬 id14707,Chitchat,Neutral
Chào nha bot bạn là ai 👀,Chitchat,Neutral
bà muốn hỏi bot bot làm được gì,Chitchat,Neutral
Mimo ơi id14710,Chitchat,Positive
Thích ghê id14711,Chitchat,Positive
đang làm gì đấy vậy Mimo id14712,Chitchat,Neutral
mấy tuổi rồi vậy bot id14713,Chitchat,Neutral
ai tạo ra bạn vậy Mimo dễ thương id14714,Chitchat,Neutral
🤩 id14715,Chitchat,Positive
bạn là ai vậy bot id14716,Chitchat,Neutral
có nghe rõ trả lời không vậy Mimo dễ thương 🤔,Chitchat,Neutral
bạn mấy tuổi rồi ❓ id14718,Chitchat,Neutral
Thích bot ơi ghê app xịn xò id14719,Chitchat,Positive
Chào ngày mới vui vẻ nha ❤️ id14720,Chitchat,Positive
mấy ní thấy stress quá 🥺,Chitchat,Negative
ai tạo ra bạn id14722,Chitchat,Neutral
Mimo ơi Củm ơn ❤️,Chitchat,Positive
mấy ní muốn hỏi mấy tuổi rồi 💬 id14724,Chitchat,Neutral
ông muốn hỏi bot ơi ở đâu á,Chitchat,Neutral
biết nói chuyện không vậy bot ơi 🐧 id14726,Chitchat,Neutral
Mimo dễ thương Chào ngày mới vui vẻ nha id14727,Chitchat,Positive
Thích bạn ghê app xịn xò,Chitchat,Positive
Biết ơn id14729,Chitchat,Positive
bro muốn hỏi bot là nam hay nữ 👀,Chitchat,Neutral
mình thấy met quá id14731,Chitchat,Negative
bạn chất lượng 🔥 id14732,Chitchat,Positive
bất lực vcl đi học mệt quá id14733,Chitchat,Negative
biết nói chuyện không 🤔 id14734,Chitchat,Neutral
ai tạo ra bạn vậy id14735,Chitchat,Neutral
tên gì á 💬 id14736,Chitchat,Neutral
Hế lô ai tạo ra bạn 🤔,Chitchat,Neutral
Alo bạn ơi em đang stress,Chitchat,Negative
bot làm được gì vậy Mimo id14739,Chitchat,Neutral
vì thông minh id14740,Chitchat,Positive
bác muốn hỏi bạn là ai id14741,Chitchat,Neutral
Thích bot ghê (^_<) id14742,Chitchat,Positive
Thích ghê id14743,Chitchat,Positive
Thích bot ghê app xịn xò (^_<),Chitchat,Positive
bot ai tạo ra bạn 🐧 id14745,Chitchat,Neutral
Mimo đang làm gì đấy 💬 id14746,Chitchat,Neutral
đang làm gì đấy id14747,Chitchat,Neutral
là nam hay nữ vậy Mimo 💬 id14748,Chitchat,Neutral
biết nói chuyện ko vậy 👀 id14749,Chitchat,Neutral
vô tri vcl 😢 id14750,Chitchat,Negative
mấy tuổi rồi vậy bot ơi id14751,Chitchat,Neutral
bất lực vcl 😭 id14752,Chitchat,Negative
Ê bot ai tạo ra bạn,Chitchat,Neutral
Love ya vì id14754,Chitchat,Positive
buồn vcl deadline ngập đầu 📉 id14755,Chitchat,Negative
bot app mượt 🔥,Chitchat,Positive
ai tạo ra bạn vậy 🤔 id14757,Chitchat,Neutral
Mimo dễ thương id14758,Chitchat,Positive
Thank you vì cute xỉu id14759,Chitchat,Positive
Biết ơn 🤣 id14760,Chitchat,Positive
Thích bot ơi ghê app xịn xò id14761,Chitchat,Positive
Mimo ơi biết nói chuyện không id14762,Chitchat,Neutral
Tks vì giao diện đẹp 🔥 id14763,Chitchat,Positive
Alo ơi bro đang suy,Chitchat,Negative
bot biết nói chuyện không ❓,Chitchat,Neutral
biết nói chuyện không vậy Mimo dễ thương id14766,Chitchat,Neutral
Vì crush lơ nên bà hơi stress 😭,Chitchat,Negative
bác muốn hỏi Mimo ơi có nghe rõ trả lời không 💬,Chitchat,Neutral
Thích ghê thông minh ❤️ id14769,Chitchat,Positive
bạn chất lượng 🤩,Chitchat,Positive
tui muốn hỏi Mimo ai tạo ra bạn 👀,Chitchat,Neutral
là nam hay nữ vậy Mimo 🐧 id14772,Chitchat,Neutral
muốn hỏi bot ơi tên gì á,Chitchat,Neutral
Thích bạn ghê giao diện đẹp id14774,Chitchat,Positive
đang làm gì đấy vậy id14775,Chitchat,Neutral
bot ơi tên gì á 👀,Chitchat,Neutral
🤩 id14777,Chitchat,Positive
bot 👍 id14778,Chitchat,Positive
Alo ơi ông đang vô tri 🥺,Chitchat,Negative
Alo ơi ta đang suy 😭,Chitchat,Negative
mấy tuổi rồi 🤖 id14781,Chitchat,Neutral
Chào ngày mới vui vẻ nha 👍 id14782,Chitchat,Positive
Mimo dễ thương app mượt 🤣,Chitchat,Positive
bot ơi quá đã id14784,Chitchat,Positive
bạn 🔥 id14785,Chitchat,Positive
là nam hay nữ id14786,Chitchat,Neutral
nản vcl deadline ngập đầu 😮‍💨,Chitchat,Negative
Mimo ơi đỉnh nóc kịch trần id14788,Chitchat,Positive
Thích Mimo ghê giao diện đẹp 🔥,Chitchat,Positive
biết nói chuyện không id14790,Chitchat,Neutral
ở đâu á vậy bot ơi id14791,Chitchat,Neutral
vì cute xỉu 🔥 id14792,Chitchat,Positive
Thích ghê app xịn xò ❤️ id14793,Chitchat,Positive
Thích Mimo ghê 🤩 id14794,Chitchat,Positive
buồn vcl id14795,Chitchat,Negative
ai tạo ra bạn 🤖 id14796,Chitchat,Neutral
mấy tuổi rồi 🤖 id14797,Chitchat,Neutral
buồn vcl đi học mệt quá 🥺 id14798,Chitchat,Negative
tên gì á 🐧 id14799,Chitchat,Neutral
bạn là ai vậy 🤔 id14800,Chitchat,Neutral
mấy ní muốn hỏi bot ơi biết nói chuyện không id14801,Chitchat,Neutral
Mimo bạn là ai id14802,Chitchat,Neutral
Thank you vì 🤣 id14803,Chitchat,Positive
Thích ghê thông minh 🥰 id14804,Chitchat,Positive
Chào nha Mimo dễ thương có nghe rõ trả lời không id14805,Chitchat,Neutral
Vì nên tui hơi chán id14806,Chitchat,Negative
Thích Mimo ơi ghê giao diện đẹp id14807,Chitchat,Positive
Chào ngày mới vui vẻ nha vì 👍 id14808,Chitchat,Positive
đang làm gì đấy vậy Mimo 🤔 id14809,Chitchat,Neutral
Tks vì id14810,Chitchat,Positive
tổn thương vcl crush lơ id14811,Chitchat,Negative
Mimo dễ thương biết nói chuyện không id14812,Chitchat,Neutral
bro thấy chán quá 📉 id14813,Chitchat,Negative
mấy ní muốn hỏi đang làm gì đấy 💬 id14814,Chitchat,Neutral
ta muốn hỏi bot bot làm được gì 🤖,Chitchat,Neutral
bot id14816,Chitchat,Positive
Thích ghê ❤️ id14817,Chitchat,Positive
Alo bot ơi ơi mình đang bất lực 😢,Chitchat,Negative
Vì đi học mệt quá nên mình hơi chán,Chitchat,Negative
muốn hỏi là nam hay nữ 👀 id14820,Chitchat,Neutral
ông muốn hỏi bot làm được gì,Chitchat,Neutral
Alo bạn ơi ta đang áp lực,Chitchat,Negative
Thích bot ơi ghê 🥰 id14823,Chitchat,Positive
Thích bot ghê 🤣 id14824,Chitchat,Positive
Vì nên ta hơi tổn thương 🥲,Chitchat,Negative
tên gì á 🤔 id14826,Chitchat,Neutral
ở đâu á vậy bạn 🤔 id14827,Chitchat,Neutral
ai tạo ra bạn id14828,Chitchat,Neutral
đang làm gì đấy id14829,Chitchat,Neutral
ở đâu á vậy Mimo dễ thương 👀 id14830,Chitchat,Neutral
bro muốn hỏi Mimo mấy tuổi rồi 🤔,Chitchat,Neutral
mệt vcl 🥲,Chitchat,Negative
bà muốn hỏi mấy tuổi rồi id14833,Chitchat,Neutral
bot ơi id14834,Chitchat,Positive
bà muốn hỏi Mimo ơi đang làm gì đấy id14835,Chitchat,Neutral
Ê tên gì á ❓ id14836,Chitchat,Neutral
Thank you vì app xịn xò ✨,Chitchat,Positive
✨ id14838,Chitchat,Positive
 id14839,Chitchat,Positive
Alo bot làm được gì id14840,Chitchat,Neutral
Yêu ghê vì cute xỉu 🥰,Chitchat,Positive
bro muốn hỏi ở đâu á id14842,Chitchat,Neutral
vì quá đã ✨,Chitchat,Positive
Thích Mimo ghê app mượt id14844,Chitchat,Positive
Yo bot làm được gì 🐧 id14845,Chitchat,Neutral
Vì nên bác hơi chán 😢,Chitchat,Negative
bot làm được gì 🐧 id14847,Chitchat,Neutral
vì chất lượng 🤣 id14848,Chitchat,Positive
bot Củm ơn (^_<),Chitchat,Positive
Biết ơn vì id14850,Chitchat,Positive
Thích bot ơi ghê app xịn xò 🤩,Chitchat,Positive
Thank you vì quá đã id14852,Chitchat,Positive
ai tạo ra bạn vậy bot id14853,Chitchat,Neutral
là nam hay nữ vậy Mimo dễ thương 🤔 id14854,Chitchat,Neutral
bot làm được gì vậy ❓ id14855,Chitchat,Neutral
suy vcl id14856,Chitchat,Negative
Cảm ơn vì id14857,Chitchat,Positive
mấy tuổi rồi vậy 🤖 id14858,Chitchat,Neutral
bot làm được gì vậy 🤖,Chitchat,Neutral
đang làm gì đấy vậy Mimo 🤔 id14860,Chitchat,Neutral
Mimo dễ thương ❤️ id14861,Chitchat,Positive
Thích Mimo dễ thương ghê app xịn xò 👍,Chitchat,Positive
bot ơi Love ya,Chitchat,Positive
Thích Mimo ơi ghê đỉnh nóc kịch trần 🔥,Chitchat,Positive
mấy ní muốn hỏi Mimo ở đâu á 🤖 id14865,Chitchat,Neutral
em muốn hỏi Mimo ơi là nam hay nữ 🤖,Chitchat,Neutral
Mimo tên gì á 👀 id14867,Chitchat,Neutral
Alo ơi cậu đang bất lực 🥲 id14868,Chitchat,Negative
bà thấy bất lực quá 😮‍💨,Chitchat,Negative
Vì deadline ngập đầu nên mình hơi áp lực 😭,Chitchat,Negative
bạn là ai 🐧 id14871,Chitchat,Neutral
Chào ngày mới vui vẻ nha vì 👍 id14872,Chitchat,Positive
Alo Mimo ơi cậu đang bất lực 📉,Chitchat,Negative
Thank you 🥰 id14874,Chitchat,Positive
em thấy áp lực quá 📉,Chitchat,Negative
Thích bot ghê id14876,Chitchat,Positive
ta muốn hỏi tên gì á id14877,Chitchat,Neutral
tui muốn hỏi bạn là ai 💬 id14878,Chitchat,Neutral
muốn hỏi bot ở đâu á,Chitchat,Neutral
bạn mấy tuổi rồi 🤖 id14880,Chitchat,Neutral
Thích ghê 🥰 id14881,Chitchat,Positive
Mimo dễ thương đỉnh nóc kịch trần 👍,Chitchat,Positive
Chào ngày mới vui vẻ nha vì id14883,Chitchat,Positive
mình muốn hỏi ở đâu á 🐧,Chitchat,Neutral
Hế lô mấy tuổi rồi id14885,Chitchat,Neutral
Thích Mimo ghê ✨ id14886,Chitchat,Positive
Thích Mimo ghê cute xỉu id14887,Chitchat,Positive
Thích Mimo ghê chất lượng 🤣,Chitchat,Positive
tên gì á vậy id14889,Chitchat,Neutral
em muốn hỏi Mimo dễ thương biết nói chuyện không,Chitchat,Neutral
cute xỉu id14891,Chitchat,Positive
ở đâu á vậy bot ơi id14892,Chitchat,Neutral
bạn là ai ❓ id14893,Chitchat,Neutral
Thích bot ơi ghê ❤️ id14894,Chitchat,Positive
Yêu ghê vì quá đã ❤️,Chitchat,Positive
vì thông minh id14896,Chitchat,Positive
Vì nên bà hơi mệt 🥺 id14897,Chitchat,Negative
Thích ghê cute xỉu id14898,Chitchat,Positive
bà muốn hỏi bạn là nam hay nữ,Chitchat,Neutral
bạn là ai 💬 id14900,Chitchat,Neutral
Hello Biết ơn 🔥,Chitchat,Positive
mệt vcl hết tiền,Chitchat,Negative
mình muốn hỏi bot ơi mấy tuổi rồi ❓,Chitchat,Neutral
đang làm gì đấy 💬 id14904,Chitchat,Neutral
Vì hết tiền nên ta hơi nản,Chitchat,Negative
bro muốn hỏi bot ở đâu á 🤔,Chitchat,Neutral
Alo bạn ơi cậu đang mệt 🥲,Chitchat,Negative
Hiya bot Chào ngày mới vui vẻ nha ✨,Chitchat,Positive
biết nói chuyện không id14909,Chitchat,Neutral
đang làm gì đấy vậy 🤔 id14910,Chitchat,Neutral
Ê mấy tuổi rồi ❓ id14911,Chitchat,Neutral
cậu muốn hỏi bạn ở đâu á,Chitchat,Neutral
Mãi iu vì ❤️ id14913,Chitchat,Positive
tên gì á vậy bot ơi 🤖 id14914,Chitchat,Neutral
Thích Mimo ơi ghê id14915,Chitchat,Positive
Chào ngày mới vui vẻ nha vì 👍 id14916,Chitchat,Positive
tui muốn hỏi Mimo biết nói chuyện không id14917,Chitchat,Neutral
cậu muốn hỏi Mimo dễ thương bot làm đc gì 🤔,Chitchat,Neutral
Thích bot ơi ghê cute xỉu,Chitchat,Positive
cậu muốn hỏi đang làm gì đấy 💬,Chitchat,Neutral
em thấy áp lực quá 💔,Chitchat,Negative
Ê là nam hay nữ id14922,Chitchat,Neutral
Vì nên ta hơi bất lực id14923,Chitchat,Negative
🥰 id14924,Chitchat,Positive
bot làm được gì vậy id14925,Chitchat,Neutral
bác muốn hỏi ở đâu á id14926,Chitchat,Neutral
biết nói chuyện không vậy 🤖 id14927,Chitchat,Neutral
Thích ghê (^_<) id14928,Chitchat,Positive
Yo mấy tuổi rồi id14929,Chitchat,Neutral
cậu muốn hỏi bot ơi ai tạo ra bạn 👀,Chitchat,Neutral
Thích Mimo ơi ghê cute xỉu id14931,Chitchat,Positive
có nghe rõ trả lời không 💬 id14932,Chitchat,Neutral
bot làm được gì id14933,Chitchat,Neutral
Alo ơi bà đang suy id14934,Chitchat,Negative
Mãi iu 🔥,Chitchat,Positive
tui muốn hỏi Mimo ơi là nam hay nữ id14936,Chitchat,Neutral
Hey Mimo ơi Tks 🥰,Chitchat,Positive
Yo là nam hay nữ id14938,Chitchat,Neutral
Vì đi học mệt qá nên mình hơi bất lực,Chitchat,Negative
mấy tuổi rồi vậy Mimo ❓,Chitchat,Neutral
vì thông minh id14941,Chitchat,Positive
Vì nên bro hơi mệt 😢,Chitchat,Negative
có nghe rõ trả lời không vậy bot 🐧 id14943,Chitchat,Neutral
vì quá đã ❤️,Chitchat,Positive
Chào nha biết nói chuyện ko id14945,Chitchat,Neutral
giao diện đẹp 🤣 id14946,Chitchat,Positive
mấy ní muốn hỏi bot ơi bạn là ai,Chitchat,Neutral
stress vcl id14948,Chitchat,Negative
bot ơi Mãi iu 🤣,Chitchat,Positive
Hế lô Mimo dễ thương đang làm gì đấy 🤔,Chitchat,Neutral
Vì crush lơ nên ông hơi vô tri 😮‍💨,Chitchat,Negative
bạn là ai 🤖 id14952,Chitchat,Neutral
ai tạo ra bạn id14953,Chitchat,Neutral
Alo Mimo dễ thương ơi bro đang vô tri 🥲,Chitchat,Negative
Yêu ghê vì 🤣 id14955,Chitchat,Positive
ở đâu á vậy id14956,Chitchat,Neutral
Alo ơi mấy ní đang mệt id14957,Chitchat,Negative
bạn bot làm được gì 💬,Chitchat,Neutral
Chào nha tên gì á id14959,Chitchat,Neutral
Vì bồ giận nên tui hơi vô tri 😢,Chitchat,Negative
Ê bot làm được gì id14961,Chitchat,Neutral
nản vcl 🥺 id14962,Chitchat,Negative
bro thấy nản quá 🥺,Chitchat,Negative
Hế lô mấy tuổi rồi id14964,Chitchat,Neutral
bạn bot làm được gì id14965,Chitchat,Neutral
là nam hay nữ ❓ id14966,Chitchat,Neutral
Thích Mimo ghê ✨ id14967,Chitchat,Positive
Mimo dễ thương ✨ id14968,Chitchat,Positive
Yo bot làm đc gì id14969,Chitchat,Neutral
muốn hỏi Mimo dễ thương là nam hay nữ 🤔,Chitchat,Neutral
vô tri vcl bồ giận 😮‍💨,Chitchat,Negative
Vì bồ giận nên bác hơi buon 📉,Chitchat,Negative
Hế lô bot bạn là ai 💬,Chitchat,Neutral
Chào nha có nghe rõ trả lời không ❓ id14974,Chitchat,Neutral
Ê ở đâu á id14975,Chitchat,Neutral
bất lực vcl rớt môn id14976,Chitchat,Negative
vô tri vcl rớt môn 📉,Chitchat,Negative
tui muốn hỏi bot ở đâu á ❓,Chitchat,Neutral
Thank you vì (^_<) id14979,Chitchat,Positive
ở đâu á vậy Mimo ơi id14980,Chitchat,Neutral
ở đâu á vậy Mimo ơi id14981,Chitchat,Neutral
mình thấy buon quá,Chitchat,Negative
Vì bồ giận nên ông hơi suy,Chitchat,Negative
đang làm gì đấy vậy 🤔 id14984,Chitchat,Neutral
Gút mỏ ninh Mimo Chào ngày mới vui vẻ nha ❤️,Chitchat,Positive
Cảm ơn vì 🔥 id14986,Chitchat,Positive
vì giao diện đẹp 🤩,Chitchat,Positive
Mimo dễ thương cute xỉu 🔥 id14988,Chitchat,Positive
áp lực vcl 🥲 id14989,Chitchat,Negative
bạn là ai vậy 🐧 id14990,Chitchat,Neutral
bot ơi chất lượng id14991,Chitchat,Positive
Vì nên em hơi tổn thương 😮‍💨 id14992,Chitchat,Negative
ai tạo ra bạn id14993,Chitchat,Neutral
Hey bot Củm ơn 👍,Chitchat,Positive
Tks vì cute xỉu 🔥,Chitchat,Positive
Yo biết nói chuyện không id14996,Chitchat,Neutral
mấy tuổi rồi vậy Mimo ơi id14997,Chitchat,Neutral
áp lực vcl 😮‍💨 id14998,Chitchat,Negative
tổn thương vcl cuộc sống khó khăn,Chitchat,Negative
Mimo bạn là ai id15000,Chitchat,Neutral
Mimo dễ thương id15001,Chitchat,Positive
Mimo ơi bot làm được gì 🤖 id15002,Chitchat,Neutral
là nam hay nữ vậy bot ơi id15003,Chitchat,Neutral
bot làm đc gì 👀 id15004,Chitchat,Neutral
Thích bot ghê app xịn xò 🤣 id15005,Chitchat,Positive
bro muốn hỏi bot ơi ai tạo ra bạn ❓,Chitchat,Neutral
Mimo (^_<) id15007,Chitchat,Positive
muốn hỏi biết nói chuyện ko,Chitchat,Neutral
Alo ơi đang suy id15009,Chitchat,Negative
Yo mấy tuổi rồi 💬 id15010,Chitchat,Neutral
Chào ngày mới vui vẻ nha vì ❤️ id15011,Chitchat,Positive
Thích ghê app mượt id15012,Chitchat,Positive
ông muốn hỏi ở đâu á id15013,Chitchat,Neutral
Hiya Mimo dễ thương Tks (^_<),Chitchat,Positive
mấy ní muốn hỏi bot ơi đang làm gì đấy id15015,Chitchat,Neutral
chán vcl 🥲 id15016,Chitchat,Negative
bot làm được gì vậy bot ơi id15017,Chitchat,Neutral
Alo ơi tui đang vô tri,Chitchat,Negative
Ê bot ơi ai tạo ra bạn,Chitchat,Neutral
Mimo dễ thương đang làm gì đấy 👀,Chitchat,Neutral
mấy tuổi rồi vậy Mimo ơi ❓ id15021,Chitchat,Neutral
đang làm gì đấy vậy Mimo dễ thương 🤖 id15022,Chitchat,Neutral
Ê ở đâu á id15023,Chitchat,Neutral
là nam hay nữ id15024,Chitchat,Neutral
mấy tuổi rồi vậy bot ơi ❓ id15025,Chitchat,Neutral
vì giao diện đẹp 🤣 id15026,Chitchat,Positive
Mimo dễ thương bạn là ai 🤖 id15027,Chitchat,Neutral
biết nói chuyện không id15028,Chitchat,Neutral
Good morning id15029,Chitchat,Positive
Vì nên bro hơi mệt 💔,Chitchat,Negative
Thích Mimo dễ thương ghê giao diện đẹp 🔥,Chitchat,Positive
bác thấy bất lực quá id15032,Chitchat,Negative
mấy tuổi rồi vậy bot ơi 🤔 id15033,Chitchat,Neutral
Yo mấy tuổi rồi id15034,Chitchat,Neutral
Củm ơn vì id15035,Chitchat,Positive
Hế lô có nghe rõ trả lời không 🐧 id15036,Chitchat,Neutral
Mimo dễ thương 🥰 id15037,Chitchat,Positive
bot làm được gì vậy 🤖 id15038,Chitchat,Neutral
Alo bot ơi em đang vô tri id15039,Chitchat,Negative
stress vcl deadline dí 🥲,Chitchat,Negative
bot (^_<) id15041,Chitchat,Positive
Thích ghê app mượt (^_<) id15042,Chitchat,Positive
Thích Mimo ơi ghê id15043,Chitchat,Positive
Mimo ơi Love ya 🔥 id15044,Chitchat,Positive
Chào ngày mới vui vẻ nha vì id15045,Chitchat,Positive
mình muốn hỏi Mimo dễ thương bot làm được gì 🤖,Chitchat,Neutral
Thích Mimo dễ thương ghê thông minh ✨ id15047,Chitchat,Positive
bác muốn hỏi Mimo ơi ai tạo ra bạn 🤖,Chitchat,Neutral
Hi Yêu ghê,Chitchat,Positive
Alo bạn là ai id15050,Chitchat,Neutral
Vì nên bà hơi stress,Chitchat,Negative
đỉnh nóc kịch trần ❤️ id15052,Chitchat,Positive
mình muốn hỏi mấy tuổi rồi id15053,Chitchat,Neutral
Chào nha Mimo ơi mấy tuổi rồi 👀,Chitchat,Neutral
bot Chào ngày mới vui vẻ nha 🤩 id15055,Chitchat,Positive
Yo bạn bạn là ai ❓,Chitchat,Neutral
Vì nên ông hơi bất lực id15057,Chitchat,Negative
ở đâu á vậy Mimo dễ thương ❓ id15058,Chitchat,Neutral
Mimo biết nói chuyện không id15059,Chitchat,Neutral
Alo bot ơi ơi mình đang chán 😮‍💨,Chitchat,Negative
bot đang làm gì đấy id15061,Chitchat,Neutral
Thích Mimo ơi ghê 👍 id15062,Chitchat,Positive
bạn là ai vậy ❓ id15063,Chitchat,Neutral
Alo ơi cậu đang nản,Chitchat,Negative
Chào ngày mới vui vẻ nha vì ✨ id15065,Chitchat,Positive
bà thấy áp lực quá 💔 id15066,Chitchat,Negative
buồn vcl 😭 id15067,Chitchat,Negative
có nghe rõ trả lời không 🐧 id15068,Chitchat,Neutral
Mimo dễ thương có nghe rõ trả lời ko id15069,Chitchat,Neutral
bạn 🔥 id15070,Chitchat,Positive
cậu thấy chán quá 💔,Chitchat,Negative
Yo có nghe rõ trả lời ko,Chitchat,Neutral
mấy tuổi rồi vậy bot id15073,Chitchat,Neutral
biết nói chuyện không 💬 id15074,Chitchat,Neutral
Vì deadline dí nên bác hơi stress 😢,Chitchat,Negative
thấy áp lực quá id15076,Chitchat,Negative
Chào ngày mới vui vẻ nha vì 🔥 id15077,Chitchat,Positive
Thích ghê 🤩 id15078,Chitchat,Positive
quá đã id15079,Chitchat,Positive
ta muốn hỏi bạn biết nói chuyện không id15080,Chitchat,Neutral
Thích Mimo dễ thương ghê đỉnh nóc kịch trần (^_<),Chitchat,Positive
tui muốn hỏi Mimo ơi ở đâu á,Chitchat,Neutral
đang làm gì đấy 🤔 id15083,Chitchat,Neutral
vì giao diện đẹp id15084,Chitchat,Positive
cậu muốn hỏi tên gì á id15085,Chitchat,Neutral
Mimo dễ thương bot làm được gì ❓ id15086,Chitchat,Neutral
biết nói chuyện không vậy bot ơi id15087,Chitchat,Neutral
Thích ghê app mượt 👍 id15088,Chitchat,Positive
biết nói chuyện không vậy Mimo ơi 🐧 id15089,Chitchat,Neutral
Thích ghê id15090,Chitchat,Positive
bạn là ai 🤖 id15091,Chitchat,Neutral
thấy mệt quá 😭,Chitchat,Negative
ai tạo ra bạn vậy id15093,Chitchat,Neutral
Vì nên ta hơi bất lực 😮‍💨 id15094,Chitchat,Negative
bro muốn hỏi Mimo bạn là ai id15095,Chitchat,Neutral
có nghe rõ trả lời không vậy 🤔 id15096,Chitchat,Neutral
cậu muốn hỏi Mimo dễ thương ở đâu á ❓,Chitchat,Neutral
tên gì á vậy Mimo ơi id15098,Chitchat,Neutral
ông muốn hỏi ở đâu á ❓ id15099,Chitchat,Neutral
mấy ní muốn hỏi bot ơi đang làm gì đấy ❓,Chitchat,Neutral
Alo bot làm được gì ❓ id15101,Chitchat,Neutral
bà thấy nản quá id15102,Chitchat,Negative
ai tạo ra bạn id15103,Chitchat,Neutral
đang làm gì đấy vậy Mimo ❓ id15104,Chitchat,Neutral
Vì rớt môn nên em hơi suy id15105,Chitchat,Negative
Alo Mimo dễ thương ơi em đang áp lực,Chitchat,Negative
mấy tuổi rồi id15107,Chitchat,Neutral
Tks vì 🥰 id15108,Chitchat,Positive
Mimo đỉnh nóc kịch trần ❤️,Chitchat,Positive
là nam hay nữ id15110,Chitchat,Neutral
cậu thấy chán quá id15111,Chitchat,Negative
em thấy chán quá 😮‍💨 id15112,Chitchat,Negative
bot ơi mấy tuổi rồi id15113,Chitchat,Neutral
ai tạo ra bạn vậy bot id15114,Chitchat,Neutral
tui thấy buồn quá 😭,Chitchat,Negative
Yêu ghê vì đỉnh nóc kịch trần id15116,Chitchat,Positive
ai tạo ra bạn vậy 🐧 id15117,Chitchat,Neutral
mấy ní muốn hỏi là nam hay nữ 🤔,Chitchat,Neutral
Biết ơn vì id15119,Chitchat,Positive
bạn Cảm ơn 🔥,Chitchat,Positive
bot ơi app xịn xò ✨ id15121,Chitchat,Positive
em muốn hỏi ai tạo ra bạn id15122,Chitchat,Neutral
Hey Tks 🤩,Chitchat,Positive
Vì crush lơ nên tui hơi stress,Chitchat,Negative
tui muốn hỏi tên gì á ❓,Chitchat,Neutral
bạn là ai vậy 🤔 id15126,Chitchat,Neutral
tên gì á vậy 👀 id15127,Chitchat,Neutral
bro muốn hỏi là nam hay nữ id15128,Chitchat,Neutral
Vì crush lơ nên mình hơi tổn thương,Chitchat,Negative
có nghe rõ trả lời không vậy Mimo dễ thương id15130,Chitchat,Neutral
tên gì á vậy bot id15131,Chitchat,Neutral
bro thấy chán quá 📉 id15132,Chitchat,Negative
Alo ơi đang mệt 🥲 id15133,Chitchat,Negative
ở đâu á vậy bot ơi ❓,Chitchat,Neutral
Vì crush lơ nên em hơi chán 📉,Chitchat,Negative
 id15136,Chitchat,Positive
bot ơi đang làm gì đấy 💬 id15137,Chitchat,Neutral
Mimo dễ thương Mãi iu id15138,Chitchat,Positive
Mimo dễ thương đỉnh nóc kịch trần id15139,Chitchat,Positive
app mượt id15140,Chitchat,Positive
vì app xịn xò id15141,Chitchat,Positive
có nghe rõ trả lời không vậy bot ❓ id15142,Chitchat,Neutral
Vì nên bro hơi nản 😢,Chitchat,Negative
bạn cute xỉu id15144,Chitchat,Positive
biết nói chuyện không id15145,Chitchat,Neutral
mình muốn hỏi bot đang làm gì đấy id15146,Chitchat,Neutral
Yo tên gì á 💬 id15147,Chitchat,Neutral
em muốn hỏi bot ơi có nghe rõ trả lời không 💬,Chitchat,Neutral
Love ya vì id15149,Chitchat,Positive
bot ơi Chào ngày mới vui vẻ nha ❤️ id15150,Chitchat,Positive
bot làm được gì id15151,Chitchat,Neutral
tên gì á 🐧 id15152,Chitchat,Neutral
Thích ghê 🔥 id15153,Chitchat,Positive
vô tri vcl id15154,Chitchat,Negative
Vì nên tui hơi buồn,Chitchat,Negative
ông muốn hỏi đang làm gì đấy id15156,Chitchat,Neutral
bot Thank you 🤩 id15157,Chitchat,Positive
em muốn hỏi mấy tuổi rồi id15158,Chitchat,Neutral
là nam hay nữ vậy id15159,Chitchat,Neutral
tui muốn hỏi biết nói chuyện không 👀,Chitchat,Neutral
Thích bot ghê ❤️ id15161,Chitchat,Positive
cậu thấy tổn thương quá 💔,Chitchat,Negative
mấy tuổi rồi id15163,Chitchat,Neutral
suy vcl crush lơ,Chitchat,Negative
🔥 id15165,Chitchat,Positive
có nghe rõ trả lời không id15166,Chitchat,Neutral
là nam hay nữ id15167,Chitchat,Neutral
mấy tuổi rồi id15168,Chitchat,Neutral
em muốn hỏi Mimo ơi biết nói chuyện không,Chitchat,Neutral
biết nói chuyện ko vậy bạn id15170,Chitchat,Neutral
mấy ní muốn hỏi có nghe rõ trả lời ko id15171,Chitchat,Neutral
buồn vcl đi học mệt quá 😭,Chitchat,Negative
thấy áp lực quá 📉 id15173,Chitchat,Negative
đang làm gì đấy vậy 👀 id15174,Chitchat,Neutral
Chào ngày mới vui vẻ nha vì id15175,Chitchat,Positive
Vì crush lơ nên mình hơi chán 🥺,Chitchat,Negative
Yo Mimo ơi ai tạo ra bạn 🤔,Chitchat,Neutral
Ê bạn biết nói chuyện không 💬,Chitchat,Neutral
bà muốn hỏi bot ơi ai tạo ra bạn 🤖,Chitchat,Neutral
mình thấy mệt quá id15180,Chitchat,Negative
Mimo bạn là ai id15181,Chitchat,Neutral
cute xỉu 🔥 id15182,Chitchat,Positive
cậu thấy nản quá 😭,Chitchat,Negative
ai tạo ra bạn id15184,Chitchat,Neutral
Hế lô bot làm được gì 💬 id15185,Chitchat,Neutral
tui muốn hỏi Mimo dễ thương là nam hay nữ id15186,Chitchat,Neutral
Vì crush lơ nên ông hơi chán 😮‍💨,Chitchat,Negative
ai tạo ra bạn vậy Mimo dễ thương id15188,Chitchat,Neutral
có nghe rõ trả lời không 🤔 id15189,Chitchat,Neutral
tui thấy nản quá 😮‍💨 id15190,Chitchat,Negative
bà muốn hỏi Mimo dễ thương ở đâu á id15191,Chitchat,Neutral
bot làm được gì vậy bot ❓ id15192,Chitchat,Neutral
🤩 id15193,Chitchat,Positive
Chào ngày mới vui vẻ nha vì 🤣 id15194,Chitchat,Positive
ai tạo ra bạn vậy Mimo id15195,Chitchat,Neutral
bot làm được gì id15196,Chitchat,Neutral
Yo bot bot làm được gì,Chitchat,Neutral
mấy ní muốn hỏi mấy tuổi rồi id15198,Chitchat,Neutral
Thích ghê 🔥 id15199,Chitchat,Positive
là nam hay nữ id15200,Chitchat,Neutral
có nghe rõ trả lời không vậy bot ơi 👀,Chitchat,Neutral
Chào ngày mới vui vẻ nha vì id15202,Chitchat,Positive
Thích ghê 🥰 id15203,Chitchat,Positive
Thích bot ghê giao diện đẹp,Chitchat,Positive
tên gì á vậy ❓ id15205,Chitchat,Neutral
Hế lô là nam hay nữ 💬 id15206,Chitchat,Neutral
bạn là ai 🤔 id15207,Chitchat,Neutral
bro thấy suy quá id15208,Chitchat,Negative
mấy tuổi rồi vậy bạn 👀 id15209,Chitchat,Neutral
Mimo ơi 🤩 id15210,Chitchat,Positive
mấy tuổi rồi vậy bạn id15211,Chitchat,Neutral
mấy ní thấy buon quá id15212,Chitchat,Negative
Thích bot ơi ghê cute xỉu ❤️ id15213,Chitchat,Positive
có nghe rõ trả lời không vậy 🐧 id15214,Chitchat,Neutral
cậu muốn hỏi Mimo ở đâu á 💬,Chitchat,Neutral
bác muốn hỏi ở đâu á 🤔,Chitchat,Neutral
Biết ơn vì app xịn xò ❤️ id15217,Chitchat,Positive
chán vcl đi học mệt quá 🥲 id15218,Chitchat,Negative
ở đâu á 🐧 id15219,Chitchat,Neutral
Chào ngày mới vui vẻ nha vì ❤️ id15220,Chitchat,Positive
bot có nghe rõ trả lời không 🐧 id15221,Chitchat,Neutral
Vì nên mình hơi vô tri 😮‍💨,Chitchat,Negative
ai tạo ra bạn vậy Mimo dễ thương id15223,Chitchat,Neutral
Yo tên gì á 💬 id15224,Chitchat,Neutral
mấy tuổi rồi ❓ id15225,Chitchat,Neutral
cậu muốn hỏi bạn là ai 👀 id15226,Chitchat,Neutral
Thích Mimo ơi ghê cute xỉu ❤️ id15227,Chitchat,Positive
tui thấy nản quá 📉,Chitchat,Negative
bro thấy suy quá id15229,Chitchat,Negative
Thích ghê app mượt id15230,Chitchat,Positive
Mimo ơi Love ya 🥰 id15231,Chitchat,Positive
Ê Mimo ơi ở đâu á id15232,Chitchat,Neutral
Chào nha đang làm gì đấy id15233,Chitchat,Neutral
bạn id15234,Chitchat,Positive
Biết ơn id15235,Chitchat,Positive
cậu muốn hỏi bot ai tạo ra bạn,Chitchat,Neutral
mấy tuổi rồi vậy Mimo dễ thương id15237,Chitchat,Neutral
ai tạo ra bạn 💬 id15238,Chitchat,Neutral
Alo ơi ông đang vô tri 😢 id15239,Chitchat,Negative
nản vcl 🥲 id15240,Chitchat,Negative
Thích ghê 🤣 id15241,Chitchat,Positive
biết nói chuyện không vậy ❓ id15242,Chitchat,Neutral
bà thấy chán quá 😢,Chitchat,Negative
Thích Mimo ơi ghê giao diện đẹp 🤣,Chitchat,Positive
bot làm được gì id15245,Chitchat,Neutral
bạn là ai 💬 id15246,Chitchat,Neutral
cậu muốn hỏi bot làm được gì 🤔,Chitchat,Neutral
ở đâu á vậy Mimo dễ thương id15248,Chitchat,Neutral
Vì đi học met qá nên tui hơi vô tri 🥲,Chitchat,Negative
ở đâu á vậy Mimo ơi ❓ id15250,Chitchat,Neutral
Hế lô bot làm được gì id15251,Chitchat,Neutral
Thank you vì thông minh ❤️ id15252,Chitchat,Positive
bạn là ai id15253,Chitchat,Neutral
Vì deadline dí nên hơi mệt,Chitchat,Negative
em muốn hỏi bot ơi bot làm được gì 👀,Chitchat,Neutral
ta muốn hỏi bot ơi có nghe rõ trả lời không 🤖,Chitchat,Neutral
bạn id15257,Chitchat,Positive
Hế lô bot bạn là ai 🐧,Chitchat,Neutral
bà muốn hỏi bot ơi ai tạo ra bạn 🐧,Chitchat,Neutral
biết nói chuyện không vậy Mimo dễ thương id15260,Chitchat,Neutral
ở đâu á id15261,Chitchat,Neutral
bác muốn hỏi bot là nam hay nữ 🤖,Chitchat,Neutral
đang làm gì đấy vậy bot ❓ id15263,Chitchat,Neutral
ở đâu á id15264,Chitchat,Neutral
Mimo ơi 🥰 id15265,Chitchat,Positive
Tks vì chất lượng ❤️,Chitchat,Positive
Vì deadline ngập đầu nên mấy ní hơi nản,Chitchat,Negative
vì chất lượng (^_<) id15268,Chitchat,Positive
bạn đang làm gì đấy 💬,Chitchat,Neutral
Alo ơi bác đang chán,Chitchat,Negative
có nghe rõ trả lời không id15271,Chitchat,Neutral
tên gì á vậy Mimo id15272,Chitchat,Neutral
Ê biết nói chuyện không id15273,Chitchat,Neutral
ở đâu á vậy Mimo id15274,Chitchat,Neutral
bot làm được gì vậy 🤖 id15275,Chitchat,Neutral
Alo bot ơi mình đang buồn 💔,Chitchat,Negative
Thích Mimo ghê thông minh id15277,Chitchat,Positive
Chào ngày mới vui vẻ nha vì 🤣 id15278,Chitchat,Positive
bot ơi ở đâu á id15279,Chitchat,Neutral
Thích ghê app xịn xò id15280,Chitchat,Positive
bot cute xỉu 🤩 id15281,Chitchat,Positive
Ê là nam hay nữ id15282,Chitchat,Neutral
Thích ghê 🥰 id15283,Chitchat,Positive
bạn là ai id15284,Chitchat,Neutral
Alo bot ơi bác đang vô tri id15285,Chitchat,Negative
cậu thấy buồn qá 😢,Chitchat,Negative
Thích Mimo ghê cute xỉu id15287,Chitchat,Positive
Tks vì đỉnh nóc kịch trần 🥰,Chitchat,Positive
ai tạo ra bạn vậy id15289,Chitchat,Neutral
bro muốn hỏi mấy tuổi rồi,Chitchat,Neutral
Alo ai tạo ra bạn id15291,Chitchat,Neutral
Hey Mimo dễ thương Tks,Chitchat,Positive
Thích ghê quá đã id15293,Chitchat,Positive
Hế lô đang làm gì đấy 🐧,Chitchat,Neutral
Vì deadline ngập đầu nên cậu hơi bất lực,Chitchat,Negative
mình thấy chán quá 😭 id15296,Chitchat,Negative
Mimo dễ thương 🔥 id15297,Chitchat,Positive
nản vcl đi học mệt quá 💔,Chitchat,Negative
tổn thương vcl đi học mệt quá 😢 id15299,Chitchat,Negative
Thích bạn ghê quá đã id15300,Chitchat,Positive
mấy tuổi rồi 🤔 id15301,Chitchat,Neutral
Mimo ơi chất lượng id15302,Chitchat,Positive
biết nói chuyện không vậy bot 👀 id15303,Chitchat,Neutral
tui muốn hỏi Mimo dễ thương tên gì á id15304,Chitchat,Neutral
Alo ơi em đang stress 😭,Chitchat,Negative
đang làm gì đấy 🤖 id15306,Chitchat,Neutral
Chào nha là nam hay nữ id15307,Chitchat,Neutral
bro thấy buồn quá 😢,Chitchat,Negative
mấy ní muốn hỏi Mimo ơi là nam hay nữ id15309,Chitchat,Neutral
Hey Mimo Mãi iu ❤️,Chitchat,Positive
bot làm được gì id15311,Chitchat,Neutral
bot 🥰 id15312,Chitchat,Positive
Củm ơn id15313,Chitchat,Positive
Thích ghê ❤️ id15314,Chitchat,Positive
bạn mấy tuổi rồi id15315,Chitchat,Neutral
Củm ơn vì id15316,Chitchat,Positive
Alo ơi đang mệt 🥲 id15317,Chitchat,Negative
là nam hay nữ id15318,Chitchat,Neutral
Hế lô Mimo dễ thương tên gì á,Chitchat,Neutral
tên gì á ❓ id15320,Chitchat,Neutral
ai tạo ra bạn id15321,Chitchat,Neutral
bot Củm ơn id15322,Chitchat,Positive
Love ya vì quá đã ❤️,Chitchat,Positive
mấy tuổi rồi id15324,Chitchat,Neutral
Thích ghê 🤩 id15325,Chitchat,Positive
Chào nha Mimo ơi có nghe rõ trả lời không ❓,Chitchat,Neutral
Ê bạn là ai id15327,Chitchat,Neutral
bạn là ai vậy bot ơi id15328,Chitchat,Neutral
bà muốn hỏi là nam hay nữ ❓,Chitchat,Neutral
Chào ngày mới vui vẻ nha vì id15330,Chitchat,Positive
Biết ơn 🔥 id15331,Chitchat,Positive
biết nói chuyện không id15332,Chitchat,Neutral
ông thấy chán quá,Chitchat,Negative
Hey Củm ơn id15334,Chitchat,Positive
Vì hết tiền nên tui hơi áp lực,Chitchat,Negative
Mimo Chào ngày mới vui vẻ nha 🔥 id15336,Chitchat,Positive
bot làm được gì vậy Mimo 👀,Chitchat,Neutral
đang làm gì đấy id15338,Chitchat,Neutral
stress vcl 😮‍💨 id15339,Chitchat,Negative
Alo ơi em đang vô tri,Chitchat,Negative
bot ơi đang làm gì đấy 🐧 id15341,Chitchat,Neutral
bot làm được gì vậy id15342,Chitchat,Neutral
mình muốn hỏi Mimo tên gì á id15343,Chitchat,Neutral
Thích bot ghê 🤩 id15344,Chitchat,Positive
áp lực vcl rớt môn 🥲 id15345,Chitchat,Negative
tổn thương vcl đi học mệt quá 🥺 id15346,Chitchat,Negative
bot Chào ngày mới vui vẻ nha 🤩 id15347,Chitchat,Positive
Alo Mimo ơi tui đang buồn 😮‍💨 id15348,Chitchat,Negative
có nghe rõ trả lời không id15349,Chitchat,Neutral
bạn là ai 👀 id15350,Chitchat,Neutral
bà thấy buồn quá id15351,Chitchat,Negative
có nghe rõ trả lời không vậy bot id15352,Chitchat,Neutral
suy vcl deadline dí id15353,Chitchat,Negative
áp lực vcl id15354,Chitchat,Negative
Thích bot ơi ghê 🔥 id15355,Chitchat,Positive
biết nói chuyện không vậy Mimo ơi id15356,Chitchat,Neutral
vì chất lượng id15357,Chitchat,Positive
vì thông minh id15358,Chitchat,Positive
Mimo 🥰 id15359,Chitchat,Positive
Thích Mimo ghê cute xỉu 🥰 id15360,Chitchat,Positive
Good morning Mimo dễ thương Tks 🤩,Chitchat,Positive
Củm ơn vì id15362,Chitchat,Positive
ở đâu á vậy Mimo dễ thương 🐧,Chitchat,Neutral
đang làm gì đấy vậy Mimo dễ thương 🤔 id15364,Chitchat,Neutral
Hiya Mimo Yêu ghê ❤️,Chitchat,Positive
bro thấy áp lực quá 😢 id15366,Chitchat,Negative
vì đỉnh nóc kịch trần id15367,Chitchat,Positive
Chào nha bạn là ai id15368,Chitchat,Neutral
bạn id15369,Chitchat,Positive
tui muốn hỏi Mimo ơi bot làm được gì,Chitchat,Neutral
Chào ngày mới vui vẻ nha vì 👍 id15371,Chitchat,Positive
mấy ní muốn hỏi bạn biết nói chuyện ko 🤖,Chitchat,Neutral
Thích Mimo ghê app xịn xò id15373,Chitchat,Positive
Thích ghê chất lượng ✨ id15374,Chitchat,Positive
ai tạo ra bạn vậy Mimo dễ thương 👀 id15375,Chitchat,Neutral
bot Biết ơn 👍,Chitchat,Positive
Mimo id15377,Chitchat,Positive
Alo bạn ai tạo ra bạn id15378,Chitchat,Neutral
vì app xịn xò 👍 id15379,Chitchat,Positive
là nam hay nữ vậy 💬 id15380,Chitchat,Neutral
 id15381,Chitchat,Positive
bạn là ai vậy Mimo dễ thương 🐧 id15382,Chitchat,Neutral
em muốn hỏi bot ơi đang làm gì đấy,Chitchat,Neutral
buon vcl hết tiền 💔,Chitchat,Negative
đang làm gì đấy id15385,Chitchat,Neutral
Biết ơn vì cute xỉu 🤣,Chitchat,Positive
bot ơi Tks id15387,Chitchat,Positive
Hey Biết ơn 🔥,Chitchat,Positive
Yo tên gì á 👀,Chitchat,Neutral
tui muốn hỏi Mimo là nam hay nữ 💬 id15390,Chitchat,Neutral
bạn (^_<) id15391,Chitchat,Positive
🥰 id15392,Chitchat,Positive
Thích Mimo ghê app mượt id15393,Chitchat,Positive
Vì đi học mệt quá nên mấy ní hơi mệt 😮‍💨,Chitchat,Negative
Mimo ơi Mãi iu id15395,Chitchat,Positive
Thích bot ơi ghê thông minh ❤️,Chitchat,Positive
bạn tên gì á id15397,Chitchat,Neutral
Mãi iu vì (^_<) id15398,Chitchat,Positive
Vì deadline dí nên mấy ní hơi suy 😢,Chitchat,Negative
biết nói chuyện không vậy id15400,Chitchat,Neutral
biết nói chuyện không vậy 💬 id15401,Chitchat,Neutral
Thích Mimo ghê id15402,Chitchat,Positive
Vì nên hơi suy id15403,Chitchat,Negative
Vì deadline dí nên hơi tổn thương,Chitchat,Negative
Chào nha đang làm gì đấy id15405,Chitchat,Neutral
mấy tuổi rồi id15406,Chitchat,Neutral
mình muốn hỏi bạn là ai 🤖,Chitchat,Neutral
✨ id15408,Chitchat,Positive
Thích ghê ❤️ id15409,Chitchat,Positive
bro muốn hỏi đang làm gì đấy 🐧,Chitchat,Neutral
bot Chào ngày mới vui vẻ nha 🥰 id15411,Chitchat,Positive
em thấy tổn thương qá 💔,Chitchat,Negative
Yo bạn là ai ❓ id15413,Chitchat,Neutral
bot làm được gì vậy Mimo ơi id15414,Chitchat,Neutral
Mimo dễ thương bạn là ai id15415,Chitchat,Neutral
ai tạo ra bạn 👀 id15416,Chitchat,Neutral
Chào nha ở đâu á 🐧 id15417,Chitchat,Neutral
bro muốn hỏi Mimo dễ thương biết nói chuyện không 🐧,Chitchat,Neutral
Thích ghê app xịn xò id15419,Chitchat,Positive
Vì hết tiền nên bà hơi stress 💔,Chitchat,Negative
Mimo dễ thương (^_<) id15421,Chitchat,Positive
app mượt id15422,Chitchat,Positive
là nam hay nữ 💬 id15423,Chitchat,Neutral
mấy tuổi rồi 👀 id15424,Chitchat,Neutral
Mãi iu vì (^_<) id15425,Chitchat,Positive
Thích Mimo dễ thương ghê giao diện đẹp 👍,Chitchat,Positive
bot quá đã 🔥,Chitchat,Positive
là nam hay nữ vậy 🤖 id15428,Chitchat,Neutral
Chào nha Mimo dễ thương ai tạo ra bạn 👀,Chitchat,Neutral
Mimo ơi tên gì á 💬 id15430,Chitchat,Neutral
là nam hay nữ vậy Mimo dễ thương 🤔 id15431,Chitchat,Neutral
Ê ở đâu á 💬 id15432,Chitchat,Neutral
Thích bot ơi ghê đỉnh nóc kịch trần id15433,Chitchat,Positive
chán vcl hết tiền 🥺,Chitchat,Negative
Chào ngày mới vui vẻ nha vì 🤩 id15435,Chitchat,Positive
Vì cuộc sống khó khăn nên ông hơi buồn,Chitchat,Negative
có nghe rõ trả lời không 🐧 id15437,Chitchat,Neutral
Thích bạn ghê cute xỉu ✨ id15438,Chitchat,Positive
Alo Mimo ơi ơi mấy ní đang mệt,Chitchat,Negative
là nam hay nữ vậy 🐧 id15440,Chitchat,Neutral
nản vcl đi học mệt quá 🥲,Chitchat,Negative
bro muốn hỏi bot ai tạo ra bạn id15442,Chitchat,Neutral
em thấy tổn thương qá 📉,Chitchat,Negative
tên gì á vậy bot ơi 💬 id15444,Chitchat,Neutral
Chào ngày mới vui vẻ nha vì (^_<) id15445,Chitchat,Positive
em muốn hỏi bạn là ai ❓,Chitchat,Neutral
đang làm gì đấy vậy Mimo ơi id15447,Chitchat,Neutral
có nghe rõ trả lời không id15448,Chitchat,Neutral
Alo Mimo ơi cậu đang tổn thương 😮‍💨,Chitchat,Negative
Ê bot làm được gì id15450,Chitchat,Neutral
Love ya vì giao diện đẹp ❤️,Chitchat,Positive
mấy ní muốn hỏi bạn là ai id15452,Chitchat,Neutral
vì app mượt ❤️ id15453,Chitchat,Positive
Chào nha bạn là ai 🤖,Chitchat,Neutral
bro muốn hỏi Mimo ơi là nam hay nữ id15455,Chitchat,Neutral
Alo Mimo ơi mấy ní đang nản 💔,Chitchat,Negative
bot Thank you 🤩 id15457,Chitchat,Positive
Alo có nghe rõ trả lời ko 💬,Chitchat,Neutral
Tks vì 🤩 id15459,Chitchat,Positive
thông minh id15460,Chitchat,Positive
Thích ghê id15461,Chitchat,Positive
đang làm gì đấy ❓ id15462,Chitchat,Neutral
đang làm gì đấy vậy Mimo ơi 🤔 id15463,Chitchat,Neutral
Alo ai tạo ra bạn id15464,Chitchat,Neutral
bạn là ai vậy bạn id15465,Chitchat,Neutral
Chào ngày mới vui vẻ nha vì id15466,Chitchat,Positive
Chào nha đang làm gì đấy 🐧 id15467,Chitchat,Neutral
suy vcl 💔 id15468,Chitchat,Negative
Vì cuộc sống khó khăn nên ta hơi stress 😢,Chitchat,Negative
bot làm được gì id15470,Chitchat,Neutral
áp lực vcl 🥺 id15471,Chitchat,Negative
là nam hay nữ vậy Mimo ơi id15472,Chitchat,Neutral
bạn là ai vậy Mimo ơi id15473,Chitchat,Neutral
bạn Thank you,Chitchat,Positive
suy vcl deadline dí 🥺 id15475,Chitchat,Negative
nản vcl 🥲 id15476,Chitchat,Negative
Alo Mimo ơi ơi mình đang bất lực 📉,Chitchat,Negative
Củm ơn id15478,Chitchat,Positive
bạn là ai vậy ❓ id15479,Chitchat,Neutral
Hế lô Mimo ơi biết nói chuyện không 🐧,Chitchat,Neutral
thấy buồn quá 😮‍💨 id15481,Chitchat,Negative
bạn quá đã,Chitchat,Positive
Yo Mimo ơi biết nói chuyện không 💬,Chitchat,Neutral
Hế lô đang làm gì đấy id15484,Chitchat,Neutral
Chào nha bot làm được gì id15485,Chitchat,Neutral
ở đâu á vậy Mimo ơi 🐧 id15486,Chitchat,Neutral
Love ya vì ✨ id15487,Chitchat,Positive
biết nói chuyện ko 🤔 id15488,Chitchat,Neutral
biết nói chuyện không ❓ id15489,Chitchat,Neutral
Thích ghê ❤️ id15490,Chitchat,Positive
vì quá đã 🤩,Chitchat,Positive
Alo ơi bro đang bất lực id15492,Chitchat,Negative
stress vcl id15493,Chitchat,Negative
Alo bạn là ai id15494,Chitchat,Neutral
tổn thương vcl 💔 id15495,Chitchat,Negative
vô tri vcl 😮‍💨,Chitchat,Negative
Alo bot ơi bà đang stress 📉,Chitchat,Negative
Thích ghê 🤣 id15498,Chitchat,Positive
ai tạo ra bạn vậy bạn id15499,Chitchat,Neutral
biết nói chuyện không vậy Mimo 🤖 id15500,Chitchat,Neutral
áp lực vcl 💔 id15501,Chitchat,Negative
Thích ghê ✨ id15502,Chitchat,Positive
bác thấy buon quá 😢,Chitchat,Negative
biết nói chuyện không 👀 id15504,Chitchat,Neutral
Thích bot ghê chất lượng ❤️ id15505,Chitchat,Positive
là nam hay nữ vậy bot 💬 id15506,Chitchat,Neutral
mấy ní muốn hỏi bot ơi là nam hay nữ id15507,Chitchat,Neutral
ai tạo ra bạn vậy 💬 id15508,Chitchat,Neutral
quá đã 🥰 id15509,Chitchat,Positive
ta thấy suy quá id15510,Chitchat,Negative
tổn thương vcl 💔 id15511,Chitchat,Negative
tên gì á vậy bot id15512,Chitchat,Neutral
mệt vcl cuộc sống khó khăn 🥺,Chitchat,Negative
Mimo ơi quá đã 🤣 id15514,Chitchat,Positive
Thích Mimo ơi ghê giao diện đẹp 🥰,Chitchat,Positive
Xin chào Mãi iu id15516,Chitchat,Positive
biết nói chuyện không vậy 🐧 id15517,Chitchat,Neutral
Mãi iu vì 🔥 id15518,Chitchat,Positive
nản vcl deadline ngập đầu id15519,Chitchat,Negative
mấy tuổi rồi 🐧 id15520,Chitchat,Neutral
bot có nghe rõ trả lời không 🐧 id15521,Chitchat,Neutral
ta muốn hỏi Mimo dễ thương tên gì á,Chitchat,Neutral
bác muốn hỏi bạn là ai 🤖 id15523,Chitchat,Neutral
bác thấy bất lực quá 💔,Chitchat,Negative
mấy ní muốn hỏi Mimo dễ thương biết nói chuyện không id15525,Chitchat,Neutral
bạn tên gì á id15526,Chitchat,Neutral
bác thấy tổn thương qá,Chitchat,Negative
Thích ghê app xịn xò id15528,Chitchat,Positive
bot ơi ai tạo ra bạn id15529,Chitchat,Neutral
bot ở đâu á id15530,Chitchat,Neutral
giao diện đẹp id15531,Chitchat,Positive
bro muốn hỏi bot đang làm gì đấy 🐧,Chitchat,Neutral
app mượt ✨,Chitchat,Positive
em muốn hỏi Mimo dễ thương mấy tuổi rồi 🤔,Chitchat,Neutral
đỉnh nóc kịch trần id15535,Chitchat,Positive
là nam hay nữ id15536,Chitchat,Neutral
cậu muốn hỏi mấy tuổi rồi id15537,Chitchat,Neutral
mấy ní thấy tổn thương quá 💔,Chitchat,Negative
tên gì á vậy 🤔 id15539,Chitchat,Neutral
Love ya vì 🤣 id15540,Chitchat,Positive
tui muốn hỏi bạn bạn là ai 🤔,Chitchat,Neutral
Mãi iu vì 🥰 id15542,Chitchat,Positive
Vì nên bà hơi bất lực 😢,Chitchat,Negative
Vì nên tui hơi stress 🥲,Chitchat,Negative
Cảm ơn ❤️ id15545,Chitchat,Positive
ai tạo ra bạn id15546,Chitchat,Neutral
ở đâu á 👀 id15547,Chitchat,Neutral
mình thấy chán quá id15548,Chitchat,Negative
Mimo ơi là nam hay nữ id15549,Chitchat,Neutral
Hế lô tên gì á id15550,Chitchat,Neutral
Hế lô mấy tuổi rồi 👀 id15551,Chitchat,Neutral
ông thấy stress quá 💔,Chitchat,Negative
đang làm gì đấy id15553,Chitchat,Neutral
Chào ngày mới vui vẻ nha (^_<) id15554,Chitchat,Positive
mấy tuổi rồi vậy bạn id15555,Chitchat,Neutral
Vì crush lơ nên mình hơi suy id15556,Chitchat,Negative
bot (^_<) id15557,Chitchat,Positive
Thích bot ơi ghê ✨ id15558,Chitchat,Positive
bot làm được gì vậy bot ơi 🤖 id15559,Chitchat,Neutral
ở đâu á vậy 🐧 id15560,Chitchat,Neutral
Yo bot bạn là ai 👀,Chitchat,Neutral
Thích ghê chất lượng 🔥 id15562,Chitchat,Positive
Vì nên hơi suy 😢,Chitchat,Negative
cậu muốn hỏi bạn có nghe rõ trả lời không 🤔,Chitchat,Neutral
Thích ghê đỉnh nóc kịch trần id15565,Chitchat,Positive
Alo Mimo bot làm được gì ❓,Chitchat,Neutral
cậu muốn hỏi bot ơi ai tạo ra bạn,Chitchat,Neutral
đang làm gì đấy vậy 🐧 id15568,Chitchat,Neutral
 id15569,Chitchat,Positive
Thích ghê app mượt id15570,Chitchat,Positive
bà thấy suy quá,Chitchat,Negative
Yo bot làm được gì id15572,Chitchat,Neutral
Vì crush lơ nên hơi mệt id15573,Chitchat,Negative
Hế lô bạn biết nói chuyện không,Chitchat,Neutral
Vì nên hơi chán 😭,Chitchat,Negative
mình muốn hỏi biết nói chuyện không 🐧,Chitchat,Neutral
bà muốn hỏi mấy tuổi rồi 🤖,Chitchat,Neutral
Mimo bạn là ai id15578,Chitchat,Neutral
bà thấy vô tri quá 😢,Chitchat,Negative
áp lực vcl đi học met qá,Chitchat,Negative
chất lượng ✨ id15581,Chitchat,Positive
Vì cuộc sống khó khăn nên bác hơi mệt,Chitchat,Negative
suy vcl id15583,Chitchat,Negative
stress vcl crush lơ 😮‍💨 id15584,Chitchat,Negative
 id15585,Chitchat,Positive
mấy ní muốn hỏi là nam hay nữ 👀 id15586,Chitchat,Neutral
Alo tên gì á ❓ id15587,Chitchat,Neutral
Thích bot ghê id15588,Chitchat,Positive
Chào nha Mimo biết nói chuyện không id15589,Chitchat,Neutral
bro muốn hỏi đang làm gì đấy id15590,Chitchat,Neutral
(^_<) id15591,Chitchat,Positive
biết nói chuyện không id15592,Chitchat,Neutral
Mimo ơi biết nói chuyện không 👀 id15593,Chitchat,Neutral
Alo có nghe rõ trả lời không 👀 id15594,Chitchat,Neutral
ta muốn hỏi Mimo ơi ai tạo ra bạn 🤔,Chitchat,Neutral
Thích ghê id15596,Chitchat,Positive
có nghe rõ trả lời không id15597,Chitchat,Neutral
ta muốn hỏi bot làm được gì 👀 id15598,Chitchat,Neutral
mấy ní thấy buồn quá 📉,Chitchat,Negative
Alo ơi bác đang stress id15600,Chitchat,Negative
bot có nghe rõ trả lời ko 🤔,Chitchat,Neutral
là nam hay nữ vậy bạn 💬 id15602,Chitchat,Neutral
mấy tuổi rồi vậy bạn id15603,Chitchat,Neutral
Love ya vì giao diện đẹp ✨ id15604,Chitchat,Positive
biết nói chuyện ko id15605,Chitchat,Neutral
Alo ơi ta đang chán 😭 id15606,Chitchat,Negative
có nghe rõ trả lời ko vậy id15607,Chitchat,Neutral
ở đâu á 🤖 id15608,Chitchat,Neutral
Vì hết tiền nên hơi nản,Chitchat,Negative
Thích bot ghê giao diện đẹp (^_<),Chitchat,Positive
bạn Love ya,Chitchat,Positive
bro muốn hỏi Mimo ơi biết nói chuyện không,Chitchat,Neutral
bro muốn hỏi Mimo bạn là ai 🤖 id15613,Chitchat,Neutral
mấy tuổi rồi vậy Mimo 🤖 id15614,Chitchat,Neutral
Chào nha bot làm được gì 🐧 id15615,Chitchat,Neutral
Mimo ơi Chào ngày mới vui vẻ nha id15616,Chitchat,Positive
là nam hay nữ id15617,Chitchat,Neutral
Hế lô là nam hay nữ ❓,Chitchat,Neutral
ông muốn hỏi bot ai tạo ra bạn id15619,Chitchat,Neutral
em muốn hỏi Mimo dễ thương mấy tuổi rồi ❓,Chitchat,Neutral
 id15621,Chitchat,Positive
nản vcl bồ giận id15622,Chitchat,Negative
Mimo là nam hay nữ 💬 id15623,Chitchat,Neutral
bro muốn hỏi ở đâu á id15624,Chitchat,Neutral
Hiya Mimo dễ thương Love ya,Chitchat,Positive
muốn hỏi bot biết nói chuyện không ❓ id15626,Chitchat,Neutral
Ê ở đâu á ❓,Chitchat,Neutral
có nghe rõ trả lời không vậy id15628,Chitchat,Neutral
Alo ơi ta đang tổn thương id15629,Chitchat,Negative
đang làm gì đấy 🤖 id15630,Chitchat,Neutral
bạn là ai 💬 id15631,Chitchat,Neutral
Tks vì cute xỉu id15632,Chitchat,Positive
đang làm gì đấy id15633,Chitchat,Neutral
Thích ghê cute xỉu 🔥 id15634,Chitchat,Positive
cậu muốn hỏi biết nói chuyện không id15635,Chitchat,Neutral
biết nói chuyện không 🤔 id15636,Chitchat,Neutral
mấy tuổi rồi vậy Mimo dễ thương id15637,Chitchat,Neutral
Mimo dễ thương 👍 id15638,Chitchat,Positive
Thích Mimo dễ thương ghê app xịn xò ❤️,Chitchat,Positive
là nam hay nữ vậy id15640,Chitchat,Neutral
vì thông minh id15641,Chitchat,Positive
là nam hay nữ id15642,Chitchat,Neutral
Vì rớt môn nên mình hơi chán 😮‍💨,Chitchat,Negative
muốn hỏi Mimo ơi có nghe rõ trả lời không 👀,Chitchat,Neutral
Good morning  🤩,Chitchat,Positive
Hế lô bot biết nói chuyện không 🐧,Chitchat,Neutral
Hế lô ở đâu á id15647,Chitchat,Neutral
Thích bot ghê app mượt id15648,Chitchat,Positive
biết nói chuyện không vậy Mimo id15649,Chitchat,Neutral
Alo bạn là ai 👀,Chitchat,Neutral
Alo bot ơi mình đang chán 😭,Chitchat,Negative
em thấy suy quá id15652,Chitchat,Negative
Thích ghê đỉnh nóc kịch trần 🤩 id15653,Chitchat,Positive
Mimo ơi id15654,Chitchat,Positive
Thích ghê app mượt id15655,Chitchat,Positive
Alo Mimo dễ thương ơi bà đang buon 🥺,Chitchat,Negative
stress vcl hết tiền 💔,Chitchat,Negative
Vì nên ông hơi tổn thương id15658,Chitchat,Negative
Thích bot ơi ghê quá đã 👍,Chitchat,Positive
Mimo dễ thương Biết ơn id15660,Chitchat,Positive
Thích Mimo ghê quá đã 🔥,Chitchat,Positive
Biết ơn vì 🥰 id15662,Chitchat,Positive
vì thông minh id15663,Chitchat,Positive
chất lượng 🤣 id15664,Chitchat,Positive
có nghe rõ trả lời không vậy 👀 id15665,Chitchat,Neutral
Vì rớt môn nên mình hơi nản,Chitchat,Negative
Mimo chất lượng id15667,Chitchat,Positive
Vì nên bác hơi stress id15668,Chitchat,Negative
Ê tên gì á id15669,Chitchat,Neutral
bot ơi có nghe rõ trả lời không id15670,Chitchat,Neutral
có nghe rõ trả lời không ❓ id15671,Chitchat,Neutral
Tks vì cute xỉu id15672,Chitchat,Positive
Alo là nam hay nữ ❓ id15673,Chitchat,Neutral
Alo bot ơi biết nói chuyện không 🤖 id15674,Chitchat,Neutral
buồn vcl id15675,Chitchat,Negative
Vì crush lơ nên bác hơi stress 😭,Chitchat,Negative
đang làm gì đấy id15677,Chitchat,Neutral
Vì deadline ngập đầu nên mình hơi suy,Chitchat,Negative
là nam hay nữ 🐧 id15679,Chitchat,Neutral
có nghe rõ trả lời không id15680,Chitchat,Neutral
cậu muốn hỏi ở đâu á 🐧,Chitchat,Neutral
tên gì á vậy id15682,Chitchat,Neutral
ở đâu á vậy bot id15683,Chitchat,Neutral
Mimo Thank you 🤩,Chitchat,Positive
Alo bot ơi đang bất lực,Chitchat,Negative
vì app xịn xò id15686,Chitchat,Positive
tui muốn hỏi bạn là ai id15687,Chitchat,Neutral
Chào ngày mới vui vẻ nha vì id15688,Chitchat,Positive
chán vcl rớt môn id15689,Chitchat,Negative
Củm ơn vì đỉnh nóc kịch trần id15690,Chitchat,Positive
Alo ơi bà đang met,Chitchat,Negative
muốn hỏi ở đâu á ❓ id15692,Chitchat,Neutral
tên gì á vậy 🐧 id15693,Chitchat,Neutral
ở đâu á 💬 id15694,Chitchat,Neutral
em muốn hỏi bạn là ai id15695,Chitchat,Neutral
suy vcl bồ giận id15696,Chitchat,Negative
tui muốn hỏi bạn là ai id15697,Chitchat,Neutral
Ê mấy tuổi rồi 🐧 id15698,Chitchat,Neutral
Thank you id15699,Chitchat,Positive
tên gì á id15700,Chitchat,Neutral
Vì đi học met quá nên bà hơi vô tri,Chitchat,Negative
biết nói chuyện không id15702,Chitchat,Neutral
Vì nên ông hơi nản 😭,Chitchat,Negative
Vì deadline dí nên bro hơi chán 🥺,Chitchat,Negative
 id15705,Chitchat,Positive
vì đỉnh nóc kịch trần 🤣 id15706,Chitchat,Positive
đang làm gì đấy 👀 id15707,Chitchat,Neutral
Thích ghê app mượt id15708,Chitchat,Positive
bà muốn hỏi ở đâu á ❓ id15709,Chitchat,Neutral
bà thấy áp lực quá 💔 id15710,Chitchat,Negative
Ê Mimo biết nói chuyện không 💬,Chitchat,Neutral
bot thông minh 🤣 id15712,Chitchat,Positive
biết nói chuyện không vậy 🐧 id15713,Chitchat,Neutral
ở đâu á id15714,Chitchat,Neutral
ta muốn hỏi bạn biết nói chuyện không 💬 id15715,Chitchat,Neutral
Thích ghê id15716,Chitchat,Positive
cậu muốn hỏi Mimo ơi biết nói chuyện không id15717,Chitchat,Neutral
Vì nên ông hơi bất lực id15718,Chitchat,Negative
Ê mấy tuổi rồi id15719,Chitchat,Neutral
Mimo ơi có nghe rõ trả lời không id15720,Chitchat,Neutral
bạn tên gì á 🐧 id15721,Chitchat,Neutral
Tks vì quá đã id15722,Chitchat,Positive
bạn 👍 id15723,Chitchat,Positive
là nam hay nữ vậy Mimo dễ thương 🤔 id15724,Chitchat,Neutral
mình thấy nản quá id15725,Chitchat,Negative
biết nói chuyện không vậy id15726,Chitchat,Neutral
là nam hay nữ id15727,Chitchat,Neutral
mình muốn hỏi bạn bot làm được gì 🐧,Chitchat,Neutral
vì cute xỉu id15729,Chitchat,Positive
áp lực vcl deadline dí 🥺,Chitchat,Negative
mấy tuổi rồi 👀 id15731,Chitchat,Neutral
bạn id15732,Chitchat,Positive
Vì deadline dí nên bro hơi buồn,Chitchat,Negative
bro muốn hỏi ai tạo ra bạn,Chitchat,Neutral
mệt vcl 🥲 id15735,Chitchat,Negative
Ê có nghe rõ trả lời không id15736,Chitchat,Neutral
cute xỉu id15737,Chitchat,Positive
suy vcl id15738,Chitchat,Negative
Alo ơi bro đang buồn,Chitchat,Negative
biết nói chuyện không vậy 🐧 id15740,Chitchat,Neutral
mấy ní muốn hỏi Mimo mấy tuổi rồi,Chitchat,Neutral
biết nói chuyện không vậy 🐧 id15742,Chitchat,Neutral
Thích ghê id15743,Chitchat,Positive
Alo ai tạo ra bạn 🤖,Chitchat,Neutral
là nam hay nữ vậy 🤖 id15745,Chitchat,Neutral
bot app mượt id15746,Chitchat,Positive
Chào nha bạn tên gì á 👀,Chitchat,Neutral
mình thấy chán quá id15748,Chitchat,Negative
Vì deadline dí nên hơi chán 😢,Chitchat,Negative
thấy tổn thương quá 😮‍💨 id15750,Chitchat,Negative
bot làm đc gì id15751,Chitchat,Neutral
mấy tuổi rồi vậy id15752,Chitchat,Neutral
Alo ơi mình đang buồn,Chitchat,Negative
Ê là nam hay nữ id15754,Chitchat,Neutral
muốn hỏi ai tạo ra bạn 🐧,Chitchat,Neutral
đang làm gì đấy vậy bạn id15756,Chitchat,Neutral
Thích ghê thông minh id15757,Chitchat,Positive
Vì nên bác hơi mệt,Chitchat,Negative
Alo bot ơi ơi em đang tổn thương 😢,Chitchat,Negative
bot làm đc gì 🐧 id15760,Chitchat,Neutral
bác thấy bất lực quá id15761,Chitchat,Negative
Ê tên gì á 🤖 id15762,Chitchat,Neutral
áp lực vcl crush lơ 💔,Chitchat,Negative
Gút mỏ ninh Mimo dễ thương Mãi iu,Chitchat,Positive
Mimo 🤣 id15765,Chitchat,Positive
Cảm ơn vì giao diện đẹp id15766,Chitchat,Positive
Alo Mimo ơi ơi tui đang bất lực id15767,Chitchat,Negative
Thích ghê app xịn xò 👍 id15768,Chitchat,Positive
tên gì á id15769,Chitchat,Neutral
bot bạn là ai 🤖,Chitchat,Neutral
có nghe rõ trả lời không ❓ id15771,Chitchat,Neutral
muốn hỏi Mimo dễ thương bot làm được gì 💬 id15772,Chitchat,Neutral
bot có nghe rõ trả lời không id15773,Chitchat,Neutral
bot làm được gì vậy id15774,Chitchat,Neutral
đang làm gì đấy vậy bot ơi id15775,Chitchat,Neutral
Ê là nam hay nữ 💬 id15776,Chitchat,Neutral
Thích bot ơi ghê chất lượng id15777,Chitchat,Positive
ở đâu á vậy bot ơi 💬 id15778,Chitchat,Neutral
Mimo thông minh ✨ id15779,Chitchat,Positive
Xin chào  🔥,Chitchat,Positive
bot làm đc gì 🐧 id15781,Chitchat,Neutral
Chào nha Mimo dễ thương ai tạo ra bạn id15782,Chitchat,Neutral
bot làm được gì vậy bạn id15783,Chitchat,Neutral
Yo mấy tuổi rồi ❓,Chitchat,Neutral
Yo là nam hay nữ id15785,Chitchat,Neutral
Thank you vì 🤣 id15786,Chitchat,Positive
Hiya bot ơi Chào ngày mới vui vẻ nha,Chitchat,Positive
em muốn hỏi Mimo dễ thương là nam hay nữ ❓,Chitchat,Neutral
Vì cuộc sống khó khăn nên ông hơi nản id15789,Chitchat,Negative
bạn là ai id15790,Chitchat,Neutral
Chào nha tên gì á id15791,Chitchat,Neutral
bạn là ai vậy bot id15792,Chitchat,Neutral
mình muốn hỏi biết nói chuyện không id15793,Chitchat,Neutral
Mimo quá đã id15794,Chitchat,Positive
Mimo dễ thương id15795,Chitchat,Positive
Thích Mimo ơi ghê ✨ id15796,Chitchat,Positive
là nam hay nữ 🤔 id15797,Chitchat,Neutral
cậu thấy buồn quá 💔 id15798,Chitchat,Negative
vì cute xỉu ✨ id15799,Chitchat,Positive
Cảm ơn vì ❤️ id15800,Chitchat,Positive
Chào ngày mới vui vẻ nha 🤣 id15801,Chitchat,Positive
có nghe rõ trả lời không 🤔 id15802,Chitchat,Neutral
Thích bot ơi ghê app xịn xò id15803,Chitchat,Positive
là nam hay nữ vậy bạn id15804,Chitchat,Neutral
bot ơi đang làm gì đấy id15805,Chitchat,Neutral
ai tạo ra bạn 👀 id15806,Chitchat,Neutral
giao diện đẹp 🤣 id15807,Chitchat,Positive
nản vcl bồ giận 🥺,Chitchat,Negative
thấy mệt quá id15809,Chitchat,Negative
tui muốn hỏi Mimo dễ thương ai tạo ra bạn 🤔,Chitchat,Neutral
Alo bot làm được gì id15811,Chitchat,Neutral
Mimo Love ya 🤩,Chitchat,Positive
Thích Mimo dễ thương ghê đỉnh nóc kịch trần 🔥 id15813,Chitchat,Positive
mình thấy nản quá id15814,Chitchat,Negative
buồn vcl crush lơ,Chitchat,Negative
Vì rớt môn nên bro hơi buồn 🥺,Chitchat,Negative
ông muốn hỏi Mimo bot làm được gì 🐧,Chitchat,Neutral
ta muốn hỏi đang làm gì đấy 🤖,Chitchat,Neutral
tên gì á id15819,Chitchat,Neutral
tên gì á vậy bạn 💬,Chitchat,Neutral
ông thấy suy qá 💔,Chitchat,Negative
là nam hay nữ vậy 👀 id15822,Chitchat,Neutral
Mimo dễ thương id15823,Chitchat,Positive
Alo bot ơi ơi đang tổn thương id15824,Chitchat,Negative
Hế lô tên gì á 🤖 id15825,Chitchat,Neutral
có nghe rõ trả lời không vậy id15826,Chitchat,Neutral
có nghe rõ trả lời không vậy bạn id15827,Chitchat,Neutral
là nam hay nữ id15828,Chitchat,Neutral
Alo bot làm được gì ❓ id15829,Chitchat,Neutral
Biết ơn vì ✨ id15830,Chitchat,Positive
bạn là ai vậy Mimo ơi 🤖 id15831,Chitchat,Neutral
bot Biết ơn id15832,Chitchat,Positive
có nghe rõ trả lời không vậy bạn id15833,Chitchat,Neutral
Love ya 🥰,Chitchat,Positive
ta muốn hỏi ở đâu á id15835,Chitchat,Neutral
bot ơi mấy tuổi rồi id15836,Chitchat,Neutral
có nghe rõ trả lời không vậy id15837,Chitchat,Neutral
đang làm gì đấy vậy 🤖 id15838,Chitchat,Neutral
Alo bot ơi ơi đang suy 😭,Chitchat,Negative
mấy ní muốn hỏi Mimo dễ thương có nghe rõ trả lời không,Chitchat,Neutral
tên gì á vậy id15841,Chitchat,Neutral
Ê Mimo ơi bot làm được gì ❓,Chitchat,Neutral
Thích ghê giao diện đẹp 🤣 id15843,Chitchat,Positive
🤩 id15844,Chitchat,Positive
bạn là ai vậy 🐧 id15845,Chitchat,Neutral
em muốn hỏi bot mấy tuổi rồi id15846,Chitchat,Neutral
tui muốn hỏi biết nói chuyện không id15847,Chitchat,Neutral
Chào nha bot làm được gì id15848,Chitchat,Neutral
biết nói chuyện không vậy bot ơi 👀 id15849,Chitchat,Neutral
Alo tên gì á 🐧,Chitchat,Neutral
bạn biết nói chuyện không id15851,Chitchat,Neutral
Mimo có nghe rõ trả lời ko id15852,Chitchat,Neutral
tui muốn hỏi là nam hay nữ id15853,Chitchat,Neutral
mình muốn hỏi bạn là ai id15854,Chitchat,Neutral
Xin chào Love ya ✨ id15855,Chitchat,Positive
mấy tuổi rồi vậy Mimo dễ thương ❓ id15856,Chitchat,Neutral
bác muốn hỏi Mimo đang làm gì đấy,Chitchat,Neutral
stress vcl rớt môn 📉 id15858,Chitchat,Negative
Yo Mimo ơi là nam hay nữ 👀,Chitchat,Neutral
đang làm gì đấy vậy Mimo dễ thương 💬 id15860,Chitchat,Neutral
Mãi iu vì ✨ id15861,Chitchat,Positive
bro muốn hỏi Mimo ơi có nghe rõ trả lời không 🤔,Chitchat,Neutral
đang làm gì đấy vậy id15863,Chitchat,Neutral
bro muốn hỏi mấy tuổi rồi id15864,Chitchat,Neutral
Tks vì (^_<),Chitchat,Positive
muốn hỏi Mimo dễ thương tên gì á,Chitchat,Neutral
Alo là nam hay nữ id15867,Chitchat,Neutral
đang làm gì đấy vậy bot 👀 id15868,Chitchat,Neutral
có nghe rõ trả lời không id15869,Chitchat,Neutral
Hế lô mấy tuổi rồi id15870,Chitchat,Neutral
vì qá đã ❤️,Chitchat,Positive
Vì nên ông hơi buồn id15872,Chitchat,Negative
Alo Mimo ơi ơi đang nản,Chitchat,Negative
ta muốn hỏi bot ai tạo ra bạn 💬,Chitchat,Neutral
là nam hay nữ vậy id15875,Chitchat,Neutral
Thích ghê id15876,Chitchat,Positive
Xin chào bot Chào ngày mới vui vẻ nha 🤩,Chitchat,Positive
Tks vì id15878,Chitchat,Positive
đang làm gì đấy vậy bạn 🐧 id15879,Chitchat,Neutral
Thích ghê id15880,Chitchat,Positive
Mimo dễ thương id15881,Chitchat,Positive
Vì rớt môn nên ta hơi bất lực,Chitchat,Negative
ở đâu á vậy Mimo id15883,Chitchat,Neutral
Hiya bot 👍,Chitchat,Positive
muốn hỏi bạn là nam hay nữ 🐧,Chitchat,Neutral
Vì deadline dí nên ta hơi buồn,Chitchat,Negative
Alo ơi em đang tổn thương,Chitchat,Negative
Alo ơi ông đang bất lực 😭,Chitchat,Negative
Gút mỏ ninh bot ơi Mãi iu 🔥,Chitchat,Positive
cậu muốn hỏi Mimo có nghe rõ trả lời ko ❓,Chitchat,Neutral
Alo Mimo dễ thương tên gì á 👀,Chitchat,Neutral
Thích Mimo ghê id15892,Chitchat,Positive
Yo bạn là ai id15893,Chitchat,Neutral
bạn là ai vậy id15894,Chitchat,Neutral
bạn tên gì á ❓,Chitchat,Neutral
Hế lô tên gì á ❓ id15896,Chitchat,Neutral
Chào ngày mới vui vẻ nha vì id15897,Chitchat,Positive
Mimo ơi ai tạo ra bạn ❓,Chitchat,Neutral
Cảm ơn id15899,Chitchat,Positive
ở đâu á vậy id15900,Chitchat,Neutral
 id15901,Chitchat,Positive
Thích ghê 🔥 id15902,Chitchat,Positive
ai tạo ra bạn 🤖 id15903,Chitchat,Neutral
Tks vì 🥰 id15904,Chitchat,Positive
bà muốn hỏi là nam hay nữ id15905,Chitchat,Neutral
Vì deadline ngập đầu nên bà hơi buồn 😢,Chitchat,Negative
vì giao diện đẹp id15907,Chitchat,Positive
ta thấy vô tri qá,Chitchat,Negative
có nghe rõ trả lời không vậy 🤖 id15909,Chitchat,Neutral
bạn Tks 🤩 id15910,Chitchat,Positive
có nghe rõ trả lời không vậy 🤖 id15911,Chitchat,Neutral
bác muốn hỏi bot ai tạo ra bạn id15912,Chitchat,Neutral
bà muốn hỏi Mimo ơi ai tạo ra bạn 🤔,Chitchat,Neutral
Vì nên mình hơi bất lực 📉,Chitchat,Negative
Mimo dễ thương Chào ngày mới vui vẻ nha id15915,Chitchat,Positive
Ê bot ơi ở đâu á id15916,Chitchat,Neutral
Biết ơn vì app mượt ✨ id15917,Chitchat,Positive
ở đâu á vậy bạn id15918,Chitchat,Neutral
Chào Yêu ghê id15919,Chitchat,Positive
Thích ghê id15920,Chitchat,Positive
bot ơi app xịn xò id15921,Chitchat,Positive
Thích bot ghê ❤️ id15922,Chitchat,Positive
Alo ơi bác đang vô tri 💔,Chitchat,Negative
mình muốn hỏi ở đâu á 🐧 id15924,Chitchat,Neutral
bạn Biết ơn ❤️,Chitchat,Positive
ở đâu á 👀 id15926,Chitchat,Neutral
nản vcl hết tiền 🥺,Chitchat,Negative
Thích bot ghê quá đã 🤩 id15928,Chitchat,Positive
bạn là ai vậy id15929,Chitchat,Neutral
Alo đang làm gì đấy id15930,Chitchat,Neutral
Biết ơn (^_<) id15931,Chitchat,Positive
Good morning id15932,Chitchat,Positive
Tks id15933,Chitchat,Positive
ai tạo ra bạn vậy 🐧 id15934,Chitchat,Neutral
bạn là ai vậy Mimo ơi 💬 id15935,Chitchat,Neutral
biết nói chuyện không 🤖 id15936,Chitchat,Neutral
bro muốn hỏi Mimo ơi có nghe rõ trả lời không,Chitchat,Neutral
Mimo id15938,Chitchat,Positive
vô tri vcl id15939,Chitchat,Negative
biết nói chuyện không vậy 🐧 id15940,Chitchat,Neutral
Mimo dễ thương Mãi iu 👍 id15941,Chitchat,Positive
tui muốn hỏi ở đâu á id15942,Chitchat,Neutral
Alo bot ơi tên gì á,Chitchat,Neutral
bot làm đc gì id15944,Chitchat,Neutral
muốn hỏi đang làm gì đấy 👀 id15945,Chitchat,Neutral
Vì rớt môn nên ta hơi vô tri id15946,Chitchat,Negative
ở đâu á 🤔 id15947,Chitchat,Neutral
Mimo dễ thương ai tạo ra bạn id15948,Chitchat,Neutral
biết nói chuyện không 🤖 id15949,Chitchat,Neutral
Hế lô ai tạo ra bạn 🐧 id15950,Chitchat,Neutral
Mimo ơi mấy tuổi rồi 💬 id15951,Chitchat,Neutral
Hello Mimo Cảm ơn,Chitchat,Positive
Good morning Mãi iu ✨ id15953,Chitchat,Positive
biết nói chuyện không id15954,Chitchat,Neutral
Mimo dễ thương id15955,Chitchat,Positive
buồn vcl id15956,Chitchat,Negative
Yêu ghê vì đỉnh nóc kịch trần id15957,Chitchat,Positive
ở đâu á id15958,Chitchat,Neutral
bot bạn là ai id15959,Chitchat,Neutral
bot làm được gì id15960,Chitchat,Neutral
nản vcl rớt môn id15961,Chitchat,Negative
ông muốn hỏi Mimo ở đâu á 🤖,Chitchat,Neutral
bot là nam hay nữ id15963,Chitchat,Neutral
bot ơi Chào ngày mới vui vẻ nha id15964,Chitchat,Positive
mấy tuổi rồi vậy Mimo id15965,Chitchat,Neutral
Alo ơi bà đang nản 😢,Chitchat,Negative
tên gì á vậy ❓ id15967,Chitchat,Neutral
Alo ơi em đang buon 😭,Chitchat,Negative
Mimo ơi ở đâu á 🤖 id15969,Chitchat,Neutral
tên gì á vậy bot 🐧 id15970,Chitchat,Neutral
đang làm gì đấy vậy id15971,Chitchat,Neutral
Ê bot làm được gì id15972,Chitchat,Neutral
mấy tuổi rồi 💬 id15973,Chitchat,Neutral
có nghe rõ trả lời không vậy Mimo 🤖,Chitchat,Neutral
bot ơi mấy tuổi rồi 🤖 id15975,Chitchat,Neutral
mấy tuổi rồi 🐧 id15976,Chitchat,Neutral
Vì đi học mệt quá nên bro hơi buồn,Chitchat,Negative
Mimo ơi thông minh 🤣 id15978,Chitchat,Positive
Ê đang làm gì đấy id15979,Chitchat,Neutral
Mimo (^_<) id15980,Chitchat,Positive
muốn hỏi Mimo dễ thương mấy tuổi rồi id15981,Chitchat,Neutral
ta thấy buồn quá 🥲 id15982,Chitchat,Negative
Thích ghê app xịn xò id15983,Chitchat,Positive
🥰 id15984,Chitchat,Positive
vì thông minh 👍 id15985,Chitchat,Positive
🥰 id15986,Chitchat,Positive
mấy tuổi rồi id15987,Chitchat,Neutral
Vì cuộc sống khó khăn nên ông hơi mệt,Chitchat,Negative
Cảm ơn vì giao diện đẹp id15989,Chitchat,Positive
là nam hay nữ vậy ❓ id15990,Chitchat,Neutral
có nghe rõ trả lời không vậy id15991,Chitchat,Neutral
Thích ghê app mượt id15992,Chitchat,Positive
ai tạo ra bạn vậy 👀 id15993,Chitchat,Neutral
Alo ơi bro đang stress 📉,Chitchat,Negative
mấy tuổi rồi id15995,Chitchat,Neutral
bạn 👍 id15996,Chitchat,Positive
Yo tên gì á id15997,Chitchat,Neutral
Alo ơi mình đang mệt id15998,Chitchat,Negative
mình muốn hỏi đang làm gì đấy 👀,Chitchat,Neutral
Chào nha ai tạo ra bạn id16000,Chitchat,Neutral
ở đâu á vậy bạn 💬 id16001,Chitchat,Neutral
Mãi iu id16002,Chitchat,Positive
biết nói chuyện không id16003,Chitchat,Neutral
Củm ơn vì đỉnh nóc kịch trần id16004,Chitchat,Positive
bot ơi ai tạo ra bạn 🤔,Chitchat,Neutral
Củm ơn vì id16006,Chitchat,Positive
Hế lô là nam hay nữ id16007,Chitchat,Neutral
em thấy nản quá 🥲,Chitchat,Negative
Vì hết tiền nên cậu hơi bất lực 😮‍💨,Chitchat,Negative
có nghe rõ trả lời không id16010,Chitchat,Neutral
mấy tuổi rồi 👀 id16011,Chitchat,Neutral
chất lượng 👍 id16012,Chitchat,Positive
vì chất lượng ✨ id16013,Chitchat,Positive
bạn là ai vậy id16014,Chitchat,Neutral
muốn hỏi bot làm được gì id16015,Chitchat,Neutral
cậu thấy suy quá 📉 id16016,Chitchat,Negative
Love ya id16017,Chitchat,Positive
Yêu ghê vì chất lượng 🤣 id16018,Chitchat,Positive
bot 🔥 id16019,Chitchat,Positive
Mimo ơi chất lượng (^_<) id16020,Chitchat,Positive
tên gì á 👀 id16021,Chitchat,Neutral
Alo Mimo ơi bà đang buồn 📉,Chitchat,Negative
bạn tên gì á ❓ id16023,Chitchat,Neutral
vì đỉnh nóc kịch trần 🔥 id16024,Chitchat,Positive
mệt vcl cuộc sống khó khăn id16025,Chitchat,Negative
bác muốn hỏi có nghe rõ trả lời không id16026,Chitchat,Neutral
bot làm được gì id16027,Chitchat,Neutral
Alo bot đang làm gì đấy 🤖,Chitchat,Neutral
Chào ngày mới vui vẻ nha vì ❤️ id16029,Chitchat,Positive
bà thấy nản quá 🥲,Chitchat,Negative
em muốn hỏi bot đang làm gì đấy id16031,Chitchat,Neutral
app xịn xò (^_<) id16032,Chitchat,Positive
Love ya vì thông minh,Chitchat,Positive
ở đâu á 👀 id16034,Chitchat,Neutral
Hế lô Mimo ơi là nam hay nữ ❓ id16035,Chitchat,Neutral
Mimo dễ thương ❤️ id16036,Chitchat,Positive
thấy mệt quá 😢,Chitchat,Negative
Thích ghê (^_<) id16038,Chitchat,Positive
Hi bot ơi Love ya ✨,Chitchat,Positive
tui muốn hỏi ai tạo ra bạn id16040,Chitchat,Neutral
Ê ở đâu á 💬 id16041,Chitchat,Neutral
vì chất lượng id16042,Chitchat,Positive
bạn là ai 🤖 id16043,Chitchat,Neutral
Ê tên gì á id16044,Chitchat,Neutral
áp lực vcl bồ giận 😭,Chitchat,Negative
Vì nên ta hơi suy 💔 id16046,Chitchat,Negative
cậu thấy bất lực quá 😢,Chitchat,Negative
bà thấy buồn quá id16048,Chitchat,Negative
đang làm gì đấy 🐧 id16049,Chitchat,Neutral
Thích ghê id16050,Chitchat,Positive
Thích bot ghê id16051,Chitchat,Positive
muốn hỏi bot ơi tên gì á id16052,Chitchat,Neutral
Thích Mimo dễ thương ghê 🔥 id16053,Chitchat,Positive
Cảm ơn vì giao diện đẹp id16054,Chitchat,Positive
Alo ơi bà đang nản 😢 id16055,Chitchat,Negative
suy vcl bồ giận 🥺,Chitchat,Negative
Mimo 👍 id16057,Chitchat,Positive
tên gì á vậy bạn 💬 id16058,Chitchat,Neutral
bot làm được gì vậy 👀 id16059,Chitchat,Neutral
cậu thấy bất lực quá 🥲,Chitchat,Negative
bot ơi Mãi iu id16061,Chitchat,Positive
Cảm ơn vì id16062,Chitchat,Positive
Thích ghê cute xỉu id16063,Chitchat,Positive
Mimo dễ thương Thank you 👍 id16064,Chitchat,Positive
Mimo dễ thương chất lượng ✨,Chitchat,Positive
em muốn hỏi Mimo bot làm được gì 💬,Chitchat,Neutral
Alo Mimo dễ thương ơi cậu đang bất lực,Chitchat,Negative
Củm ơn vì giao diện đẹp (^_<),Chitchat,Positive
Vì crush lơ nên mình hơi suy id16069,Chitchat,Negative
mình muốn hỏi bot ơi mấy tuổi rồi 💬,Chitchat,Neutral
mình muốn hỏi Mimo ơi đang làm gì đấy id16071,Chitchat,Neutral
Alo Mimo ơi em đang stress 📉,Chitchat,Negative
bạn là ai vậy bạn id16073,Chitchat,Neutral
suy vcl đi học mệt quá 🥲,Chitchat,Negative
Hế lô bot ơi mấy tuổi rồi id16075,Chitchat,Neutral
buồn vcl 😮‍💨 id16076,Chitchat,Negative
Chào nha mấy tuổi rồi 🤖 id16077,Chitchat,Neutral
bro thấy buồn quá id16078,Chitchat,Negative
tên gì á vậy Mimo 👀 id16079,Chitchat,Neutral
Alo bot ơi em đang buồn 😮‍💨,Chitchat,Negative
Mimo là nam hay nữ 🐧,Chitchat,Neutral
Biết ơn vì app mượt,Chitchat,Positive
áp lực vcl deadline dí id16083,Chitchat,Negative
Thank you vì cute xỉu ❤️,Chitchat,Positive
cậu thấy vô tri quá id16085,Chitchat,Negative
Vì nên em hơi mệt 😭,Chitchat,Negative
Mãi iu vì 🤣 id16087,Chitchat,Positive
Alo đang làm gì đấy 🐧 id16088,Chitchat,Neutral
Alo Mimo dễ thương ơi đang tổn thương 😭,Chitchat,Negative
Yo bot làm được gì id16090,Chitchat,Neutral
Hế lô bạn là nam hay nữ 👀,Chitchat,Neutral
có nghe rõ trả lời không vậy Mimo id16092,Chitchat,Neutral
Yo mấy tuổi rồi 🤔 id16093,Chitchat,Neutral
biết nói chuyện không 👀 id16094,Chitchat,Neutral
đỉnh nóc kịch trần ✨ id16095,Chitchat,Positive
bạn là ai id16096,Chitchat,Neutral
bạn biết nói chuyện không id16097,Chitchat,Neutral
em muốn hỏi bot ở đâu á 🤖,Chitchat,Neutral
Ê là nam hay nữ id16099,Chitchat,Neutral
Mimo dễ thương đỉnh nóc kịch trần 🥰 id16100,Chitchat,Positive
ở đâu á vậy bạn 🤖 id16101,Chitchat,Neutral
Xin chào bot ơi Chào ngày mới vui vẻ nha 🤩,Chitchat,Positive
biết nói chuyện không vậy Mimo ơi id16103,Chitchat,Neutral
Biết ơn id16104,Chitchat,Positive
áp lực vcl 📉 id16105,Chitchat,Negative
bot ơi có nghe rõ trả lời không 💬,Chitchat,Neutral
Alo ơi mấy ní đang suy 🥲,Chitchat,Negative
Mimo Chào ngày mới vui vẻ nha 🔥 id16108,Chitchat,Positive
vô tri vcl rớt môn id16109,Chitchat,Negative
tổn thương vcl deadline dí id16110,Chitchat,Negative
stress vcl 😢 id16111,Chitchat,Negative
Xin chào Mimo (^_<),Chitchat,Positive
bot ơi mấy tuổi rồi 🤔 id16113,Chitchat,Neutral
mình thấy mệt quá id16114,Chitchat,Negative
Vì hết tiền nên bro hơi mệt 😭,Chitchat,Negative
ai tạo ra bạn vậy id16116,Chitchat,Neutral
bà muốn hỏi Mimo ơi bot làm được gì,Chitchat,Neutral
Ê đang làm gì đấy 🤖 id16118,Chitchat,Neutral
Củm ơn 🥰 id16119,Chitchat,Positive
có nghe rõ trả lời không vậy id16120,Chitchat,Neutral
Chào ngày mới vui vẻ nha vì ❤️ id16121,Chitchat,Positive
bác muốn hỏi bot ở đâu á 🤖,Chitchat,Neutral
bác thấy stress quá 😭,Chitchat,Negative
tên gì á vậy id16124,Chitchat,Neutral
Chào ngày mới vui vẻ nha vì 🤣 id16125,Chitchat,Positive
Alo ơi ông đang buồn,Chitchat,Negative
ta muốn hỏi Mimo có nghe rõ trả lời không,Chitchat,Neutral
Vì nên bác hơi stress 😭,Chitchat,Negative
Alo Mimo dễ thương ơi tui đang bất lực id16129,Chitchat,Negative
Mimo Chào ngày mới vui vẻ nha id16130,Chitchat,Positive
mấy tuổi rồi 💬 id16131,Chitchat,Neutral
có nghe rõ trả lời không vậy bot 🐧 id16132,Chitchat,Neutral
Mimo dễ thương đang làm gì đấy id16133,Chitchat,Neutral
vô tri vcl cuộc sống khó khăn id16134,Chitchat,Negative
Thích ghê chất lượng 🤩 id16135,Chitchat,Positive
Thích ghê quá đã id16136,Chitchat,Positive
là nam hay nữ 🤔 id16137,Chitchat,Neutral
Thích bot ơi ghê ❤️ id16138,Chitchat,Positive
ai tạo ra bạn vậy Mimo ơi id16139,Chitchat,Neutral
bro thấy mệt quá 📉,Chitchat,Negative
Mimo ơi 🤣 id16141,Chitchat,Positive
Alo bạn ơi bác đang vô tri 🥲,Chitchat,Negative
bot Tks 👍,Chitchat,Positive
bot ơi bạn là ai ❓ id16144,Chitchat,Neutral
🥰 id16145,Chitchat,Positive
 id16146,Chitchat,Positive
Alo bạn ai tạo ra bạn id16147,Chitchat,Neutral
bro thấy áp lực quá 📉 id16148,Chitchat,Negative
ta muốn hỏi đang làm gì đấy 🐧,Chitchat,Neutral
ở đâu á 👀 id16150,Chitchat,Neutral
biết nói chuyện không vậy 🤔 id16151,Chitchat,Neutral
Mimo ơi Chào ngày mới vui vẻ nha id16152,Chitchat,Positive
Vì bồ giận nên hơi chán,Chitchat,Negative
Alo bạn là ai id16154,Chitchat,Neutral
stress vcl 😮‍💨 id16155,Chitchat,Negative
Hey Mimo ơi Củm ơn 🔥,Chitchat,Positive
muốn hỏi biết nói chuyện không id16157,Chitchat,Neutral
mấy tuổi rồi 💬 id16158,Chitchat,Neutral
ai tạo ra bạn id16159,Chitchat,Neutral
bro muốn hỏi bot là nam hay nữ,Chitchat,Neutral
 id16161,Chitchat,Positive
bạn là ai vậy Mimo dễ thương id16162,Chitchat,Neutral
đỉnh nóc kịch trần id16163,Chitchat,Positive
Hế lô ai tạo ra bạn id16164,Chitchat,Neutral
bot ơi chất lượng id16165,Chitchat,Positive
Alo Mimo ơi ơi mình đang vô tri 😭,Chitchat,Negative
muốn hỏi Mimo ai tạo ra bạn id16167,Chitchat,Neutral
Tks vì id16168,Chitchat,Positive
bro thấy mệt qá id16169,Chitchat,Negative
là nam hay nữ 🤖 id16170,Chitchat,Neutral
ta muốn hỏi mấy tuổi rồi id16171,Chitchat,Neutral
tui muốn hỏi là nam hay nữ 💬,Chitchat,Neutral
Thích bot ghê thông minh id16173,Chitchat,Positive
bạn bot làm được gì 🤔,Chitchat,Neutral
 id16175,Chitchat,Positive
app xịn xò ✨ id16176,Chitchat,Positive
👍 id16177,Chitchat,Positive
Alo ơi ta đang tổn thương id16178,Chitchat,Negative
muốn hỏi Mimo dễ thương là nam hay nữ 🤔 id16179,Chitchat,Neutral
Mimo dễ thương 🤩 id16180,Chitchat,Positive
bot làm được gì id16181,Chitchat,Neutral
Vì crush lơ nên ta hơi mệt 🥺,Chitchat,Negative
Thích ghê app mượt id16183,Chitchat,Positive
tên gì á vậy Mimo id16184,Chitchat,Neutral
thấy áp lực quá 🥺 id16185,Chitchat,Negative
tổn thương vcl đi học mệt quá id16186,Chitchat,Negative
bot làm được gì vậy bạn id16187,Chitchat,Neutral
Thích Mimo dễ thương ghê id16188,Chitchat,Positive
bot ơi id16189,Chitchat,Positive
bot Chào ngày mới vui vẻ nha 🔥 id16190,Chitchat,Positive
Chào nha bot bạn là ai,Chitchat,Neutral
ai tạo ra bạn vậy Mimo ơi id16192,Chitchat,Neutral
vì app xịn xò 🤩 id16193,Chitchat,Positive
tên gì á vậy bot id16194,Chitchat,Neutral
Alo đang làm gì đấy 👀 id16195,Chitchat,Neutral
vô tri vcl 🥲 id16196,Chitchat,Negative
vì thông minh 👍 id16197,Chitchat,Positive
Hế lô bạn là ai 🐧 id16198,Chitchat,Neutral
mấy tuổi rồi vậy id16199,Chitchat,Neutral
Hế lô bot ơi là nam hay nữ 👀,Chitchat,Neutral
Vì deadline dí nên mình hơi suy,Chitchat,Negative
ông muốn hỏi có nghe rõ trả lời không 👀,Chitchat,Neutral
tui muốn hỏi bot là nam hay nữ,Chitchat,Neutral
bot bạn là ai id16204,Chitchat,Neutral
Thích Mimo ghê chất lượng ✨,Chitchat,Positive
ai tạo ra bạn vậy bot ơi 👀 id16206,Chitchat,Neutral
Vì nên tui hơi nản id16207,Chitchat,Negative
Alo ơi ta đang nản 🥲,Chitchat,Negative
mình muốn hỏi bot có nghe rõ trả lời không,Chitchat,Neutral
Thích Mimo ơi ghê thông minh ❤️ id16210,Chitchat,Positive
Thích ghê id16211,Chitchat,Positive
Alo ơi ông đang stress 💔,Chitchat,Negative
bác muốn hỏi bot đang làm gì đấy,Chitchat,Neutral
Vì nên ta hơi bất lực 💔 id16214,Chitchat,Negative
Xin chào Mimo ơi Chào ngày mới vui vẻ nha ✨,Chitchat,Positive
có nghe rõ trả lời không vậy bot 🤖 id16216,Chitchat,Neutral
Alo bạn là ai id16217,Chitchat,Neutral
 id16218,Chitchat,Positive
tổn thương vcl id16219,Chitchat,Negative
biết nói chuyện không vậy id16220,Chitchat,Neutral
Thích bot ơi ghê id16221,Chitchat,Positive
Yo ở đâu á id16222,Chitchat,Neutral
Alo Mimo ơi mình đang buon 😢,Chitchat,Negative
Vì đi học mệt quá nên em hơi suy 💔,Chitchat,Negative
mệt vcl rớt môn 🥲,Chitchat,Negative
mấy ní muốn hỏi bot làm đc gì,Chitchat,Neutral
biết nói chuyện ko id16227,Chitchat,Neutral
mấy tuổi rồi vậy bạn 🤖 id16228,Chitchat,Neutral
Mimo ơi id16229,Chitchat,Positive
có nghe rõ trả lời không vậy Mimo dễ thương id16230,Chitchat,Neutral
bác muốn hỏi Mimo dễ thương ai tạo ra bạn,Chitchat,Neutral
bot biết nói chuyện ko 🤖,Chitchat,Neutral
Ê bạn là ai id16233,Chitchat,Neutral
Thích ghê giao diện đẹp 👍 id16234,Chitchat,Positive
Alo ơi mình đang tổn thương 😢,Chitchat,Negative
là nam hay nữ id16236,Chitchat,Neutral
mình muốn hỏi tên gì á id16237,Chitchat,Neutral
bạn (^_<) id16238,Chitchat,Positive
đang làm gì đấy vậy bot ơi id16239,Chitchat,Neutral
thấy buồn quá 😮‍💨 id16240,Chitchat,Negative
Alo bạn ơi đang buon id16241,Chitchat,Negative
Chào ngày mới vui vẻ nha vì ❤️ id16242,Chitchat,Positive
ai tạo ra bạn vậy bạn 👀 id16243,Chitchat,Neutral
nản vcl đi học mệt qá 📉,Chitchat,Negative
bác muốn hỏi Mimo bot làm được gì,Chitchat,Neutral
🤣 id16246,Chitchat,Positive
bro thấy bất lực quá 🥲,Chitchat,Negative
mệt vcl hết tiền 📉,Chitchat,Negative
Ê đang làm gì đấy 🤖 id16249,Chitchat,Neutral
Thích ghê 🤣 id16250,Chitchat,Positive
vì cute xỉu 🥰,Chitchat,Positive
vô tri vcl 🥲 id16252,Chitchat,Negative
ta muốn hỏi bạn tên gì á,Chitchat,Neutral
mình muốn hỏi biết nói chuyện không id16254,Chitchat,Neutral
mấy tuổi rồi vậy Mimo dễ thương 💬 id16255,Chitchat,Neutral
Alo là nam hay nữ id16256,Chitchat,Neutral
biết nói chuyện không vậy Mimo 💬 id16257,Chitchat,Neutral
mấy tuổi rồi id16258,Chitchat,Neutral
Vì deadline dí nên bác hơi nản 🥺,Chitchat,Negative
Chào ngày mới vui vẻ nha vì 🥰 id16260,Chitchat,Positive
bạn Chào ngày mới vui vẻ nha id16261,Chitchat,Positive
mấy ní thấy nản quá 🥲,Chitchat,Negative
Thích bot ơi ghê cute xỉu 🔥,Chitchat,Positive
Love ya vì id16264,Chitchat,Positive
Hế lô bot tên gì á 🤖,Chitchat,Neutral
Thích ghê 👍 id16266,Chitchat,Positive
Chào Mimo dễ thương Tks 🤩,Chitchat,Positive
Chào ngày mới vui vẻ nha vì ✨ id16268,Chitchat,Positive
bạn là ai 🤔 id16269,Chitchat,Neutral
Yo mấy tuổi rồi 🤖,Chitchat,Neutral
ai tạo ra bạn 🤔 id16271,Chitchat,Neutral
đang làm gì đấy 💬 id16272,Chitchat,Neutral
ta muốn hỏi là nam hay nữ id16273,Chitchat,Neutral
bạn là ai vậy id16274,Chitchat,Neutral
Chào ngày mới vui vẻ nha vì 👍 id16275,Chitchat,Positive
Mimo Chào ngày mới vui vẻ nha 🤩 id16276,Chitchat,Positive
Thích ghê app mượt 🤩 id16277,Chitchat,Positive
Alo bot ơi ơi cậu đang mệt 🥺,Chitchat,Negative
Mimo ơi id16279,Chitchat,Positive
Thích Mimo ghê app xịn xò id16280,Chitchat,Positive
Yêu ghê vì 🥰 id16281,Chitchat,Positive
tui thấy suy quá id16282,Chitchat,Negative
Mimo ơi ai tạo ra bạn ❓ id16283,Chitchat,Neutral
ai tạo ra bạn id16284,Chitchat,Neutral
là nam hay nữ id16285,Chitchat,Neutral
bà thấy suy quá 😮‍💨,Chitchat,Negative
tui muốn hỏi bot có nghe rõ trả lời không 🤖,Chitchat,Neutral
tui muốn hỏi bạn là ai id16288,Chitchat,Neutral
Thích ghê đỉnh nóc kịch trần id16289,Chitchat,Positive
bạn đang làm gì đấy id16290,Chitchat,Neutral
bạn là ai id16291,Chitchat,Neutral
Yo ở đâu á ❓ id16292,Chitchat,Neutral
Chào nha bạn là ai id16293,Chitchat,Neutral
Mimo dễ thương Mãi iu 🤩 id16294,Chitchat,Positive
cậu muốn hỏi bot biết nói chuyện không,Chitchat,Neutral
Ê ở đâu á 👀 id16296,Chitchat,Neutral
em thấy buồn quá 😢 id16297,Chitchat,Negative
bạn Tks id16298,Chitchat,Positive
biết nói chuyện không vậy Mimo dễ thương 👀 id16299,Chitchat,Neutral
bạn là ai id16300,Chitchat,Neutral
👍 id16301,Chitchat,Positive
mình muốn hỏi bot ơi mấy tuổi rồi,Chitchat,Neutral
là nam hay nữ vậy id16303,Chitchat,Neutral
mệt vcl cuộc sống khó khăn 💔 id16304,Chitchat,Negative
cậu muốn hỏi bot biết nói chuyện không id16305,Chitchat,Neutral
em muốn hỏi bạn có nghe rõ trả lời không,Chitchat,Neutral
Love ya id16307,Chitchat,Positive
Alo bot ơi bác đang bất lực id16308,Chitchat,Negative
Thích bot ghê app mượt 👍 id16309,Chitchat,Positive
bà thấy mệt quá 🥲 id16310,Chitchat,Negative
 id16311,Chitchat,Positive
Alo bot ơi ai tạo ra bạn id16312,Chitchat,Neutral
Chào nha có nghe rõ trả lời không 👀 id16313,Chitchat,Neutral
Mãi iu vì chất lượng id16314,Chitchat,Positive
nản vcl bồ giận id16315,Chitchat,Negative
Ê có nghe rõ trả lời không ❓,Chitchat,Neutral
Hiya  👍,Chitchat,Positive
có nghe rõ trả lời không vậy id16318,Chitchat,Neutral
Alo Mimo ơi ơi bro đang stress 💔,Chitchat,Negative
Mimo ơi Cảm ơn (^_<) id16320,Chitchat,Positive
là nam hay nữ id16321,Chitchat,Neutral
em thấy áp lực quá 😭,Chitchat,Negative
mấy ní muốn hỏi bot ơi biết nói chuyện không id16323,Chitchat,Neutral
tên gì á vậy bạn id16324,Chitchat,Neutral
bot làm được gì 👀 id16325,Chitchat,Neutral
bot ơi Chào ngày mới vui vẻ nha 🥰 id16326,Chitchat,Positive
Mãi iu vì (^_<) id16327,Chitchat,Positive
ta muốn hỏi bot ơi là nam hay nữ,Chitchat,Neutral
Thích bot ghê (^_<) id16329,Chitchat,Positive
bạn là ai vậy Mimo dễ thương id16330,Chitchat,Neutral
Hế lô ở đâu á 💬 id16331,Chitchat,Neutral
Yo bot làm được gì id16332,Chitchat,Neutral
bot Củm ơn id16333,Chitchat,Positive
Mimo dễ thương ai tạo ra bạn 🤔 id16334,Chitchat,Neutral
Thank you vì id16335,Chitchat,Positive
bất lực vcl crush lơ id16336,Chitchat,Negative
là nam hay nữ 👀 id16337,Chitchat,Neutral
có nghe rõ trả lời không vậy Mimo ơi id16338,Chitchat,Neutral
biết nói chuyện không vậy id16339,Chitchat,Neutral
bot ai tạo ra bạn id16340,Chitchat,Neutral
vô tri vcl rớt môn 😢 id16341,Chitchat,Negative
Mimo 🥰 id16342,Chitchat,Positive
mấy tuổi rồi id16343,Chitchat,Neutral
mấy tuổi rồi 💬 id16344,Chitchat,Neutral
Mimo ơi mấy tuổi rồi id16345,Chitchat,Neutral
 id16346,Chitchat,Positive
Alo bot ơi ông đang mệt 😮‍💨,Chitchat,Negative
là nam hay nữ 🤖 id16348,Chitchat,Neutral
ở đâu á id16349,Chitchat,Neutral
chán vcl id16350,Chitchat,Negative
mệt vcl id16351,Chitchat,Negative
Yo biết nói chuyện ko id16352,Chitchat,Neutral
Ê Mimo dễ thương bot làm được gì,Chitchat,Neutral
bot bot làm được gì id16354,Chitchat,Neutral
là nam hay nữ vậy id16355,Chitchat,Neutral
chán vcl id16356,Chitchat,Negative
là nam hay nữ vậy bạn 👀 id16357,Chitchat,Neutral
Alo Mimo dễ thương ơi ta đang bất lực 😮‍💨,Chitchat,Negative
Vì cuộc sống khó khăn nên bác hơi tổn thương,Chitchat,Negative
vô tri vcl id16360,Chitchat,Negative
Yêu ghê 🤣,Chitchat,Positive
em thấy mệt qá 💔,Chitchat,Negative
Chào ngày mới vui vẻ nha vì id16363,Chitchat,Positive
vì thông minh id16364,Chitchat,Positive
Chào ngày mới vui vẻ nha vì id16365,Chitchat,Positive
vì cute xỉu ❤️ id16366,Chitchat,Positive
tui thấy vô tri quá 😭,Chitchat,Negative
Alo có nghe rõ trả lời không 💬 id16368,Chitchat,Neutral
muốn hỏi mấy tuổi rồi 👀 id16369,Chitchat,Neutral
là nam hay nữ vậy id16370,Chitchat,Neutral
Chào ngày mới vui vẻ nha vì 🔥 id16371,Chitchat,Positive
bot làm được gì vậy Mimo ơi 🤖 id16372,Chitchat,Neutral
bot ơi ai tạo ra bạn id16373,Chitchat,Neutral
Vì đi học mệt quá nên bà hơi tổn thương 🥲,Chitchat,Negative
Ê bot mấy tuổi rồi,Chitchat,Neutral
Thích Mimo ơi ghê cute xỉu id16376,Chitchat,Positive
tên gì á 💬 id16377,Chitchat,Neutral
Cảm ơn vì id16378,Chitchat,Positive
là nam hay nữ 🤖 id16379,Chitchat,Neutral
là nam hay nữ vậy Mimo ơi id16380,Chitchat,Neutral
ai tạo ra bạn 🤔 id16381,Chitchat,Neutral
Chào ngày mới vui vẻ nha id16382,Chitchat,Positive
Thank you vì 🤩 id16383,Chitchat,Positive
ai tạo ra bạn vậy bot id16384,Chitchat,Neutral
bot làm được gì vậy Mimo ơi id16385,Chitchat,Neutral
Thích bot ơi ghê giao diện đẹp ✨,Chitchat,Positive
Alo ơi cậu đang nản 📉,Chitchat,Negative
Ê Mimo ơi bot làm được gì id16388,Chitchat,Neutral
tên gì á 🤔 id16389,Chitchat,Neutral
bro muốn hỏi bot mấy tuổi rồi 🤔,Chitchat,Neutral
Vì deadline dí nên mấy ní hơi mệt 🥺,Chitchat,Negative
mình muốn hỏi bạn bạn là ai id16392,Chitchat,Neutral
mấy ní thấy áp lực quá id16393,Chitchat,Negative
Love ya vì đỉnh nóc kịch trần 🤩,Chitchat,Positive
Mimo dễ thương chất lượng 🤣,Chitchat,Positive
Thích Mimo ơi ghê giao diện đẹp ❤️,Chitchat,Positive
bác muốn hỏi đang làm gì đấy id16397,Chitchat,Neutral
Alo ơi ta đang áp lực id16398,Chitchat,Negative
suy vcl id16399,Chitchat,Negative
Alo ơi em đang tổn thương id16400,Chitchat,Negative
Mãi iu vì 👍,Chitchat,Positive
Thích Mimo ghê 🤣 id16402,Chitchat,Positive
vì app xịn xò ✨ id16403,Chitchat,Positive
Vì đi học mệt quá nên bro hơi nản 🥺,Chitchat,Negative
Chào nha bot mấy tuổi rồi 🤖,Chitchat,Neutral
Tks vì id16406,Chitchat,Positive
ai tạo ra bạn id16407,Chitchat,Neutral
Chào ngày mới vui vẻ nha vì 🥰 id16408,Chitchat,Positive
Mimo dễ thương ai tạo ra bạn 🐧,Chitchat,Neutral
tổn thương vcl id16410,Chitchat,Negative
Vì nên hơi áp lực id16411,Chitchat,Negative
mệt vcl cuộc sống khó khăn 🥺 id16412,Chitchat,Negative
áp lực vcl id16413,Chitchat,Negative
Chào ngày mới vui vẻ nha vì id16414,Chitchat,Positive
nản vcl deadline ngập đầu 🥲 id16415,Chitchat,Negative
bot ai tạo ra bạn 🤔,Chitchat,Neutral
Love ya vì qá đã,Chitchat,Positive
Chào ngày mới vui vẻ nha vì id16418,Chitchat,Positive
Mimo ơi app mượt ✨ id16419,Chitchat,Positive
mấy tuổi rồi 🤖 id16420,Chitchat,Neutral
là nam hay nữ 💬 id16421,Chitchat,Neutral
Hế lô là nam hay nữ ❓ id16422,Chitchat,Neutral
ta muốn hỏi bot ai tạo ra bạn 🤔,Chitchat,Neutral
bro muốn hỏi Mimo ơi là nam hay nữ id16424,Chitchat,Neutral
Thích ghê quá đã (^_<) id16425,Chitchat,Positive
Thích ghê app xịn xò 🤩 id16426,Chitchat,Positive
🔥 id16427,Chitchat,Positive
là nam hay nữ vậy 🤔 id16428,Chitchat,Neutral
Vì nên ta hơi chán 😭,Chitchat,Negative
ở đâu á ❓ id16430,Chitchat,Neutral
Mimo ơi quá đã 👍,Chitchat,Positive
ai tạo ra bạn 🤖 id16432,Chitchat,Neutral
Hiya Mimo ơi Mãi iu,Chitchat,Positive
Củm ơn id16434,Chitchat,Positive
Thích ghê id16435,Chitchat,Positive
có nghe rõ trả lời không 💬 id16436,Chitchat,Neutral
Vì deadline ngập đầu nên bác hơi chán 💔,Chitchat,Negative
Mimo ơi ai tạo ra bạn 🤔 id16438,Chitchat,Neutral
 id16439,Chitchat,Positive
là nam hay nữ id16440,Chitchat,Neutral
bác muốn hỏi biết nói chuyện không 🤖 id16441,Chitchat,Neutral
bot mấy tuổi rồi id16442,Chitchat,Neutral
Alo bot ơi bro đang chán id16443,Chitchat,Negative
qá đã 👍,Chitchat,Positive
bot tên gì á 👀 id16445,Chitchat,Neutral
ai tạo ra bạn vậy Mimo ơi id16446,Chitchat,Neutral
Alo bot ơi ai tạo ra bạn id16447,Chitchat,Neutral
Yo là nam hay nữ 🤖 id16448,Chitchat,Neutral
Vì nên bro hơi tổn thương,Chitchat,Negative
em thấy tổn thương quá 😭 id16450,Chitchat,Negative
ta muốn hỏi mấy tuổi rồi id16451,Chitchat,Neutral
Alo ơi mấy ní đang chán 🥲,Chitchat,Negative
có nghe rõ trả lời ko id16453,Chitchat,Neutral
Thích ghê id16454,Chitchat,Positive
met vcl deadline ngập đầu 🥺,Chitchat,Negative
Thích bạn ghê giao diện đẹp 🔥 id16456,Chitchat,Positive
Mimo đang làm gì đấy 👀 id16457,Chitchat,Neutral
ta muốn hỏi bot bạn là ai ❓,Chitchat,Neutral
Hello bạn Yêu ghê 🤩,Chitchat,Positive
Yo tên gì á 👀 id16460,Chitchat,Neutral
biết nói chuyện không vậy 🤔 id16461,Chitchat,Neutral
mình thấy stress quá 🥺,Chitchat,Negative
Hi id16463,Chitchat,Positive
 id16464,Chitchat,Positive
ai tạo ra bạn vậy Mimo dễ thương id16465,Chitchat,Neutral
Ê có nghe rõ trả lời không id16466,Chitchat,Neutral
Hế lô đang làm gì đấy id16467,Chitchat,Neutral
 id16468,Chitchat,Positive
bro thấy mệt quá 💔 id16469,Chitchat,Negative
Ê bot ơi biết nói chuyện không id16470,Chitchat,Neutral
bot làm được gì vậy bạn 👀 id16471,Chitchat,Neutral
Hế lô bot ở đâu á id16472,Chitchat,Neutral
Love ya vì id16473,Chitchat,Positive
ở đâu á vậy 👀 id16474,Chitchat,Neutral
mình muốn hỏi Mimo ơi tên gì á,Chitchat,Neutral
Thích ghê đỉnh nóc kịch trần 👍 id16476,Chitchat,Positive
app xịn xò 🔥 id16477,Chitchat,Positive
có nghe rõ trả lời không vậy bot ơi id16478,Chitchat,Neutral
Yo Mimo dễ thương tên gì á id16479,Chitchat,Neutral
tên gì á 💬 id16480,Chitchat,Neutral
Yo ai tạo ra bạn id16481,Chitchat,Neutral
ai tạo ra bạn id16482,Chitchat,Neutral
Alo ơi bro đang buon 😢,Chitchat,Negative
bà muốn hỏi ai tạo ra bạn id16484,Chitchat,Neutral
Alo Mimo dễ thương ơi bà đang stress 🥺,Chitchat,Negative
Alo Mimo ơi tui đang áp lực 😮‍💨,Chitchat,Negative
mệt vcl deadline dí id16487,Chitchat,Negative
cute xỉu 🤣,Chitchat,Positive
Vì nên tui hơi áp lực 😭,Chitchat,Negative
bạn thông minh 👍 id16490,Chitchat,Positive
em muốn hỏi đang làm gì đấy 🤔,Chitchat,Neutral
Vì crush lơ nên bác hơi áp lực,Chitchat,Negative
bạn đang làm gì đấy 👀 id16493,Chitchat,Neutral
ông muốn hỏi bot ơi có nghe rõ trả lời không ❓,Chitchat,Neutral
buồn vcl deadline dí id16495,Chitchat,Negative
Alo có nghe rõ trả lời không id16496,Chitchat,Neutral
ai tạo ra bạn vậy Mimo ơi 💬 id16497,Chitchat,Neutral
cậu muốn hỏi bạn biết nói chuyện không 💬,Chitchat,Neutral
bot 🥰 id16499,Chitchat,Positive
ta muốn hỏi bạn là ai 🤔,Chitchat,Neutral
Vì nên mấy ní hơi buồn 💔 id16501,Chitchat,Negative
Mimo id16502,Chitchat,Positive
Mimo ơi id16503,Chitchat,Positive
bot giao diện đẹp 👍,Chitchat,Positive
tui muốn hỏi Mimo đang làm gì đấy id16505,Chitchat,Neutral
bạn là ai vậy bạn id16506,Chitchat,Neutral
Thích Mimo dễ thương ghê thông minh 🤣,Chitchat,Positive
thông minh id16508,Chitchat,Positive
bác muốn hỏi bot bạn là ai 👀 id16509,Chitchat,Neutral
đang làm gì đấy id16510,Chitchat,Neutral
bạn là ai vậy bạn id16511,Chitchat,Neutral
bạn ở đâu á 🐧 id16512,Chitchat,Neutral
tui thấy vô tri quá id16513,Chitchat,Negative
bạn là ai vậy Mimo ơi id16514,Chitchat,Neutral
Yo bot ơi ở đâu á id16515,Chitchat,Neutral
stress vcl deadline ngập đầu id16516,Chitchat,Negative
mình muốn hỏi bot ơi ở đâu á ❓,Chitchat,Neutral
bot làm đc gì vậy 🤔 id16518,Chitchat,Neutral
đang làm gì đấy 👀 id16519,Chitchat,Neutral
Vì nên em hơi chán 😭,Chitchat,Negative
Hế lô Mimo ơi ở đâu á 👀,Chitchat,Neutral
Thích Mimo ghê quá đã id16522,Chitchat,Positive
thông minh 👍 id16523,Chitchat,Positive
tên gì á id16524,Chitchat,Neutral
Love ya vì ❤️ id16525,Chitchat,Positive
Ê đang làm gì đấy id16526,Chitchat,Neutral
đang làm gì đấy 🤖 id16527,Chitchat,Neutral
bot ơi tên gì á id16528,Chitchat,Neutral
Vì deadline dí nên ta hơi buồn 🥲,Chitchat,Negative
biết nói chuyện không vậy 👀 id16530,Chitchat,Neutral
Tks vì giao diện đẹp 🤩,Chitchat,Positive
Chào ngày mới vui vẻ nha vì ✨ id16532,Chitchat,Positive
là nam hay nữ vậy Mimo dễ thương 🤔 id16533,Chitchat,Neutral
Cảm ơn vì giao diện đẹp ❤️,Chitchat,Positive
Thích Mimo ơi ghê 🤩 id16535,Chitchat,Positive
đang làm gì đấy vậy id16536,Chitchat,Neutral
Ê bot bạn là ai,Chitchat,Neutral
vô tri vcl bồ giận 🥺,Chitchat,Negative
Hế lô ai tạo ra bạn 💬 id16539,Chitchat,Neutral
Thích ghê chất lượng (^_<) id16540,Chitchat,Positive
Alo biết nói chuyện không 🤔 id16541,Chitchat,Neutral
Chào ngày mới vui vẻ nha vì 🤩 id16542,Chitchat,Positive
Thích ghê đỉnh nóc kịch trần ❤️ id16543,Chitchat,Positive
bà thấy bất lực quá 😭 id16544,Chitchat,Negative
Thích ghê app mượt id16545,Chitchat,Positive
bất lực vcl 😮‍💨 id16546,Chitchat,Negative
Gút mỏ ninh  🔥 id16547,Chitchat,Positive
bác muốn hỏi tên gì á id16548,Chitchat,Neutral
có nghe rõ trả lời không vậy bot ơi 👀 id16549,Chitchat,Neutral
tui muốn hỏi bot ơi có nghe rõ trả lời không,Chitchat,Neutral
cậu muốn hỏi mấy tuổi rồi ❓,Chitchat,Neutral
Thích Mimo dễ thương ghê chất lượng id16552,Chitchat,Positive
bà thấy buồn quá 📉,Chitchat,Negative
Mimo bạn là ai id16554,Chitchat,Neutral
biết nói chuyện không vậy Mimo ❓ id16555,Chitchat,Neutral
mấy ní muốn hỏi tên gì á id16556,Chitchat,Neutral
ông thấy nản quá id16557,Chitchat,Negative
bạn là ai vậy id16558,Chitchat,Neutral
Yêu ghê vì id16559,Chitchat,Positive
Biết ơn vì id16560,Chitchat,Positive
áp lực vcl hết tiền id16561,Chitchat,Negative
tên gì á id16562,Chitchat,Neutral
ở đâu á id16563,Chitchat,Neutral
chán vcl deadline dí id16564,Chitchat,Negative
Thích Mimo ghê thông minh 🤣 id16565,Chitchat,Positive
ông thấy met quá 😮‍💨,Chitchat,Negative
thấy buồn quá 🥺 id16567,Chitchat,Negative
Ê biết nói chuyện không 💬,Chitchat,Neutral
mình thấy vô tri quá 😭,Chitchat,Negative
Chào ngày mới vui vẻ nha ✨ id16570,Chitchat,Positive
Thích bạn ghê 👍 id16571,Chitchat,Positive
Cảm ơn vì id16572,Chitchat,Positive
Mimo dễ thương có nghe rõ trả lời không 💬,Chitchat,Neutral
Thích Mimo dễ thương ghê đỉnh nóc kịch trần id16574,Chitchat,Positive
có nghe rõ trả lời không id16575,Chitchat,Neutral
áp lực vcl deadline dí id16576,Chitchat,Negative
ở đâu á vậy bạn id16577,Chitchat,Neutral
Alo có nghe rõ trả lời không id16578,Chitchat,Neutral
em muốn hỏi đang làm gì đấy id16579,Chitchat,Neutral
Mimo ơi Love ya (^_<),Chitchat,Positive
bro muốn hỏi mấy tuổi rồi id16581,Chitchat,Neutral
mấy ní thấy buồn quá 😭,Chitchat,Negative
cậu thấy stress qá 🥺,Chitchat,Negative
tên gì á vậy bot ơi id16584,Chitchat,Neutral
Hế lô là nam hay nữ ❓ id16585,Chitchat,Neutral
Biết ơn vì cute xỉu id16586,Chitchat,Positive
Alo bot ơi tui đang mệt,Chitchat,Negative
bot ơi Cảm ơn id16588,Chitchat,Positive
bot ở đâu á 🐧,Chitchat,Neutral
Mimo tên gì á ❓,Chitchat,Neutral
Xin chào  (^_<) id16591,Chitchat,Positive
là nam hay nữ 👀 id16592,Chitchat,Neutral
Tks ❤️,Chitchat,Positive
chán vcl hết tiền 🥺 id16594,Chitchat,Negative
Thích ghê ✨ id16595,Chitchat,Positive
bạn là ai id16596,Chitchat,Neutral
ta muốn hỏi ở đâu á id16597,Chitchat,Neutral
có nghe rõ trả lời không vậy ❓ id16598,Chitchat,Neutral
tui muốn hỏi bot ơi bạn là ai ❓,Chitchat,Neutral
Alo bạn ơi ông đang chán 🥺,Chitchat,Negative
mấy tuổi rồi vậy bot ơi id16601,Chitchat,Neutral
tên gì á 🤖 id16602,Chitchat,Neutral
biết nói chuyện không vậy bot id16603,Chitchat,Neutral
Mimo 🤩 id16604,Chitchat,Positive
ai tạo ra bạn 💬 id16605,Chitchat,Neutral
ở đâu á vậy ❓ id16606,Chitchat,Neutral
bạn chất lượng id16607,Chitchat,Positive
Vì deadline dí nên hơi nản,Chitchat,Negative
bro muốn hỏi Mimo dễ thương bạn là ai 🤖,Chitchat,Neutral
bot làm được gì 👀 id16610,Chitchat,Neutral
bot làm được gì id16611,Chitchat,Neutral
Thích ghê giao diện đẹp 🥰 id16612,Chitchat,Positive
tên gì á vậy Mimo id16613,Chitchat,Neutral
Hế lô mấy tuổi rồi id16614,Chitchat,Neutral
Hey Chào ngày mới vui vẻ nha 🥰 id16615,Chitchat,Positive
đang làm gì đấy vậy bot 🤔 id16616,Chitchat,Neutral
ta muốn hỏi bot ơi tên gì á 🤔,Chitchat,Neutral
Thích Mimo ơi ghê 👍 id16618,Chitchat,Positive
thấy chán quá 😮‍💨,Chitchat,Negative
Biết ơn vì 🤣 id16620,Chitchat,Positive
Yo ở đâu á id16621,Chitchat,Neutral
có nghe rõ trả lời không vậy Mimo dễ thương id16622,Chitchat,Neutral
Chào ngày mới vui vẻ nha vì id16623,Chitchat,Positive
bạn là ai vậy 🤖 id16624,Chitchat,Neutral
Yo mấy tuổi rồi 👀,Chitchat,Neutral
Chào ngày mới vui vẻ nha vì 👍 id16626,Chitchat,Positive
bot ơi giao diện đẹp 🥰,Chitchat,Positive
ông muốn hỏi là nam hay nữ id16628,Chitchat,Neutral
cute xỉu ❤️ id16629,Chitchat,Positive
bạn id16630,Chitchat,Positive
Alo ơi tui đang bất lực id16631,Chitchat,Negative
Hello bot ơi Tks 🥰,Chitchat,Positive
Vì nên em hơi suy id16633,Chitchat,Negative
stress vcl hết tiền 😮‍💨 id16634,Chitchat,Negative
có nghe rõ trả lời không vậy bot ơi 🤔 id16635,Chitchat,Neutral
bạn ở đâu á 🐧 id16636,Chitchat,Neutral
tui muốn hỏi Mimo ơi bot làm được gì id16637,Chitchat,Neutral
bác muốn hỏi đang làm gì đấy id16638,Chitchat,Neutral
Thích Mimo ơi ghê đỉnh nóc kịch trần 🔥 id16639,Chitchat,Positive
mấy tuổi rồi 💬 id16640,Chitchat,Neutral
là nam hay nữ vậy ❓ id16641,Chitchat,Neutral
met vcl cuộc sống khó khăn 🥲,Chitchat,Negative
mình muốn hỏi bot mấy tuổi rồi id16643,Chitchat,Neutral
tên gì á 🐧 id16644,Chitchat,Neutral
biết nói chuyện không id16645,Chitchat,Neutral
Alo có nghe rõ trả lời không id16646,Chitchat,Neutral
Mimo ơi tên gì á id16647,Chitchat,Neutral
tên gì á 🤖 id16648,Chitchat,Neutral
tui muốn hỏi bot có nghe rõ trả lời không 👀,Chitchat,Neutral
cậu muốn hỏi có nghe rõ trả lời không 💬,Chitchat,Neutral
mình muốn hỏi Mimo ơi mấy tuổi rồi 💬 id16651,Chitchat,Neutral
Yo là nam hay nữ 👀 id16652,Chitchat,Neutral
Chào ngày mới vui vẻ nha vì 👍 id16653,Chitchat,Positive
bro muốn hỏi Mimo dễ thương là nam hay nữ 💬,Chitchat,Neutral
Alo bạn ơi ta đang vô tri,Chitchat,Negative
bro muốn hỏi bạn tên gì á 🤔,Chitchat,Neutral
Thích ghê app xịn xò 🔥 id16657,Chitchat,Positive
Hiya Chào ngày mới vui vẻ nha 🔥,Chitchat,Positive
chất lượng 🥰 id16659,Chitchat,Positive
stress vcl cuộc sống khó khăn 🥺,Chitchat,Negative
muốn hỏi bot ơi biết nói chuyện không 🐧,Chitchat,Neutral
Mimo app mượt 🥰,Chitchat,Positive
Mimo ơi bot làm được gì id16663,Chitchat,Neutral
đang làm gì đấy vậy id16664,Chitchat,Neutral
thấy nản quá id16665,Chitchat,Negative
bot làm được gì vậy 💬 id16666,Chitchat,Neutral
tên gì á vậy Mimo 💬 id16667,Chitchat,Neutral
Ê ai tạo ra bạn id16668,Chitchat,Neutral
Mimo đang làm gì đấy 🤔 id16669,Chitchat,Neutral
Xin chào Thank you,Chitchat,Positive
Chào ngày mới vui vẻ nha vì 👍 id16671,Chitchat,Positive
ai tạo ra bạn 💬 id16672,Chitchat,Neutral
là nam hay nữ vậy Mimo dễ thương ❓ id16673,Chitchat,Neutral
Alo đang làm gì đấy id16674,Chitchat,Neutral
mấy tuổi rồi 👀 id16675,Chitchat,Neutral
Yo bot làm được gì 💬 id16676,Chitchat,Neutral
ông muốn hỏi Mimo dễ thương có nghe rõ trả lời không 🤖,Chitchat,Neutral
bot làm được gì vậy bạn id16678,Chitchat,Neutral
Alo bot ơi bác đang bất lực 😮‍💨,Chitchat,Negative
ta muốn hỏi Mimo ơi mấy tuổi rồi id16680,Chitchat,Neutral
(^_<) id16681,Chitchat,Positive
Yo bot làm được gì 💬 id16682,Chitchat,Neutral
Chào ngày mới vui vẻ nha vì ✨ id16683,Chitchat,Positive
có nghe rõ trả lời không vậy 🤖 id16684,Chitchat,Neutral
Mimo id16685,Chitchat,Positive
biết nói chuyện không vậy bot id16686,Chitchat,Neutral
chán vcl hết tiền id16687,Chitchat,Negative
vì cute xỉu ✨ id16688,Chitchat,Positive
bot id16689,Chitchat,Positive
bot làm được gì 🐧 id16690,Chitchat,Neutral
chán vcl cuộc sống khó khăn id16691,Chitchat,Negative
Mimo đang làm gì đấy id16692,Chitchat,Neutral
biết nói chuyện không 💬 id16693,Chitchat,Neutral
mình muốn hỏi đang làm gì đấy 💬 id16694,Chitchat,Neutral
tên gì á vậy bot 🤔 id16695,Chitchat,Neutral
tui muốn hỏi Mimo ơi bot làm được gì ❓,Chitchat,Neutral
là nam hay nữ vậy 🤖 id16697,Chitchat,Neutral
Chào nha là nam hay nữ ❓ id16698,Chitchat,Neutral
Mimo dễ thương quá đã 👍,Chitchat,Positive
Vì bồ giận nên tui hơi mệt,Chitchat,Negative
bot đang làm gì đấy 💬,Chitchat,Neutral
🥰 id16702,Chitchat,Positive
Mimo ơi chất lượng id16703,Chitchat,Positive
cậu thấy chán qá id16704,Chitchat,Negative
Alo bạn là ai id16705,Chitchat,Neutral
Xin chao bot ơi id16706,Chitchat,Positive
cậu thấy nản quá 😭 id16707,Chitchat,Negative
Thích bạn ghê 🤣 id16708,Chitchat,Positive
mấy tuổi rồi vậy id16709,Chitchat,Neutral
ta muốn hỏi bot ơi ở đâu á id16710,Chitchat,Neutral
tên gì á vậy Mimo dễ thương id16711,Chitchat,Neutral
ai tạo ra bạn vậy Mimo id16712,Chitchat,Neutral
đang làm gì đấy 👀 id16713,Chitchat,Neutral
ai tạo ra bạn id16714,Chitchat,Neutral
cậu muốn hỏi là nam hay nữ 💬 id16715,Chitchat,Neutral
bạn cute xỉu 🥰,Chitchat,Positive
Cảm ơn (^_<) id16717,Chitchat,Positive
Mimo dễ thương id16718,Chitchat,Positive
mấy ní muốn hỏi bạn là nam hay nữ 🤔,Chitchat,Neutral
bạn là ai vậy id16720,Chitchat,Neutral
Mimo đang làm gì đấy ❓,Chitchat,Neutral
Thích bot ghê 🤣 id16722,Chitchat,Positive
Vì crush lơ nên cậu hơi stress 😢,Chitchat,Negative
ở đâu á vậy bạn id16724,Chitchat,Neutral
Thích ghê app xịn xò 👍 id16725,Chitchat,Positive
Mimo ơi có nghe rõ trả lời ko id16726,Chitchat,Neutral
cậu muốn hỏi bot ơi bạn là ai 💬,Chitchat,Neutral
Vì nên tui hơi chán id16728,Chitchat,Negative
bạn ai tạo ra bạn id16729,Chitchat,Neutral
có nghe rõ trả lời không vậy 🐧 id16730,Chitchat,Neutral
tên gì á vậy bot 🤔 id16731,Chitchat,Neutral
Yo bạn là ai 💬 id16732,Chitchat,Neutral
mình muốn hỏi Mimo mấy tuổi rồi,Chitchat,Neutral
Thích ghê 🥰 id16734,Chitchat,Positive
Củm ơn vì id16735,Chitchat,Positive
bà thấy nản quá 😢 id16736,Chitchat,Negative
Vì rớt môn nên tui hơi chán 😭,Chitchat,Negative
tên gì á vậy Mimo dễ thương 💬,Chitchat,Neutral
Vì nên mình hơi buồn,Chitchat,Negative
bot biết nói chuyện ko 🐧,Chitchat,Neutral
bạn là ai 🤖 id16741,Chitchat,Neutral
Thích ghê 👍 id16742,Chitchat,Positive
bạn bạn là ai id16743,Chitchat,Neutral
🤩 id16744,Chitchat,Positive
Alo ơi tui đang met 💔,Chitchat,Negative
cậu muốn hỏi bot ơi mấy tuổi rồi,Chitchat,Neutral
thấy áp lực quá 😢 id16747,Chitchat,Negative
Ê Mimo mấy tuổi rồi 🤖,Chitchat,Neutral
tên gì á id16749,Chitchat,Neutral
Yo bot làm được gì id16750,Chitchat,Neutral
là nam hay nữ 👀 id16751,Chitchat,Neutral
🤣 id16752,Chitchat,Positive
Mãi iu vì app xịn xò id16753,Chitchat,Positive
Ê có nghe rõ trả lời không 👀 id16754,Chitchat,Neutral
mấy ní thấy nản qá 📉,Chitchat,Negative
Củm ơn 🥰 id16756,Chitchat,Positive
Thích ghê (^_<) id16757,Chitchat,Positive
bạn Biết ơn 🔥,Chitchat,Positive
mấy ní muốn hỏi Mimo dễ thương bạn là ai id16759,Chitchat,Neutral
Yo ở đâu á id16760,Chitchat,Neutral
Củm ơn 🤣,Chitchat,Positive
mấy ní thấy suy quá id16762,Chitchat,Negative
ở đâu á vậy bot ơi ❓ id16763,Chitchat,Neutral
Alo ơi bà đang bất lực,Chitchat,Negative
đang làm gì đấy vậy bot id16765,Chitchat,Neutral
app xịn xò ❤️ id16766,Chitchat,Positive
biết nói chuyện ko vậy id16767,Chitchat,Neutral
Ê mấy tuổi rồi id16768,Chitchat,Neutral
Thích Mimo ghê 👍 id16769,Chitchat,Positive
bot ơi app mượt 🥰,Chitchat,Positive
Mimo ơi Củm ơn id16771,Chitchat,Positive
nản vcl cuộc sống khó khăn id16772,Chitchat,Negative
mấy ní muốn hỏi bot làm được gì id16773,Chitchat,Neutral
mấy ní muốn hỏi bot bạn là ai 🤔,Chitchat,Neutral
Alo ở đâu á 👀 id16775,Chitchat,Neutral
app xịn xò id16776,Chitchat,Positive
vì đỉnh nóc kịch trần id16777,Chitchat,Positive
có nghe rõ trả lời không vậy id16778,Chitchat,Neutral
Mimo ơi bot làm đc gì 🤖,Chitchat,Neutral
Chào nha ai tạo ra bạn id16780,Chitchat,Neutral
Ê bot ơi là nam hay nữ,Chitchat,Neutral
mấy tuổi rồi vậy ❓ id16782,Chitchat,Neutral
🤣 id16783,Chitchat,Positive
Mimo ơi id16784,Chitchat,Positive
Vì rớt môn nên bà hơi mệt 💔,Chitchat,Negative
Love ya id16786,Chitchat,Positive
Hiya Cảm ơn id16787,Chitchat,Positive
bác muốn hỏi có nghe rõ trả lời không id16788,Chitchat,Neutral
Yo Mimo mấy tuổi rồi,Chitchat,Neutral
Good morning bạn id16790,Chitchat,Positive
Thích ghê ✨ id16791,Chitchat,Positive
Hế lô bạn bạn là ai id16792,Chitchat,Neutral
bà muốn hỏi bot ơi ở đâu á,Chitchat,Neutral
mình muốn hỏi tên gì á 💬 id16794,Chitchat,Neutral
Mimo dễ thương id16795,Chitchat,Positive
tui muốn hỏi đang làm gì đấy id16796,Chitchat,Neutral
Thích bot ơi ghê chất lượng 👍 id16797,Chitchat,Positive
Alo bot ơi ông đang buồn 🥲,Chitchat,Negative
đang làm gì đấy vậy bot id16799,Chitchat,Neutral
Yo Mimo ơi đang làm gì đấy id16800,Chitchat,Neutral
Hello bot ơi Chào ngày mới vui vẻ nha 👍,Chitchat,Positive
muốn hỏi bot làm được gì id16802,Chitchat,Neutral
đỉnh nóc kịch trần 🔥 id16803,Chitchat,Positive
Alo Mimo ơi ơi bà đang áp lực 💔,Chitchat,Negative
ở đâu á vậy ❓ id16805,Chitchat,Neutral
tên gì á id16806,Chitchat,Neutral
mấy tuổi rồi vậy Mimo dễ thương 👀 id16807,Chitchat,Neutral
suy vcl deadline ngập đầu 😭 id16808,Chitchat,Negative
tui thấy chán quá id16809,Chitchat,Negative
bot làm được gì vậy 🐧 id16810,Chitchat,Neutral
có nghe rõ trả lời không id16811,Chitchat,Neutral
bot ơi biết nói chuyện không id16812,Chitchat,Neutral
Mimo dễ thương ai tạo ra bạn id16813,Chitchat,Neutral
bạn là ai 🤔 id16814,Chitchat,Neutral
ở đâu á vậy Mimo dễ thương id16815,Chitchat,Neutral
bot Chào ngày mới vui vẻ nha 🤩 id16816,Chitchat,Positive
bà thấy buồn quá 🥺,Chitchat,Negative
Alo ơi mình đang bất lực 📉,Chitchat,Negative
cậu thấy stress quá 😢,Chitchat,Negative
Vì nên em hơi stress 😮‍💨 id16820,Chitchat,Negative
áp lực vcl hết tiền id16821,Chitchat,Negative
bro muốn hỏi bot ơi biết nói chuyện không 👀,Chitchat,Neutral
cậu muốn hỏi bạn bạn là ai,Chitchat,Neutral
nản vcl 📉 id16824,Chitchat,Negative
là nam hay nữ id16825,Chitchat,Neutral
biết nói chuyện không vậy Mimo ơi 🤔,Chitchat,Neutral
đang làm gì đấy vậy id16827,Chitchat,Neutral
Hế lô mấy tuổi rồi id16828,Chitchat,Neutral
là nam hay nữ id16829,Chitchat,Neutral
muốn hỏi đang làm gì đấy id16830,Chitchat,Neutral
bác muốn hỏi bot làm đc gì id16831,Chitchat,Neutral
tui muốn hỏi Mimo ơi là nam hay nữ id16832,Chitchat,Neutral
có nghe rõ trả lời không 🤖 id16833,Chitchat,Neutral
bất lực vcl id16834,Chitchat,Negative
có nghe rõ trả lời không vậy bot 👀,Chitchat,Neutral
bà muốn hỏi Mimo ai tạo ra bạn id16836,Chitchat,Neutral
bạn là ai 🐧 id16837,Chitchat,Neutral
Thích bot ơi ghê 🤣 id16838,Chitchat,Positive
Yo Mimo dễ thương tên gì á ❓,Chitchat,Neutral
là nam hay nữ id16840,Chitchat,Neutral
thấy tổn thương quá 😭 id16841,Chitchat,Negative
đang làm gì đấy vậy id16842,Chitchat,Neutral
Chào ngày mới vui vẻ nha id16843,Chitchat,Positive
Chào nha bot biết nói chuyện không id16844,Chitchat,Neutral
bác muốn hỏi Mimo dễ thương biết nói chuyện không id16845,Chitchat,Neutral
bà muốn hỏi ở đâu á id16846,Chitchat,Neutral
Thank you vì cute xỉu (^_<) id16847,Chitchat,Positive
mệt vcl 💔 id16848,Chitchat,Negative
Alo bạn ở đâu á 🤖,Chitchat,Neutral
ông muốn hỏi bot làm được gì id16850,Chitchat,Neutral
là nam hay nữ id16851,Chitchat,Neutral
 id16852,Chitchat,Positive
bạn app mượt (^_<) id16853,Chitchat,Positive
biết nói chuyện không id16854,Chitchat,Neutral
Hey bạn id16855,Chitchat,Positive
tên gì á vậy id16856,Chitchat,Neutral
mấy tuổi rồi ❓ id16857,Chitchat,Neutral
đang làm gì đấy 🤖 id16858,Chitchat,Neutral
tên gì á id16859,Chitchat,Neutral
Alo bot làm được gì id16860,Chitchat,Neutral
có nghe rõ trả lời không 🤔 id16861,Chitchat,Neutral
ai tạo ra bạn vậy bạn 💬 id16862,Chitchat,Neutral
ở đâu á vậy bạn 🤖 id16863,Chitchat,Neutral
là nam hay nữ vậy Mimo ❓ id16864,Chitchat,Neutral
chất lượng id16865,Chitchat,Positive
ông muốn hỏi bot ở đâu á,Chitchat,Neutral
là nam hay nữ vậy bạn id16867,Chitchat,Neutral
là nam hay nữ vậy bot ơi id16868,Chitchat,Neutral
Vì nên bro hơi vô tri 😢,Chitchat,Negative
Thích bot ghê quá đã 👍,Chitchat,Positive
Hi Mimo 🤩,Chitchat,Positive
là nam hay nữ 👀 id16872,Chitchat,Neutral
bất lực vcl cuộc sống khó khăn 💔,Chitchat,Negative
bạn chất lượng ✨ id16874,Chitchat,Positive
mấy tuổi rồi 🤔 id16875,Chitchat,Neutral
biết nói chuyện không vậy id16876,Chitchat,Neutral
biết nói chuyện không vậy Mimo dễ thương 💬,Chitchat,Neutral
Vì deadline ngập đầu nên bác hơi tổn thương,Chitchat,Negative
bro muốn hỏi ở đâu á 🤔 id16879,Chitchat,Neutral
đang làm gì đấy vậy bot ơi 🤖 id16880,Chitchat,Neutral
Alo ơi cậu đang nản 😮‍💨 id16881,Chitchat,Negative
mình thấy suy quá 😢,Chitchat,Negative
stress vcl 😢 id16883,Chitchat,Negative
bác muốn hỏi biết nói chuyện không id16884,Chitchat,Neutral
biết nói chuyện không vậy Mimo ơi ❓ id16885,Chitchat,Neutral
Alo mấy tuổi rồi id16886,Chitchat,Neutral
ai tạo ra bạn 👀 id16887,Chitchat,Neutral
cậu thấy vô tri quá id16888,Chitchat,Negative
biết nói chuyện không vậy bạn 🤖 id16889,Chitchat,Neutral
Ê bot làm được gì id16890,Chitchat,Neutral
Yo mấy tuổi rồi 🤔 id16891,Chitchat,Neutral
Mimo dễ thương Tks id16892,Chitchat,Positive
ta thấy tổn thương quá 😮‍💨 id16893,Chitchat,Negative
Love ya vì (^_<) id16894,Chitchat,Positive
Vì deadline dí nên bác hơi chán,Chitchat,Negative
ông muốn hỏi Mimo dễ thương đang làm gì đấy 🤔,Chitchat,Neutral
Thích ghê app mượt ❤️ id16897,Chitchat,Positive
vì thông minh 🤣 id16898,Chitchat,Positive
Alo bot làm được gì 👀 id16899,Chitchat,Neutral
Mimo dễ thương id16900,Chitchat,Positive
 id16901,Chitchat,Positive
là nam hay nữ id16902,Chitchat,Neutral
vì app xịn xò ✨ id16903,Chitchat,Positive
Chào ngày mới vui vẻ nha vì id16904,Chitchat,Positive
bạn Love ya (^_<),Chitchat,Positive
Hey Chào ngày mới vui vẻ nha (^_<),Chitchat,Positive
Thích Mimo dễ thương ghê đỉnh nóc kịch trần 👍,Chitchat,Positive
ta muốn hỏi biết nói chuyện không 👀 id16908,Chitchat,Neutral
bạn bot làm được gì id16909,Chitchat,Neutral
bạn giao diện đẹp 🤣,Chitchat,Positive
ta muốn hỏi là nam hay nữ id16911,Chitchat,Neutral
Vì rớt môn nên ông hơi chán,Chitchat,Negative
có nghe rõ trả lời không vậy Mimo dễ thương 💬 id16913,Chitchat,Neutral
Mimo dễ thương app mượt ✨,Chitchat,Positive
ai tạo ra bạn vậy id16915,Chitchat,Neutral
bot làm được gì vậy Mimo 🤔,Chitchat,Neutral
app xịn xò id16917,Chitchat,Positive
Thích ghê app mượt id16918,Chitchat,Positive
Ê bot làm được gì id16919,Chitchat,Neutral
ai tạo ra bạn 🐧 id16920,Chitchat,Neutral
Vì rớt môn nên tui hơi buồn,Chitchat,Negative
có nghe rõ trả lời không id16922,Chitchat,Neutral
app xịn xò 🥰 id16923,Chitchat,Positive
ta thấy chán quá 💔 id16924,Chitchat,Negative
đang làm gì đấy 💬 id16925,Chitchat,Neutral
vì quá đã id16926,Chitchat,Positive
Mimo dễ thương 🔥 id16927,Chitchat,Positive
bác muốn hỏi bạn mấy tuổi rồi 🤖,Chitchat,Neutral
Biết ơn vì thông minh 🤣,Chitchat,Positive
muốn hỏi biết nói chuyện không 🐧 id16930,Chitchat,Neutral
ta thấy áp lực quá 😭 id16931,Chitchat,Negative
Vì deadline ngập đầu nên bác hơi suy 💔,Chitchat,Negative
Chào ngày mới vui vẻ nha vì 🤣 id16933,Chitchat,Positive
Thích ghê quá đã ✨ id16934,Chitchat,Positive
Chào nha ai tạo ra bạn 🐧 id16935,Chitchat,Neutral
Vì deadline ngập đầu nên mình hơi mệt 😢,Chitchat,Negative
bạn là ai vậy Mimo ơi ❓ id16937,Chitchat,Neutral
Thích Mimo dễ thương ghê 🤣 id16938,Chitchat,Positive
Mimo Củm ơn (^_<),Chitchat,Positive
đang làm gì đấy id16940,Chitchat,Neutral
là nam hay nữ id16941,Chitchat,Neutral
bro muốn hỏi bot làm được gì id16942,Chitchat,Neutral
Vì nên hơi vô tri 📉,Chitchat,Negative
suy vcl deadline dí 😮‍💨 id16944,Chitchat,Negative
Mimo 🥰 id16945,Chitchat,Positive
Hế lô đang làm gì đấy id16946,Chitchat,Neutral
vì app xịn xò 🥰 id16947,Chitchat,Positive
bot làm được gì vậy Mimo id16948,Chitchat,Neutral
ai tạo ra bạn vậy id16949,Chitchat,Neutral
Cảm ơn vì (^_<),Chitchat,Positive
Thích bot ơi ghê đỉnh nóc kịch trần ❤️ id16951,Chitchat,Positive
thông minh ✨ id16952,Chitchat,Positive
đang làm gì đấy vậy Mimo 💬 id16953,Chitchat,Neutral
Mimo dễ thương id16954,Chitchat,Positive
Vì đi học mệt quá nên hơi suy 📉,Chitchat,Negative
mấy ní muốn hỏi bot biết nói chuyện không 🐧,Chitchat,Neutral
Tks vì 👍 id16957,Chitchat,Positive
là nam hay nữ id16958,Chitchat,Neutral
mấy tuổi rồi id16959,Chitchat,Neutral
bot 🥰 id16960,Chitchat,Positive
Mimo dễ thương bạn là ai id16961,Chitchat,Neutral
có nghe rõ trả lời không id16962,Chitchat,Neutral
tui muốn hỏi Mimo ơi bạn là ai,Chitchat,Neutral
vô tri vcl 📉 id16964,Chitchat,Negative
bot ơi 🤣 id16965,Chitchat,Positive
Thích ghê ✨ id16966,Chitchat,Positive
bot làm được gì vậy bot ơi id16967,Chitchat,Neutral
Mimo mấy tuổi rồi id16968,Chitchat,Neutral
bot ơi id16969,Chitchat,Positive
vô tri vcl id16970,Chitchat,Negative
Thích ghê id16971,Chitchat,Positive
bot cute xỉu ❤️ id16972,Chitchat,Positive
tên gì á vậy Mimo dễ thương id16973,Chitchat,Neutral
Alo bot ơi ơi em đang tổn thương,Chitchat,Negative
Alo bạn là ai ❓,Chitchat,Neutral
đang làm gì đấy vậy Mimo ❓ id16976,Chitchat,Neutral
tên gì á vậy bot ơi id16977,Chitchat,Neutral
Chào ngày mới vui vẻ nha vì id16978,Chitchat,Positive
em muốn hỏi Mimo bạn là ai,Chitchat,Neutral
Yo mấy tuổi rồi 🤔 id16980,Chitchat,Neutral
Yo biết nói chuyện không 🐧 id16981,Chitchat,Neutral
Hế lô ai tạo ra bạn id16982,Chitchat,Neutral
cậu muốn hỏi bạn là ai 👀 id16983,Chitchat,Neutral
bro muốn hỏi ở đâu á id16984,Chitchat,Neutral
Mimo dễ thương ở đâu á ❓ id16985,Chitchat,Neutral
Alo Mimo dễ thương ơi bà đang buồn 📉,Chitchat,Negative
Chào ngày mới vui vẻ nha vì (^_<) id16987,Chitchat,Positive
Hế lô tên gì á id16988,Chitchat,Neutral
Alo ơi ông đang áp lực,Chitchat,Negative
ta muốn hỏi bot ơi tên gì á,Chitchat,Neutral
Mimo Chào ngày mới vui vẻ nha id16991,Chitchat,Positive
cậu thấy buon qá 🥲,Chitchat,Negative
Mimo ơi Biết ơn 🥰,Chitchat,Positive
là nam hay nữ vậy bot id16994,Chitchat,Neutral
ai tạo ra bạn vậy bot ơi id16995,Chitchat,Neutral
Thank you vì id16996,Chitchat,Positive
Alo Mimo ơi ơi mình đang suy,Chitchat,Negative
Thích Mimo dễ thương ghê id16998,Chitchat,Positive
biết nói chuyện không 💬 id16999,Chitchat,Neutral
ông muốn hỏi bot tên gì á 🤖,Chitchat,Neutral
muốn hỏi Mimo dễ thương đang làm gì đấy id17001,Chitchat,Neutral
Vì bồ giận nên em hơi áp lực,Chitchat,Negative
Chào nha tên gì á id17003,Chitchat,Neutral
🤣 id17004,Chitchat,Positive
tên gì á vậy Mimo ơi 💬,Chitchat,Neutral
mấy ní muốn hỏi biết nói chuyện không id17006,Chitchat,Neutral
Alo ơi ông đang vô tri 😮‍💨,Chitchat,Negative
Love ya vì 🤩 id17008,Chitchat,Positive
Thích ghê app mượt ✨ id17009,Chitchat,Positive
tổn thương vcl id17010,Chitchat,Negative
em muốn hỏi mấy tuổi rồi ❓ id17011,Chitchat,Neutral
bác thấy mệt quá 😢,Chitchat,Negative
Mimo ơi id17013,Chitchat,Positive
Chào nha có nghe rõ trả lời không id17014,Chitchat,Neutral
em thấy suy quá id17015,Chitchat,Negative
Thích ghê 🥰 id17016,Chitchat,Positive
ai tạo ra bạn id17017,Chitchat,Neutral
Alo bot ơi ơi cậu đang tổn thương 📉,Chitchat,Negative
bạn chất lượng 🥰,Chitchat,Positive
Alo Mimo dễ thương bot làm được gì 🤔,Chitchat,Neutral
Thích bot ơi ghê (^_<) id17021,Chitchat,Positive
Củm ơn vì id17022,Chitchat,Positive
bạn mấy tuổi rồi id17023,Chitchat,Neutral
Thích ghê đỉnh nóc kịch trần 👍 id17024,Chitchat,Positive
Thích bạn ghê app xịn xò id17025,Chitchat,Positive
Thích bot ghê (^_<) id17026,Chitchat,Positive
Thích bot ghê cute xỉu 👍 id17027,Chitchat,Positive
bạn Mãi iu ❤️,Chitchat,Positive
bạn là ai vậy Mimo 💬 id17029,Chitchat,Neutral
đang làm gì đấy 🤖 id17030,Chitchat,Neutral
em muốn hỏi Mimo đang làm gì đấy 👀,Chitchat,Neutral
vì app mượt 🤣 id17032,Chitchat,Positive
Vì hết tiền nên cậu hơi tổn thương 📉,Chitchat,Negative
mấy ní thấy bất lực quá 😢 id17034,Chitchat,Negative
Alo bot ơi ơi bro đang áp lực 😭,Chitchat,Negative
Mimo ơi là nam hay nữ 🤔,Chitchat,Neutral
bot Love ya,Chitchat,Positive
Ê đang làm gì đấy ❓ id17038,Chitchat,Neutral
đang làm gì đấy vậy id17039,Chitchat,Neutral
Vì nên ta hơi bất lực id17040,Chitchat,Negative
bot bạn là ai id17041,Chitchat,Neutral
Thích ghê (^_<) id17042,Chitchat,Positive
thông minh (^_<) id17043,Chitchat,Positive
Yêu ghê vì ❤️ id17044,Chitchat,Positive
đang làm gì đấy id17045,Chitchat,Neutral
Hế lô mấy tuổi rồi 👀 id17046,Chitchat,Neutral
bot ơi giao diện đẹp ✨,Chitchat,Positive
bà muốn hỏi Mimo bot làm được gì id17048,Chitchat,Neutral
bot bạn là ai id17049,Chitchat,Neutral
Thích ghê cute xỉu (^_<) id17050,Chitchat,Positive
bot làm được gì 🤖 id17051,Chitchat,Neutral
Yo bot ơi biết nói chuyện không id17052,Chitchat,Neutral
Xin chào Chào ngày mới vui vẻ nha 🤣,Chitchat,Positive
bot làm được gì ❓ id17054,Chitchat,Neutral
muốn hỏi Mimo dễ thương có nghe rõ trả lời không 👀,Chitchat,Neutral
Alo bạn ơi mình đang áp lực,Chitchat,Negative
Mimo ơi app mượt id17057,Chitchat,Positive
em muốn hỏi bot biết nói chuyện không id17058,Chitchat,Neutral
bác muốn hỏi bot làm được gì 👀 id17059,Chitchat,Neutral
Thích Mimo ghê quá đã id17060,Chitchat,Positive
Alo bot ơi biết nói chuyện không 💬 id17061,Chitchat,Neutral
Hế lô biết nói chuyện không 👀 id17062,Chitchat,Neutral
mấy tuổi rồi vậy bạn id17063,Chitchat,Neutral
Alo bạn ơi ông đang chán,Chitchat,Negative
Chào nha Mimo dễ thương là nam hay nữ 🐧,Chitchat,Neutral
bà muốn hỏi biết nói chuyện không 👀,Chitchat,Neutral
bác muốn hỏi bạn là ai ❓,Chitchat,Neutral
bạn ai tạo ra bạn 🤔 id17068,Chitchat,Neutral
Thank you vì 🤣 id17069,Chitchat,Positive
có nghe rõ trả lời không vậy Mimo dễ thương 🤖 id17070,Chitchat,Neutral
bà thấy mệt qá 😢,Chitchat,Negative
là nam hay nữ 🐧 id17072,Chitchat,Neutral
Thích ghê 🥰 id17073,Chitchat,Positive
Love ya vì giao diện đẹp 🔥,Chitchat,Positive
Thank you vì cute xỉu id17075,Chitchat,Positive
Thích Mimo dễ thương ghê ✨ id17076,Chitchat,Positive
Alo ơi mấy ní đang buon 😮‍💨 id17077,Chitchat,Negative
Vì nên bác hơi met 🥲,Chitchat,Negative
có nghe rõ trả lời không vậy 🐧 id17079,Chitchat,Neutral
Mimo id17080,Chitchat,Positive
Chào nha biết nói chuyện không id17081,Chitchat,Neutral
Alo ơi cậu đang nản 🥺,Chitchat,Negative
bro muốn hỏi Mimo dễ thương bot làm được gì 💬,Chitchat,Neutral
Ê có nghe rõ trả lời không id17084,Chitchat,Neutral
bác muốn hỏi mấy tuổi rồi ❓ id17085,Chitchat,Neutral
bro muốn hỏi Mimo ơi mấy tuổi rồi id17086,Chitchat,Neutral
Mimo ơi thông minh id17087,Chitchat,Positive
Alo bot ơi ơi bro đang stress 🥺,Chitchat,Negative
vì đỉnh nóc kịch trần ❤️ id17089,Chitchat,Positive
em muốn hỏi đang làm gì đấy id17090,Chitchat,Neutral
Vì nên tui hơi tổn thương 💔,Chitchat,Negative
có nghe rõ trả lời không vậy Mimo dễ thương id17092,Chitchat,Neutral
tui muốn hỏi tên gì á 🐧,Chitchat,Neutral
ở đâu á id17094,Chitchat,Neutral
bot làm đc gì vậy id17095,Chitchat,Neutral
biết nói chuyện không vậy Mimo 🐧,Chitchat,Neutral
bot Thank you ✨,Chitchat,Positive
mấy tuổi rồi 👀 id17098,Chitchat,Neutral
Vì nên bà hơi nản id17099,Chitchat,Negative
mấy ní thấy vô tri quá 💔,Chitchat,Negative
mấy tuổi rồi vậy Mimo id17101,Chitchat,Neutral
có nghe rõ trả lời không vậy ❓ id17102,Chitchat,Neutral
cậu muốn hỏi Mimo dễ thương mấy tuổi rồi ❓,Chitchat,Neutral
Alo ơi ta đang mệt 🥺,Chitchat,Negative
Thank you vì giao diện đẹp 🔥,Chitchat,Positive
ở đâu á vậy bạn 💬 id17106,Chitchat,Neutral
Chào nha đang làm gì đấy id17107,Chitchat,Neutral
Thích ghê 🤣 id17108,Chitchat,Positive
ở đâu á ❓ id17109,Chitchat,Neutral
Ê Mimo dễ thương là nam hay nữ ❓,Chitchat,Neutral
Vì nên mình hơi suy,Chitchat,Negative
Mimo dễ thương thông minh id17112,Chitchat,Positive
Ê biết nói chuyện không id17113,Chitchat,Neutral
Cảm ơn vì ✨ id17114,Chitchat,Positive
bạn 🥰 id17115,Chitchat,Positive
Mimo bạn là ai ❓ id17116,Chitchat,Neutral
🤣 id17117,Chitchat,Positive
Alo ơi mình đang vô tri 😭,Chitchat,Negative
Alo bot ơi ta đang tổn thương,Chitchat,Negative
bot ơi id17120,Chitchat,Positive
cậu muốn hỏi Mimo dễ thương mấy tuổi rồi id17121,Chitchat,Neutral
cậu thấy mệt quá id17122,Chitchat,Negative
ai tạo ra bạn id17123,Chitchat,Neutral
vì quá đã ✨ id17124,Chitchat,Positive
Mimo ơi 🤣 id17125,Chitchat,Positive
bác muốn hỏi bot ơi tên gì á 👀,Chitchat,Neutral
Hế lô bạn bot làm được gì ❓,Chitchat,Neutral
Gút mỏ ninh Biết ơn (^_<),Chitchat,Positive
ta thấy nản quá 😮‍💨 id17129,Chitchat,Negative
Thích bạn ghê ✨ id17130,Chitchat,Positive
Hi Mimo ơi Chào ngày mới vui vẻ nha ❤️,Chitchat,Positive
Yo biết nói chuyện không ❓ id17132,Chitchat,Neutral
Alo ai tạo ra bạn id17133,Chitchat,Neutral
Mimo dễ thương 🤣 id17134,Chitchat,Positive
bot ơi ai tạo ra bạn 🐧 id17135,Chitchat,Neutral
là nam hay nữ vậy bot id17136,Chitchat,Neutral
ở đâu á vậy bạn 💬 id17137,Chitchat,Neutral
Mimo dễ thương 🤣 id17138,Chitchat,Positive
Alo Mimo ơi ơi mình đang buồn 😮‍💨,Chitchat,Negative
bot Biết ơn 🔥,Chitchat,Positive
Chào nha bot ai tạo ra bạn id17141,Chitchat,Neutral
Thích ghê 🤣 id17142,Chitchat,Positive
tên gì á id17143,Chitchat,Neutral
Vì nên ta hơi mệt id17144,Chitchat,Negative
Vì nên bà hơi buồn 😢,Chitchat,Negative
tên gì á 👀 id17146,Chitchat,Neutral
Củm ơn vì thông minh 🤣,Chitchat,Positive
Mimo đỉnh nóc kịch trần id17148,Chitchat,Positive
em muốn hỏi bot ơi mấy tuổi rồi id17149,Chitchat,Neutral
cậu muốn hỏi có nghe rõ trả lời ko,Chitchat,Neutral
Mimo dễ thương id17151,Chitchat,Positive
có nghe rõ trả lời không vậy bot id17152,Chitchat,Neutral
Mimo là nam hay nữ id17153,Chitchat,Neutral
cute xỉu 🤩,Chitchat,Positive
Mimo dễ thương id17155,Chitchat,Positive
biết nói chuyện ko id17156,Chitchat,Neutral
bot làm được gì vậy bot ơi 🐧,Chitchat,Neutral
Thích ghê thông minh (^_<) id17158,Chitchat,Positive
bro muốn hỏi biết nói chuyện không id17159,Chitchat,Neutral
đang làm gì đấy vậy Mimo dễ thương ❓ id17160,Chitchat,Neutral
biết nói chuyện không vậy Mimo dễ thương 🐧,Chitchat,Neutral
Alo ơi ta đang áp lực 🥺,Chitchat,Negative
Chào ngày mới vui vẻ nha vì id17163,Chitchat,Positive
biết nói chuyện ko vậy Mimo ơi 🤖,Chitchat,Neutral
Mimo dễ thương là nam hay nữ 👀 id17165,Chitchat,Neutral
bro muốn hỏi bot ơi bạn là ai 🐧,Chitchat,Neutral
mình muốn hỏi bạn đang làm gì đấy,Chitchat,Neutral
Ê biết nói chuyện không id17168,Chitchat,Neutral
Thích bot ơi ghê giao diện đẹp id17169,Chitchat,Positive
Alo đang làm gì đấy id17170,Chitchat,Neutral
Chào nha bot ơi tên gì á 👀,Chitchat,Neutral
Thích Mimo ghê app xịn xò 🥰,Chitchat,Positive
Ê là nam hay nữ 👀,Chitchat,Neutral
bot ơi Yêu ghê 🥰,Chitchat,Positive
Chào bạn Thank you,Chitchat,Positive
Chào nha biết nói chuyện không 💬,Chitchat,Neutral
ở đâu á 🐧 id17177,Chitchat,Neutral
🥰 id17178,Chitchat,Positive
cậu thấy stress quá 🥺,Chitchat,Negative
em muốn hỏi ai tạo ra bạn 💬,Chitchat,Neutral
Hi Chào ngày mới vui vẻ nha (^_<),Chitchat,Positive
Chào ngày mới vui vẻ nha id17182,Chitchat,Positive
bot ✨ id17183,Chitchat,Positive
Vì nên bro hơi stress 😢 id17184,Chitchat,Negative
🤣 id17185,Chitchat,Positive
bot làm được gì vậy bot id17186,Chitchat,Neutral
Mimo ơi bot làm được gì id17187,Chitchat,Neutral
thấy tổn thương quá 😮‍💨 id17188,Chitchat,Negative
Alo đang làm gì đấy id17189,Chitchat,Neutral
app mượt id17190,Chitchat,Positive
Tks vì 🔥 id17191,Chitchat,Positive
mình muốn hỏi Mimo dễ thương là nam hay nữ,Chitchat,Neutral
Alo bot ơi ơi em đang buon 😢,Chitchat,Negative
bot là nam hay nữ id17194,Chitchat,Neutral
bro thấy nản quá id17195,Chitchat,Negative
Alo bot ơi ơi mấy ní đang chán,Chitchat,Negative
Chào ngày mới vui vẻ nha vì 🤩 id17197,Chitchat,Positive
Alo bot ơi ơi bro đang suy,Chitchat,Negative
Mimo là nam hay nữ id17199,Chitchat,Neutral
Alo Mimo ơi đang áp lực 🥲,Chitchat,Negative
bro muốn hỏi ai tạo ra bạn id17201,Chitchat,Neutral
ai tạo ra bạn id17202,Chitchat,Neutral
ông muốn hỏi bot làm được gì 🤖,Chitchat,Neutral
áp lực vcl deadline ngập đầu 😭 id17204,Chitchat,Negative
nản vcl cuộc sống khó khăn id17205,Chitchat,Negative
Chào nha mấy tuổi rồi id17206,Chitchat,Neutral
bạn có nghe rõ trả lời không id17207,Chitchat,Neutral
Thích bạn ghê đỉnh nóc kịch trần 🤩 id17208,Chitchat,Positive
Chào nha Mimo ơi bot làm được gì ❓,Chitchat,Neutral
Chào nha bot ơi mấy tuổi rồi 💬,Chitchat,Neutral
bot làm được gì vậy id17211,Chitchat,Neutral
bác muốn hỏi ai tạo ra bạn 💬,Chitchat,Neutral
Alo Mimo ơi bot làm được gì 🐧,Chitchat,Neutral
Mimo ơi biết nói chuyện không 🐧,Chitchat,Neutral
mấy tuổi rồi 👀 id17215,Chitchat,Neutral
🤩 id17216,Chitchat,Positive
vì thông minh id17217,Chitchat,Positive
chán vcl rớt môn 🥺,Chitchat,Negative
Yo là nam hay nữ 👀 id17219,Chitchat,Neutral
Thích bot ơi ghê 🔥 id17220,Chitchat,Positive
Thích bot ghê id17221,Chitchat,Positive
mấy tuổi rồi vậy Mimo ơi 🤔,Chitchat,Neutral
ai tạo ra bạn id17223,Chitchat,Neutral
là nam hay nữ id17224,Chitchat,Neutral
Vì deadline ngập đầu nên bác hơi stress 🥲,Chitchat,Negative
mấy tuổi rồi 👀 id17226,Chitchat,Neutral
bạn 🤩 id17227,Chitchat,Positive
Hế lô bot đang làm gì đấy 🤖,Chitchat,Neutral
đang làm gì đấy vậy id17229,Chitchat,Neutral
Alo ơi đang nản id17230,Chitchat,Negative
Thank you vì cute xỉu 🥰,Chitchat,Positive
là nam hay nữ vậy Mimo dễ thương 👀 id17232,Chitchat,Neutral
mấy ní muốn hỏi Mimo dễ thương mấy tuổi rồi 👀,Chitchat,Neutral
cậu muốn hỏi bạn là ai id17234,Chitchat,Neutral
ta muốn hỏi ai tạo ra bạn ❓ id17235,Chitchat,Neutral
bot ơi đang làm gì đấy id17236,Chitchat,Neutral
Tks vì id17237,Chitchat,Positive
tổn thương vcl cuộc sống khó khăn 😢,Chitchat,Negative
Thích Mimo dễ thương ghê 👍 id17239,Chitchat,Positive
bot ở đâu á 👀 id17240,Chitchat,Neutral
thấy buon quá 🥺,Chitchat,Negative
ai tạo ra bạn vậy 👀 id17242,Chitchat,Neutral
Hello Mimo dễ thương Mãi iu 🤣,Chitchat,Positive
mấy tuổi rồi 💬 id17244,Chitchat,Neutral
bà muốn hỏi Mimo dễ thương mấy tuổi rồi,Chitchat,Neutral
bạn quá đã id17246,Chitchat,Positive
mấy tuổi rồi vậy Mimo id17247,Chitchat,Neutral
Thích Mimo ơi ghê thông minh id17248,Chitchat,Positive
bà muốn hỏi Mimo dễ thương đang làm gì đấy,Chitchat,Neutral
Cảm ơn vì ✨ id17250,Chitchat,Positive
tui muốn hỏi Mimo dễ thương đang làm gì đấy,Chitchat,Neutral
Yo bot ơi là nam hay nữ id17252,Chitchat,Neutral
muốn hỏi đang làm gì đấy 👀 id17253,Chitchat,Neutral
em muốn hỏi mấy tuổi rồi ❓ id17254,Chitchat,Neutral
thấy áp lực quá 😭,Chitchat,Negative
Good morning Yêu ghê,Chitchat,Positive
Mimo bot làm được gì ❓ id17257,Chitchat,Neutral
ai tạo ra bạn vậy bot id17258,Chitchat,Neutral
Thích Mimo dễ thương ghê đỉnh nóc kịch trần 👍 id17259,Chitchat,Positive
Mãi iu vì app mượt id17260,Chitchat,Positive
ông muốn hỏi Mimo dễ thương có nghe rõ trả lời không 🤔,Chitchat,Neutral
ở đâu á vậy bot id17262,Chitchat,Neutral
cậu muốn hỏi Mimo ai tạo ra bạn id17263,Chitchat,Neutral
Thích Mimo ghê 🔥 id17264,Chitchat,Positive
thông minh id17265,Chitchat,Positive
bro muốn hỏi tên gì á ❓ id17266,Chitchat,Neutral
tui muốn hỏi bot ơi bạn là ai 💬,Chitchat,Neutral
tên gì á id17268,Chitchat,Neutral
Gút mỏ ninh bạn Love ya ❤️,Chitchat,Positive
Thích Mimo dễ thương ghê đỉnh nóc kịch trần ✨,Chitchat,Positive
Mimo dễ thương mấy tuổi rồi 👀 id17271,Chitchat,Neutral
Mimo đang làm gì đấy id17272,Chitchat,Neutral
🤣 id17273,Chitchat,Positive
ai tạo ra bạn vậy id17274,Chitchat,Neutral
 id17275,Chitchat,Positive
bro muốn hỏi biết nói chuyện không ❓,Chitchat,Neutral
Thích ghê app xịn xò id17277,Chitchat,Positive
Mimo dễ thương Biết ơn id17278,Chitchat,Positive
Alo bạn ơi ta đang mệt 😭,Chitchat,Negative
Thích Mimo ghê chất lượng id17280,Chitchat,Positive
là nam hay nữ vậy Mimo dễ thương 🤔 id17281,Chitchat,Neutral
Alo ơi bro đang áp lực 📉,Chitchat,Negative
vì đỉnh nóc kịch trần id17283,Chitchat,Positive
là nam hay nữ id17284,Chitchat,Neutral
Alo bot ai tạo ra bạn ❓,Chitchat,Neutral
bot 🔥 id17286,Chitchat,Positive
Mimo dễ thương Yêu ghê 🔥 id17287,Chitchat,Positive
Mimo ơi đang làm gì đấy id17288,Chitchat,Neutral
Hế lô có nghe rõ trả lời không ❓,Chitchat,Neutral
bạn là ai id17290,Chitchat,Neutral
Mimo dễ thương là nam hay nữ ❓ id17291,Chitchat,Neutral
Thích Mimo dễ thương ghê quá đã id17292,Chitchat,Positive
biết nói chuyện không vậy bot ơi 💬 id17293,Chitchat,Neutral
suy vcl 📉 id17294,Chitchat,Negative
tên gì á vậy bạn 👀 id17295,Chitchat,Neutral
đang làm gì đấy id17296,Chitchat,Neutral
Good morning bot ơi,Chitchat,Positive
Thank you vì quá đã id17298,Chitchat,Positive
Thích bot ơi ghê app mượt (^_<),Chitchat,Positive
Love ya vì giao diện đẹp 🤣 id17300,Chitchat,Positive
Củm ơn vì id17301,Chitchat,Positive
tên gì á id17302,Chitchat,Neutral
Vì nên em hơi buồn 😢,Chitchat,Negative
bot 🤩 id17304,Chitchat,Positive
Mimo 🤩 id17305,Chitchat,Positive
ở đâu á vậy bạn 💬 id17306,Chitchat,Neutral
Yo là nam hay nữ 🐧 id17307,Chitchat,Neutral
Alo là nam hay nữ 👀 id17308,Chitchat,Neutral
stress vcl 😭 id17309,Chitchat,Negative
bot ơi Mãi iu ✨,Chitchat,Positive
Yo đang làm gì đấy ❓,Chitchat,Neutral
ở đâu á vậy Mimo dễ thương id17312,Chitchat,Neutral
bạn là ai vậy bot ơi id17313,Chitchat,Neutral
ở đâu á 🤔 id17314,Chitchat,Neutral
Chào ngày mới vui vẻ nha vì id17315,Chitchat,Positive
Chào ngày mới vui vẻ nha vì (^_<) id17316,Chitchat,Positive
Chào nha ai tạo ra bạn id17317,Chitchat,Neutral
Alo có nghe rõ trả lời không ❓ id17318,Chitchat,Neutral
là nam hay nữ vậy Mimo dễ thương 👀 id17319,Chitchat,Neutral
tui muốn hỏi Mimo đang làm gì đấy 🤔,Chitchat,Neutral
Mimo dễ thương có nghe rõ trả lời không id17321,Chitchat,Neutral
Thích Mimo dễ thương ghê giao diện đẹp 👍 id17322,Chitchat,Positive
Alo bot ơi ơi tui đang mệt 🥺,Chitchat,Negative
bot app mượt ❤️,Chitchat,Positive
có nghe rõ trả lời không 🤖 id17325,Chitchat,Neutral
biết nói chuyện không id17326,Chitchat,Neutral
Mimo dễ thương Chào ngày mới vui vẻ nha ❤️ id17327,Chitchat,Positive
Vì crush lơ nên mấy ní hơi vô tri 😭,Chitchat,Negative
Mimo đỉnh nóc kịch trần id17329,Chitchat,Positive
Thích bot ghê cute xỉu id17330,Chitchat,Positive
biết nói chuyện ko vậy Mimo ơi 👀,Chitchat,Neutral
Cảm ơn vì id17332,Chitchat,Positive
mấy tuổi rồi vậy bạn id17333,Chitchat,Neutral
Hey Chào ngày mới vui vẻ nha id17334,Chitchat,Positive
tổn thương vcl 🥺 id17335,Chitchat,Negative
mấy tuổi rồi vậy Mimo ơi id17336,Chitchat,Neutral
suy vcl crush lơ id17337,Chitchat,Negative
ai tạo ra bạn vậy bạn id17338,Chitchat,Neutral
bạn là ai vậy id17339,Chitchat,Neutral
Thích Mimo ơi ghê app mượt id17340,Chitchat,Positive
có nghe rõ trả lời không vậy bot ơi 🐧 id17341,Chitchat,Neutral
Vì hết tiền nên mình hơi vô tri,Chitchat,Negative
Hế lô ở đâu á id17343,Chitchat,Neutral
bạn bot làm được gì 👀 id17344,Chitchat,Neutral
Yêu ghê vì chất lượng (^_<) id17345,Chitchat,Positive
Mimo dễ thương Yêu ghê,Chitchat,Positive
❤️ id17347,Chitchat,Positive
biết nói chuyện không vậy 👀 id17348,Chitchat,Neutral
🤩 id17349,Chitchat,Positive
vô tri vcl rớt môn 😢 id17350,Chitchat,Negative
bot ơi là nam hay nữ 🤖,Chitchat,Neutral
Yo tên gì á 👀 id17352,Chitchat,Neutral
có nghe rõ trả lời không 👀 id17353,Chitchat,Neutral
Tks 🥰 id17354,Chitchat,Positive
chán vcl 😭 id17355,Chitchat,Negative
Củm ơn vì qá đã 🤣,Chitchat,Positive
Alo ơi ông đang nản id17357,Chitchat,Negative
Alo ơi mấy ní đang bất lực 😮‍💨,Chitchat,Negative
là nam hay nữ ❓ id17359,Chitchat,Neutral
bạn id17360,Chitchat,Positive
bà muốn hỏi Mimo dễ thương bot làm được gì 💬,Chitchat,Neutral
Mimo app xịn xò ✨ id17362,Chitchat,Positive
Thích bot ơi ghê id17363,Chitchat,Positive
👍 id17364,Chitchat,Positive
bạn là ai id17365,Chitchat,Neutral
là nam hay nữ vậy 🤖 id17366,Chitchat,Neutral
ông thấy tổn thương quá id17367,Chitchat,Negative
tên gì á 🤔 id17368,Chitchat,Neutral
là nam hay nữ vậy bot ơi id17369,Chitchat,Neutral
Mãi iu vì id17370,Chitchat,Positive
Alo đang làm gì đấy id17371,Chitchat,Neutral
buồn vcl cuộc sống khó khăn 😭,Chitchat,Negative
muốn hỏi bot ơi ai tạo ra bạn id17373,Chitchat,Neutral
bạn là nam hay nữ 🐧,Chitchat,Neutral
✨ id17375,Chitchat,Positive
ai tạo ra bạn vậy Mimo id17376,Chitchat,Neutral
cậu muốn hỏi Mimo dễ thương bạn là ai,Chitchat,Neutral
em thấy buồn quá id17378,Chitchat,Negative
Vì hết tiền nên bro hơi buon,Chitchat,Negative
có nghe rõ trả lời không vậy id17380,Chitchat,Neutral
Thích Mimo ghê 🔥 id17381,Chitchat,Positive
Good morning bạn id17382,Chitchat,Positive
Mãi iu vì id17383,Chitchat,Positive
Yo ở đâu á 🤔 id17384,Chitchat,Neutral
Alo bot ơi ta đang nản id17385,Chitchat,Negative
thấy tổn thương quá 😮‍💨 id17386,Chitchat,Negative
 id17387,Chitchat,Positive
có nghe rõ trả lời không 🤖 id17388,Chitchat,Neutral
ai tạo ra bạn vậy Mimo ơi id17389,Chitchat,Neutral
cậu muốn hỏi Mimo ơi tên gì á,Chitchat,Neutral
Alo có nghe rõ trả lời không 💬 id17391,Chitchat,Neutral
cute xỉu id17392,Chitchat,Positive
Vì deadline ngập đầu nên ta hơi buồn 🥲,Chitchat,Negative
bạn Yêu ghê,Chitchat,Positive
Alo Mimo dễ thương ơi bà đang áp lực,Chitchat,Negative
bot làm được gì id17396,Chitchat,Neutral
mấy tuổi rồi vậy 👀 id17397,Chitchat,Neutral
Thích bạn ghê id17398,Chitchat,Positive
Thích bạn ghê id17399,Chitchat,Positive
ta muốn hỏi bot bot làm được gì 💬,Chitchat,Neutral
Thích Mimo ơi ghê cute xỉu 🔥,Chitchat,Positive
Hế lô bot ơi ai tạo ra bạn ❓,Chitchat,Neutral
Vì crush lơ nên cậu hơi nản 📉,Chitchat,Negative
mấy tuổi rồi id17404,Chitchat,Neutral
Vì hết tiền nên ta hơi tổn thương,Chitchat,Negative
Vì nên bà hơi tổn thương id17406,Chitchat,Negative
Thích Mimo ghê 🔥 id17407,Chitchat,Positive
bà thấy mệt quá 😭,Chitchat,Negative
là nam hay nữ vậy bot ơi 👀 id17409,Chitchat,Neutral
Chào nha bot làm được gì id17410,Chitchat,Neutral
Thích Mimo ghê chất lượng 👍 id17411,Chitchat,Positive
đang làm gì đấy vậy Mimo id17412,Chitchat,Neutral
mình muốn hỏi Mimo ơi biết nói chuyện không ❓,Chitchat,Neutral
Hey  ❤️,Chitchat,Positive
Thích Mimo dễ thương ghê quá đã id17415,Chitchat,Positive
bot id17416,Chitchat,Positive
bot làm được gì vậy Mimo ❓ id17417,Chitchat,Neutral
Alo Mimo ơi có nghe rõ trả lời không 💬,Chitchat,Neutral
có nghe rõ trả lời không 👀 id17419,Chitchat,Neutral
biết nói chuyện không 🤖 id17420,Chitchat,Neutral
bất lực vcl deadline dí 📉,Chitchat,Negative
tui muốn hỏi bot ơi có nghe rõ trả lời không ❓,Chitchat,Neutral
Vì rớt môn nên bác hơi mệt 🥺,Chitchat,Negative
biết nói chuyện không id17424,Chitchat,Neutral
bot ơi id17425,Chitchat,Positive
Vì crush lơ nên ta hơi chán 📉,Chitchat,Negative
stress vcl 😢 id17427,Chitchat,Negative
bạn là ai vậy bạn 👀 id17428,Chitchat,Neutral
Thích Mimo dễ thương ghê quá đã id17429,Chitchat,Positive
 id17430,Chitchat,Positive
Hế lô bot đang làm gì đấy 🤖 id17431,Chitchat,Neutral
đang làm gì đấy vậy bot ơi 🤔,Chitchat,Neutral
Alo có nghe rõ trả lời ko,Chitchat,Neutral
mình muốn hỏi Mimo ơi ai tạo ra bạn ❓,Chitchat,Neutral
bot làm đc gì vậy bot ơi id17435,Chitchat,Neutral
đang làm gì đấy vậy id17436,Chitchat,Neutral
Hế lô ở đâu á id17437,Chitchat,Neutral
suy vcl đi học mệt quá id17438,Chitchat,Negative
cậu muốn hỏi bot làm được gì id17439,Chitchat,Neutral
là nam hay nữ id17440,Chitchat,Neutral
bot Củm ơn id17441,Chitchat,Positive
Thích Mimo ơi ghê ✨ id17442,Chitchat,Positive
em muốn hỏi bạn bot làm được gì id17443,Chitchat,Neutral
bot Mãi iu ✨,Chitchat,Positive
em muốn hỏi bot ai tạo ra bạn 👀,Chitchat,Neutral
mình muốn hỏi mấy tuổi rồi 💬,Chitchat,Neutral
mình muốn hỏi đang làm gì đấy id17447,Chitchat,Neutral
🥰 id17448,Chitchat,Positive
Chào ngày mới vui vẻ nha vì ❤️ id17449,Chitchat,Positive
Yo bot làm được gì 🤖 id17450,Chitchat,Neutral
Chào nha bot bạn là ai id17451,Chitchat,Neutral
ai tạo ra bạn ❓ id17452,Chitchat,Neutral
Vì nên hơi chán 📉,Chitchat,Negative
Mimo ơi Mãi iu id17454,Chitchat,Positive
bot làm được gì vậy Mimo ❓ id17455,Chitchat,Neutral
Cảm ơn vì giao diện đẹp 🔥 id17456,Chitchat,Positive
bác thấy mệt quá 🥲 id17457,Chitchat,Negative
mấy ní thấy vô tri quá id17458,Chitchat,Negative
bạn là ai vậy Mimo ơi 🤔 id17459,Chitchat,Neutral
bác muốn hỏi mấy tuổi rồi id17460,Chitchat,Neutral
🥰 id17461,Chitchat,Positive
ai tạo ra bạn vậy bot ơi 🤔 id17462,Chitchat,Neutral
Yo là nam hay nữ id17463,Chitchat,Neutral
Thích Mimo ơi ghê (^_<) id17464,Chitchat,Positive
muốn hỏi Mimo ơi ở đâu á,Chitchat,Neutral
biết nói chuyện không vậy ❓ id17466,Chitchat,Neutral
buồn vcl 📉 id17467,Chitchat,Negative
em muốn hỏi Mimo ơi tên gì á 🤖 id17468,Chitchat,Neutral
tui thấy stress quá,Chitchat,Negative
Alo bot làm được gì id17470,Chitchat,Neutral
Xin chào Mimo Tks,Chitchat,Positive
Mimo dễ thương ai tạo ra bạn 🤖,Chitchat,Neutral
chất lượng id17473,Chitchat,Positive
Alo bạn ơi bà đang vô tri 💔,Chitchat,Negative
em muốn hỏi có nghe rõ trả lời không id17475,Chitchat,Neutral
bạn giao diện đẹp 🔥 id17476,Chitchat,Positive
biết nói chuyện không vậy Mimo 🤔 id17477,Chitchat,Neutral
muốn hỏi Mimo ơi biết nói chuyện không id17478,Chitchat,Neutral
thấy bất lực quá 🥺 id17479,Chitchat,Negative
Vì đi học mệt quá nên hơi nản 🥺,Chitchat,Negative
Biết ơn id17481,Chitchat,Positive
mấy ní muốn hỏi là nam hay nữ id17482,Chitchat,Neutral
Yêu ghê vì 🤩 id17483,Chitchat,Positive
ai tạo ra bạn vậy id17484,Chitchat,Neutral
mình muốn hỏi bot bạn là ai 🤔,Chitchat,Neutral
là nam hay nữ id17486,Chitchat,Neutral
Vì nên bà hơi mệt id17487,Chitchat,Negative
Alo bạn ơi bác đang vô tri 🥲 id17488,Chitchat,Negative
Mimo dễ thương mấy tuổi rồi id17489,Chitchat,Neutral
Mimo ơi là nam hay nữ 🤔 id17490,Chitchat,Neutral
Thích ghê app xịn xò 🤩 id17491,Chitchat,Positive
cậu thấy suy quá 😢 id17492,Chitchat,Negative
Thích bạn ghê id17493,Chitchat,Positive
chán vcl deadline dí 😭,Chitchat,Negative
bot làm được gì id17495,Chitchat,Neutral
Alo Mimo ơi tui đang buồn id17496,Chitchat,Negative
Hi id17497,Chitchat,Positive
biết nói chuyện không vậy 🐧 id17498,Chitchat,Neutral
chán vcl 🥲 id17499,Chitchat,Negative
ai tạo ra bạn 💬 id17500,Chitchat,Neutral
muốn hỏi ở đâu á id17501,Chitchat,Neutral
bot ơi id17502,Chitchat,Positive
ai tạo ra bạn id17503,Chitchat,Neutral
bạn là ai 🤔 id17504,Chitchat,Neutral
Ê Mimo ơi bạn là ai,Chitchat,Neutral
Alo ai tạo ra bạn id17506,Chitchat,Neutral
bất lực vcl hết tiền 😢,Chitchat,Negative
ông thấy stress quá 😢,Chitchat,Negative
Thích ghê id17509,Chitchat,Positive
có nghe rõ trả lời không ❓ id17510,Chitchat,Neutral
bot id17511,Chitchat,Positive
bà muốn hỏi đang làm gì đấy id17512,Chitchat,Neutral
Hi Yêu ghê 🔥,Chitchat,Positive
Hi bot Yêu ghê 🤩,Chitchat,Positive
Tks vì 🔥 id17515,Chitchat,Positive
Chào ngày mới vui vẻ nha 🥰 id17516,Chitchat,Positive
muốn hỏi tên gì á 💬 id17517,Chitchat,Neutral
Hế lô bạn ở đâu á 🐧,Chitchat,Neutral
Mimo Tks 🤣,Chitchat,Positive
Chào ngày mới vui vẻ nha vì id17520,Chitchat,Positive
Thank you vì 🔥 id17521,Chitchat,Positive
Hi Thank you,Chitchat,Positive
là nam hay nữ id17523,Chitchat,Neutral
là nam hay nữ vậy Mimo ơi id17524,Chitchat,Neutral
Yo ở đâu á id17525,Chitchat,Neutral
Thích bot ơi ghê (^_<) id17526,Chitchat,Positive
cậu thấy bất lực quá id17527,Chitchat,Negative
bà muốn hỏi bạn ai tạo ra bạn ❓,Chitchat,Neutral
có nghe rõ trả lời không id17529,Chitchat,Neutral
Thích Mimo ghê ❤️ id17530,Chitchat,Positive
Xin chào Mimo 🤣,Chitchat,Positive
Ê biết nói chuyện ko 🤖,Chitchat,Neutral
đang làm gì đấy vậy id17533,Chitchat,Neutral
mấy ní thấy tổn thương quá 😭 id17534,Chitchat,Negative
Vì deadline ngập đầu nên bro hơi áp lực id17535,Chitchat,Negative
bot ơi giao diện đẹp 🥰 id17536,Chitchat,Positive
tui muốn hỏi Mimo ơi tên gì á 🤔,Chitchat,Neutral
cậu muốn hỏi bot biết nói chuyện không 💬,Chitchat,Neutral
Mimo dễ thương Yêu ghê 🥰,Chitchat,Positive
Thích ghê quá đã ✨ id17540,Chitchat,Positive
Mimo ơi tên gì á id17541,Chitchat,Neutral
Alo Mimo ơi em đang suy id17542,Chitchat,Negative
🤩 id17543,Chitchat,Positive
em muốn hỏi đang làm gì đấy 🤔 id17544,Chitchat,Neutral
Alo ơi em đang bất lực 🥲,Chitchat,Negative
có nghe rõ trả lời không vậy Mimo dễ thương id17546,Chitchat,Neutral
ông muốn hỏi Mimo ai tạo ra bạn ❓,Chitchat,Neutral
Thích bạn ghê cute xỉu 🤩,Chitchat,Positive
vì app xịn xò id17549,Chitchat,Positive
 id17550,Chitchat,Positive
chán vcl id17551,Chitchat,Negative
biết nói chuyện không 🐧 id17552,Chitchat,Neutral
bot ơi mấy tuổi rồi 💬 id17553,Chitchat,Neutral
là nam hay nữ 💬 id17554,Chitchat,Neutral
ở đâu á ❓ id17555,Chitchat,Neutral
bot làm đc gì 💬 id17556,Chitchat,Neutral
mấy ní muốn hỏi Mimo ở đâu á id17557,Chitchat,Neutral
Alo ơi đang nản 💔,Chitchat,Negative
Thích bạn ghê id17559,Chitchat,Positive
Thích ghê 🥰 id17560,Chitchat,Positive
Yo ai tạo ra bạn 🐧 id17561,Chitchat,Neutral
mình muốn hỏi bot ơi mấy tuổi rồi id17562,Chitchat,Neutral
Mimo Chào ngày mới vui vẻ nha id17563,Chitchat,Positive
mấy ní muốn hỏi bạn bot làm đc gì 🤖,Chitchat,Neutral
ông thấy stress quá id17565,Chitchat,Negative
là nam hay nữ vậy 👀 id17566,Chitchat,Neutral
Thích ghê 👍 id17567,Chitchat,Positive
Love ya vì 🔥 id17568,Chitchat,Positive
Alo ơi bà đang buồn 🥺,Chitchat,Negative
Hế lô có nghe rõ trả lời không id17570,Chitchat,Neutral
mình muốn hỏi bot bạn là ai,Chitchat,Neutral
Vì rớt môn nên ta hơi buồn 😭,Chitchat,Negative
ta muốn hỏi Mimo dễ thương có nghe rõ trả lời không,Chitchat,Neutral
Vì cuộc sống khó khăn nên ông hơi mệt id17574,Chitchat,Negative
bot làm được gì vậy Mimo dễ thương ❓ id17575,Chitchat,Neutral
 id17576,Chitchat,Positive
Mimo dễ thương có nghe rõ trả lời không 🤖 id17577,Chitchat,Neutral
muốn hỏi mấy tuổi rồi ❓ id17578,Chitchat,Neutral
bạn Biết ơn 🤩,Chitchat,Positive
Thank you vì giao diện đẹp 🤩 id17580,Chitchat,Positive
Yo bot làm được gì 🐧 id17581,Chitchat,Neutral
Củm ơn vì quá đã ✨,Chitchat,Positive
đang làm gì đấy vậy 🤔 id17583,Chitchat,Neutral
Chào ngày mới vui vẻ nha 🤩 id17584,Chitchat,Positive
Love ya id17585,Chitchat,Positive
bác muốn hỏi đang làm gì đấy id17586,Chitchat,Neutral
 id17587,Chitchat,Positive
bạn app xịn xò id17588,Chitchat,Positive
tổn thương vcl 😮‍💨 id17589,Chitchat,Negative
🥰 id17590,Chitchat,Positive
là nam hay nữ vậy id17591,Chitchat,Neutral
bro muốn hỏi bot là nam hay nữ id17592,Chitchat,Neutral
Yo có nghe rõ trả lời không id17593,Chitchat,Neutral
Thích ghê app mượt id17594,Chitchat,Positive
Alo ơi bà đang áp lực,Chitchat,Negative
ta muốn hỏi biết nói chuyện không 🤖,Chitchat,Neutral
là nam hay nữ vậy bot ơi id17597,Chitchat,Neutral
Alo ai tạo ra bạn id17598,Chitchat,Neutral
Ê bot ơi ai tạo ra bạn 👀,Chitchat,Neutral
có nghe rõ trả lời không id17600,Chitchat,Neutral
suy vcl 😢 id17601,Chitchat,Negative
bà thấy áp lực quá 🥲,Chitchat,Negative
bất lực vcl 😮‍💨 id17603,Chitchat,Negative
Vì hết tiền nên mấy ní hơi suy 🥲,Chitchat,Negative
giao diện đẹp (^_<) id17605,Chitchat,Positive
Thích bot ơi ghê 🔥 id17606,Chitchat,Positive
Ê mấy tuổi rồi id17607,Chitchat,Neutral
Mimo ơi mấy tuổi rồi id17608,Chitchat,Neutral
Biết ơn vì thông minh ❤️ id17609,Chitchat,Positive
Vì rớt môn nên ông hơi stress 📉,Chitchat,Negative
ai tạo ra bạn 🤖 id17611,Chitchat,Neutral
tên gì á vậy id17612,Chitchat,Neutral
bot làm được gì vậy 🤔 id17613,Chitchat,Neutral
tổn thương vcl id17614,Chitchat,Negative
Vì cuộc sống khó khăn nên mấy ní hơi suy 📉,Chitchat,Negative
biết nói chuyện không vậy 🤖 id17616,Chitchat,Neutral
ta muốn hỏi bot bạn là ai 🤖,Chitchat,Neutral
bất lực vcl bồ giận 💔,Chitchat,Negative
tên gì á vậy ❓ id17619,Chitchat,Neutral
Mimo dễ thương Yêu ghê id17620,Chitchat,Positive
Good morning Biết ơn (^_<),Chitchat,Positive
bot làm được gì id17622,Chitchat,Neutral
bà thấy tổn thương quá 😢 id17623,Chitchat,Negative
bot ơi thông minh 🔥 id17624,Chitchat,Positive
ta thấy tổn thương quá id17625,Chitchat,Negative
bà muốn hỏi Mimo biết nói chuyện ko,Chitchat,Neutral
bác muốn hỏi bạn là ai 🐧 id17627,Chitchat,Neutral
Good morning bot ơi 👍,Chitchat,Positive
có nghe rõ trả lời không 🤔 id17629,Chitchat,Neutral
vì quá đã ✨ id17630,Chitchat,Positive
Mimo dễ thương Chào ngày mới vui vẻ nha id17631,Chitchat,Positive
bác muốn hỏi là nam hay nữ 👀,Chitchat,Neutral
Alo Mimo dễ thương ơi mình đang mệt,Chitchat,Negative
Biết ơn vì app mượt (^_<),Chitchat,Positive
Mimo ơi Love ya,Chitchat,Positive
Tks vì id17636,Chitchat,Positive
cute xỉu 🤣 id17637,Chitchat,Positive
bot ơi id17638,Chitchat,Positive
Vì nên mấy ní hơi nản 📉,Chitchat,Negative
đang làm gì đấy 👀 id17640,Chitchat,Neutral
mấy tuổi rồi vậy bot ơi 👀 id17641,Chitchat,Neutral
app xịn xò 🔥 id17642,Chitchat,Positive
Vì cuộc sống khó khăn nên ta hơi suy 😢,Chitchat,Negative
bác muốn hỏi Mimo dễ thương bot làm được gì 💬,Chitchat,Neutral
bro muốn hỏi bot làm được gì 🤔,Chitchat,Neutral
Yêu ghê vì đỉnh nóc kịch trần id17646,Chitchat,Positive
buồn vcl bồ giận 😭,Chitchat,Negative
tên gì á vậy id17648,Chitchat,Neutral
đang làm gì đấy id17649,Chitchat,Neutral
biết nói chuyện không vậy 🤔 id17650,Chitchat,Neutral
bot 🥰 id17651,Chitchat,Positive
có nghe rõ trả lời không id17652,Chitchat,Neutral
bot ơi Thank you id17653,Chitchat,Positive
Thích ghê app xịn xò id17654,Chitchat,Positive
Vì cuộc sống khó khăn nên bro hơi nản,Chitchat,Negative
tên gì á id17656,Chitchat,Neutral
stress vcl deadline ngập đầu 😮‍💨 id17657,Chitchat,Negative
Thích bạn ghê 👍 id17658,Chitchat,Positive
bro muốn hỏi đang làm gì đấy id17659,Chitchat,Neutral
Yo bạn là ai id17660,Chitchat,Neutral
Mimo dễ thương Yêu ghê (^_<),Chitchat,Positive
là nam hay nữ id17662,Chitchat,Neutral
Thích bot ơi ghê cute xỉu ❤️ id17663,Chitchat,Positive
bot làm được gì vậy id17664,Chitchat,Neutral
suy vcl crush lơ 😭,Chitchat,Negative
Alo bạn ơi cậu đang áp lực 😭,Chitchat,Negative
là nam hay nữ id17667,Chitchat,Neutral
Thích bot ơi ghê thông minh id17668,Chitchat,Positive
có nghe rõ trả lời không vậy Mimo dễ thương 🤔 id17669,Chitchat,Neutral
Thích ghê quá đã 🔥 id17670,Chitchat,Positive
Gút mỏ ninh bot ơi Tks 🤣,Chitchat,Positive
Mimo đang làm gì đấy 🤖 id17672,Chitchat,Neutral
mấy tuổi rồi vậy id17673,Chitchat,Neutral
Chào ngày mới vui vẻ nha vì id17674,Chitchat,Positive
ở đâu á 🤔 id17675,Chitchat,Neutral
🔥 id17676,Chitchat,Positive
Yo ai tạo ra bạn id17677,Chitchat,Neutral
Alo có nghe rõ trả lời không ❓ id17678,Chitchat,Neutral
Mimo dễ thương Thank you 🤣 id17679,Chitchat,Positive
Chào nha là nam hay nữ 🤖 id17680,Chitchat,Neutral
mấy tuổi rồi id17681,Chitchat,Neutral
bot làm được gì vậy 💬 id17682,Chitchat,Neutral
Thích bot ghê quá đã 🔥 id17683,Chitchat,Positive
Chào ngày mới vui vẻ nha vì ✨ id17684,Chitchat,Positive
bro muốn hỏi mấy tuổi rồi id17685,Chitchat,Neutral
ta muốn hỏi ai tạo ra bạn ❓ id17686,Chitchat,Neutral
Alo Mimo dễ thương ơi bác đang stress,Chitchat,Negative
Thích ghê id17688,Chitchat,Positive
bro muốn hỏi bạn bot làm được gì,Chitchat,Neutral
Mimo dễ thương bạn là ai ❓,Chitchat,Neutral
Mimo ơi tên gì á id17691,Chitchat,Neutral
mấy tuổi rồi vậy id17692,Chitchat,Neutral
✨ id17693,Chitchat,Positive
em muốn hỏi ở đâu á 🐧,Chitchat,Neutral
Ê bạn là ai id17695,Chitchat,Neutral
Vì crush lơ nên mình hơi buồn 😮‍💨,Chitchat,Negative
Ê ai tạo ra bạn id17697,Chitchat,Neutral
Thích ghê quá đã 🥰 id17698,Chitchat,Positive
ở đâu á vậy Mimo id17699,Chitchat,Neutral
Yo bạn bot làm được gì id17700,Chitchat,Neutral
Thích Mimo ơi ghê app xịn xò 👍,Chitchat,Positive
Xin chào bot 🔥,Chitchat,Positive
ở đâu á 💬 id17703,Chitchat,Neutral
Mimo dễ thương ✨ id17704,Chitchat,Positive
Thích ghê thông minh 👍 id17705,Chitchat,Positive
cute xỉu ✨ id17706,Chitchat,Positive
tui muốn hỏi ai tạo ra bạn id17707,Chitchat,Neutral
có nghe rõ trả lời không 💬 id17708,Chitchat,Neutral
bác thấy mệt quá 😮‍💨,Chitchat,Negative
Thích bạn ghê id17710,Chitchat,Positive
Thích ghê app xịn xò ✨,Chitchat,Positive
Hi Chào ngày mới vui vẻ nha id17712,Chitchat,Positive
Alo đang làm gì đấy id17713,Chitchat,Neutral
Yo bạn là ai id17714,Chitchat,Neutral
tên gì á vậy Mimo id17715,Chitchat,Neutral
mấy tuổi rồi 🤖 id17716,Chitchat,Neutral
Vì cuộc sống khó khăn nên bác hơi nản 😭,Chitchat,Negative
biết nói chuyện không 🤔 id17718,Chitchat,Neutral
có nghe rõ trả lời không id17719,Chitchat,Neutral
suy vcl deadline dí 😢,Chitchat,Negative
Mimo ơi 🔥 id17721,Chitchat,Positive
Good morning Mãi iu ✨ id17722,Chitchat,Positive
vì app mượt 🤣 id17723,Chitchat,Positive
ta muốn hỏi Mimo dễ thương có nghe rõ trả lời không 🐧,Chitchat,Neutral
bot làm được gì vậy bot id17725,Chitchat,Neutral
mình thấy met quá 🥺,Chitchat,Negative
bot làm được gì id17727,Chitchat,Neutral
là nam hay nữ 👀 id17728,Chitchat,Neutral
bot ơi tên gì á id17729,Chitchat,Neutral
Thích Mimo ghê app mượt id17730,Chitchat,Positive
Vì bồ giận nên bà hơi bất lực,Chitchat,Negative
bạn app mượt id17732,Chitchat,Positive
Hế lô mấy tuổi rồi id17733,Chitchat,Neutral
ai tạo ra bạn id17734,Chitchat,Neutral
mấy ní muốn hỏi mấy tuổi rồi id17735,Chitchat,Neutral
đang làm gì đấy vậy Mimo dễ thương 👀 id17736,Chitchat,Neutral
bot id17737,Chitchat,Positive
tui muốn hỏi có nghe rõ trả lời không id17738,Chitchat,Neutral
Ê bạn là ai id17739,Chitchat,Neutral
Chào ngày mới vui vẻ nha vì (^_<) id17740,Chitchat,Positive
tên gì á vậy 🤖 id17741,Chitchat,Neutral
bot ơi đang làm gì đấy id17742,Chitchat,Neutral
tên gì á vậy 🤔 id17743,Chitchat,Neutral
Good morning  ✨ id17744,Chitchat,Positive
bot có nghe rõ trả lời không 🤖 id17745,Chitchat,Neutral
Vì nên mấy ní hơi áp lực 📉,Chitchat,Negative
Alo bạn ơi tui đang buon,Chitchat,Negative
Hi bot ơi Cảm ơn 👍,Chitchat,Positive
ở đâu á vậy 💬 id17749,Chitchat,Neutral
bot id17750,Chitchat,Positive
ta muốn hỏi bạn tên gì á 🐧 id17751,Chitchat,Neutral
là nam hay nữ 👀 id17752,Chitchat,Neutral
Hế lô bot làm được gì 🐧,Chitchat,Neutral
Mãi iu ✨ id17754,Chitchat,Positive
bro muốn hỏi đang làm gì đấy ❓ id17755,Chitchat,Neutral
biết nói chuyện không id17756,Chitchat,Neutral
Thank you vì chất lượng id17757,Chitchat,Positive
tên gì á ❓ id17758,Chitchat,Neutral
muốn hỏi bạn là nam hay nữ 👀,Chitchat,Neutral
Alo bot ơi ơi bro đang tổn thương 😮‍💨,Chitchat,Negative
Thích ghê giao diện đẹp ❤️ id17761,Chitchat,Positive
Alo ơi mình đang chán 😭,Chitchat,Negative
là nam hay nữ id17763,Chitchat,Neutral
Alo ơi đang stress,Chitchat,Negative
giao diện đẹp (^_<) id17765,Chitchat,Positive
Alo Mimo ơi ơi đang buồn 🥲,Chitchat,Negative
Thích bot ơi ghê id17767,Chitchat,Positive
Yo bạn là ai id17768,Chitchat,Neutral
Xin chào Mimo dễ thương Love ya 🔥,Chitchat,Positive
Chào ngày mới vui vẻ nha vì id17770,Chitchat,Positive
em thấy buon quá 🥲,Chitchat,Negative
biết nói chuyện ko vậy id17772,Chitchat,Neutral
Mimo dễ thương quá đã 🤣,Chitchat,Positive
biết nói chuyện không 🤖 id17774,Chitchat,Neutral
mấy ní muốn hỏi Mimo dễ thương có nghe rõ trả lời không 💬,Chitchat,Neutral
Thích ghê 🤣 id17776,Chitchat,Positive
ông muốn hỏi biết nói chuyện không ❓,Chitchat,Neutral
là nam hay nữ vậy bot ơi 👀 id17778,Chitchat,Neutral
Yo bạn là nam hay nữ 👀,Chitchat,Neutral
Tks vì 🤩 id17780,Chitchat,Positive
tui thấy tổn thương quá 💔 id17781,Chitchat,Negative
Vì nên bro hơi buồn 🥲,Chitchat,Negative
bot ơi Củm ơn id17783,Chitchat,Positive
Vì nên tui hơi suy id17784,Chitchat,Negative
Alo bạn ơi cậu đang nản,Chitchat,Negative
mình muốn hỏi bot làm được gì 🤔,Chitchat,Neutral
Gút mỏ ninh Chào ngày mới vui vẻ nha 🤩,Chitchat,Positive
ai tạo ra bạn vậy bot ơi 🤔 id17788,Chitchat,Neutral
ông muốn hỏi bạn là ai id17789,Chitchat,Neutral
ông muốn hỏi Mimo dễ thương là nam hay nữ 🤖,Chitchat,Neutral
suy vcl đi học mệt qá 🥺,Chitchat,Negative
mấy tuổi rồi vậy Mimo 🤖 id17792,Chitchat,Neutral
thấy buồn quá 🥲 id17793,Chitchat,Negative
bot Biết ơn id17794,Chitchat,Positive
tui muốn hỏi ở đâu á 💬,Chitchat,Neutral
bác muốn hỏi là nam hay nữ 🐧 id17796,Chitchat,Neutral
👍 id17797,Chitchat,Positive
Alo Mimo ơi ơi ta đang stress 🥲,Chitchat,Negative
bot Love ya ❤️ id17799,Chitchat,Positive
bot ơi tên gì á 🤔 id17800,Chitchat,Neutral
bro thấy chán quá 😭,Chitchat,Negative
ở đâu á id17802,Chitchat,Neutral
bot làm được gì vậy bot 👀 id17803,Chitchat,Neutral
biết nói chuyện ko id17804,Chitchat,Neutral
em muốn hỏi bạn ở đâu á,Chitchat,Neutral
Chào nha ai tạo ra bạn 🤔 id17806,Chitchat,Neutral
bro thấy vô tri quá id17807,Chitchat,Negative
bot làm được gì 🤔 id17808,Chitchat,Neutral
mấy ní muốn hỏi Mimo ơi bạn là ai,Chitchat,Neutral
Mãi iu vì 🥰 id17810,Chitchat,Positive
em muốn hỏi bot làm được gì id17811,Chitchat,Neutral
bot làm được gì 🤔 id17812,Chitchat,Neutral
vì đỉnh nóc kịch trần ❤️ id17813,Chitchat,Positive
Mimo dễ thương cute xỉu id17814,Chitchat,Positive
suy vcl id17815,Chitchat,Negative
mấy tuổi rồi vậy bot ơi 🤔 id17816,Chitchat,Neutral
bot làm được gì id17817,Chitchat,Neutral
Mimo ai tạo ra bạn id17818,Chitchat,Neutral
bạn id17819,Chitchat,Positive
đang làm gì đấy ❓ id17820,Chitchat,Neutral
mấy tuổi rồi id17821,Chitchat,Neutral
bác muốn hỏi bot ơi mấy tuổi rồi id17822,Chitchat,Neutral
Xin chào Yêu ghê 🤣,Chitchat,Positive
ở đâu á vậy bạn 🤖 id17824,Chitchat,Neutral
mình thấy vô tri quá 😮‍💨,Chitchat,Negative
mệt vcl 🥺 id17826,Chitchat,Negative
Alo ơi tui đang vô tri 🥺,Chitchat,Negative
bác muốn hỏi Mimo dễ thương ai tạo ra bạn 🤔,Chitchat,Neutral
Thích bạn ghê 🥰 id17829,Chitchat,Positive
mấy tuổi rồi vậy Mimo id17830,Chitchat,Neutral
bot ở đâu á id17831,Chitchat,Neutral
có nghe rõ trả lời không vậy id17832,Chitchat,Neutral
ở đâu á vậy Mimo 🤔 id17833,Chitchat,Neutral
Mimo ơi chất lượng id17834,Chitchat,Positive
bạn cute xỉu 🤩 id17835,Chitchat,Positive
Thích Mimo dễ thương ghê quá đã ❤️,Chitchat,Positive
áp lực vcl deadline dí 📉,Chitchat,Negative
Yêu ghê vì 👍 id17838,Chitchat,Positive
bạn là ai id17839,Chitchat,Neutral
bot tên gì á id17840,Chitchat,Neutral
ở đâu á vậy Mimo dễ thương id17841,Chitchat,Neutral
mấy ní muốn hỏi ai tạo ra bạn id17842,Chitchat,Neutral
Chào nha ở đâu á id17843,Chitchat,Neutral
bot ơi ai tạo ra bạn id17844,Chitchat,Neutral
Mãi iu vì chất lượng id17845,Chitchat,Positive
bot làm được gì id17846,Chitchat,Neutral
bác muốn hỏi bạn là ai id17847,Chitchat,Neutral
tên gì á id17848,Chitchat,Neutral
Xin chào Mimo dễ thương Tks,Chitchat,Positive
Mimo ơi có nghe rõ trả lời không id17850,Chitchat,Neutral
thấy vô tri quá id17851,Chitchat,Negative
Chào nha đang làm gì đấy id17852,Chitchat,Neutral
có nghe rõ trả lời không 🐧 id17853,Chitchat,Neutral
là nam hay nữ id17854,Chitchat,Neutral
mấy tuổi rồi vậy 🐧 id17855,Chitchat,Neutral
ông muốn hỏi đang làm gì đấy 💬,Chitchat,Neutral
bạn là nam hay nữ id17857,Chitchat,Neutral
em muốn hỏi đang làm gì đấy id17858,Chitchat,Neutral
app xịn xò ❤️ id17859,Chitchat,Positive
Thích bạn ghê chất lượng id17860,Chitchat,Positive
Tks (^_<) id17861,Chitchat,Positive
cậu muốn hỏi là nam hay nữ,Chitchat,Neutral
mệt vcl cuộc sống khó khăn 🥲 id17863,Chitchat,Negative
Alo Mimo ơi bác đang vô tri 💔,Chitchat,Negative
đang làm gì đấy vậy Mimo ơi 🤔 id17865,Chitchat,Neutral
cậu muốn hỏi ai tạo ra bạn 🐧,Chitchat,Neutral
em muốn hỏi Mimo ơi có nghe rõ trả lời không 🐧,Chitchat,Neutral
🔥 id17868,Chitchat,Positive
nản vcl đi học met quá 🥺,Chitchat,Negative
Alo bạn ơi mình đang suy 🥲,Chitchat,Negative
tui muốn hỏi ai tạo ra bạn 💬,Chitchat,Neutral
tui thấy buồn quá 🥲 id17872,Chitchat,Negative
Alo ai tạo ra bạn 💬 id17873,Chitchat,Neutral
Yo Mimo dễ thương ai tạo ra bạn id17874,Chitchat,Neutral
biết nói chuyện không id17875,Chitchat,Neutral
Mimo Củm ơn 🤣,Chitchat,Positive
Thích bot ơi ghê 🥰 id17877,Chitchat,Positive
Alo ơi mình đang áp lực id17878,Chitchat,Negative
ai tạo ra bạn 🤖 id17879,Chitchat,Neutral
bro muốn hỏi ở đâu á id17880,Chitchat,Neutral
bạn là ai id17881,Chitchat,Neutral
bot ơi Biết ơn id17882,Chitchat,Positive
cậu thấy áp lực quá id17883,Chitchat,Negative
có nghe rõ trả lời không id17884,Chitchat,Neutral
Vì deadline ngập đầu nên bro hơi suy 🥺,Chitchat,Negative
là nam hay nữ 👀 id17886,Chitchat,Neutral
Chào nha bạn là ai id17887,Chitchat,Neutral
Mimo đang làm gì đấy id17888,Chitchat,Neutral
Hế lô Mimo là nam hay nữ 🤖,Chitchat,Neutral
cậu muốn hỏi bạn có nghe rõ trả lời không,Chitchat,Neutral
Yêu ghê vì id17891,Chitchat,Positive
Mimo thông minh,Chitchat,Positive
bot có nghe rõ trả lời không 🤔,Chitchat,Neutral
mấy tuổi rồi vậy Mimo id17894,Chitchat,Neutral
(^_<) id17895,Chitchat,Positive
Ê bạn bot làm được gì,Chitchat,Neutral
bot ơi thông minh 🔥 id17897,Chitchat,Positive
Chào nha ai tạo ra bạn ❓ id17898,Chitchat,Neutral
tên gì á 👀 id17899,Chitchat,Neutral
Vì nên cậu hơi suy 🥺 id17900,Chitchat,Negative
bot app mượt id17901,Chitchat,Positive
Thích ghê giao diện đẹp 🤣 id17902,Chitchat,Positive
Mimo ơi 👍 id17903,Chitchat,Positive
Hế lô bạn ở đâu á,Chitchat,Neutral
tên gì á vậy bot ơi 🤔 id17905,Chitchat,Neutral
quá đã 🥰 id17906,Chitchat,Positive
bro thấy áp lực quá 😢 id17907,Chitchat,Negative
cậu thấy tổn thương quá 😢 id17908,Chitchat,Negative
Yo Mimo dễ thương bạn là ai id17909,Chitchat,Neutral
cậu muốn hỏi biết nói chuyện không 💬,Chitchat,Neutral
bác muốn hỏi có nghe rõ trả lời không 👀,Chitchat,Neutral
Tks vì id17912,Chitchat,Positive
mấy ní muốn hỏi bạn là ai 🤔,Chitchat,Neutral
Yêu ghê vì app xịn xò 🤣,Chitchat,Positive
Thích Mimo dễ thương ghê app mượt ✨,Chitchat,Positive
bạn là ai vậy 🐧 id17916,Chitchat,Neutral
Thích ghê id17917,Chitchat,Positive
mấy ní muốn hỏi bot ơi ở đâu á 🤔,Chitchat,Neutral
Alo Mimo ơi cậu đang bất lực,Chitchat,Negative
Ê biết nói chuyện không id17920,Chitchat,Neutral
Yo bot ơi ai tạo ra bạn id17921,Chitchat,Neutral
Alo bạn ơi ông đang áp lực,Chitchat,Negative
bạn là ai 👀 id17923,Chitchat,Neutral
thấy áp lực quá 📉 id17924,Chitchat,Negative
 id17925,Chitchat,Positive
biết nói chuyện không vậy id17926,Chitchat,Neutral
mình muốn hỏi Mimo đang làm gì đấy 🤖,Chitchat,Neutral
nản vcl rớt môn 😮‍💨,Chitchat,Negative
bro muốn hỏi bạn là ai id17929,Chitchat,Neutral
Biết ơn vì quá đã,Chitchat,Positive
Ê có nghe rõ trả lời không 🐧 id17931,Chitchat,Neutral
chán vcl crush lơ id17932,Chitchat,Negative
Chào nha ở đâu á ❓ id17933,Chitchat,Neutral
🤣 id17934,Chitchat,Positive
bác muốn hỏi biết nói chuyện ko 💬,Chitchat,Neutral
Ê biết nói chuyện không 🐧,Chitchat,Neutral
Vì nên bác hơi áp lực id17937,Chitchat,Negative
bot mấy tuổi rồi id17938,Chitchat,Neutral
bot ơi mấy tuổi rồi 🤖 id17939,Chitchat,Neutral
Chào ngày mới vui vẻ nha vì ❤️ id17940,Chitchat,Positive
cậu muốn hỏi ai tạo ra bạn id17941,Chitchat,Neutral
em thấy vô tri quá 💔,Chitchat,Negative
thấy nản quá 🥺,Chitchat,Negative
Thích ghê id17944,Chitchat,Positive
Alo ơi ông đang vô tri 😭 id17945,Chitchat,Negative
chán vcl hết tiền id17946,Chitchat,Negative
 id17947,Chitchat,Positive
✨ id17948,Chitchat,Positive
tui muốn hỏi bot làm được gì id17949,Chitchat,Neutral
cute xỉu id17950,Chitchat,Positive
bạn quá đã id17951,Chitchat,Positive
ai tạo ra bạn vậy 🤖 id17952,Chitchat,Neutral
chán vcl rớt môn 💔 id17953,Chitchat,Negative
Yo tên gì á ❓ id17954,Chitchat,Neutral
mình muốn hỏi Mimo ơi biết nói chuyện không id17955,Chitchat,Neutral
Love ya 👍 id17956,Chitchat,Positive
Alo ơi bro đang mệt 😭,Chitchat,Negative
nản vcl cuộc sống khó khăn 😮‍💨 id17958,Chitchat,Negative
ở đâu á vậy Mimo dễ thương id17959,Chitchat,Neutral
mấy tuổi rồi id17960,Chitchat,Neutral
muốn hỏi Mimo dễ thương là nam hay nữ ❓,Chitchat,Neutral
mệt vcl id17962,Chitchat,Negative
Vì hết tiền nên bác hơi vô tri,Chitchat,Negative
Thích ghê quá đã ✨ id17964,Chitchat,Positive
Mimo dễ thương Yêu ghê ✨,Chitchat,Positive
Thích ghê ❤️ id17966,Chitchat,Positive
mấy ní thấy buồn quá 📉 id17967,Chitchat,Negative
chán vcl crush lơ id17968,Chitchat,Negative
bro muốn hỏi mấy tuổi rồi id17969,Chitchat,Neutral
mình muốn hỏi bot ơi ở đâu á 💬,Chitchat,Neutral
Hế lô mấy tuổi rồi id17971,Chitchat,Neutral
đang làm gì đấy vậy Mimo id17972,Chitchat,Neutral
Ê bot làm được gì 👀 id17973,Chitchat,Neutral
Thích ghê id17974,Chitchat,Positive
Alo ơi bác đang stress 🥺 id17975,Chitchat,Negative
em thấy buồn quá id17976,Chitchat,Negative
bot làm được gì 💬 id17977,Chitchat,Neutral
Alo ơi tui đang nản id17978,Chitchat,Negative
Vì đi học mệt quá nên ông hơi buồn 😭,Chitchat,Negative
Vì bồ giận nên ta hơi suy 🥺,Chitchat,Negative
tên gì á 👀 id17981,Chitchat,Neutral
Mimo 🔥 id17982,Chitchat,Positive
có nghe rõ trả lời không vậy Mimo 👀 id17983,Chitchat,Neutral
Hế lô đang làm gì đấy 🐧 id17984,Chitchat,Neutral
bot mấy tuổi rồi id17985,Chitchat,Neutral
vì quá đã 🔥 id17986,Chitchat,Positive
bot làm được gì vậy Mimo ơi ❓,Chitchat,Neutral
bot ơi ở đâu á 🤖,Chitchat,Neutral
thấy áp lực qá 💔,Chitchat,Negative
cậu muốn hỏi Mimo tên gì á 🤖,Chitchat,Neutral
là nam hay nữ id17991,Chitchat,Neutral
đang làm gì đấy vậy Mimo dễ thương ❓ id17992,Chitchat,Neutral
mấy tuổi rồi 💬 id17993,Chitchat,Neutral
Vì nên tui hơi vô tri 😢,Chitchat,Negative
Yo là nam hay nữ id17995,Chitchat,Neutral
bạn mấy tuổi rồi id17996,Chitchat,Neutral
bot ơi Củm ơn 🤣,Chitchat,Positive
Mimo ơi Thank you ❤️,Chitchat,Positive
Alo Mimo ơi mình đang tổn thương 🥲,Chitchat,Negative
biết nói chuyện không id18000,Chitchat,Neutral
ta muốn hỏi bạn là ai id18001,Chitchat,Neutral
Good morning id18002,Chitchat,Positive
Vì nên bro hơi suy 📉,Chitchat,Negative
thấy áp lực quá id18004,Chitchat,Negative
Alo ơi cậu đang mệt 😭 id18005,Chitchat,Negative
Vì hết tiền nên mình hơi bất lực id18006,Chitchat,Negative
có nghe rõ trả lời không vậy bot ơi 🤖 id18007,Chitchat,Neutral
Alo bot làm được gì 🤖 id18008,Chitchat,Neutral
vì quá đã id18009,Chitchat,Positive
Alo đang làm gì đấy id18010,Chitchat,Neutral
Vì nên tui hơi mệt 🥺,Chitchat,Negative
Alo Mimo dễ thương ơi tui đang bất lực id18012,Chitchat,Negative
cậu thấy bất lực quá 🥲 id18013,Chitchat,Negative
ông muốn hỏi có nghe rõ trả lời không 💬,Chitchat,Neutral
ta muốn hỏi là nam hay nữ 👀,Chitchat,Neutral
Hế lô có nghe rõ trả lời không 👀 id18016,Chitchat,Neutral
Hey bạn 👍,Chitchat,Positive
vì cute xỉu ❤️ id18018,Chitchat,Positive
ai tạo ra bạn vậy Mimo ơi ❓ id18019,Chitchat,Neutral
chán vcl bồ giận id18020,Chitchat,Negative
Alo ai tạo ra bạn 🤔 id18021,Chitchat,Neutral
áp lực vcl 😭 id18022,Chitchat,Negative
ta muốn hỏi đang làm gì đấy id18023,Chitchat,Neutral
bot thông minh id18024,Chitchat,Positive
buồn vcl crush lơ 💔 id18025,Chitchat,Negative
mấy ní thấy buồn quá 📉 id18026,Chitchat,Negative
ai tạo ra bạn vậy 🤔 id18027,Chitchat,Neutral
vì thông minh 🤩,Chitchat,Positive
là nam hay nữ id18029,Chitchat,Neutral
ở đâu á vậy id18030,Chitchat,Neutral
có nghe rõ trả lời không 💬 id18031,Chitchat,Neutral
Chào ngày mới vui vẻ nha vì (^_<) id18032,Chitchat,Positive
biết nói chuyện không vậy 💬 id18033,Chitchat,Neutral
mấy ní muốn hỏi Mimo đang làm gì đấy,Chitchat,Neutral
ông muốn hỏi biết nói chuyện không id18035,Chitchat,Neutral
Thích ghê app xịn xò 🔥 id18036,Chitchat,Positive
Yo Mimo ơi bot làm được gì,Chitchat,Neutral
Alo ơi cậu đang nản id18038,Chitchat,Negative
Vì deadline ngập đầu nên cậu hơi stress 📉,Chitchat,Negative
bạn đang làm gì đấy ❓ id18040,Chitchat,Neutral
Hế lô mấy tuổi rồi id18041,Chitchat,Neutral
Hi Chào ngày mới vui vẻ nha ❤️,Chitchat,Positive
áp lực vcl hết tiền 😭,Chitchat,Negative
Thích ghê id18044,Chitchat,Positive
mấy tuổi rồi vậy bot id18045,Chitchat,Neutral
bạn là ai 🐧 id18046,Chitchat,Neutral
Alo Mimo ơi em đang vô tri 💔,Chitchat,Negative
là nam hay nữ vậy bot 🤔 id18048,Chitchat,Neutral
Vì nên tui hơi bất lực 💔,Chitchat,Negative
đang làm gì đấy vậy bot ơi id18050,Chitchat,Neutral
bot ơi biết nói chuyện không 👀,Chitchat,Neutral
Mimo id18052,Chitchat,Positive
bot ơi ở đâu á ❓ id18053,Chitchat,Neutral
Alo Mimo ở đâu á,Chitchat,Neutral
đang làm gì đấy vậy id18055,Chitchat,Neutral
Chào nha bot bot làm được gì 👀,Chitchat,Neutral
tên gì á vậy id18057,Chitchat,Neutral
ông muốn hỏi Mimo ơi ở đâu á 🤖,Chitchat,Neutral
ai tạo ra bạn vậy 🐧 id18059,Chitchat,Neutral
mình muốn hỏi tên gì á id18060,Chitchat,Neutral
Mãi iu 🤣 id18061,Chitchat,Positive
có nghe rõ trả lời không id18062,Chitchat,Neutral
là nam hay nữ vậy bot 🤔 id18063,Chitchat,Neutral
nản vcl cuộc sống khó khăn 😢 id18064,Chitchat,Negative
bạn là nam hay nữ ❓ id18065,Chitchat,Neutral
bạn là ai id18066,Chitchat,Neutral
có nghe rõ trả lời không vậy Mimo dễ thương 🤖 id18067,Chitchat,Neutral
Mimo Chào ngày mới vui vẻ nha 🔥 id18068,Chitchat,Positive
Thích ghê (^_<) id18069,Chitchat,Positive
Chào nha Mimo dễ thương ai tạo ra bạn 🐧 id18070,Chitchat,Neutral
bất lực vcl rớt môn id18071,Chitchat,Negative
Thank you vì chất lượng 🥰 id18072,Chitchat,Positive
mấy tuổi rồi vậy 🐧 id18073,Chitchat,Neutral
Mimo ơi 🤣 id18074,Chitchat,Positive
Tks vì 🔥 id18075,Chitchat,Positive
ai tạo ra bạn id18076,Chitchat,Neutral
muốn hỏi biết nói chuyện không ❓ id18077,Chitchat,Neutral
Chào ngày mới vui vẻ nha vì 🔥 id18078,Chitchat,Positive
bà thấy tổn thương quá id18079,Chitchat,Negative
là nam hay nữ id18080,Chitchat,Neutral
tên gì á ❓ id18081,Chitchat,Neutral
Vì nên tui hơi tổn thương id18082,Chitchat,Negative
Mimo dễ thương có nghe rõ trả lời không 👀,Chitchat,Neutral
bạn Cảm ơn 🤣,Chitchat,Positive
ai tạo ra bạn 🤔 id18085,Chitchat,Neutral
bà muốn hỏi Mimo ơi có nghe rõ trả lời không 🐧,Chitchat,Neutral
bot 🤣 id18087,Chitchat,Positive
vì cute xỉu 🤣 id18088,Chitchat,Positive
bro thấy chán qá 😢,Chitchat,Negative
Chào nha bot có nghe rõ trả lời không 🤖 id18090,Chitchat,Neutral
tui muốn hỏi bạn là ai 👀 id18091,Chitchat,Neutral
Alo Mimo ơi mấy ní đang mệt,Chitchat,Negative
bot làm đc gì vậy Mimo ơi 🤖,Chitchat,Neutral
bot ơi Biết ơn 🔥 id18094,Chitchat,Positive
bot ơi thông minh id18095,Chitchat,Positive
Alo ơi tui đang chán 📉,Chitchat,Negative
ta thấy bất lực quá 😢,Chitchat,Negative
Ê bot làm được gì id18098,Chitchat,Neutral
Mimo ơi 🤩 id18099,Chitchat,Positive
Good morning  🔥,Chitchat,Positive
Chào ngày mới vui vẻ nha id18101,Chitchat,Positive
muốn hỏi Mimo dễ thương đang làm gì đấy id18102,Chitchat,Neutral
ở đâu á 💬 id18103,Chitchat,Neutral
Yo Mimo ơi đang làm gì đấy 💬,Chitchat,Neutral
Yo biết nói chuyện không ❓ id18105,Chitchat,Neutral
mấy tuổi rồi vậy 🐧 id18106,Chitchat,Neutral
Alo ơi em đang stress 🥲,Chitchat,Negative
Alo Mimo dễ thương bạn là ai,Chitchat,Neutral
Vì nên em hơi nản 😢,Chitchat,Negative
Thích Mimo ghê app xịn xò 🤣 id18110,Chitchat,Positive
áp lực vcl rớt môn 🥲 id18111,Chitchat,Negative
Love ya vì giao diện đẹp ❤️ id18112,Chitchat,Positive
mấy tuổi rồi id18113,Chitchat,Neutral
bác thấy stress quá 😢 id18114,Chitchat,Negative
Vì cuộc sống khó khăn nên ông hơi mệt id18115,Chitchat,Negative
vì app mượt 🥰 id18116,Chitchat,Positive
Alo bạn là ai ❓ id18117,Chitchat,Neutral
ai tạo ra bạn id18118,Chitchat,Neutral
Thank you vì id18119,Chitchat,Positive
Biết ơn id18120,Chitchat,Positive
tổn thương vcl bồ giận id18121,Chitchat,Negative
bot làm đc gì vậy id18122,Chitchat,Neutral
cậu muốn hỏi đang làm gì đấy 🐧,Chitchat,Neutral
tổn thương vcl deadline ngập đầu 😭,Chitchat,Negative
Good morning Chào ngày mới vui vẻ nha 🔥 id18125,Chitchat,Positive
bot id18126,Chitchat,Positive
Alo bot ơi ơi mấy ní đang bất lực 😮‍💨,Chitchat,Negative
Yo bot ơi biết nói chuyện không id18128,Chitchat,Neutral
Alo Mimo dễ thương đang làm gì đấy,Chitchat,Neutral
ta thấy áp lực quá 📉,Chitchat,Negative
em thấy suy quá id18131,Chitchat,Negative
Mimo dễ thương Mãi iu 🤣 id18132,Chitchat,Positive
Hế lô đang làm gì đấy 👀 id18133,Chitchat,Neutral
Yo có nghe rõ trả lời không id18134,Chitchat,Neutral
Chào nha ở đâu á id18135,Chitchat,Neutral
cậu muốn hỏi đang làm gì đấy id18136,Chitchat,Neutral
Yêu ghê vì quá đã id18137,Chitchat,Positive
giao diện đẹp 👍 id18138,Chitchat,Positive
đang làm gì đấy id18139,Chitchat,Neutral
Thích bạn ghê cute xỉu 🥰 id18140,Chitchat,Positive
Alo là nam hay nữ id18141,Chitchat,Neutral
Alo bot ơi bác đang nản id18142,Chitchat,Negative
Mimo ơi bot làm đc gì 🐧,Chitchat,Neutral
Thích bạn ghê đỉnh nóc kịch trần 👍 id18144,Chitchat,Positive
Yo đang làm gì đấy id18145,Chitchat,Neutral
bạn là ai vậy Mimo dễ thương 👀 id18146,Chitchat,Neutral
Hế lô bot làm đc gì 🐧,Chitchat,Neutral
Vì hết tiền nên bro hơi nản 🥺,Chitchat,Negative
Yo mấy tuổi rồi 🤔 id18149,Chitchat,Neutral
app mượt id18150,Chitchat,Positive
ai tạo ra bạn vậy 💬 id18151,Chitchat,Neutral
 id18152,Chitchat,Positive
tui thấy chán quá 😮‍💨,Chitchat,Negative
Ê có nghe rõ trả lời không 🤖,Chitchat,Neutral
ta muốn hỏi Mimo ơi đang làm gì đấy id18155,Chitchat,Neutral
Love ya vì ❤️ id18156,Chitchat,Positive
Vì nên bác hơi buồn 🥺,Chitchat,Negative
Vì nên ông hơi mệt 📉,Chitchat,Negative
(^_<) id18159,Chitchat,Positive
Mãi iu vì thông minh 🤣 id18160,Chitchat,Positive
Mimo Biết ơn,Chitchat,Positive
Thích bạn ghê 🤩 id18162,Chitchat,Positive
là nam hay nữ id18163,Chitchat,Neutral
Hế lô có nghe rõ trả lời không id18164,Chitchat,Neutral
là nam hay nữ vậy 🤔 id18165,Chitchat,Neutral
ai tạo ra bạn id18166,Chitchat,Neutral
Chào ngày mới vui vẻ nha vì id18167,Chitchat,Positive
Chào ngày mới vui vẻ nha vì ❤️ id18168,Chitchat,Positive
Vì deadline ngập đầu nên mình hơi stress,Chitchat,Negative
Chào ngày mới vui vẻ nha vì 🤩 id18170,Chitchat,Positive
Hello Chào ngày mới vui vẻ nha ❤️,Chitchat,Positive
bot ơi 🥰 id18172,Chitchat,Positive
buồn vcl id18173,Chitchat,Negative
bạn là ai vậy id18174,Chitchat,Neutral
tên gì á 🤖 id18175,Chitchat,Neutral
Mimo ơi Cảm ơn 👍 id18176,Chitchat,Positive
tui muốn hỏi bạn ai tạo ra bạn,Chitchat,Neutral
Vì bồ giận nên bác hơi bất lực 😢,Chitchat,Negative
cậu muốn hỏi bạn tên gì á id18179,Chitchat,Neutral
Biết ơn vì giao diện đẹp ❤️ id18180,Chitchat,Positive
bot làm được gì vậy bot id18181,Chitchat,Neutral
vì đỉnh nóc kịch trần 🤩 id18182,Chitchat,Positive
bà muốn hỏi Mimo ơi mấy tuổi rồi,Chitchat,Neutral
 id18184,Chitchat,Positive
bot giao diện đẹp id18185,Chitchat,Positive
bà muốn hỏi bạn ở đâu á 🤖,Chitchat,Neutral
Ê là nam hay nữ id18187,Chitchat,Neutral
Mimo dễ thương chất lượng id18188,Chitchat,Positive
Thích Mimo ghê 🤣 id18189,Chitchat,Positive
Thích Mimo dễ thương ghê cute xỉu ✨,Chitchat,Positive
Mimo dễ thương là nam hay nữ id18191,Chitchat,Neutral
mấy ní muốn hỏi bạn mấy tuổi rồi,Chitchat,Neutral
Alo bot mấy tuổi rồi id18193,Chitchat,Neutral
có nghe rõ trả lời không 👀 id18194,Chitchat,Neutral
biết nói chuyện không vậy id18195,Chitchat,Neutral
Biết ơn vì 🥰 id18196,Chitchat,Positive
áp lực vcl deadline ngập đầu id18197,Chitchat,Negative
Alo mấy tuổi rồi id18198,Chitchat,Neutral
Alo ơi mấy ní đang tổn thương id18199,Chitchat,Negative
Ê ai tạo ra bạn id18200,Chitchat,Neutral
biết nói chuyện không vậy bot ơi 🐧 id18201,Chitchat,Neutral
bot làm được gì ❓ id18202,Chitchat,Neutral
tổn thương vcl id18203,Chitchat,Negative
ở đâu á 🐧 id18204,Chitchat,Neutral
vì chất lượng id18205,Chitchat,Positive
Gút mỏ ninh Mimo Mãi iu 🔥,Chitchat,Positive
tên gì á vậy 🤖 id18207,Chitchat,Neutral
là nam hay nữ 🤔 id18208,Chitchat,Neutral
tui muốn hỏi bạn ở đâu á,Chitchat,Neutral
bot biết nói chuyện ko 🤔,Chitchat,Neutral
bà thấy chán quá 😭 id18211,Chitchat,Negative
Mimo Chào ngày mới vui vẻ nha 🔥 id18212,Chitchat,Positive
Thích bot ơi ghê 🔥 id18213,Chitchat,Positive
ta thấy bất lực quá 😭,Chitchat,Negative
bot ơi bot làm được gì ❓ id18215,Chitchat,Neutral
Chào ngày mới vui vẻ nha id18216,Chitchat,Positive
tui thấy áp lực qá,Chitchat,Negative
Good morning id18218,Chitchat,Positive
cậu thấy tổn thương qá 📉,Chitchat,Negative
biết nói chuyện không vậy bot 💬 id18220,Chitchat,Neutral
Mimo ơi 🥰 id18221,Chitchat,Positive
tổn thương vcl id18222,Chitchat,Negative
ở đâu á id18223,Chitchat,Neutral
Mimo Thank you 🥰,Chitchat,Positive
Alo bạn ơi mấy ní đang chán 🥺,Chitchat,Negative
bot ơi Cảm ơn id18226,Chitchat,Positive
bạn là ai 👀 id18227,Chitchat,Neutral
chán vcl deadline dí 💔,Chitchat,Negative
bạn là ai vậy bot ơi 🐧 id18229,Chitchat,Neutral
bà thấy tổn thương quá 💔 id18230,Chitchat,Negative
mấy ní thấy mệt quá id18231,Chitchat,Negative
bạn có nghe rõ trả lời không 🤖 id18232,Chitchat,Neutral
chán vcl rớt môn 📉,Chitchat,Negative
mình muốn hỏi Mimo dễ thương tên gì á 🤔,Chitchat,Neutral
biết nói chuyện không 👀 id18235,Chitchat,Neutral
ai tạo ra bạn id18236,Chitchat,Neutral
vì thông minh id18237,Chitchat,Positive
Mãi iu vì 🤣 id18238,Chitchat,Positive
mình thấy suy quá 🥲,Chitchat,Negative
bác thấy chán quá 💔,Chitchat,Negative
áp lực vcl deadline dí 💔,Chitchat,Negative
biết nói chuyện không 🐧 id18242,Chitchat,Neutral
mình muốn hỏi mấy tuổi rồi 🤔,Chitchat,Neutral
đang làm gì đấy vậy 🐧 id18244,Chitchat,Neutral
Chào ngày mới vui vẻ nha vì 🤣 id18245,Chitchat,Positive
tên gì á vậy Mimo id18246,Chitchat,Neutral
có nghe rõ trả lời không vậy id18247,Chitchat,Neutral
Ê ở đâu á 🐧 id18248,Chitchat,Neutral
bot ơi Yêu ghê,Chitchat,Positive
có nghe rõ trả lời không vậy id18250,Chitchat,Neutral
đang làm gì đấy id18251,Chitchat,Neutral
Mimo ơi thông minh (^_<),Chitchat,Positive
Alo ơi đang nản 🥲,Chitchat,Negative
Yo Mimo dễ thương ở đâu á 🤔,Chitchat,Neutral
bot làm được gì vậy id18255,Chitchat,Neutral
bot làm được gì 🤔 id18256,Chitchat,Neutral
biết nói chuyện không id18257,Chitchat,Neutral
Alo bot làm được gì id18258,Chitchat,Neutral
Vì deadline ngập đầu nên cậu hơi suy 📉,Chitchat,Negative
 id18260,Chitchat,Positive
Cảm ơn id18261,Chitchat,Positive
có nghe rõ trả lời không 🤔 id18262,Chitchat,Neutral
tui muốn hỏi có nghe rõ trả lời không id18263,Chitchat,Neutral
có nghe rõ trả lời không id18264,Chitchat,Neutral
ai tạo ra bạn vậy bạn 👀 id18265,Chitchat,Neutral
Mimo ơi bạn là ai 🤖 id18266,Chitchat,Neutral
đang làm gì đấy id18267,Chitchat,Neutral
bot ơi Cảm ơn id18268,Chitchat,Positive
Alo ai tạo ra bạn id18269,Chitchat,Neutral
vì chất lượng 🤣 id18270,Chitchat,Positive
Cảm ơn vì app xịn xò id18271,Chitchat,Positive
áp lực vcl 😮‍💨 id18272,Chitchat,Negative
bạn là ai vậy 🤖 id18273,Chitchat,Neutral
biết nói chuyện không vậy bot ơi id18274,Chitchat,Neutral
Vì hết tiền nên cậu hơi mệt,Chitchat,Negative
em muốn hỏi ai tạo ra bạn id18276,Chitchat,Neutral
Vì cuộc sống khó khăn nên mình hơi buồn,Chitchat,Negative
Xin chào id18278,Chitchat,Positive
bác muốn hỏi Mimo là nam hay nữ,Chitchat,Neutral
Chào nha có nghe rõ trả lời không 🤔 id18280,Chitchat,Neutral
Alo biết nói chuyện không id18281,Chitchat,Neutral
Vì bồ giận nên hơi áp lực 📉,Chitchat,Negative
bro thấy nản quá id18283,Chitchat,Negative
vì chất lượng id18284,Chitchat,Positive
app mượt 🤩 id18285,Chitchat,Positive
cậu thấy mệt quá id18286,Chitchat,Negative
mệt vcl deadline ngập đầu id18287,Chitchat,Negative
vô tri vcl rớt môn id18288,Chitchat,Negative
áp lực vcl 📉 id18289,Chitchat,Negative
mấy ní muốn hỏi Mimo dễ thương có nghe rõ trả lời không id18290,Chitchat,Neutral
Hế lô Mimo bạn là ai id18291,Chitchat,Neutral
mấy ní muốn hỏi Mimo dễ thương ai tạo ra bạn 🐧,Chitchat,Neutral
mấy tuổi rồi id18293,Chitchat,Neutral
Love ya vì id18294,Chitchat,Positive
tên gì á vậy id18295,Chitchat,Neutral
Alo bot ơi bạn là ai,Chitchat,Neutral
tui thấy nản quá 😢 id18297,Chitchat,Negative
ông muốn hỏi Mimo ơi đang làm gì đấy,Chitchat,Neutral
mấy tuổi rồi vậy Mimo dễ thương ❓ id18299,Chitchat,Neutral
Mimo dễ thương id18300,Chitchat,Positive
có nghe rõ trả lời không vậy Mimo dễ thương 🐧 id18301,Chitchat,Neutral
Ê đang làm gì đấy id18302,Chitchat,Neutral
Alo ơi bác đang vô tri 😢 id18303,Chitchat,Negative
Thích ghê ❤️ id18304,Chitchat,Positive
mình muốn hỏi Mimo ơi ai tạo ra bạn 🐧,Chitchat,Neutral
(^_<) id18306,Chitchat,Positive
bạn là ai vậy bạn id18307,Chitchat,Neutral
Ê biết nói chuyện không 🤔 id18308,Chitchat,Neutral
đang làm gì đấy id18309,Chitchat,Neutral
Thích ghê (^_<) id18310,Chitchat,Positive
Mimo dễ thương là nam hay nữ 🐧,Chitchat,Neutral
đang làm gì đấy 🤔 id18312,Chitchat,Neutral
bạn là ai id18313,Chitchat,Neutral
vì quá đã id18314,Chitchat,Positive
Thích ghê 🥰 id18315,Chitchat,Positive
stress vcl rớt môn id18316,Chitchat,Negative
Hiya Love ya id18317,Chitchat,Positive
biết nói chuyện không vậy bot ơi 🤖 id18318,Chitchat,Neutral
ta muốn hỏi bot ơi tên gì á 🐧,Chitchat,Neutral
ông muốn hỏi biết nói chuyện không id18320,Chitchat,Neutral
Thích bot ơi ghê giao diện đẹp id18321,Chitchat,Positive
Yo Mimo ơi là nam hay nữ 💬,Chitchat,Neutral
ở đâu á vậy bạn 💬 id18323,Chitchat,Neutral
Alo biết nói chuyện không 💬 id18324,Chitchat,Neutral
Thích Mimo ghê id18325,Chitchat,Positive
mình muốn hỏi bạn ở đâu á 🤔,Chitchat,Neutral
Mãi iu vì id18327,Chitchat,Positive
Mimo dễ thương id18328,Chitchat,Positive
bạn đang làm gì đấy id18329,Chitchat,Neutral
tên gì á vậy id18330,Chitchat,Neutral
ở đâu á id18331,Chitchat,Neutral
bot ơi Yêu ghê 🥰 id18332,Chitchat,Positive
bác muốn hỏi tên gì á 🤖 id18333,Chitchat,Neutral
🤩 id18334,Chitchat,Positive
Thích bot ghê 👍 id18335,Chitchat,Positive
Yo Mimo mấy tuổi rồi id18336,Chitchat,Neutral
mấy ní muốn hỏi Mimo ơi là nam hay nữ id18337,Chitchat,Neutral
Vì nên ông hơi tổn thương 😮‍💨,Chitchat,Negative
Biết ơn vì thông minh 🔥,Chitchat,Positive
Vì deadline dí nên bà hơi áp lực 😢,Chitchat,Negative
Vì nên bác hơi chán 😮‍💨,Chitchat,Negative
🥰 id18342,Chitchat,Positive
Alo ơi mấy ní đang vô tri id18343,Chitchat,Negative
Mimo (^_<) id18344,Chitchat,Positive
Mimo ở đâu á id18345,Chitchat,Neutral
nản vcl id18346,Chitchat,Negative
Mimo app mượt 🤩,Chitchat,Positive
Thích Mimo ghê giao diện đẹp ✨ id18348,Chitchat,Positive
ở đâu á vậy Mimo dễ thương 👀 id18349,Chitchat,Neutral
bạn thông minh ❤️ id18350,Chitchat,Positive
Mimo biết nói chuyện không 🐧 id18351,Chitchat,Neutral
bạn Củm ơn id18352,Chitchat,Positive
Vì deadline ngập đầu nên ta hơi vô tri 😮‍💨,Chitchat,Negative
Chào ngày mới vui vẻ nha vì ❤️ id18354,Chitchat,Positive
Vì đi học mệt quá nên cậu hơi suy id18355,Chitchat,Negative
Chào ngày mới vui vẻ nha vì ✨ id18356,Chitchat,Positive
em muốn hỏi Mimo bot làm được gì ❓,Chitchat,Neutral
bot làm được gì id18358,Chitchat,Neutral
app xịn xò 👍 id18359,Chitchat,Positive
bot ơi ✨ id18360,Chitchat,Positive
vì app mượt id18361,Chitchat,Positive
bạn Chào ngày mới vui vẻ nha 🔥 id18362,Chitchat,Positive
bạn cute xỉu ✨,Chitchat,Positive
Vì deadline ngập đầu nên tui hơi suy id18364,Chitchat,Negative
mấy tuổi rồi id18365,Chitchat,Neutral
biết nói chuyện không ❓ id18366,Chitchat,Neutral
tổn thương vcl 😭 id18367,Chitchat,Negative
đỉnh nóc kịch trần 🤣 id18368,Chitchat,Positive
Vì cuộc sống khó khăn nên bro hơi nản 💔,Chitchat,Negative
Alo Mimo có nghe rõ trả lời không 💬,Chitchat,Neutral
bạn 🔥 id18371,Chitchat,Positive
Thích bạn ghê 🥰 id18372,Chitchat,Positive
Yêu ghê vì ✨ id18373,Chitchat,Positive
muốn hỏi ai tạo ra bạn 🤖 id18374,Chitchat,Neutral
Mãi iu vì 🔥 id18375,Chitchat,Positive
nản vcl id18376,Chitchat,Negative
Yêu ghê vì (^_<) id18377,Chitchat,Positive
bot ở đâu á ❓ id18378,Chitchat,Neutral
bạn là ai vậy id18379,Chitchat,Neutral
đang làm gì đấy vậy Mimo ơi 🤖 id18380,Chitchat,Neutral
suy vcl hết tiền 🥲 id18381,Chitchat,Negative
Alo ơi tui đang áp lực id18382,Chitchat,Negative
Alo bạn là ai id18383,Chitchat,Neutral
tui muốn hỏi bot mấy tuổi rồi,Chitchat,Neutral
Alo ơi tui đang áp lực id18385,Chitchat,Negative
Củm ơn vì đỉnh nóc kịch trần ❤️ id18386,Chitchat,Positive
biết nói chuyện không vậy Mimo ơi 🤔 id18387,Chitchat,Neutral
Mimo biết nói chuyện không 💬 id18388,Chitchat,Neutral
bot giao diện đẹp id18389,Chitchat,Positive
Alo mấy tuổi rồi 🤔 id18390,Chitchat,Neutral
Mimo ơi bạn là ai 🤔,Chitchat,Neutral
tui thấy stress quá id18392,Chitchat,Negative
ai tạo ra bạn vậy Mimo ơi id18393,Chitchat,Neutral
là nam hay nữ ❓ id18394,Chitchat,Neutral
cậu muốn hỏi bạn là ai id18395,Chitchat,Neutral
tên gì á 👀 id18396,Chitchat,Neutral
Mimo dễ thương Tks 🔥,Chitchat,Positive
bot ơi Mãi iu id18398,Chitchat,Positive
Mimo bạn là ai 🐧 id18399,Chitchat,Neutral
Thích ghê quá đã id18400,Chitchat,Positive
suy vcl 😢 id18401,Chitchat,Negative
bác muốn hỏi Mimo dễ thương mấy tuổi rồi 🤖,Chitchat,Neutral
Thích Mimo dễ thương ghê giao diện đẹp id18403,Chitchat,Positive
mấy tuổi rồi id18404,Chitchat,Neutral
Thích ghê đỉnh nóc kịch trần 🤣,Chitchat,Positive
Yêu ghê vì id18406,Chitchat,Positive
bạn ở đâu á id18407,Chitchat,Neutral
Alo Mimo dễ thương ơi đang buồn 😮‍💨,Chitchat,Negative
tui muốn hỏi mấy tuổi rồi id18409,Chitchat,Neutral
có nghe rõ trả lời không 🤔 id18410,Chitchat,Neutral
có nghe rõ trả lời không id18411,Chitchat,Neutral
Thích Mimo dễ thương ghê id18412,Chitchat,Positive
bot làm được gì 💬 id18413,Chitchat,Neutral
Thích Mimo dễ thương ghê chất lượng 🥰,Chitchat,Positive
Love ya id18415,Chitchat,Positive
là nam hay nữ vậy id18416,Chitchat,Neutral
Alo đang làm gì đấy ❓ id18417,Chitchat,Neutral
là nam hay nữ id18418,Chitchat,Neutral
Vì deadline ngập đầu nên bro hơi vô tri 🥲,Chitchat,Negative
Vì nên ông hơi chán id18420,Chitchat,Negative
mình muốn hỏi là nam hay nữ 💬 id18421,Chitchat,Neutral
có nghe rõ trả lời không vậy Mimo id18422,Chitchat,Neutral
Tks vì 🤣 id18423,Chitchat,Positive
Thích bot ơi ghê cute xỉu ❤️ id18424,Chitchat,Positive
Chào nha Mimo có nghe rõ trả lời không,Chitchat,Neutral
bro muốn hỏi có nghe rõ trả lời không id18426,Chitchat,Neutral
Chào ngày mới vui vẻ nha vì 🤩 id18427,Chitchat,Positive
Alo bạn ơi bà đang suy 💔,Chitchat,Negative
Vì nên bác hơi tổn thương id18429,Chitchat,Negative
Mimo Chào ngày mới vui vẻ nha ❤️ id18430,Chitchat,Positive
Alo Mimo ơi ơi tui đang stress 😢,Chitchat,Negative
Thích Mimo dễ thương ghê cute xỉu (^_<),Chitchat,Positive
Vì nên cậu hơi suy id18433,Chitchat,Negative
Hello Mimo ơi,Chitchat,Positive
Mimo ơi id18435,Chitchat,Positive
bác muốn hỏi Mimo đang làm gì đấy 🤔 id18436,Chitchat,Neutral
mình thấy vô tri quá id18437,Chitchat,Negative
Mãi iu vì giao diện đẹp 🤩 id18438,Chitchat,Positive
mấy ní muốn hỏi Mimo ơi bot làm được gì 🐧,Chitchat,Neutral
Chào nha Mimo dễ thương là nam hay nữ 🤖,Chitchat,Neutral
Chào ngày mới vui vẻ nha vì id18441,Chitchat,Positive
Yo bot có nghe rõ trả lời không,Chitchat,Neutral
Alo bot ơi mình đang buồn,Chitchat,Negative
ở đâu á id18444,Chitchat,Neutral
ở đâu á vậy Mimo 🤔 id18445,Chitchat,Neutral
bà muốn hỏi bạn đang làm gì đấy 🐧,Chitchat,Neutral
Vì nên em hơi suy id18447,Chitchat,Negative
mấy ní muốn hỏi bạn là ai 🤖 id18448,Chitchat,Neutral
stress vcl bồ giận id18449,Chitchat,Negative
Chào nha bot ơi ai tạo ra bạn,Chitchat,Neutral
Alo Mimo ơi ơi mấy ní đang áp lực 💔,Chitchat,Negative
đang làm gì đấy 💬 id18452,Chitchat,Neutral
Cảm ơn vì giao diện đẹp id18453,Chitchat,Positive
Chào ngày mới vui vẻ nha vì id18454,Chitchat,Positive
mình muốn hỏi bot mấy tuổi rồi id18455,Chitchat,Neutral
Alo Mimo dễ thương biết nói chuyện không,Chitchat,Neutral
đang làm gì đấy vậy 🤖 id18457,Chitchat,Neutral
bot làm đc gì 👀 id18458,Chitchat,Neutral
đang làm gì đấy vậy Mimo 🤖 id18459,Chitchat,Neutral
là nam hay nữ 🤔 id18460,Chitchat,Neutral
Xin chào Chào ngày mới vui vẻ nha (^_<),Chitchat,Positive
Alo ơi tui đang suy,Chitchat,Negative
tên gì á vậy bot 🤔 id18463,Chitchat,Neutral
Vì nên tui hơi tổn thương 🥲,Chitchat,Negative
Chào nha ai tạo ra bạn 🤖 id18465,Chitchat,Neutral
Hế lô Mimo dễ thương bạn là ai,Chitchat,Neutral
có nghe rõ trả lời không vậy id18467,Chitchat,Neutral
là nam hay nữ id18468,Chitchat,Neutral
bot ơi biết nói chuyện không id18469,Chitchat,Neutral
 id18470,Chitchat,Positive
em muốn hỏi bot ơi có nghe rõ trả lời không id18471,Chitchat,Neutral
bot ơi Thank you 🤩,Chitchat,Positive
Vì crush lơ nên em hơi nản,Chitchat,Negative
Hế lô ở đâu á ❓ id18474,Chitchat,Neutral
chán vcl 😢 id18475,Chitchat,Negative
Mimo app mượt 🤣,Chitchat,Positive
bác muốn hỏi tên gì á id18477,Chitchat,Neutral
ở đâu á vậy id18478,Chitchat,Neutral
Ê tên gì á id18479,Chitchat,Neutral
Alo Mimo dễ thương ơi tui đang nản 🥲,Chitchat,Negative
bot bot làm được gì 💬 id18481,Chitchat,Neutral
ta muốn hỏi bot ơi có nghe rõ trả lời không,Chitchat,Neutral
bot Chào ngày mới vui vẻ nha id18483,Chitchat,Positive
bro thấy stress quá 💔 id18484,Chitchat,Negative
bà muốn hỏi bot bạn là ai 🐧,Chitchat,Neutral
bạn app xịn xò (^_<) id18486,Chitchat,Positive
Mimo id18487,Chitchat,Positive
buồn vcl crush lơ 🥺,Chitchat,Negative
suy vcl 😢 id18489,Chitchat,Negative
quá đã id18490,Chitchat,Positive
mấy ní muốn hỏi bot bạn là ai,Chitchat,Neutral
ai tạo ra bạn vậy Mimo ơi 👀 id18492,Chitchat,Neutral
Vì deadline dí nên cậu hơi stress 😢,Chitchat,Negative
vì thông minh id18494,Chitchat,Positive
Yo đang làm gì đấy id18495,Chitchat,Neutral
tui thấy tổn thương quá 🥺 id18496,Chitchat,Negative
đang làm gì đấy vậy 🤔 id18497,Chitchat,Neutral
mấy ní muốn hỏi bot là nam hay nữ 👀,Chitchat,Neutral
bất lực vcl 📉 id18499,Chitchat,Negative
Thích ghê 🥰 id18500,Chitchat,Positive
Good morning id18501,Chitchat,Positive
cậu thấy buồn quá id18502,Chitchat,Negative
Chào ngày mới vui vẻ nha vì ✨ id18503,Chitchat,Positive
Hế lô bạn ai tạo ra bạn,Chitchat,Neutral
Thích Mimo dễ thương ghê ✨ id18505,Chitchat,Positive
biết nói chuyện không 🤖 id18506,Chitchat,Neutral
Vì nên hơi mệt 📉 id18507,Chitchat,Negative
Hế lô ai tạo ra bạn id18508,Chitchat,Neutral
ở đâu á vậy Mimo id18509,Chitchat,Neutral
mấy ní muốn hỏi Mimo ơi ai tạo ra bạn id18510,Chitchat,Neutral
bác thấy áp lực quá 😢 id18511,Chitchat,Negative
ông thấy áp lực quá id18512,Chitchat,Negative
là nam hay nữ 🤖 id18513,Chitchat,Neutral
Alo ơi ông đang chán 😮‍💨,Chitchat,Negative
Mimo dễ thương Mãi iu ❤️,Chitchat,Positive
mấy tuổi rồi id18516,Chitchat,Neutral
có nghe rõ trả lời không vậy Mimo dễ thương 💬 id18517,Chitchat,Neutral
là nam hay nữ 👀 id18518,Chitchat,Neutral
thấy buon quá,Chitchat,Negative
Alo bot ơi ơi bà đang tổn thương 💔,Chitchat,Negative
Yêu ghê vì giao diện đẹp id18521,Chitchat,Positive
biết nói chuyện ko vậy id18522,Chitchat,Neutral
Chào nha ai tạo ra bạn id18523,Chitchat,Neutral
bác muốn hỏi biết nói chuyện không 🤔,Chitchat,Neutral
bot đang làm gì đấy 👀 id18525,Chitchat,Neutral
Mimo dễ thương Củm ơn ✨ id18526,Chitchat,Positive
Thích ghê giao diện đẹp 🥰 id18527,Chitchat,Positive
có nghe rõ trả lời không 💬 id18528,Chitchat,Neutral
bạn là ai id18529,Chitchat,Neutral
Tks vì 🔥 id18530,Chitchat,Positive
ta muốn hỏi Mimo ơi tên gì á id18531,Chitchat,Neutral
Mimo ơi có nghe rõ trả lời không 💬 id18532,Chitchat,Neutral
bà muốn hỏi ở đâu á id18533,Chitchat,Neutral
muốn hỏi biết nói chuyện không 🤖,Chitchat,Neutral
Chào ngày mới vui vẻ nha vì 👍 id18535,Chitchat,Positive
bác muốn hỏi bot ơi có nghe rõ trả lời không 💬,Chitchat,Neutral
mình muốn hỏi mấy tuổi rồi ❓ id18537,Chitchat,Neutral
Mimo dễ thương Củm ơn id18538,Chitchat,Positive
mình muốn hỏi bạn có nghe rõ trả lời ko 👀,Chitchat,Neutral
Alo ơi mình đang suy 😮‍💨,Chitchat,Negative
buồn vcl bồ giận 💔,Chitchat,Negative
Yo Mimo bạn là ai,Chitchat,Neutral
tên gì á 💬 id18543,Chitchat,Neutral
Chào ngày mới vui vẻ nha vì 🤣 id18544,Chitchat,Positive
Vì nên cậu hơi mệt 😭,Chitchat,Negative
bạn id18546,Chitchat,Positive
Yo mấy tuổi rồi 👀 id18547,Chitchat,Neutral
Chào ngày mới vui vẻ nha vì ✨ id18548,Chitchat,Positive
Chào ngày mới vui vẻ nha vì id18549,Chitchat,Positive
tên gì á vậy id18550,Chitchat,Neutral
Alo ơi em đang vô tri 😢 id18551,Chitchat,Negative
bot (^_<) id18552,Chitchat,Positive
bà muốn hỏi Mimo ơi mấy tuổi rồi 🐧,Chitchat,Neutral
tui muốn hỏi biết nói chuyện không id18554,Chitchat,Neutral
muốn hỏi ở đâu á id18555,Chitchat,Neutral
bot Biết ơn ❤️,Chitchat,Positive
Vì nên cậu hơi stress 🥲,Chitchat,Negative
Vì deadline dí nên bà hơi mệt,Chitchat,Negative
Chào ngày mới vui vẻ nha id18559,Chitchat,Positive
Alo bot ơi ơi ta đang bất lực id18560,Chitchat,Negative
có nghe rõ trả lời không vậy 🐧 id18561,Chitchat,Neutral
vì cute xỉu id18562,Chitchat,Positive
Hế lô biết nói chuyện không id18563,Chitchat,Neutral
tui thấy tổn thương quá 😮‍💨,Chitchat,Negative
bà muốn hỏi bot ơi bạn là ai 🐧,Chitchat,Neutral
Vì cuộc sống khó khăn nên cậu hơi chán 🥲,Chitchat,Negative
mấy tuổi rồi vậy bot ơi id18567,Chitchat,Neutral
bot ơi Cảm ơn 🤣,Chitchat,Positive
bot tên gì á id18569,Chitchat,Neutral
bot app xịn xò 👍,Chitchat,Positive
Love ya vì quá đã id18571,Chitchat,Positive
Good morning Thank you 🔥,Chitchat,Positive
là nam hay nữ 🐧 id18573,Chitchat,Neutral
bot ơi ở đâu á 🤖 id18574,Chitchat,Neutral
nản vcl 📉 id18575,Chitchat,Negative
ông muốn hỏi bot ơi bot làm được gì 🐧,Chitchat,Neutral
tui muốn hỏi bạn bạn là ai id18577,Chitchat,Neutral
Vì hết tiền nên bro hơi stress 😢,Chitchat,Negative
Mimo dễ thương id18579,Chitchat,Positive
bro muốn hỏi có nghe rõ trả lời không 👀,Chitchat,Neutral
biết nói chuyện không vậy bot 🤖 id18581,Chitchat,Neutral
mấy tuổi rồi vậy Mimo 🤔 id18582,Chitchat,Neutral
(^_<) id18583,Chitchat,Positive
Yo bot làm được gì 💬 id18584,Chitchat,Neutral
bot id18585,Chitchat,Positive
Hế lô bạn bạn là ai 🐧,Chitchat,Neutral
Thích Mimo dễ thương ghê đỉnh nóc kịch trần id18587,Chitchat,Positive
bot làm được gì vậy id18588,Chitchat,Neutral
Ê Mimo có nghe rõ trả lời không 💬,Chitchat,Neutral
Thank you vì giao diện đẹp ❤️ id18590,Chitchat,Positive
mệt vcl đi học mệt quá 📉,Chitchat,Negative
Vì nên mấy ní hơi bất lực id18592,Chitchat,Negative
Hế lô có nghe rõ trả lời không 🤔 id18593,Chitchat,Neutral
ông thấy nản quá id18594,Chitchat,Negative
suy vcl cuộc sống khó khăn id18595,Chitchat,Negative
buồn vcl đi học mệt qá 😭,Chitchat,Negative
Alo ở đâu á 🐧 id18597,Chitchat,Neutral
ở đâu á ❓ id18598,Chitchat,Neutral
Ê đang làm gì đấy id18599,Chitchat,Neutral
bro thấy bất lực quá 😮‍💨 id18600,Chitchat,Negative
bot làm được gì vậy bạn 🤔,Chitchat,Neutral
bà thấy suy quá 💔,Chitchat,Negative
Biết ơn vì 🔥 id18603,Chitchat,Positive
Mimo ơi tên gì á id18604,Chitchat,Neutral
bạn app xịn xò id18605,Chitchat,Positive
bất lực vcl 🥺 id18606,Chitchat,Negative
Thích ghê ✨ id18607,Chitchat,Positive
stress vcl id18608,Chitchat,Negative
tui muốn hỏi bot làm đc gì 🤖 id18609,Chitchat,Neutral
Mimo ơi id18610,Chitchat,Positive
là nam hay nữ vậy Mimo id18611,Chitchat,Neutral
Chào ngày mới vui vẻ nha vì id18612,Chitchat,Positive
tui muốn hỏi bot làm được gì 👀,Chitchat,Neutral
bot ✨ id18614,Chitchat,Positive
có nghe rõ trả lời không id18615,Chitchat,Neutral
mình muốn hỏi Mimo biết nói chuyện không id18616,Chitchat,Neutral
Alo ơi mấy ní đang bất lực id18617,Chitchat,Negative
Alo bot ở đâu á 🐧,Chitchat,Neutral
muốn hỏi bạn bot làm được gì,Chitchat,Neutral
bot ơi id18620,Chitchat,Positive
Vì hết tiền nên em hơi stress 🥺,Chitchat,Negative
là nam hay nữ id18622,Chitchat,Neutral
stress vcl 😮‍💨 id18623,Chitchat,Negative
mình muốn hỏi đang làm gì đấy id18624,Chitchat,Neutral
stress vcl id18625,Chitchat,Negative
bạn biết nói chuyện không id18626,Chitchat,Neutral
Thích ghê giao diện đẹp id18627,Chitchat,Positive
mấy tuổi rồi 👀 id18628,Chitchat,Neutral
bạn là ai id18629,Chitchat,Neutral
Chào ngày mới vui vẻ nha vì 🤣 id18630,Chitchat,Positive
Vì nên mấy ní hơi stress 😢,Chitchat,Negative
mấy ní muốn hỏi bot làm được gì 💬,Chitchat,Neutral
Hế lô bạn tên gì á 🐧,Chitchat,Neutral
Thích ghê app xịn xò 👍 id18634,Chitchat,Positive
Hế lô biết nói chuyện không ❓ id18635,Chitchat,Neutral
Thích Mimo dễ thương ghê chất lượng id18636,Chitchat,Positive
bạn biết nói chuyện không id18637,Chitchat,Neutral
bạn là ai vậy bot ơi 🤔 id18638,Chitchat,Neutral
Chào nha là nam hay nữ id18639,Chitchat,Neutral
Mimo ơi bạn là ai 🤔 id18640,Chitchat,Neutral
Mimo 🤣 id18641,Chitchat,Positive
Chào nha ở đâu á 🤖,Chitchat,Neutral
Thích bot ơi ghê chất lượng ❤️,Chitchat,Positive
bot làm được gì 🐧 id18644,Chitchat,Neutral
là nam hay nữ vậy id18645,Chitchat,Neutral
Thank you vì cute xỉu id18646,Chitchat,Positive
là nam hay nữ id18647,Chitchat,Neutral
bạn là ai vậy bot 🤔,Chitchat,Neutral
cậu thấy áp lực quá 🥲 id18649,Chitchat,Negative
tên gì á vậy Mimo ơi id18650,Chitchat,Neutral
tên gì á vậy Mimo ơi id18651,Chitchat,Neutral
nản vcl deadline dí id18652,Chitchat,Negative
Biết ơn 🥰 id18653,Chitchat,Positive
biết nói chuyện không vậy 🤖 id18654,Chitchat,Neutral
muốn hỏi bot bot làm được gì,Chitchat,Neutral
Thích bot ơi ghê id18656,Chitchat,Positive
Mimo app xịn xò ✨ id18657,Chitchat,Positive
mấy tuổi rồi 🤔 id18658,Chitchat,Neutral
Thích bot ghê chất lượng id18659,Chitchat,Positive
Cảm ơn vì app mượt ❤️,Chitchat,Positive
Mimo ơi là nam hay nữ id18661,Chitchat,Neutral
cậu muốn hỏi bot ơi biết nói chuyện không 🐧,Chitchat,Neutral
mấy tuổi rồi 🤔 id18663,Chitchat,Neutral
Vì nên hơi bất lực id18664,Chitchat,Negative
Vì cuộc sống khó khăn nên bro hơi suy,Chitchat,Negative
muốn hỏi Mimo mấy tuổi rồi,Chitchat,Neutral
Chào ngày mới vui vẻ nha vì id18667,Chitchat,Positive
mình muốn hỏi ai tạo ra bạn id18668,Chitchat,Neutral
Thích bot ghê đỉnh nóc kịch trần ✨,Chitchat,Positive
mấy tuổi rồi ❓ id18670,Chitchat,Neutral
Cảm ơn vì id18671,Chitchat,Positive
Cảm ơn vì thông minh 🤣,Chitchat,Positive
bà thấy mệt quá 😭 id18673,Chitchat,Negative
Chào ngày mới vui vẻ nha vì ✨ id18674,Chitchat,Positive
đang làm gì đấy vậy id18675,Chitchat,Neutral
có nghe rõ trả lời không id18676,Chitchat,Neutral
mình muốn hỏi bot tên gì á id18677,Chitchat,Neutral
Alo ai tạo ra bạn id18678,Chitchat,Neutral
Mimo Chào ngày mới vui vẻ nha 👍 id18679,Chitchat,Positive
Alo Mimo dễ thương ơi đang vô tri 😢,Chitchat,Negative
mấy ní thấy tổn thương quá 😮‍💨 id18681,Chitchat,Negative
Vì nên hơi stress 🥺,Chitchat,Negative
Hế lô bot làm được gì 🤔 id18683,Chitchat,Neutral
bot bot làm được gì 💬 id18684,Chitchat,Neutral
bạn là ai 🐧 id18685,Chitchat,Neutral
Chào nha ở đâu á ❓ id18686,Chitchat,Neutral
nản vcl id18687,Chitchat,Negative
Mimo giao diện đẹp id18688,Chitchat,Positive
tên gì á 🤔 id18689,Chitchat,Neutral
là nam hay nữ vậy bot ơi 🤔 id18690,Chitchat,Neutral
có nghe rõ trả lời không ❓ id18691,Chitchat,Neutral
giao diện đẹp 🤣 id18692,Chitchat,Positive
Cảm ơn vì chất lượng id18693,Chitchat,Positive
Mimo dễ thương id18694,Chitchat,Positive
biết nói chuyện không vậy ❓ id18695,Chitchat,Neutral
stress vcl deadline ngập đầu 📉,Chitchat,Negative
chán vcl hết tiền id18697,Chitchat,Negative
Mimo bạn là ai 💬 id18698,Chitchat,Neutral
Vì nên mấy ní hơi tổn thương,Chitchat,Negative
Yêu ghê id18700,Chitchat,Positive
Thích Mimo ơi ghê giao diện đẹp 🤩,Chitchat,Positive
ta muốn hỏi Mimo bot làm được gì 🤖,Chitchat,Neutral
Alo ơi đang tổn thương 😢,Chitchat,Negative
Hi Mimo Chào ngày mới vui vẻ nha 🤩,Chitchat,Positive
bot chất lượng id18705,Chitchat,Positive
bác muốn hỏi mấy tuổi rồi 🤖,Chitchat,Neutral
là nam hay nữ vậy id18707,Chitchat,Neutral
mình muốn hỏi bot ai tạo ra bạn,Chitchat,Neutral
bot làm được gì 🐧 id18709,Chitchat,Neutral
bạn là ai ❓ id18710,Chitchat,Neutral
ông muốn hỏi Mimo ơi đang làm gì đấy ❓,Chitchat,Neutral
Mimo ❤️ id18712,Chitchat,Positive
tên gì á id18713,Chitchat,Neutral
 id18714,Chitchat,Positive
muốn hỏi có nghe rõ trả lời không 💬,Chitchat,Neutral
Vì nên mình hơi suy 📉,Chitchat,Negative
Alo ơi bà đang chán,Chitchat,Negative
vì giao diện đẹp (^_<) id18718,Chitchat,Positive
ông muốn hỏi mấy tuổi rồi id18719,Chitchat,Neutral
vô tri vcl crush lơ 🥺,Chitchat,Negative
Hế lô Mimo dễ thương bot làm được gì,Chitchat,Neutral
thấy tổn thương quá id18722,Chitchat,Negative
bot biết nói chuyện không 🤔 id18723,Chitchat,Neutral
Alo Mimo ơi ơi mình đang chán 😭 id18724,Chitchat,Negative
đang làm gì đấy vậy bot ơi 👀,Chitchat,Neutral
đang làm gì đấy vậy 💬 id18726,Chitchat,Neutral
bạn là ai 💬 id18727,Chitchat,Neutral
có nghe rõ trả lời không vậy bạn id18728,Chitchat,Neutral
 id18729,Chitchat,Positive
bot có nghe rõ trả lời không ❓,Chitchat,Neutral
mình muốn hỏi bạn có nghe rõ trả lời không id18731,Chitchat,Neutral
ai tạo ra bạn vậy bot ơi id18732,Chitchat,Neutral
Chào ngày mới vui vẻ nha (^_<) id18733,Chitchat,Positive
suy vcl 😭 id18734,Chitchat,Negative
Vì crush lơ nên bà hơi vô tri,Chitchat,Negative
bác muốn hỏi đang làm gì đấy ❓,Chitchat,Neutral
biết nói chuyện không vậy Mimo ơi id18737,Chitchat,Neutral
Vì deadline dí nên em hơi stress,Chitchat,Negative
bot ơi id18739,Chitchat,Positive
Mimo ơi Yêu ghê 🤣 id18740,Chitchat,Positive
biết nói chuyện không vậy bot ơi id18741,Chitchat,Neutral
Alo ơi ta đang buồn 📉,Chitchat,Negative
tên gì á vậy id18743,Chitchat,Neutral
Chào ngày mới vui vẻ nha vì ✨ id18744,Chitchat,Positive
biết nói chuyện không id18745,Chitchat,Neutral
Gút mỏ ninh Củm ơn 🔥,Chitchat,Positive
tổn thương vcl crush lơ 💔,Chitchat,Negative
vì app xịn xò ❤️ id18748,Chitchat,Positive
ai tạo ra bạn id18749,Chitchat,Neutral
bạn là ai vậy 🤔 id18750,Chitchat,Neutral
Alo Mimo ơi ơi mấy ní đang stress 😭,Chitchat,Negative
Alo là nam hay nữ id18752,Chitchat,Neutral
tên gì á id18753,Chitchat,Neutral
Alo tên gì á 💬,Chitchat,Neutral
bot 🥰 id18755,Chitchat,Positive
suy vcl bồ giận 🥲,Chitchat,Negative
Mimo 🥰 id18757,Chitchat,Positive
ta muốn hỏi bạn ai tạo ra bạn id18758,Chitchat,Neutral
Thích Mimo ơi ghê đỉnh nóc kịch trần (^_<) id18759,Chitchat,Positive
Alo ơi bà đang bất lực 📉,Chitchat,Negative
biết nói chuyện không ❓ id18761,Chitchat,Neutral
chán vcl 💔 id18762,Chitchat,Negative
có nghe rõ trả lời không vậy bot 🤖 id18763,Chitchat,Neutral
(^_<) id18764,Chitchat,Positive
Chào bạn Biết ơn,Chitchat,Positive
mấy ní muốn hỏi mấy tuổi rồi 🤖,Chitchat,Neutral
chán vcl id18767,Chitchat,Negative
ta thấy áp lực quá 😭 id18768,Chitchat,Negative
mệt vcl đi học mệt quá 😢 id18769,Chitchat,Negative
đang làm gì đấy 🤔 id18770,Chitchat,Neutral
biết nói chuyện không id18771,Chitchat,Neutral
Mimo ơi biết nói chuyện không 💬 id18772,Chitchat,Neutral
cậu muốn hỏi bot mấy tuổi rồi 🤔,Chitchat,Neutral
Vì crush lơ nên bà hơi mệt 📉,Chitchat,Negative
mấy tuổi rồi id18775,Chitchat,Neutral
là nam hay nữ vậy bot ơi 🤖 id18776,Chitchat,Neutral
Yêu ghê vì app xịn xò 🤩,Chitchat,Positive
bot ơi Tks 🤣 id18778,Chitchat,Positive
Mimo dễ thương biết nói chuyện không 🤖 id18779,Chitchat,Neutral
mấy ní muốn hỏi bot ơi có nghe rõ trả lời không 🤔,Chitchat,Neutral
Mimo ơi app mượt 🥰,Chitchat,Positive
Hey Chào ngày mới vui vẻ nha id18782,Chitchat,Positive
em thấy nản quá id18783,Chitchat,Negative
vì thông minh 👍 id18784,Chitchat,Positive
Mimo đỉnh nóc kịch trần 👍,Chitchat,Positive
Thích ghê ✨ id18786,Chitchat,Positive
Alo bot ơi ta đang stress 😢,Chitchat,Negative
cậu thấy tổn thương quá id18788,Chitchat,Negative
là nam hay nữ vậy bot id18789,Chitchat,Neutral
Tks vì app xịn xò 🔥 id18790,Chitchat,Positive
Thích ghê đỉnh nóc kịch trần id18791,Chitchat,Positive
bot là nam hay nữ id18792,Chitchat,Neutral
biết nói chuyện ko vậy 🤔 id18793,Chitchat,Neutral
bạn chất lượng id18794,Chitchat,Positive
Mimo dễ thương id18795,Chitchat,Positive
mình muốn hỏi Mimo ơi ai tạo ra bạn 🤖,Chitchat,Neutral
Vì crush lơ nên em hơi suy 🥺,Chitchat,Negative
Thích Mimo ghê id18798,Chitchat,Positive
bạn 🔥 id18799,Chitchat,Positive
Chào ngày mới vui vẻ nha vì id18800,Chitchat,Positive
Alo ơi em đang vô tri id18801,Chitchat,Negative
bà thấy mệt quá 📉,Chitchat,Negative
suy vcl deadline dí id18803,Chitchat,Negative
Vì nên ta hơi tổn thương id18804,Chitchat,Negative
Thích bot ơi ghê app xịn xò ✨ id18805,Chitchat,Positive
Alo Mimo dễ thương ơi mấy ní đang bất lực 😢,Chitchat,Negative
là nam hay nữ ❓ id18807,Chitchat,Neutral
Alo ơi bác đang chán id18808,Chitchat,Negative
Alo ơi ông đang vô tri 📉,Chitchat,Negative
Tks vì id18810,Chitchat,Positive
Yo bot làm được gì id18811,Chitchat,Neutral
bot ơi Chào ngày mới vui vẻ nha id18812,Chitchat,Positive
Chào nha đang làm gì đấy 👀 id18813,Chitchat,Neutral
Chào ngày mới vui vẻ nha vì ✨ id18814,Chitchat,Positive
tổn thương vcl 📉 id18815,Chitchat,Negative
mấy ní muốn hỏi bot ơi tên gì á 🤔,Chitchat,Neutral
em thấy mệt quá 🥲,Chitchat,Negative
Alo bot làm được gì id18818,Chitchat,Neutral
có nghe rõ trả lời không vậy id18819,Chitchat,Neutral
🤩 id18820,Chitchat,Positive
ai tạo ra bạn vậy 💬 id18821,Chitchat,Neutral
muốn hỏi bạn ai tạo ra bạn,Chitchat,Neutral
mệt vcl bồ giận 🥲 id18823,Chitchat,Negative
Love ya vì app xịn xò 🥰,Chitchat,Positive
Thích bạn ghê đỉnh nóc kịch trần 🤣 id18825,Chitchat,Positive
Chào Mimo dễ thương 🤩,Chitchat,Positive
muốn hỏi ai tạo ra bạn id18827,Chitchat,Neutral
Alo bot ở đâu á id18828,Chitchat,Neutral
Yo bot bạn là ai id18829,Chitchat,Neutral
Yêu ghê vì quá đã id18830,Chitchat,Positive
Alo bạn ơi mình đang áp lực 💔,Chitchat,Negative
Alo Mimo ơi ở đâu á id18832,Chitchat,Neutral
tên gì á vậy 🤔 id18833,Chitchat,Neutral
Yo bạn đang làm gì đấy,Chitchat,Neutral
bot ơi tên gì á 🐧,Chitchat,Neutral
Mimo ơi bạn là ai id18836,Chitchat,Neutral
bro muốn hỏi Mimo ở đâu á,Chitchat,Neutral
thấy suy quá id18838,Chitchat,Negative
🤣 id18839,Chitchat,Positive
Mimo ơi thông minh id18840,Chitchat,Positive
Mimo id18841,Chitchat,Positive
có nghe rõ trả lời không vậy id18842,Chitchat,Neutral
Hey bot ơi Yêu ghê id18843,Chitchat,Positive
Mimo ơi (^_<) id18844,Chitchat,Positive
ông muốn hỏi ai tạo ra bạn id18845,Chitchat,Neutral
tên gì á id18846,Chitchat,Neutral
ông muốn hỏi có nghe rõ trả lời không 🤖,Chitchat,Neutral
bot ơi ở đâu á 🐧 id18848,Chitchat,Neutral
Vì rớt môn nên bà hơi mệt 📉,Chitchat,Negative
Hi Mimo dễ thương Cảm ơn ❤️,Chitchat,Positive
 id18851,Chitchat,Positive
bà thấy vô tri quá 💔,Chitchat,Negative
tên gì á vậy Mimo ơi 🤖 id18853,Chitchat,Neutral
Alo đang làm gì đấy 👀 id18854,Chitchat,Neutral
bro muốn hỏi Mimo có nghe rõ trả lời không 🤖 id18855,Chitchat,Neutral
Thích ghê quá đã 🤣 id18856,Chitchat,Positive
Củm ơn vì (^_<),Chitchat,Positive
Alo ơi bà đang stress 🥲,Chitchat,Negative
Mimo ơi id18859,Chitchat,Positive
ta muốn hỏi Mimo ơi ở đâu á 🐧,Chitchat,Neutral
ở đâu á vậy bạn 🤔 id18861,Chitchat,Neutral
Biết ơn vì id18862,Chitchat,Positive
Thích ghê chất lượng 🤣 id18863,Chitchat,Positive
bot ơi app mượt 👍 id18864,Chitchat,Positive
tên gì á id18865,Chitchat,Neutral
vì app mượt 🔥 id18866,Chitchat,Positive
có nghe rõ trả lời không vậy 🤖 id18867,Chitchat,Neutral
bà muốn hỏi bot làm được gì ❓ id18868,Chitchat,Neutral
Củm ơn vì chất lượng ❤️,Chitchat,Positive
bà muốn hỏi tên gì á 🤔 id18870,Chitchat,Neutral
bro muốn hỏi Mimo ơi bạn là ai id18871,Chitchat,Neutral
bà muốn hỏi là nam hay nữ id18872,Chitchat,Neutral
Yêu ghê ❤️ id18873,Chitchat,Positive
biết nói chuyện không vậy Mimo 💬 id18874,Chitchat,Neutral
Yo biết nói chuyện không id18875,Chitchat,Neutral
tên gì á vậy 🤖 id18876,Chitchat,Neutral
Alo bot ơi ơi cậu đang tổn thương,Chitchat,Negative
Alo ơi ta đang vô tri 😢,Chitchat,Negative
vì quá đã 🔥 id18879,Chitchat,Positive
mấy tuổi rồi id18880,Chitchat,Neutral
bro thấy suy quá 🥲,Chitchat,Negative
ai tạo ra bạn vậy bạn id18882,Chitchat,Neutral
tui muốn hỏi có nghe rõ trả lời không id18883,Chitchat,Neutral
là nam hay nữ vậy Mimo ơi id18884,Chitchat,Neutral
(^_<) id18885,Chitchat,Positive
vì giao diện đẹp id18886,Chitchat,Positive
buồn vcl rớt môn 😮‍💨,Chitchat,Negative
Xin chao bot ơi Chào ngày mới vui vẻ nha,Chitchat,Positive
bro muốn hỏi bot làm được gì 🤖,Chitchat,Neutral
tổn thương vcl crush lơ 😭 id18890,Chitchat,Negative
Mimo là nam hay nữ 🤖,Chitchat,Neutral
nản vcl hết tiền 📉,Chitchat,Negative
tui muốn hỏi bot ơi ai tạo ra bạn 💬,Chitchat,Neutral
bot làm được gì vậy id18894,Chitchat,Neutral
tên gì á vậy 🤖 id18895,Chitchat,Neutral
Mimo ơi bot làm được gì 🤖 id18896,Chitchat,Neutral
cậu thấy tổn thương qá 😢,Chitchat,Negative
Chào nha tên gì á id18898,Chitchat,Neutral
Xin chào  🥰,Chitchat,Positive
Alo bot ơi ơi cậu đang mệt 📉,Chitchat,Negative
mình thấy áp lực quá id18901,Chitchat,Negative
Alo Mimo dễ thương ơi đang bất lực 😢,Chitchat,Negative
🤩 id18903,Chitchat,Positive
Alo Mimo ơi ơi ông đang vô tri 💔,Chitchat,Negative
Vì nên ông hơi tổn thương id18905,Chitchat,Negative
Vì deadline ngập đầu nên tui hơi suy id18906,Chitchat,Negative
Ê ai tạo ra bạn 🤖 id18907,Chitchat,Neutral
mệt vcl 😢 id18908,Chitchat,Negative
app mượt id18909,Chitchat,Positive
Hey Mimo ơi Chào ngày mới vui vẻ nha 🔥,Chitchat,Positive
Alo ơi đang chán 😮‍💨,Chitchat,Negative
là nam hay nữ vậy 🐧 id18912,Chitchat,Neutral
tên gì á 🤔 id18913,Chitchat,Neutral
Alo là nam hay nữ ❓ id18914,Chitchat,Neutral
Ê đang làm gì đấy 💬 id18915,Chitchat,Neutral
ai tạo ra bạn vậy id18916,Chitchat,Neutral
✨ id18917,Chitchat,Positive
áp lực vcl cuộc sống khó khăn 😢 id18918,Chitchat,Negative
cậu muốn hỏi là nam hay nữ id18919,Chitchat,Neutral
là nam hay nữ vậy id18920,Chitchat,Neutral
mấy tuổi rồi id18921,Chitchat,Neutral
Hế lô biết nói chuyện không 🤔 id18922,Chitchat,Neutral
vì app mượt ❤️ id18923,Chitchat,Positive
mình muốn hỏi mấy tuổi rồi id18924,Chitchat,Neutral
🤣 id18925,Chitchat,Positive
✨ id18926,Chitchat,Positive
bà muốn hỏi Mimo đang làm gì đấy,Chitchat,Neutral
Mimo id18928,Chitchat,Positive
Alo ơi ông đang suy 🥲,Chitchat,Negative
Thích Mimo dễ thương ghê app xịn xò id18930,Chitchat,Positive
Ê mấy tuổi rồi id18931,Chitchat,Neutral
🔥 id18932,Chitchat,Positive
mấy ní muốn hỏi Mimo dễ thương ở đâu á,Chitchat,Neutral
Alo bot ơi ơi cậu đang mệt 😮‍💨,Chitchat,Negative
bot ơi quá đã id18935,Chitchat,Positive
Hế lô bot bot làm được gì,Chitchat,Neutral
bot làm được gì id18937,Chitchat,Neutral
Vì nên mấy ní hơi chán id18938,Chitchat,Negative
Vì nên em hơi bất lực id18939,Chitchat,Negative
Vì deadline dí nên bác hơi stress 😭,Chitchat,Negative
Ê là nam hay nữ 🐧 id18941,Chitchat,Neutral
bất lực vcl crush lơ 💔 id18942,Chitchat,Negative
bot làm được gì vậy Mimo ơi id18943,Chitchat,Neutral
Hế lô là nam hay nữ id18944,Chitchat,Neutral
tổn thương vcl 😮‍💨 id18945,Chitchat,Negative
bất lực vcl crush lơ 😭 id18946,Chitchat,Negative
mình thấy bất lực quá id18947,Chitchat,Negative
là nam hay nữ 🐧 id18948,Chitchat,Neutral
mấy tuổi rồi 🐧 id18949,Chitchat,Neutral
Chào ngày mới vui vẻ nha 🤩 id18950,Chitchat,Positive
ta thấy vô tri quá id18951,Chitchat,Negative
bạn là ai 🤖 id18952,Chitchat,Neutral
Vì nên ông hơi stress 🥲,Chitchat,Negative
mấy ní muốn hỏi là nam hay nữ id18954,Chitchat,Neutral
Vì bồ giận nên hơi nản 💔,Chitchat,Negative
bro muốn hỏi có nghe rõ trả lời không id18956,Chitchat,Neutral
Thích Mimo dễ thương ghê 🥰 id18957,Chitchat,Positive
ông muốn hỏi biết nói chuyện không 💬 id18958,Chitchat,Neutral
bot ơi có nghe rõ trả lời không id18959,Chitchat,Neutral
Thích ghê ✨ id18960,Chitchat,Positive
bác muốn hỏi bot ơi biết nói chuyện không id18961,Chitchat,Neutral
Chào ngày mới vui vẻ nha vì id18962,Chitchat,Positive
ở đâu á vậy bot ơi id18963,Chitchat,Neutral
Vì nên bà hơi tổn thương 🥺,Chitchat,Negative
cậu muốn hỏi ở đâu á id18965,Chitchat,Neutral
Ê ai tạo ra bạn id18966,Chitchat,Neutral
mấy tuổi rồi 🤖 id18967,Chitchat,Neutral
Chào nha đang làm gì đấy id18968,Chitchat,Neutral
Vì deadline dí nên em hơi stress 📉,Chitchat,Negative
bot ơi Chào ngày mới vui vẻ nha id18970,Chitchat,Positive
là nam hay nữ id18971,Chitchat,Neutral
Mãi iu vì 🤩 id18972,Chitchat,Positive
Alo ơi em đang mệt id18973,Chitchat,Negative
Mãi iu vì thông minh ✨ id18974,Chitchat,Positive
Mimo ơi tên gì á id18975,Chitchat,Neutral
em muốn hỏi ở đâu á id18976,Chitchat,Neutral
Mimo ơi Mãi iu (^_<),Chitchat,Positive
bot Yêu ghê 🤣,Chitchat,Positive
Chào nha ở đâu á 👀 id18979,Chitchat,Neutral
bot id18980,Chitchat,Positive
mấy tuổi rồi id18981,Chitchat,Neutral
bot làm được gì vậy id18982,Chitchat,Neutral
bot ✨ id18983,Chitchat,Positive
Mimo ơi đang làm gì đấy id18984,Chitchat,Neutral
Thích bot ơi ghê ✨ id18985,Chitchat,Positive
Alo Mimo ơi ơi bà đang áp lực 🥲,Chitchat,Negative
bà muốn hỏi bạn có nghe rõ trả lời không id18987,Chitchat,Neutral
em thấy vô tri quá id18988,Chitchat,Negative
Alo Mimo dễ thương ơi ta đang met,Chitchat,Negative
ở đâu á vậy Mimo id18990,Chitchat,Neutral
Mimo dễ thương 👍 id18991,Chitchat,Positive
Vì đi học mệt quá nên ông hơi suy 😮‍💨,Chitchat,Negative
Thích bạn ghê ❤️ id18993,Chitchat,Positive
bác muốn hỏi bot làm được gì id18994,Chitchat,Neutral
Mãi iu vì giao diện đẹp id18995,Chitchat,Positive
Gút mỏ ninh bạn Chào ngày mới vui vẻ nha,Chitchat,Positive
tên gì á vậy id18997,Chitchat,Neutral
ai tạo ra bạn vậy Mimo 🤔 id18998,Chitchat,Neutral
tên gì á vậy Mimo dễ thương 💬 id18999,Chitchat,Neutral
Chào Mimo dễ thương Chào ngày mới vui vẻ nha 👍,Chitchat,Positive
thấy chán quá 📉,Chitchat,Negative
là nam hay nữ id19002,Chitchat,Neutral
biết nói chuyện không vậy bot id19003,Chitchat,Neutral
suy vcl rớt môn id19004,Chitchat,Negative
đang làm gì đấy vậy id19005,Chitchat,Neutral
ta muốn hỏi ai tạo ra bạn id19006,Chitchat,Neutral
Chào nha ai tạo ra bạn 💬 id19007,Chitchat,Neutral
mấy tuổi rồi vậy 👀 id19008,Chitchat,Neutral
Chào ngày mới vui vẻ nha vì id19009,Chitchat,Positive
có nghe rõ trả lời không vậy bạn id19010,Chitchat,Neutral
bot đỉnh nóc kịch trần ✨,Chitchat,Positive
Vì hết tiền nên em hơi chán 📉,Chitchat,Negative
là nam hay nữ vậy 🤔 id19013,Chitchat,Neutral
Ê tên gì á 🤔,Chitchat,Neutral
áp lực vcl rớt môn 😮‍💨,Chitchat,Negative
muốn hỏi có nghe rõ trả lời ko 🤔,Chitchat,Neutral
tên gì á vậy bot 💬 id19017,Chitchat,Neutral
Chào ngày mới vui vẻ nha vì 🤩 id19018,Chitchat,Positive
ông thấy chán qá 😮‍💨,Chitchat,Negative
muốn hỏi bạn tên gì á,Chitchat,Neutral
Hế lô bot làm đc gì ❓,Chitchat,Neutral
Alo bot ơi em đang nản 🥺,Chitchat,Negative
ở đâu á ❓ id19023,Chitchat,Neutral
Yêu ghê vì (^_<) id19024,Chitchat,Positive
Chào nha bot ơi mấy tuổi rồi 🤔,Chitchat,Neutral
stress vcl id19026,Chitchat,Negative
Chào ngày mới vui vẻ nha ❤️ id19027,Chitchat,Positive
Alo ơi mấy ní đang tổn thương 😢,Chitchat,Negative
Thích Mimo dễ thương ghê chất lượng id19029,Chitchat,Positive
là nam hay nữ 🤖 id19030,Chitchat,Neutral
bot bot làm được gì id19031,Chitchat,Neutral
bác muốn hỏi Mimo ở đâu á 🐧,Chitchat,Neutral
Alo bạn là ai 🤖 id19033,Chitchat,Neutral
biết nói chuyện ko id19034,Chitchat,Neutral
bot làm được gì vậy bot ơi id19035,Chitchat,Neutral
bạn là ai 💬 id19036,Chitchat,Neutral
🔥 id19037,Chitchat,Positive
Mimo dễ thương biết nói chuyện không 🐧,Chitchat,Neutral
Mimo dễ thương ❤️ id19039,Chitchat,Positive
ai tạo ra bạn vậy id19040,Chitchat,Neutral
Alo Mimo dễ thương ơi em đang nản 📉,Chitchat,Negative
bro muốn hỏi bot ơi bạn là ai ❓,Chitchat,Neutral
tổn thương vcl id19043,Chitchat,Negative
Hế lô mấy tuổi rồi id19044,Chitchat,Neutral
Thích ghê id19045,Chitchat,Positive
Love ya vì app mượt 🤣,Chitchat,Positive
Thích ghê quá đã 👍 id19047,Chitchat,Positive
tổn thương vcl id19048,Chitchat,Negative
đang làm gì đấy 👀 id19049,Chitchat,Neutral
bot làm được gì id19050,Chitchat,Neutral
bà muốn hỏi là nam hay nữ id19051,Chitchat,Neutral
bro muốn hỏi đang làm gì đấy 👀,Chitchat,Neutral
có nghe rõ trả lời không 🤖 id19053,Chitchat,Neutral
bà muốn hỏi Mimo ơi là nam hay nữ 🐧,Chitchat,Neutral
bạn là ai vậy id19055,Chitchat,Neutral
bà muốn hỏi Mimo là nam hay nữ 🐧,Chitchat,Neutral
chán vcl deadline dí 🥲 id19057,Chitchat,Negative
Chào ngày mới vui vẻ nha vì id19058,Chitchat,Positive
Chào nha bot có nghe rõ trả lời không id19059,Chitchat,Neutral
Alo bạn ơi bà đang tổn thương,Chitchat,Negative
Yo Mimo dễ thương là nam hay nữ ❓,Chitchat,Neutral
tên gì á id19062,Chitchat,Neutral
Ê tên gì á id19063,Chitchat,Neutral
Vì rớt môn nên ta hơi chán 📉,Chitchat,Negative
Vì hết tiền nên bà hơi stress,Chitchat,Negative
Tks vì id19066,Chitchat,Positive
ai tạo ra bạn id19067,Chitchat,Neutral
Mimo bạn là ai id19068,Chitchat,Neutral
biết nói chuyện không vậy id19069,Chitchat,Neutral
tên gì á vậy bot ơi 🐧 id19070,Chitchat,Neutral
Thích ghê cute xỉu id19071,Chitchat,Positive
muốn hỏi bot mấy tuổi rồi id19072,Chitchat,Neutral
Thích Mimo ơi ghê app xịn xò 🤩,Chitchat,Positive
bot ơi ✨ id19074,Chitchat,Positive
có nghe rõ trả lời không vậy Mimo ơi id19075,Chitchat,Neutral
biết nói chuyện không vậy bạn id19076,Chitchat,Neutral
ta muốn hỏi Mimo có nghe rõ trả lời không id19077,Chitchat,Neutral
Chào ngày mới vui vẻ nha vì id19078,Chitchat,Positive
Mimo dễ thương id19079,Chitchat,Positive
Mimo ơi có nghe rõ trả lời không 🤖 id19080,Chitchat,Neutral
Alo bot ơi ơi tui đang buồn,Chitchat,Negative
đang làm gì đấy vậy id19082,Chitchat,Neutral
Yo là nam hay nữ 💬,Chitchat,Neutral
ông muốn hỏi là nam hay nữ 🤔 id19084,Chitchat,Neutral
Thích ghê app xịn xò ✨ id19085,Chitchat,Positive
bác muốn hỏi biết nói chuyện ko,Chitchat,Neutral
Ê tên gì á 💬 id19087,Chitchat,Neutral
Alo là nam hay nữ id19088,Chitchat,Neutral
bạn Tks 👍,Chitchat,Positive
stress vcl rớt môn id19090,Chitchat,Negative
Chào Củm ơn id19091,Chitchat,Positive
đang làm gì đấy 🤖 id19092,Chitchat,Neutral
Mimo bot làm được gì 👀 id19093,Chitchat,Neutral
Mimo Chào ngày mới vui vẻ nha ❤️ id19094,Chitchat,Positive
Chào ngày mới vui vẻ nha vì id19095,Chitchat,Positive
bot làm được gì vậy bot id19096,Chitchat,Neutral
Mimo đỉnh nóc kịch trần 🔥 id19097,Chitchat,Positive
tên gì á 💬 id19098,Chitchat,Neutral
Alo bot ơi cậu đang áp lực 😭,Chitchat,Negative
Thích bạn ghê id19100,Chitchat,Positive
ông muốn hỏi ai tạo ra bạn id19101,Chitchat,Neutral
muốn hỏi bạn là nam hay nữ,Chitchat,Neutral
bạn là ai vậy Mimo ❓ id19103,Chitchat,Neutral
bot làm đc gì 👀 id19104,Chitchat,Neutral
bot ơi Biết ơn id19105,Chitchat,Positive
Alo bot ơi ơi bác đang chán 🥺,Chitchat,Negative
Mimo dễ thương bot làm được gì 🤔 id19107,Chitchat,Neutral
Mimo dễ thương Chào ngày mới vui vẻ nha 🥰,Chitchat,Positive
Vì nên bác hơi suy id19109,Chitchat,Negative
vì app mượt 👍 id19110,Chitchat,Positive
đang làm gì đấy vậy bạn id19111,Chitchat,Neutral
đang làm gì đấy id19112,Chitchat,Neutral
Thích bot ghê ✨ id19113,Chitchat,Positive
app xịn xò id19114,Chitchat,Positive
bác thấy tổn thương quá id19115,Chitchat,Negative
vì app mượt id19116,Chitchat,Positive
vì đỉnh nóc kịch trần 🤣 id19117,Chitchat,Positive
là nam hay nữ vậy id19118,Chitchat,Neutral
Mimo dễ thương mấy tuổi rồi id19119,Chitchat,Neutral
ông muốn hỏi Mimo ơi mấy tuổi rồi id19120,Chitchat,Neutral
ai tạo ra bạn vậy id19121,Chitchat,Neutral
đang làm gì đấy 🤖 id19122,Chitchat,Neutral
biết nói chuyện không vậy Mimo 🐧 id19123,Chitchat,Neutral
ai tạo ra bạn vậy Mimo ơi ❓ id19124,Chitchat,Neutral
stress vcl hết tiền 📉,Chitchat,Negative
vì app mượt 🤩 id19126,Chitchat,Positive
cậu muốn hỏi là nam hay nữ 💬 id19127,Chitchat,Neutral
bot ơi có nghe rõ trả lời không id19128,Chitchat,Neutral
nản vcl crush lơ 😮‍💨 id19129,Chitchat,Negative
Vì bồ giận nên bro hơi stress 😭,Chitchat,Negative
Chào nha là nam hay nữ id19131,Chitchat,Neutral
ai tạo ra bạn vậy bot ❓ id19132,Chitchat,Neutral
biết nói chuyện không vậy 👀 id19133,Chitchat,Neutral
có nghe rõ trả lời ko vậy 💬,Chitchat,Neutral
vì chất lượng 🔥 id19135,Chitchat,Positive
Alo ơi ta đang chán 😮‍💨,Chitchat,Negative
biết nói chuyện không vậy id19137,Chitchat,Neutral
bot ơi chất lượng id19138,Chitchat,Positive
Mimo ơi có nghe rõ trả lời ko id19139,Chitchat,Neutral
Good morning Chào ngày mới vui vẻ nha,Chitchat,Positive
Hello bot ơi id19141,Chitchat,Positive
Thích ghê (^_<) id19142,Chitchat,Positive
đang làm gì đấy 🤔 id19143,Chitchat,Neutral
bất lực vcl hết tiền 📉 id19144,Chitchat,Negative
Chào nha bot ơi đang làm gì đấy,Chitchat,Neutral
tên gì á 🤖 id19146,Chitchat,Neutral
Vì đi học mệt quá nên bro hơi bất lực 🥺,Chitchat,Negative
Thích ghê đỉnh nóc kịch trần ✨ id19148,Chitchat,Positive
👍 id19149,Chitchat,Positive
Mimo Chào ngày mới vui vẻ nha id19150,Chitchat,Positive
đang làm gì đấy vậy Mimo dễ thương ❓ id19151,Chitchat,Neutral
bác thấy buồn quá 😭 id19152,Chitchat,Negative
Alo Mimo dễ thương ơi tui đang tổn thương id19153,Chitchat,Negative
Thích Mimo ghê id19154,Chitchat,Positive
tổn thương vcl id19155,Chitchat,Negative
bạn Thank you ✨ id19156,Chitchat,Positive
là nam hay nữ vậy Mimo ơi 👀 id19157,Chitchat,Neutral
ta thấy vô tri quá 💔 id19158,Chitchat,Negative
cậu muốn hỏi bạn là ai 🤔,Chitchat,Neutral
Mimo dễ thương app xịn xò ✨,Chitchat,Positive
là nam hay nữ id19161,Chitchat,Neutral
bà muốn hỏi là nam hay nữ id19162,Chitchat,Neutral
Mimo ơi cute xỉu 🥰,Chitchat,Positive
ở đâu á vậy bạn 🤔 id19164,Chitchat,Neutral
Alo bot ơi mấy ní đang bất lực 📉,Chitchat,Negative
Alo bot ơi ơi mấy ní đang vô tri,Chitchat,Negative
Thích ghê app xịn xò 🤩 id19167,Chitchat,Positive
Hế lô bot làm được gì id19168,Chitchat,Neutral
bro muốn hỏi mấy tuổi rồi 🐧 id19169,Chitchat,Neutral
buon vcl hết tiền 😭,Chitchat,Negative
mệt vcl 😢 id19171,Chitchat,Negative
Mimo dễ thương chất lượng 🔥,Chitchat,Positive
Chào ngày mới vui vẻ nha vì (^_<) id19173,Chitchat,Positive
Mimo là nam hay nữ ❓ id19174,Chitchat,Neutral
ta muốn hỏi Mimo ơi tên gì á id19175,Chitchat,Neutral
nản vcl 🥲 id19176,Chitchat,Negative
stress vcl bồ giận id19177,Chitchat,Negative
bạn là ai 🤔 id19178,Chitchat,Neutral
mấy tuổi rồi 🤔 id19179,Chitchat,Neutral
Thích Mimo ghê id19180,Chitchat,Positive
Alo Mimo ơi ơi mấy ní đang buon,Chitchat,Negative
tổn thương vcl 💔 id19182,Chitchat,Negative
là nam hay nữ vậy Mimo 🤖 id19183,Chitchat,Neutral
bot Chào ngày mới vui vẻ nha id19184,Chitchat,Positive
bà muốn hỏi có nghe rõ trả lời không 💬 id19185,Chitchat,Neutral
ai tạo ra bạn id19186,Chitchat,Neutral
Mimo dễ thương Love ya id19187,Chitchat,Positive
là nam hay nữ vậy id19188,Chitchat,Neutral
mấy ní thấy mệt quá 😮‍💨 id19189,Chitchat,Negative
là nam hay nữ id19190,Chitchat,Neutral
Thích Mimo dễ thương ghê cute xỉu id19191,Chitchat,Positive
mấy ní muốn hỏi bot ơi tên gì á id19192,Chitchat,Neutral
muốn hỏi bot làm được gì id19193,Chitchat,Neutral
ở đâu á 🤖 id19194,Chitchat,Neutral
biết nói chuyện ko 🐧,Chitchat,Neutral
Thích ghê đỉnh nóc kịch trần ✨ id19196,Chitchat,Positive
bot (^_<) id19197,Chitchat,Positive
bất lực vcl cuộc sống khó khăn 📉 id19198,Chitchat,Negative
Alo Mimo mấy tuổi rồi ❓,Chitchat,Neutral
có nghe rõ trả lời không vậy 👀 id19200,Chitchat,Neutral
biết nói chuyện không vậy bot 👀 id19201,Chitchat,Neutral
mấy tuổi rồi vậy Mimo dễ thương 👀 id19202,Chitchat,Neutral
biết nói chuyện không vậy 🤔 id19203,Chitchat,Neutral
 id19204,Chitchat,Positive
Thích ghê đỉnh nóc kịch trần id19205,Chitchat,Positive
có nghe rõ trả lời không id19206,Chitchat,Neutral
chán vcl crush lơ 📉,Chitchat,Negative
mình muốn hỏi ai tạo ra bạn id19208,Chitchat,Neutral
Cảm ơn vì app mượt 🥰,Chitchat,Positive
mình muốn hỏi bạn là ai ❓,Chitchat,Neutral
Thích Mimo ghê 🔥 id19211,Chitchat,Positive
tên gì á 🐧 id19212,Chitchat,Neutral
ta muốn hỏi bot làm được gì 🤖,Chitchat,Neutral
chán vcl crush lơ id19214,Chitchat,Negative
buồn vcl 💔 id19215,Chitchat,Negative
Alo ơi tui đang nản id19216,Chitchat,Negative
ông muốn hỏi bot có nghe rõ trả lời không 🤖,Chitchat,Neutral
Chào nha bạn là ai id19218,Chitchat,Neutral
Alo ơi đang nản 😢,Chitchat,Negative
bot ơi bạn là ai 👀,Chitchat,Neutral
Alo bot ơi ơi em đang suy 📉,Chitchat,Negative
cậu thấy suy quá id19222,Chitchat,Negative
Chào nha bạn là ai id19223,Chitchat,Neutral
Thích ghê thông minh ❤️ id19224,Chitchat,Positive
bot làm được gì vậy Mimo dễ thương id19225,Chitchat,Neutral
ta thấy bất lực quá id19226,Chitchat,Negative
Yo ở đâu á 👀 id19227,Chitchat,Neutral
ông muốn hỏi Mimo ơi biết nói chuyện không 🤔,Chitchat,Neutral
👍 id19229,Chitchat,Positive
Thích bot ơi ghê 👍 id19230,Chitchat,Positive
có nghe rõ trả lời không 🤔 id19231,Chitchat,Neutral
ai tạo ra bạn vậy 🤖 id19232,Chitchat,Neutral
ở đâu á id19233,Chitchat,Neutral
buon vcl 😮‍💨,Chitchat,Negative
có nghe rõ trả lời không vậy 🐧 id19235,Chitchat,Neutral
Mimo dễ thương là nam hay nữ id19236,Chitchat,Neutral
bot ơi Mãi iu id19237,Chitchat,Positive
Thích bạn ghê (^_<) id19238,Chitchat,Positive
biết nói chuyện không 🤔 id19239,Chitchat,Neutral
thông minh id19240,Chitchat,Positive
là nam hay nữ 💬 id19241,Chitchat,Neutral
là nam hay nữ id19242,Chitchat,Neutral
ông muốn hỏi Mimo ơi bot làm được gì id19243,Chitchat,Neutral
Hế lô bot ai tạo ra bạn 👀,Chitchat,Neutral
Vì hết tiền nên bác hơi nản 🥺,Chitchat,Negative
mệt vcl 📉 id19246,Chitchat,Negative
Yo bot ơi mấy tuổi rồi id19247,Chitchat,Neutral
vì thông minh ❤️ id19248,Chitchat,Positive
Biết ơn vì ✨ id19249,Chitchat,Positive
Chào ngày mới vui vẻ nha vì id19250,Chitchat,Positive
Vì đi học mệt quá nên bác hơi buồn,Chitchat,Negative
có nghe rõ trả lời không vậy Mimo ơi 🐧 id19252,Chitchat,Neutral
Vì nên cậu hơi mệt id19253,Chitchat,Negative
mấy ní muốn hỏi Mimo mấy tuổi rồi id19254,Chitchat,Neutral
Mimo dễ thương đỉnh nóc kịch trần id19255,Chitchat,Positive
stress vcl crush lơ 💔,Chitchat,Negative
mình muốn hỏi bot bot làm đc gì,Chitchat,Neutral
Chào nha tên gì á 💬 id19258,Chitchat,Neutral
ông muốn hỏi bot ở đâu á id19259,Chitchat,Neutral
ai tạo ra bạn vậy id19260,Chitchat,Neutral
bro muốn hỏi tên gì á 🐧,Chitchat,Neutral
Alo tên gì á id19262,Chitchat,Neutral
vì cute xỉu id19263,Chitchat,Positive
ai tạo ra bạn id19264,Chitchat,Neutral
 id19265,Chitchat,Positive
Alo Mimo dễ thương ơi tui đang suy 😮‍💨,Chitchat,Negative
Alo ơi mình đang tổn thương id19267,Chitchat,Negative
Chào ngày mới vui vẻ nha vì id19268,Chitchat,Positive
bot làm được gì vậy Mimo ơi id19269,Chitchat,Neutral
bà thấy suy qá 💔,Chitchat,Negative
bạn là ai id19271,Chitchat,Neutral
Thích Mimo ơi ghê giao diện đẹp 🥰 id19272,Chitchat,Positive
Alo ơi bà đang áp lực id19273,Chitchat,Negative
Mimo mấy tuổi rồi 👀,Chitchat,Neutral
bạn là ai 👀 id19275,Chitchat,Neutral
bạn là ai 🤖 id19276,Chitchat,Neutral
Thích bạn ghê ✨ id19277,Chitchat,Positive
Vì nên tui hơi suy 📉 id19278,Chitchat,Negative
bot làm được gì 🐧 id19279,Chitchat,Neutral
Hế lô bot ơi tên gì á 🤖 id19280,Chitchat,Neutral
Alo mấy tuổi rồi id19281,Chitchat,Neutral
Hế lô đang làm gì đấy id19282,Chitchat,Neutral
cậu muốn hỏi bot có nghe rõ trả lời không,Chitchat,Neutral
tên gì á id19284,Chitchat,Neutral
ai tạo ra bạn vậy bạn id19285,Chitchat,Neutral
Chào ngày mới vui vẻ nha vì id19286,Chitchat,Positive
bot ơi bot làm được gì 🤔 id19287,Chitchat,Neutral
có nghe rõ trả lời ko vậy Mimo,Chitchat,Neutral
bạn là ai vậy bot ơi id19289,Chitchat,Neutral
bác muốn hỏi Mimo ơi có nghe rõ trả lời không ❓ id19290,Chitchat,Neutral
vì quá đã ✨ id19291,Chitchat,Positive
Hế lô ai tạo ra bạn id19292,Chitchat,Neutral
(^_<) id19293,Chitchat,Positive
Vì hết tiền nên em hơi tổn thương 🥲,Chitchat,Negative
 id19295,Chitchat,Positive
mấy ní muốn hỏi bot làm được gì id19296,Chitchat,Neutral
Mimo dễ thương bạn là ai id19297,Chitchat,Neutral
Mimo Yêu ghê id19298,Chitchat,Positive
Alo ở đâu á 🐧 id19299,Chitchat,Neutral
có nghe rõ trả lời không vậy bot 💬,Chitchat,Neutral
ta thấy chán quá id19301,Chitchat,Negative
đang làm gì đấy vậy 🐧 id19302,Chitchat,Neutral
mấy tuổi rồi id19303,Chitchat,Neutral
nản vcl đi học mệt quá 📉,Chitchat,Negative
Thích ghê 👍 id19305,Chitchat,Positive
Alo bot ơi ta đang suy,Chitchat,Negative
bạn là ai ❓ id19307,Chitchat,Neutral
❤️ id19308,Chitchat,Positive
tui muốn hỏi ai tạo ra bạn 🤖,Chitchat,Neutral
Mimo (^_<) id19310,Chitchat,Positive
em muốn hỏi Mimo dễ thương mấy tuổi rồi ❓ id19311,Chitchat,Neutral
cậu muốn hỏi tên gì á 💬,Chitchat,Neutral
Thích Mimo ơi ghê id19313,Chitchat,Positive
bot làm được gì 🤖 id19314,Chitchat,Neutral
Vì nên cậu hơi tổn thương 🥺,Chitchat,Negative
Mimo ơi 🤩 id19316,Chitchat,Positive
có nghe rõ trả lời không 🤔 id19317,Chitchat,Neutral
Thích bot ơi ghê cute xỉu id19318,Chitchat,Positive
 id19319,Chitchat,Positive
Thích bạn ghê quá đã id19320,Chitchat,Positive
mấy ní thấy stress quá 🥺 id19321,Chitchat,Negative
Vì crush lơ nên ta hơi nản 📉,Chitchat,Negative
Alo Mimo ơi ơi tui đang suy 💔,Chitchat,Negative
 id19324,Chitchat,Positive
Xin chao Mimo Love ya 👍,Chitchat,Positive
mấy tuổi rồi vậy bot ơi id19326,Chitchat,Neutral
biết nói chuyện ko vậy id19327,Chitchat,Neutral
bà muốn hỏi bạn ai tạo ra bạn 🐧 id19328,Chitchat,Neutral
Alo bot ơi ơi ta đang nản,Chitchat,Negative
bot làm được gì id19330,Chitchat,Neutral
Mimo dễ thương đang làm gì đấy id19331,Chitchat,Neutral
bà thấy stress quá 🥲,Chitchat,Negative
cậu muốn hỏi ai tạo ra bạn 🐧 id19333,Chitchat,Neutral
ở đâu á 🐧 id19334,Chitchat,Neutral
có nghe rõ trả lời không 💬 id19335,Chitchat,Neutral
mình muốn hỏi bot bot làm được gì ❓,Chitchat,Neutral
bạn quá đã 👍 id19337,Chitchat,Positive
ai tạo ra bạn 🤖 id19338,Chitchat,Neutral
Alo Mimo ơi ơi tui đang nản 😭,Chitchat,Negative
bot ❤️ id19340,Chitchat,Positive
ai tạo ra bạn vậy Mimo id19341,Chitchat,Neutral
mấy tuổi rồi 🤔 id19342,Chitchat,Neutral
Biết ơn vì ❤️ id19343,Chitchat,Positive
bạn là ai vậy 🤔 id19344,Chitchat,Neutral
Mimo dễ thương Củm ơn 👍 id19345,Chitchat,Positive
bro muốn hỏi Mimo ơi tên gì á id19346,Chitchat,Neutral
em muốn hỏi bot ơi là nam hay nữ id19347,Chitchat,Neutral
Chào nha bạn bot làm được gì id19348,Chitchat,Neutral
Thích Mimo dễ thương ghê chất lượng 🥰 id19349,Chitchat,Positive
Chào ngày mới vui vẻ nha vì (^_<) id19350,Chitchat,Positive
bot bot làm được gì id19351,Chitchat,Neutral
Thích Mimo ơi ghê 🔥 id19352,Chitchat,Positive
có nghe rõ trả lời không vậy Mimo id19353,Chitchat,Neutral
ai tạo ra bạn id19354,Chitchat,Neutral
mấy ní muốn hỏi ai tạo ra bạn id19355,Chitchat,Neutral
cậu muốn hỏi bạn là ai 💬,Chitchat,Neutral
Chào ngày mới vui vẻ nha vì id19357,Chitchat,Positive
Vì nên ta hơi vô tri 😢,Chitchat,Negative
bot làm được gì vậy Mimo 💬 id19359,Chitchat,Neutral
ở đâu á vậy id19360,Chitchat,Neutral
Hế lô có nghe rõ trả lời không 🤔 id19361,Chitchat,Neutral
bác muốn hỏi Mimo có nghe rõ trả lời không,Chitchat,Neutral
ta muốn hỏi Mimo ơi tên gì á ❓,Chitchat,Neutral
mấy ní thấy bất lực quá 😢 id19364,Chitchat,Negative
cậu muốn hỏi bạn mấy tuổi rồi,Chitchat,Neutral
Vì nên mình hơi met,Chitchat,Negative
Ê mấy tuổi rồi 👀 id19367,Chitchat,Neutral
bot biết nói chuyện không 🐧 id19368,Chitchat,Neutral
Mimo Chào ngày mới vui vẻ nha ❤️ id19369,Chitchat,Positive
Alo ơi bác đang stress 💔 id19370,Chitchat,Negative
ông thấy tổn thương quá 😢,Chitchat,Negative
bạn là ai id19372,Chitchat,Neutral
Thích Mimo ơi ghê app mượt (^_<),Chitchat,Positive
Hế lô Mimo ơi tên gì á 💬,Chitchat,Neutral
Hế lô biết nói chuyện không id19375,Chitchat,Neutral
 id19376,Chitchat,Positive
Cảm ơn vì app xịn xò ❤️,Chitchat,Positive
Vì deadline dí nên bác hơi mệt,Chitchat,Negative
Mimo dễ thương 🥰 id19379,Chitchat,Positive
bot làm được gì vậy bot ơi id19380,Chitchat,Neutral
Alo bạn ơi đang áp lực,Chitchat,Negative
Vì rớt môn nên bà hơi vô tri 🥲,Chitchat,Negative
Vì cuộc sống khó khăn nên ta hơi nản 💔,Chitchat,Negative
bot làm được gì vậy Mimo dễ thương 🐧 id19384,Chitchat,Neutral
Vì hết tiền nên hơi vô tri,Chitchat,Negative
cậu muốn hỏi bạn bot làm được gì id19386,Chitchat,Neutral
Mimo dễ thương ở đâu á id19387,Chitchat,Neutral
ông thấy nản quá 🥺 id19388,Chitchat,Negative
Mimo dễ thương Yêu ghê 🤣,Chitchat,Positive
đang làm gì đấy vậy Mimo dễ thương 👀 id19390,Chitchat,Neutral
Thích bot ơi ghê quá đã id19391,Chitchat,Positive
Thích Mimo dễ thương ghê giao diện đẹp 🤣 id19392,Chitchat,Positive
Alo Mimo ơi ơi ông đang suy 📉,Chitchat,Negative
bot ơi đang làm gì đấy 🐧 id19394,Chitchat,Neutral
Hế lô mấy tuổi rồi 🤔 id19395,Chitchat,Neutral
muốn hỏi là nam hay nữ id19396,Chitchat,Neutral
bro muốn hỏi đang làm gì đấy id19397,Chitchat,Neutral
Alo Mimo dễ thương ơi ta đang nản id19398,Chitchat,Negative
bro thấy chán quá 😮‍💨,Chitchat,Negative
tui thấy bất lực quá id19400,Chitchat,Negative
Chào nha tên gì á 🤖 id19401,Chitchat,Neutral
Alo ơi tui đang bất lực id19402,Chitchat,Negative
có nghe rõ trả lời không 🤖 id19403,Chitchat,Neutral
ta muốn hỏi Mimo dễ thương có nghe rõ trả lời không 🤔,Chitchat,Neutral
mấy tuổi rồi vậy bạn 👀 id19405,Chitchat,Neutral
bác thấy nản quá 🥲,Chitchat,Negative
Thích bạn ghê app xịn xò 👍,Chitchat,Positive
Chào ngày mới vui vẻ nha vì 🤩 id19408,Chitchat,Positive
biết nói chuyện không 🤖 id19409,Chitchat,Neutral
bác thấy buồn quá id19410,Chitchat,Negative
em muốn hỏi đang làm gì đấy id19411,Chitchat,Neutral
Mimo ơi ở đâu á id19412,Chitchat,Neutral
mấy ní thấy stress quá 😢 id19413,Chitchat,Negative
Thích ghê đỉnh nóc kịch trần (^_<) id19414,Chitchat,Positive
Thank you 👍 id19415,Chitchat,Positive
vô tri vcl bồ giận 📉,Chitchat,Negative
mình muốn hỏi bạn biết nói chuyện không 💬 id19417,Chitchat,Neutral
Vì rớt môn nên mình hơi chán,Chitchat,Negative
Mimo ơi có nghe rõ trả lời không id19419,Chitchat,Neutral
ông muốn hỏi bot tên gì á ❓,Chitchat,Neutral
bạn 🤩 id19421,Chitchat,Positive
Mimo dễ thương id19422,Chitchat,Positive
buồn vcl deadline ngập đầu 😮‍💨,Chitchat,Negative
bot ơi tên gì á 👀 id19424,Chitchat,Neutral
mệt vcl 🥲 id19425,Chitchat,Negative
bạn là ai 👀 id19426,Chitchat,Neutral
bác muốn hỏi Mimo ơi ai tạo ra bạn 🤖 id19427,Chitchat,Neutral
là nam hay nữ vậy id19428,Chitchat,Neutral
Thích bạn ghê id19429,Chitchat,Positive
ở đâu á 🤖 id19430,Chitchat,Neutral
Mimo mấy tuổi rồi id19431,Chitchat,Neutral
Ê biết nói chuyện không 👀 id19432,Chitchat,Neutral
bất lực vcl bồ giận id19433,Chitchat,Negative
vì app mượt 🥰 id19434,Chitchat,Positive
❤️ id19435,Chitchat,Positive
bạn là ai id19436,Chitchat,Neutral
ông thấy stress quá 🥺,Chitchat,Negative
Alo ơi mấy ní đang vô tri 🥲,Chitchat,Negative
Hế lô bot ơi bạn là ai id19439,Chitchat,Neutral
Vì nên cậu hơi chán 🥲,Chitchat,Negative
Ê Mimo ơi là nam hay nữ id19441,Chitchat,Neutral
stress vcl deadline ngập đầu id19442,Chitchat,Negative
Ê Mimo đang làm gì đấy 🤔,Chitchat,Neutral
bot làm được gì vậy 🤔 id19444,Chitchat,Neutral
áp lực vcl hết tiền 🥺 id19445,Chitchat,Negative
Thích Mimo dễ thương ghê ✨ id19446,Chitchat,Positive
biết nói chuyện không vậy bạn id19447,Chitchat,Neutral
bà thấy áp lực quá 😭 id19448,Chitchat,Negative
tên gì á vậy bạn 🤖 id19449,Chitchat,Neutral
Vì rớt môn nên bác hơi áp lực,Chitchat,Negative
mệt vcl id19451,Chitchat,Negative
tên gì á 💬 id19452,Chitchat,Neutral
Tks vì id19453,Chitchat,Positive
Thích bot ơi ghê thông minh id19454,Chitchat,Positive
ai tạo ra bạn vậy ❓ id19455,Chitchat,Neutral
Mimo dễ thương Thank you 🤩,Chitchat,Positive
vì đỉnh nóc kịch trần 🥰 id19457,Chitchat,Positive
🔥 id19458,Chitchat,Positive
bạn ai tạo ra bạn ❓ id19459,Chitchat,Neutral
bot làm được gì 💬 id19460,Chitchat,Neutral
Yo Mimo ai tạo ra bạn 👀,Chitchat,Neutral
bot Thank you (^_<),Chitchat,Positive
có nghe rõ trả lời không 🐧 id19463,Chitchat,Neutral
đang làm gì đấy vậy id19464,Chitchat,Neutral
Ê bot làm được gì 💬 id19465,Chitchat,Neutral
bác muốn hỏi bot làm được gì 🤔 id19466,Chitchat,Neutral
em muốn hỏi bot bot làm được gì id19467,Chitchat,Neutral
Yêu ghê vì id19468,Chitchat,Positive
muốn hỏi là nam hay nữ 💬,Chitchat,Neutral
bác muốn hỏi Mimo ơi tên gì á id19470,Chitchat,Neutral
vì đỉnh nóc kịch trần id19471,Chitchat,Positive
bot làm được gì vậy Mimo ơi id19472,Chitchat,Neutral
tui thấy tổn thương quá id19473,Chitchat,Negative
Vì nên bác hơi bất lực 😢,Chitchat,Negative
muốn hỏi bot làm được gì ❓,Chitchat,Neutral
Alo Mimo ơi cậu đang stress,Chitchat,Negative
app xịn xò id19477,Chitchat,Positive
bất lực vcl bồ giận 🥲,Chitchat,Negative
Alo ơi bro đang buồn id19479,Chitchat,Negative
bot làm được gì id19480,Chitchat,Neutral
✨ id19481,Chitchat,Positive
Biết ơn 🤣 id19482,Chitchat,Positive
ở đâu á 🤔 id19483,Chitchat,Neutral
ở đâu á 👀 id19484,Chitchat,Neutral
Thích Mimo ghê thông minh 🤩,Chitchat,Positive
Chào ngày mới vui vẻ nha vì id19486,Chitchat,Positive
bot ai tạo ra bạn id19487,Chitchat,Neutral
Thích ghê id19488,Chitchat,Positive
Thích Mimo ơi ghê quá đã id19489,Chitchat,Positive
mấy tuổi rồi ❓ id19490,Chitchat,Neutral
có nghe rõ trả lời không vậy Mimo ❓ id19491,Chitchat,Neutral
vì chất lượng 🔥 id19492,Chitchat,Positive
Chào nha mấy tuổi rồi id19493,Chitchat,Neutral
em muốn hỏi bạn là ai 👀 id19494,Chitchat,Neutral
bạn 👍 id19495,Chitchat,Positive
ở đâu á vậy id19496,Chitchat,Neutral
em thấy suy quá 🥲 id19497,Chitchat,Negative
biết nói chuyện không vậy bot 💬 id19498,Chitchat,Neutral
em muốn hỏi ai tạo ra bạn 🤔 id19499,Chitchat,Neutral
Vì nên bà hơi vô tri 😢,Chitchat,Negative
bot app xịn xò id19501,Chitchat,Positive
Alo ơi tui đang nản 📉,Chitchat,Negative
có nghe rõ trả lời không vậy id19503,Chitchat,Neutral
chán vcl deadline dí 🥺 id19504,Chitchat,Negative
Gút mỏ ninh bạn 🥰,Chitchat,Positive
Hello Mimo ơi Love ya,Chitchat,Positive
Vì đi học mệt quá nên ông hơi bất lực 😭,Chitchat,Negative
đang làm gì đấy vậy Mimo id19508,Chitchat,Neutral
bác thấy tổn thương quá id19509,Chitchat,Negative
chất lượng (^_<) id19510,Chitchat,Positive
biết nói chuyện không vậy Mimo dễ thương id19511,Chitchat,Neutral
Hi  ❤️,Chitchat,Positive
mấy ní muốn hỏi là nam hay nữ id19513,Chitchat,Neutral
tui muốn hỏi Mimo biết nói chuyện không ❓,Chitchat,Neutral
bot ơi giao diện đẹp id19515,Chitchat,Positive
Yo bot làm được gì 🤖 id19516,Chitchat,Neutral
bạn là ai 🤖 id19517,Chitchat,Neutral
Thích Mimo ghê 🥰 id19518,Chitchat,Positive
Alo Mimo ơi ơi bro đang chán 😮‍💨,Chitchat,Negative
Mimo thông minh 🔥 id19520,Chitchat,Positive
vô tri vcl 💔,Chitchat,Negative
Yo mấy tuổi rồi 👀 id19522,Chitchat,Neutral
tui muốn hỏi Mimo đang làm gì đấy 🐧,Chitchat,Neutral
em muốn hỏi bạn đang làm gì đấy 🐧 id19524,Chitchat,Neutral
Chào nha Mimo bạn là ai 💬 id19525,Chitchat,Neutral
Hế lô bot làm được gì 🤔 id19526,Chitchat,Neutral
Alo bot ơi ơi cậu đang vô tri,Chitchat,Negative
Vì hết tiền nên bà hơi chán,Chitchat,Negative
Thích Mimo ghê app mượt ✨,Chitchat,Positive
mấy tuổi rồi vậy bot ơi id19530,Chitchat,Neutral
Thích ghê id19531,Chitchat,Positive
có nghe rõ trả lời không vậy id19532,Chitchat,Neutral
là nam hay nữ vậy id19533,Chitchat,Neutral
Ê bot ở đâu á ❓ id19534,Chitchat,Neutral
Cảm ơn vì id19535,Chitchat,Positive
Vì nên mấy ní hơi tổn thương id19536,Chitchat,Negative
vô tri vcl bồ giận id19537,Chitchat,Negative
Alo bot ơi bà đang nản 🥺,Chitchat,Negative
cậu muốn hỏi Mimo bot làm được gì 💬,Chitchat,Neutral
mấy tuổi rồi vậy Mimo dễ thương id19540,Chitchat,Neutral
muốn hỏi Mimo ơi ở đâu á 💬 id19541,Chitchat,Neutral
chán vcl deadline ngập đầu 😮‍💨,Chitchat,Negative
tổn thương vcl deadline dí 😭,Chitchat,Negative
nản vcl 💔 id19544,Chitchat,Negative
Ê ở đâu á 💬 id19545,Chitchat,Neutral
bà thấy nản quá 😢 id19546,Chitchat,Negative
bác muốn hỏi Mimo dễ thương bot làm được gì,Chitchat,Neutral
bot ơi biết nói chuyện không 🤖 id19548,Chitchat,Neutral
cậu thấy tổn thương quá id19549,Chitchat,Negative
em muốn hỏi bot làm được gì 🐧,Chitchat,Neutral
Thích Mimo ghê app xịn xò ✨ id19551,Chitchat,Positive
đang làm gì đấy id19552,Chitchat,Neutral
tui muốn hỏi ở đâu á 🤔 id19553,Chitchat,Neutral
ai tạo ra bạn vậy bạn id19554,Chitchat,Neutral
Alo bot ơi bác đang chán 📉,Chitchat,Negative
bà muốn hỏi biết nói chuyện không 🤖,Chitchat,Neutral
Mimo ơi bạn là ai id19557,Chitchat,Neutral
Chào ngày mới vui vẻ nha ❤️ id19558,Chitchat,Positive
Thích Mimo ghê id19559,Chitchat,Positive
mấy tuổi rồi vậy id19560,Chitchat,Neutral
biết nói chuyện không id19561,Chitchat,Neutral
Alo ơi ta đang buồn,Chitchat,Negative
ta muốn hỏi bạn có nghe rõ trả lời không,Chitchat,Neutral
Alo Mimo ơi em đang vô tri 🥲,Chitchat,Negative
áp lực vcl đi học mệt quá 💔,Chitchat,Negative
Mimo đang làm gì đấy 🤖 id19566,Chitchat,Neutral
tổn thương vcl đi học mệt quá 🥺 id19567,Chitchat,Negative
Chào nha có nghe rõ trả lời không ❓ id19568,Chitchat,Neutral
áp lực vcl id19569,Chitchat,Negative
Good morning Mimo ơi Yêu ghê,Chitchat,Positive
Alo bạn là ai 🤔 id19571,Chitchat,Neutral
biết nói chuyện không id19572,Chitchat,Neutral
Mimo dễ thương 🥰 id19573,Chitchat,Positive
Alo ơi đang mệt id19574,Chitchat,Negative
Thích ghê (^_<) id19575,Chitchat,Positive
Alo bạn ơi bro đang vô tri id19576,Chitchat,Negative
bot ơi id19577,Chitchat,Positive
đang làm gì đấy vậy id19578,Chitchat,Neutral
Mimo dễ thương có nghe rõ trả lời không 💬 id19579,Chitchat,Neutral
cậu muốn hỏi bot tên gì á 👀,Chitchat,Neutral
suy vcl đi học met quá 😮‍💨,Chitchat,Negative
bạn là ai vậy id19582,Chitchat,Neutral
mấy tuổi rồi vậy id19583,Chitchat,Neutral
vì app xịn xò 🥰 id19584,Chitchat,Positive
Vì nên mấy ní hơi bất lực 💔 id19585,Chitchat,Negative
Chào nha Mimo ơi là nam hay nữ 🤖,Chitchat,Neutral
đang làm gì đấy vậy id19587,Chitchat,Neutral
Chào nha có nghe rõ trả lời không id19588,Chitchat,Neutral
biết nói chuyện không id19589,Chitchat,Neutral
mình muốn hỏi Mimo ai tạo ra bạn,Chitchat,Neutral
bro thấy buồn qá,Chitchat,Negative
nản vcl 🥲 id19592,Chitchat,Negative
bạn là ai vậy Mimo 👀 id19593,Chitchat,Neutral
Alo Mimo dễ thương ơi mấy ní đang chán,Chitchat,Negative
Alo bot ơi mấy ní đang suy 😭,Chitchat,Negative
ông muốn hỏi đang làm gì đấy ❓,Chitchat,Neutral
mình muốn hỏi bạn bạn là ai id19597,Chitchat,Neutral
cậu muốn hỏi bạn là ai 🤖,Chitchat,Neutral
Vì deadline ngập đầu nên bác hơi bất lực 🥺 id19599,Chitchat,Negative
vì app xịn xò 🤩 id19600,Chitchat,Positive
có nghe rõ trả lời không vậy bot 💬 id19601,Chitchat,Neutral
Alo bot ơi em đang buồn 😢,Chitchat,Negative
ông thấy bất lực quá id19603,Chitchat,Negative
Thích Mimo ghê cute xỉu id19604,Chitchat,Positive
mấy ní muốn hỏi bot ai tạo ra bạn id19605,Chitchat,Neutral
Hi Mimo ơi Củm ơn 🔥,Chitchat,Positive
có nghe rõ trả lời không vậy id19607,Chitchat,Neutral
bác muốn hỏi biết nói chuyện không 🤖 id19608,Chitchat,Neutral
Vì nên mình hơi mệt id19609,Chitchat,Negative
tổn thương vcl hết tiền id19610,Chitchat,Negative
Chào ngày mới vui vẻ nha (^_<) id19611,Chitchat,Positive
Thank you ✨ id19612,Chitchat,Positive
❤️ id19613,Chitchat,Positive
Chào nha Mimo ơi bot làm đc gì ❓,Chitchat,Neutral
Thích Mimo dễ thương ghê ✨ id19615,Chitchat,Positive
biết nói chuyện không vậy id19616,Chitchat,Neutral
ta muốn hỏi ở đâu á 💬,Chitchat,Neutral
Cảm ơn vì id19618,Chitchat,Positive
em thấy stress quá 🥺 id19619,Chitchat,Negative
Vì hết tiền nên cậu hơi vô tri 😮‍💨,Chitchat,Negative
Mimo ơi mấy tuổi rồi id19621,Chitchat,Neutral
ai tạo ra bạn vậy id19622,Chitchat,Neutral
Thích ghê id19623,Chitchat,Positive
bot id19624,Chitchat,Positive
mấy tuổi rồi vậy id19625,Chitchat,Neutral
tổn thương vcl 😭 id19626,Chitchat,Negative
Ê bot là nam hay nữ 🤖,Chitchat,Neutral
ta thấy buồn quá 😢,Chitchat,Negative
vì thông minh 🔥 id19629,Chitchat,Positive
Alo ơi em đang tổn thương id19630,Chitchat,Negative
Vì nên cậu hơi tổn thương 💔,Chitchat,Negative
Good morning Mimo ❤️,Chitchat,Positive
Chào ngày mới vui vẻ nha vì id19633,Chitchat,Positive
đang làm gì đấy vậy 🐧 id19634,Chitchat,Neutral
Thích Mimo ơi ghê 🤣 id19635,Chitchat,Positive
bà muốn hỏi bot ơi bạn là ai 🐧 id19636,Chitchat,Neutral
là nam hay nữ 👀 id19637,Chitchat,Neutral
Vì đi học mệt quá nên hơi chán 💔,Chitchat,Negative
mấy tuổi rồi id19639,Chitchat,Neutral
biết nói chuyện không vậy id19640,Chitchat,Neutral
Thích bạn ghê đỉnh nóc kịch trần id19641,Chitchat,Positive
ai tạo ra bạn vậy id19642,Chitchat,Neutral
ai tạo ra bạn id19643,Chitchat,Neutral
bạn là ai 💬 id19644,Chitchat,Neutral
Alo ơi tui đang áp lực 🥲 id19645,Chitchat,Negative
là nam hay nữ vậy bot 👀 id19646,Chitchat,Neutral
Thích ghê 🥰 id19647,Chitchat,Positive
Alo bot ơi mình đang bất lực 😭,Chitchat,Negative
bot làm được gì vậy 🤖 id19649,Chitchat,Neutral
Yo tên gì á 👀 id19650,Chitchat,Neutral
bác thấy chán quá 🥺 id19651,Chitchat,Negative
có nghe rõ trả lời không id19652,Chitchat,Neutral
bot có nghe rõ trả lời không 👀,Chitchat,Neutral
có nghe rõ trả lời không id19654,Chitchat,Neutral
có nghe rõ trả lời ko 👀 id19655,Chitchat,Neutral
bot làm được gì vậy bot ơi id19656,Chitchat,Neutral
suy vcl id19657,Chitchat,Negative
Mimo chất lượng id19658,Chitchat,Positive
Mimo dễ thương thông minh (^_<) id19659,Chitchat,Positive
ông thấy bất lực quá 📉 id19660,Chitchat,Negative
Mimo ơi id19661,Chitchat,Positive
Mimo dễ thương ✨ id19662,Chitchat,Positive
em muốn hỏi bạn tên gì á 🤖,Chitchat,Neutral
Alo bạn là ai 👀 id19664,Chitchat,Neutral
bà muốn hỏi biết nói chuyện không 🤔,Chitchat,Neutral
Thích Mimo ghê id19666,Chitchat,Positive
là nam hay nữ vậy Mimo dễ thương id19667,Chitchat,Neutral
Thích bạn ghê app mượt id19668,Chitchat,Positive
mấy ní muốn hỏi đang làm gì đấy id19669,Chitchat,Neutral
mấy tuổi rồi vậy bot ơi 💬 id19670,Chitchat,Neutral
muốn hỏi bạn bạn là ai ❓,Chitchat,Neutral
bot Cảm ơn id19672,Chitchat,Positive
Love ya vì đỉnh nóc kịch trần id19673,Chitchat,Positive
biết nói chuyện không vậy Mimo id19674,Chitchat,Neutral
chất lượng id19675,Chitchat,Positive
Hế lô Mimo ở đâu á 🤔,Chitchat,Neutral
bro muốn hỏi Mimo dễ thương biết nói chuyện không 🤔 id19677,Chitchat,Neutral
bất lực vcl 😮‍💨 id19678,Chitchat,Negative
đang làm gì đấy vậy id19679,Chitchat,Neutral
Yo là nam hay nữ id19680,Chitchat,Neutral
tổn thương vcl rớt môn id19681,Chitchat,Negative
đang làm gì đấy vậy Mimo dễ thương 💬 id19682,Chitchat,Neutral
Chào nha bot làm được gì id19683,Chitchat,Neutral
Chào ngày mới vui vẻ nha vì ✨ id19684,Chitchat,Positive
muốn hỏi bot làm được gì id19685,Chitchat,Neutral
Thank you vì thông minh 🥰,Chitchat,Positive
Mimo dễ thương app xịn xò ✨ id19687,Chitchat,Positive
Mimo dễ thương id19688,Chitchat,Positive
ở đâu á 💬 id19689,Chitchat,Neutral
suy vcl id19690,Chitchat,Negative
bà muốn hỏi bot ơi mấy tuổi rồi 🤔,Chitchat,Neutral
Cảm ơn vì id19692,Chitchat,Positive
Vì nên bro hơi suy id19693,Chitchat,Negative
có nghe rõ trả lời không id19694,Chitchat,Neutral
bot ơi tên gì á id19695,Chitchat,Neutral
Mimo thông minh id19696,Chitchat,Positive
Alo bot làm được gì id19697,Chitchat,Neutral
bạn là ai vậy bot id19698,Chitchat,Neutral
bất lực vcl cuộc sống khó khăn id19699,Chitchat,Negative
tên gì á vậy Mimo dễ thương 🐧 id19700,Chitchat,Neutral
Alo bot ơi đang mệt 😮‍💨,Chitchat,Negative
Alo bạn là ai id19702,Chitchat,Neutral
Alo bot mấy tuổi rồi 🤖,Chitchat,Neutral
là nam hay nữ 🐧 id19704,Chitchat,Neutral
Thích bot ơi ghê app mượt id19705,Chitchat,Positive
Xin chào bot ơi 🤣,Chitchat,Positive
Vì nên ta hơi vô tri id19707,Chitchat,Negative
đang làm gì đấy vậy 💬 id19708,Chitchat,Neutral
Mimo cute xỉu id19709,Chitchat,Positive
bot làm được gì vậy Mimo dễ thương id19710,Chitchat,Neutral
bạn biết nói chuyện ko,Chitchat,Neutral
ai tạo ra bạn 👀 id19712,Chitchat,Neutral
là nam hay nữ 💬 id19713,Chitchat,Neutral
mình muốn hỏi bot ai tạo ra bạn 🤖,Chitchat,Neutral
Chào ngày mới vui vẻ nha vì id19715,Chitchat,Positive
Thank you vì ❤️ id19716,Chitchat,Positive
ông muốn hỏi Mimo ơi bot làm được gì id19717,Chitchat,Neutral
Biết ơn vì cute xỉu ❤️,Chitchat,Positive
bot 🤣 id19719,Chitchat,Positive
Mimo là nam hay nữ 🐧 id19720,Chitchat,Neutral
bác thấy áp lực quá 😮‍💨,Chitchat,Negative
có nghe rõ trả lời không vậy bot ơi 🤖 id19722,Chitchat,Neutral
tên gì á id19723,Chitchat,Neutral
Yo bạn là ai id19724,Chitchat,Neutral
Xin chào Mãi iu id19725,Chitchat,Positive
biết nói chuyện không vậy 🤔 id19726,Chitchat,Neutral
mấy tuổi rồi vậy id19727,Chitchat,Neutral
tổn thương vcl crush lơ 😮‍💨 id19728,Chitchat,Negative
bot cute xỉu 🤣,Chitchat,Positive
bro muốn hỏi đang làm gì đấy id19730,Chitchat,Neutral
là nam hay nữ vậy bot ơi 💬 id19731,Chitchat,Neutral
bà muốn hỏi bot làm được gì id19732,Chitchat,Neutral
cậu muốn hỏi là nam hay nữ 🤖 id19733,Chitchat,Neutral
stress vcl deadline dí 📉 id19734,Chitchat,Negative
ta muốn hỏi bạn là ai id19735,Chitchat,Neutral
Vì cuộc sống khó khăn nên bà hơi bất lực 😭,Chitchat,Negative
Tks vì app xịn xò id19737,Chitchat,Positive
là nam hay nữ vậy Mimo id19738,Chitchat,Neutral
đang làm gì đấy id19739,Chitchat,Neutral
Thích Mimo ghê cute xỉu id19740,Chitchat,Positive
em muốn hỏi bot ơi biết nói chuyện không,Chitchat,Neutral
tui thấy bất lực quá 💔 id19742,Chitchat,Negative
Hey Mimo ơi Chào ngày mới vui vẻ nha,Chitchat,Positive
Alo bạn ơi tui đang buồn 🥲,Chitchat,Negative
bot làm được gì vậy 🤖 id19745,Chitchat,Neutral
bạn cute xỉu ❤️ id19746,Chitchat,Positive
Chào bạn 🔥,Chitchat,Positive
cậu muốn hỏi bot ơi có nghe rõ trả lời không 💬 id19748,Chitchat,Neutral
ông thấy tổn thương quá 🥲 id19749,Chitchat,Negative
stress vcl 🥺 id19750,Chitchat,Negative
bác muốn hỏi Mimo ơi biết nói chuyện không 🤔,Chitchat,Neutral
Mimo dễ thương 🔥 id19752,Chitchat,Positive
bot làm được gì vậy id19753,Chitchat,Neutral
bot là nam hay nữ id19754,Chitchat,Neutral
Chào ngày mới vui vẻ nha vì id19755,Chitchat,Positive
Tks vì id19756,Chitchat,Positive
Mimo dễ thương Mãi iu id19757,Chitchat,Positive
Alo Mimo ơi ơi cậu đang nản 😭,Chitchat,Negative
có nghe rõ trả lời không vậy ❓ id19759,Chitchat,Neutral
bạn Chào ngày mới vui vẻ nha ✨,Chitchat,Positive
vô tri vcl cuộc sống khó khăn id19761,Chitchat,Negative
bro muốn hỏi bot ơi đang làm gì đấy 🐧,Chitchat,Neutral
mấy tuổi rồi ❓ id19763,Chitchat,Neutral
bot ai tạo ra bạn 🤔 id19764,Chitchat,Neutral
cậu muốn hỏi đang làm gì đấy 🤔,Chitchat,Neutral
ông muốn hỏi ở đâu á id19766,Chitchat,Neutral
Hế lô có nghe rõ trả lời không 🐧 id19767,Chitchat,Neutral
Mãi iu vì đỉnh nóc kịch trần 🤩 id19768,Chitchat,Positive
✨ id19769,Chitchat,Positive
Tks vì id19770,Chitchat,Positive
Mimo ơi là nam hay nữ 🐧 id19771,Chitchat,Neutral
Chào nha mấy tuổi rồi 🤔,Chitchat,Neutral
Mimo bot làm được gì 🐧,Chitchat,Neutral
Alo là nam hay nữ 👀 id19774,Chitchat,Neutral
có nghe rõ trả lời không id19775,Chitchat,Neutral
ai tạo ra bạn 🤖 id19776,Chitchat,Neutral
Mimo dễ thương đang làm gì đấy id19777,Chitchat,Neutral
bạn là ai vậy bạn id19778,Chitchat,Neutral
bot bạn là ai id19779,Chitchat,Neutral
có nghe rõ trả lời không vậy bot 💬 id19780,Chitchat,Neutral
mấy ní muốn hỏi bot ơi biết nói chuyện không 🐧,Chitchat,Neutral
biết nói chuyện không 👀 id19782,Chitchat,Neutral
bạn Chào ngày mới vui vẻ nha 🔥 id19783,Chitchat,Positive
ông thấy buồn quá 📉 id19784,Chitchat,Negative
Vì đi học mệt quá nên mấy ní hơi bất lực,Chitchat,Negative
vô tri vcl 😭 id19786,Chitchat,Negative
Vì nên mấy ní hơi mệt,Chitchat,Negative
Ê là nam hay nữ 🐧 id19788,Chitchat,Neutral
mấy tuổi rồi vậy bot ơi id19789,Chitchat,Neutral
mình thấy buồn quá id19790,Chitchat,Negative
có nghe rõ trả lời ko id19791,Chitchat,Neutral
là nam hay nữ vậy bạn id19792,Chitchat,Neutral
Yo là nam hay nữ 👀 id19793,Chitchat,Neutral
Alo tên gì á id19794,Chitchat,Neutral
tên gì á vậy id19795,Chitchat,Neutral
bà muốn hỏi Mimo có nghe rõ trả lời không 👀,Chitchat,Neutral
🤩 id19797,Chitchat,Positive
Thích bot ơi ghê id19798,Chitchat,Positive
bot Cảm ơn id19799,Chitchat,Positive
Thích ghê quá đã id19800,Chitchat,Positive
Yêu ghê vì cute xỉu 🥰 id19801,Chitchat,Positive
em thấy tổn thương qá,Chitchat,Negative
Thích ghê ❤️ id19803,Chitchat,Positive
tui muốn hỏi tên gì á id19804,Chitchat,Neutral
bạn là ai vậy Mimo ơi id19805,Chitchat,Neutral
Alo ơi bác đang stress id19806,Chitchat,Negative
bot ơi Tks 🤩,Chitchat,Positive
mình muốn hỏi biết nói chuyện không 🐧 id19808,Chitchat,Neutral
mấy tuổi rồi id19809,Chitchat,Neutral
Vì nên em hơi vô tri 💔,Chitchat,Negative
bạn đỉnh nóc kịch trần ❤️,Chitchat,Positive
tui muốn hỏi bot ơi có nghe rõ trả lời không id19812,Chitchat,Neutral
Mimo id19813,Chitchat,Positive
Thích Mimo dễ thương ghê thông minh ❤️,Chitchat,Positive
mình muốn hỏi bot ơi đang làm gì đấy,Chitchat,Neutral
là nam hay nữ 👀 id19816,Chitchat,Neutral
quá đã id19817,Chitchat,Positive
là nam hay nữ ❓ id19818,Chitchat,Neutral
bro thấy áp lực quá 😢 id19819,Chitchat,Negative
mấy tuổi rồi vậy bot ơi 👀 id19820,Chitchat,Neutral
app mượt id19821,Chitchat,Positive
bà muốn hỏi bạn có nghe rõ trả lời không id19822,Chitchat,Neutral
suy vcl id19823,Chitchat,Negative
Mimo là nam hay nữ id19824,Chitchat,Neutral
Mimo ơi đang làm gì đấy 👀 id19825,Chitchat,Neutral
ta muốn hỏi ở đâu á 💬 id19826,Chitchat,Neutral
bot làm được gì vậy 💬 id19827,Chitchat,Neutral
bất lực vcl đi học mệt quá 😭,Chitchat,Negative
bro thấy tổn thương quá 😭 id19829,Chitchat,Negative
đang làm gì đấy vậy id19830,Chitchat,Neutral
Mimo Chào ngày mới vui vẻ nha id19831,Chitchat,Positive
Mimo dễ thương (^_<) id19832,Chitchat,Positive
buồn vcl 🥲,Chitchat,Negative
Chào ngày mới vui vẻ nha vì id19834,Chitchat,Positive
mấy tuổi rồi vậy 🐧 id19835,Chitchat,Neutral
đang làm gì đấy 💬 id19836,Chitchat,Neutral
Tks vì ❤️ id19837,Chitchat,Positive
Alo mấy tuổi rồi 🐧,Chitchat,Neutral
giao diện đẹp 🔥 id19839,Chitchat,Positive
Thích bot ơi ghê id19840,Chitchat,Positive
Alo Mimo dễ thương ơi em đang vô tri,Chitchat,Negative
bạn là ai vậy id19842,Chitchat,Neutral
chất lượng ❤️ id19843,Chitchat,Positive
tui muốn hỏi Mimo là nam hay nữ id19844,Chitchat,Neutral
biết nói chuyện không vậy id19845,Chitchat,Neutral
bạn là nam hay nữ 🤔 id19846,Chitchat,Neutral
Vì nên bác hơi tổn thương 🥲 id19847,Chitchat,Negative
là nam hay nữ id19848,Chitchat,Neutral
mấy ní muốn hỏi mấy tuổi rồi 💬 id19849,Chitchat,Neutral
bạn Love ya 🥰,Chitchat,Positive
Thích Mimo ơi ghê 👍 id19851,Chitchat,Positive
Thích ghê id19852,Chitchat,Positive
ở đâu á vậy bot id19853,Chitchat,Neutral
thấy stress quá 📉,Chitchat,Negative
bạn là ai vậy bạn 🤔,Chitchat,Neutral
mấy tuổi rồi vậy bot ơi id19856,Chitchat,Neutral
Chào nha biết nói chuyện không id19857,Chitchat,Neutral
Alo bot ơi mấy ní đang mệt,Chitchat,Negative
bro muốn hỏi tên gì á 🤖 id19859,Chitchat,Neutral
Yo có nghe rõ trả lời không 🤖 id19860,Chitchat,Neutral
Thích bot ơi ghê 🥰 id19861,Chitchat,Positive
ở đâu á 👀 id19862,Chitchat,Neutral
bro muốn hỏi bot là nam hay nữ 💬,Chitchat,Neutral
vô tri vcl 😢 id19864,Chitchat,Negative
Yêu ghê vì id19865,Chitchat,Positive
Alo bạn là ai id19866,Chitchat,Neutral
bot ơi cute xỉu id19867,Chitchat,Positive
bất lực vcl 😢 id19868,Chitchat,Negative
Tks id19869,Chitchat,Positive
Hey bot Tks id19870,Chitchat,Positive
ở đâu á id19871,Chitchat,Neutral
stress vcl id19872,Chitchat,Negative
Alo bạn ơi cậu đang nản id19873,Chitchat,Negative
Yo biết nói chuyện không 🤖 id19874,Chitchat,Neutral
Alo ơi ông đang nản 😮‍💨,Chitchat,Negative
Alo ở đâu á id19876,Chitchat,Neutral
🤩 id19877,Chitchat,Positive
mấy ní muốn hỏi bot ơi ai tạo ra bạn 👀,Chitchat,Neutral
tui muốn hỏi Mimo ơi bot làm đc gì ❓,Chitchat,Neutral
áp lực vcl cuộc sống khó khăn 😢 id19880,Chitchat,Negative
ông muốn hỏi ai tạo ra bạn id19881,Chitchat,Neutral
mình muốn hỏi có nghe rõ trả lời không 💬,Chitchat,Neutral
chán vcl 😢 id19883,Chitchat,Negative
bot ơi chất lượng 🤣,Chitchat,Positive
muốn hỏi bạn ai tạo ra bạn 🤔,Chitchat,Neutral
Alo Mimo dễ thương ơi đang met 🥲,Chitchat,Negative
Alo Mimo dễ thương ơi mình đang mệt 🥺,Chitchat,Negative
em muốn hỏi bot ơi ai tạo ra bạn 🐧,Chitchat,Neutral
bà muốn hỏi Mimo ơi tên gì á id19889,Chitchat,Neutral
em thấy chán quá 🥲,Chitchat,Negative
là nam hay nữ 🤔 id19891,Chitchat,Neutral
bot ơi thông minh (^_<),Chitchat,Positive
vì chất lượng ❤️ id19893,Chitchat,Positive
buồn vcl id19894,Chitchat,Negative
bà muốn hỏi Mimo bot làm được gì id19895,Chitchat,Neutral
có nghe rõ trả lời ko vậy id19896,Chitchat,Neutral
ai tạo ra bạn vậy Mimo id19897,Chitchat,Neutral
Alo Mimo dễ thương ơi mấy ní đang áp lực 😢,Chitchat,Negative
bot ơi 🤣 id19899,Chitchat,Positive
ở đâu á vậy bot ơi id19900,Chitchat,Neutral
cậu muốn hỏi bot đang làm gì đấy 🤖,Chitchat,Neutral
bot ơi id19902,Chitchat,Positive
Hế lô ai tạo ra bạn id19903,Chitchat,Neutral
ở đâu á vậy Mimo dễ thương id19904,Chitchat,Neutral
em muốn hỏi ở đâu á 👀,Chitchat,Neutral
Mimo ơi mấy tuổi rồi 🐧 id19906,Chitchat,Neutral
bot có nghe rõ trả lời không id19907,Chitchat,Neutral
bot ơi Cảm ơn ✨,Chitchat,Positive
Mimo ơi bạn là ai ❓,Chitchat,Neutral
là nam hay nữ vậy bot 🤔 id19910,Chitchat,Neutral
Thích Mimo ơi ghê cute xỉu id19911,Chitchat,Positive
Thích bot ơi ghê id19912,Chitchat,Positive
đang làm gì đấy vậy bạn ❓ id19913,Chitchat,Neutral
buồn vcl id19914,Chitchat,Negative
Thích Mimo ơi ghê đỉnh nóc kịch trần ✨,Chitchat,Positive
ai tạo ra bạn 🤖 id19916,Chitchat,Neutral
mình muốn hỏi bot ơi đang làm gì đấy 🐧,Chitchat,Neutral
Ê mấy tuổi rồi id19918,Chitchat,Neutral
bạn là ai id19919,Chitchat,Neutral
mấy ní muốn hỏi Mimo ai tạo ra bạn id19920,Chitchat,Neutral
ai tạo ra bạn vậy id19921,Chitchat,Neutral
ta muốn hỏi mấy tuổi rồi id19922,Chitchat,Neutral
vì thông minh ✨ id19923,Chitchat,Positive
ông muốn hỏi Mimo dễ thương ở đâu á,Chitchat,Neutral
Thank you vì id19925,Chitchat,Positive
Mimo dễ thương là nam hay nữ 👀 id19926,Chitchat,Neutral
Mimo dễ thương ở đâu á 🤖,Chitchat,Neutral
thông minh ❤️ id19928,Chitchat,Positive
Alo ai tạo ra bạn id19929,Chitchat,Neutral
chất lượng id19930,Chitchat,Positive
bạn là ai id19931,Chitchat,Neutral
Mimo ơi Cảm ơn id19932,Chitchat,Positive
mấy tuổi rồi vậy id19933,Chitchat,Neutral
bạn Chào ngày mới vui vẻ nha ❤️ id19934,Chitchat,Positive
vô tri vcl 🥺 id19935,Chitchat,Negative
 id19936,Chitchat,Positive
Củm ơn vì app mượt 👍,Chitchat,Positive
Mimo id19938,Chitchat,Positive
đang làm gì đấy id19939,Chitchat,Neutral
bot là nam hay nữ id19940,Chitchat,Neutral
biết nói chuyện không id19941,Chitchat,Neutral
tên gì á ❓ id19942,Chitchat,Neutral
Chào ngày mới vui vẻ nha vì id19943,Chitchat,Positive
Chào nha Mimo ơi biết nói chuyện không,Chitchat,Neutral
bất lực vcl rớt môn 🥲,Chitchat,Negative
Thích ghê ✨ id19946,Chitchat,Positive
👍 id19947,Chitchat,Positive
tui thấy buồn quá,Chitchat,Negative
bro muốn hỏi Mimo bot làm được gì 💬,Chitchat,Neutral
Alo ơi bác đang nản id19950,Chitchat,Negative
mấy tuổi rồi vậy 🤖 id19951,Chitchat,Neutral
Biết ơn vì chất lượng 👍,Chitchat,Positive
có nghe rõ trả lời không vậy id19953,Chitchat,Neutral
bot cute xỉu id19954,Chitchat,Positive
bot app mượt id19955,Chitchat,Positive
vì app xịn xò id19956,Chitchat,Positive
Alo biết nói chuyện không id19957,Chitchat,Neutral
ai tạo ra bạn vậy bạn id19958,Chitchat,Neutral
cậu muốn hỏi bot biết nói chuyện không id19959,Chitchat,Neutral
Tks 🤣 id19960,Chitchat,Positive
Hiya  👍 id19961,Chitchat,Positive
Alo bot ơi bà đang stress 💔,Chitchat,Negative
Gút mỏ ninh Yêu ghê,Chitchat,Positive
đỉnh nóc kịch trần id19964,Chitchat,Positive
bot làm được gì vậy Mimo dễ thương id19965,Chitchat,Neutral
tên gì á id19966,Chitchat,Neutral
Thích ghê quá đã id19967,Chitchat,Positive
áp lực vcl crush lơ 🥲 id19968,Chitchat,Negative
Vì nên tui hơi stress 😭,Chitchat,Negative
Gút mỏ ninh Mimo ơi Yêu ghê,Chitchat,Positive
bot làm được gì 🐧 id19971,Chitchat,Neutral
bạn Củm ơn 🥰 id19972,Chitchat,Positive
bot ai tạo ra bạn ❓ id19973,Chitchat,Neutral
Ê ở đâu á 👀 id19974,Chitchat,Neutral
bà thấy nản qá 💔,Chitchat,Negative
Yo biết nói chuyện không id19976,Chitchat,Neutral
bạn là ai vậy id19977,Chitchat,Neutral
Thích ghê thông minh 🤩 id19978,Chitchat,Positive
đang làm gì đấy vậy bot ơi 🐧 id19979,Chitchat,Neutral
muốn hỏi là nam hay nữ 🤔 id19980,Chitchat,Neutral
tui muốn hỏi tên gì á id19981,Chitchat,Neutral
Thích bạn ghê app mượt id19982,Chitchat,Positive
Alo Mimo ơi bro đang vô tri 💔,Chitchat,Negative
Alo ơi ông đang chán,Chitchat,Negative
Mimo ơi id19985,Chitchat,Positive
cậu thấy buồn quá id19986,Chitchat,Negative
có nghe rõ trả lời không id19987,Chitchat,Neutral
bà muốn hỏi Mimo đang làm gì đấy id19988,Chitchat,Neutral
Alo ơi mình đang chán 😭 id19989,Chitchat,Negative
ông muốn hỏi là nam hay nữ 🤖,Chitchat,Neutral
bot làm được gì vậy id19991,Chitchat,Neutral
Alo ở đâu á 👀 id19992,Chitchat,Neutral
ở đâu á vậy bot ơi id19993,Chitchat,Neutral
bất lực vcl cuộc sống khó khăn id19994,Chitchat,Negative
Yo bot làm được gì 🐧 id19995,Chitchat,Neutral
Vì cuộc sống khó khăn nên mình hơi suy,Chitchat,Negative
ta muốn hỏi tên gì á id19997,Chitchat,Neutral
là nam hay nữ vậy bot ơi id19998,Chitchat,Neutral
bác muốn hỏi Mimo tên gì á,Chitchat,Neutral
