text,intent,action_type
Báo cáo chi bảo hiểm hôm qua,Action,Report
Báo cáo chi bảo hiểm tháng trước,Action,Report
Báo cáo chi cắt tóc tháng này,Action,Report
Báo cáo chi gia đình hôm qua,Action,Report
Báo cáo chi gia đình tháng này,Action,Report
Báo cáo chi giải trí dạo này,Action,Report
Báo cáo chi giải trí mấy hôm nay,Action,Report
Báo cáo chi hội họp gần đây,Action,Report
Báo cáo chi internet dạo này,Action,Report
Báo cáo chi internet hôm qua,Action,Report
Báo cáo chi mua sắm dạo này,Action,Report
Báo cáo chi mua sắm tháng này,Action,Report
Báo cáo chi mua sắm tháng trước,Action,Report
Báo cáo chi mua sắm tuần này,Action,Report
Báo cáo chi mỹ phẩm quý này,Action,Report
Báo cáo chi quà tặng hôm nay,Action,Report
Báo cáo chi quà tặng hôm qua,Action,Report
Báo cáo chi sửa xe gần đây,Action,Report
Báo cáo chi ăn uống hôm qua,Action,Report
Báo cáo chi ăn uống tháng này,Action,Report
Báo cáo chi đi chợ tháng trước,Action,Report
Báo cáo chi đi lại hôm qua,Action,Report
Báo cáo chi đi lại tháng trước,Action,Report
Báo cáo chi đầu tư gần đây,Action,Report
Báo cáo chi đầu tư tuần này,Action,Report
Báo cáo giải trí tuần trước,Action,REPORT_GENERAL
Báo cáo học phí tuần trước,Action,REPORT_GENERAL
Báo cáo mua sắm tuần trước,Action,REPORT_GENERAL
Báo cáo nhà cửa tuần trước,Action,REPORT_GENERAL
Báo cáo tổng chi bảo hiểm trong tuần này,Action,Report
Báo cáo tổng chi cà phê trong tháng trước,Action,Report
Báo cáo tổng chi cắt tóc trong đợt vừa rồi,Action,Report
Báo cáo tổng chi du lịch trong mấy hôm nay,Action,Report
Báo cáo tổng chi gia đình trong mấy hôm nay,Action,Report
Báo cáo tổng chi giải trí trong đợt vừa rồi,Action,Report
Báo cáo tổng chi học phí trong tuần rồi,Action,Report
Báo cáo tổng chi hội họp trong hôm nay,Action,Report
Báo cáo tổng chi internet trong tháng trước,Action,Report
Báo cáo tổng chi linh tinh trong tháng này,Action,Report
Báo cáo tổng chi mua sắm trong mấy hôm nay,Action,Report
Báo cáo tổng chi mỹ phẩm trong tuần này,Action,Report
Báo cáo tổng chi nội thất trong tuần rồi,Action,Report
Báo cáo tổng chi quà tặng trong tuần rồi,Action,Report
Báo cáo tổng chi sửa xe trong hôm nay,Action,Report
Báo cáo tổng chi thuê nhà trong hôm nay,Action,Report
Báo cáo tổng chi tiêu gần đây,Action,REPORT_GENERAL
Báo cáo tổng chi tiêu hôm nay,Action,REPORT_GENERAL
Báo cáo tổng chi tiêu hôm qua,Action,REPORT_GENERAL
Báo cáo tổng chi tiêu mấy hôm nay,Action,REPORT_GENERAL
Báo cáo tổng chi tiêu quý này,Action,REPORT_GENERAL
Báo cáo tổng chi tiêu tháng này,Action,REPORT_GENERAL
Báo cáo tổng chi tiêu tháng trước,Action,REPORT_GENERAL
Báo cáo tổng chi tiêu tuần này,Action,REPORT_GENERAL
Báo cáo tổng chi tiêu tuần trước,Action,REPORT_GENERAL
Báo cáo tổng chi tiêu đợt vừa rồi,Action,REPORT_GENERAL
Báo cáo tổng chi xem phim trong tháng trước,Action,Report
Báo cáo tổng chi xăng xe trong tuần này,Action,Report
Báo cáo tổng chi y tế trong hôm qua,Action,Report
Báo cáo tổng chi ăn uống trong hôm nay,Action,Report
Báo cáo tổng chi đi chợ trong hôm qua,Action,Report
Báo cáo tổng chi đi lại trong hôm qua,Action,Report
Báo cáo tổng chi điện nước trong tháng này,Action,Report
Báo cáo tổng chi điện thoại trong tháng này,Action,Report
Báo cáo tổng chi đầu tư trong đợt vừa rồi,Action,Report
Báo cáo y tế tuần trước,Action,REPORT_GENERAL
Báo cáo ăn uống tuần trước,Action,REPORT_GENERAL
Báo cáo đi lại tuần trước,Action,REPORT_GENERAL
Báo cáo điện nước tuần trước,Action,REPORT_GENERAL
Bật bảo mật,Action,Setting
Bật chế độ tiết kiệm pin,Action,Setting
Bật chế độ trả lời dận dữ,Action,SET_TONE
Bật chế độ trả lời dễ thương,Action,SET_TONE
Bật chế độ trả lời nghiêm túc,Action,SET_TONE
Bật chế độ trả lời vui vẻ,Action,SET_TONE
Bật chế độ tối,Action,Setting
Bật cảnh báo vượt mức bao hiem,Action,SET_ALERT
Bật cảnh báo vượt mức bảo hiểm,Action,SET_ALERT
Bật cảnh báo vượt mức ca phe,Action,SET_ALERT
Bật cảnh báo vượt mức cat toc,Action,SET_ALERT
Bật cảnh báo vượt mức cà phê,Action,SET_ALERT
Bật cảnh báo vượt mức cắt tóc,Action,SET_ALERT
Bật cảnh báo vượt mức di cho,Action,SET_ALERT
Bật cảnh báo vượt mức dien nuoc,Action,SET_ALERT
Bật cảnh báo vượt mức du lich,Action,SET_ALERT
Bật cảnh báo vượt mức du lịch,Action,SET_ALERT
Bật cảnh báo vượt mức gia dinh,Action,SET_ALERT
Bật cảnh báo vượt mức gia đình,Action,SET_ALERT
Bật cảnh báo vượt mức giai tri,Action,SET_ALERT
Bật cảnh báo vượt mức giải trí,Action,SET_ALERT
Bật cảnh báo vượt mức hoc phi,Action,SET_ALERT
Bật cảnh báo vượt mức học phí,Action,SET_ALERT
Bật cảnh báo vượt mức hội họp,Action,SET_ALERT
Bật cảnh báo vượt mức internet,Action,SET_ALERT
Bật cảnh báo vượt mức linh tinh,Action,SET_ALERT
Bật cảnh báo vượt mức mua sam,Action,SET_ALERT
Bật cảnh báo vượt mức mua sắm,Action,SET_ALERT
Bật cảnh báo vượt mức mỹ phẩm,Action,SET_ALERT
Bật cảnh báo vượt mức nội thất,Action,SET_ALERT
Bật cảnh báo vượt mức quà tặng,Action,SET_ALERT
Bật cảnh báo vượt mức sua xe,Action,SET_ALERT
Bật cảnh báo vượt mức sửa xe,Action,SET_ALERT
Bật cảnh báo vượt mức the thao,Action,SET_ALERT
Bật cảnh báo vượt mức thue nha,Action,SET_ALERT
Bật cảnh báo vượt mức thuê nhà,Action,SET_ALERT
Bật cảnh báo vượt mức thể thao,Action,SET_ALERT
Bật cảnh báo vượt mức xang xe,Action,SET_ALERT
Bật cảnh báo vượt mức xăng xe,Action,SET_ALERT
Bật cảnh báo vượt mức y tế,Action,SET_ALERT
Bật cảnh báo vượt mức ăn uống,Action,SET_ALERT
Bật cảnh báo vượt mức đi chợ,Action,SET_ALERT
Bật cảnh báo vượt mức đi lại,Action,SET_ALERT
Bật cảnh báo vượt mức điện nước,Action,SET_ALERT
Bật cảnh báo vượt mức điện thoại,Action,SET_ALERT
Bật cảnh báo vượt mức đầu tư,Action,SET_ALERT
Bật cảnh báo vượt mức đồ gia dụng,Action,SET_ALERT
Bật dark mode,Action,Setting
Bật hiển thị số dư,Action,Setting
Bật lại chế độ tiết kiệm pin,Action,Setting
Bật lại chế độ tối,Action,Setting
Bật lại dark mode,Action,Setting
Bật lại hiển thị số dư,Action,Setting
Bật lại nhắc nhở,Action,Setting
Bật lại quyền riêng tư,Action,Setting
Bật lại rung,Action,Setting
Bật lại thông báo,Action,Setting
Bật lại tự động đăng nhập,Action,Setting
Bật lại tự động đồng bộ,Action,Setting
Bật lại vân tay,Action,Setting
Bật mã PIN,Action,Setting
Bật ngôn ngữ,Action,Setting
Bật nhắc khi chi 1 triệu cho internet,Action,Setting
Bật nhắc khi chi 1 triệu cho y tế,Action,Setting
Bật nhắc khi chi 1.5 triệu cho gia đình,Action,Setting
Bật nhắc khi chi 120k cho linh tinh,Action,Setting
Bật nhắc khi chi 120k cho mua sắm,Action,Setting
Bật nhắc khi chi 120k cho nội thất,Action,Setting
Bật nhắc khi chi 120k cho sửa xe,Action,Setting
Bật nhắc khi chi 120k cho đi chợ,Action,Setting
Bật nhắc khi chi 120k cho đi lại,Action,Setting
Bật nhắc khi chi 120k cho điện thoại,Action,Setting
Bật nhắc khi chi 150k cho gia đình,Action,Setting
Bật nhắc khi chi 150k cho mỹ phẩm,Action,Setting
Bật nhắc khi chi 150k cho ăn uống,Action,Setting
Bật nhắc khi chi 150k cho đi chợ,Action,Setting
Bật nhắc khi chi 150k cho đầu tư,Action,Setting
Bật nhắc khi chi 180k cho du lịch,Action,Setting
Bật nhắc khi chi 180k cho đi lại,Action,Setting
Bật nhắc khi chi 2 triệu cho thuê nhà,Action,Setting
Bật nhắc khi chi 2 triệu cho y tế,Action,Setting
Bật nhắc khi chi 2 triệu cho đầu tư,Action,Setting
Bật nhắc khi chi 200k cho cà phê,Action,Setting
Bật nhắc khi chi 200k cho cắt tóc,Action,Setting
Bật nhắc khi chi 200k cho mua sắm,Action,Setting
Bật nhắc khi chi 200k cho xem phim,Action,Setting
Bật nhắc khi chi 200k cho đầu tư,Action,Setting
Bật nhắc khi chi 250k cho giải trí,Action,Setting
Bật nhắc khi chi 250k cho điện thoại,Action,Setting
Bật nhắc khi chi 300k cho internet,Action,Setting
Bật nhắc khi chi 300k cho điện nước,Action,Setting
Bật nhắc khi chi 35k cho linh tinh,Action,Setting
Bật nhắc khi chi 450k cho bảo hiểm,Action,Setting
Bật nhắc khi chi 450k cho cà phê,Action,Setting
Bật nhắc khi chi 500k cho hội họp,Action,Setting
Bật nhắc khi chi 500k cho nội thất,Action,Setting
Bật nhắc khi chi 500k cho xăng xe,Action,Setting
Bật nhắc khi chi 500k cho đi chợ,Action,Setting
Bật nhắc khi chi 500k cho đi lại,Action,Setting
Bật nhắc khi chi 50k cho gia đình,Action,Setting
Bật nhắc khi chi 50k cho giải trí,Action,Setting
Bật nhắc khi chi 50k cho internet,Action,Setting
Bật nhắc khi chi 50k cho xem phim,Action,Setting
Bật nhắc khi chi 50k cho đi chợ,Action,Setting
Bật nhắc khi chi 700k cho học phí,Action,Setting
Bật nhắc khi chi 700k cho hội họp,Action,Setting
Bật nhắc khi chi 75k cho mỹ phẩm,Action,Setting
Bật nhắc khi chi 80k cho nội thất,Action,Setting
Bật nhắc khi chi 80k cho thuê nhà,Action,Setting
Bật nhắc khi chi 80k cho điện thoại,Action,Setting
Bật nhắc khi chi 900k cho thuê nhà,Action,Setting
Bật nhắc khi chi 90k cho quà tặng,Action,Setting
Bật nhắc nhở,Action,Setting
Bật nhắc nhở đến hạn thanh toán an uong,Action,SET_ALERT
Bật nhắc nhở đến hạn thanh toán bảo hiểm,Action,SET_ALERT
Bật nhắc nhở đến hạn thanh toán cat toc,Action,SET_ALERT
Bật nhắc nhở đến hạn thanh toán cà phê,Action,SET_ALERT
Bật nhắc nhở đến hạn thanh toán cắt tóc,Action,SET_ALERT
Bật nhắc nhở đến hạn thanh toán di lai,Action,SET_ALERT
Bật nhắc nhở đến hạn thanh toán dien nuoc,Action,SET_ALERT
Bật nhắc nhở đến hạn thanh toán do gia dung,Action,SET_ALERT
Bật nhắc nhở đến hạn thanh toán du lich,Action,SET_ALERT
Bật nhắc nhở đến hạn thanh toán du lịch,Action,SET_ALERT
Bật nhắc nhở đến hạn thanh toán gia dinh,Action,SET_ALERT
Bật nhắc nhở đến hạn thanh toán gia đình,Action,SET_ALERT
Bật nhắc nhở đến hạn thanh toán giai tri,Action,SET_ALERT
Bật nhắc nhở đến hạn thanh toán giải trí,Action,SET_ALERT
Bật nhắc nhở đến hạn thanh toán hoc phi,Action,SET_ALERT
Bật nhắc nhở đến hạn thanh toán hoi hop,Action,SET_ALERT
Bật nhắc nhở đến hạn thanh toán học online,Action,SET_ALERT
Bật nhắc nhở đến hạn thanh toán học phí,Action,SET_ALERT
Bật nhắc nhở đến hạn thanh toán hội họp,Action,SET_ALERT
Bật nhắc nhở đến hạn thanh toán internet,Action,SET_ALERT
Bật nhắc nhở đến hạn thanh toán linh tinh,Action,SET_ALERT
Bật nhắc nhở đến hạn thanh toán mua sam,Action,SET_ALERT
Bật nhắc nhở đến hạn thanh toán mua sắm,Action,SET_ALERT
Bật nhắc nhở đến hạn thanh toán my pham,Action,SET_ALERT
Bật nhắc nhở đến hạn thanh toán mỹ phẩm,Action,SET_ALERT
Bật nhắc nhở đến hạn thanh toán noi that,Action,SET_ALERT
Bật nhắc nhở đến hạn thanh toán nội thất,Action,SET_ALERT
Bật nhắc nhở đến hạn thanh toán qua tang,Action,SET_ALERT
Bật nhắc nhở đến hạn thanh toán quà tặng,Action,SET_ALERT
Bật nhắc nhở đến hạn thanh toán sua xe,Action,SET_ALERT
Bật nhắc nhở đến hạn thanh toán sửa xe,Action,SET_ALERT
Bật nhắc nhở đến hạn thanh toán thu cung,Action,SET_ALERT
Bật nhắc nhở đến hạn thanh toán thuê nhà,Action,SET_ALERT
Bật nhắc nhở đến hạn thanh toán thú cưng,Action,SET_ALERT
Bật nhắc nhở đến hạn thanh toán thể thao,Action,SET_ALERT
Bật nhắc nhở đến hạn thanh toán xang xe,Action,SET_ALERT
Bật nhắc nhở đến hạn thanh toán xăng xe,Action,SET_ALERT
Bật nhắc nhở đến hạn thanh toán y tế,Action,SET_ALERT
Bật nhắc nhở đến hạn thanh toán ăn uống,Action,SET_ALERT
Bật nhắc nhở đến hạn thanh toán đi chợ,Action,SET_ALERT
Bật nhắc nhở đến hạn thanh toán đi lại,Action,SET_ALERT
Bật nhắc nhở đến hạn thanh toán điện nước,Action,SET_ALERT
Bật nhắc nhở đến hạn thanh toán điện thoại,Action,SET_ALERT
Bật nhắc nhở đến hạn thanh toán đầu tư,Action,SET_ALERT
Bật quyền riêng tư,Action,Setting
Bật rung,Action,Setting
Bật sao lưu,Action,Setting
Bật thông báo,Action,Setting
Bật thông báo cho mục tiêu tiết kiệm,Action,Setting
Bật thông báo cho điểm chi tiêu,Action,Setting
Bật thông báo cho đến hạn thanh toán,Action,Setting
Bật vân tay,Action,Setting
Bật xác thực Face ID,Action,Setting
Bật xác thực mã PIN,Action,Setting
Bật xác thực vân tay,Action,Setting
Bật đồng bộ hàng ngày,Action,Setting
Bật đồng bộ mỗi tháng,Action,Setting
Bật đồng bộ mỗi tuần,Action,Setting
Bật/tắt chế độ tiết kiệm pin,Action,Setting
Bật/tắt chế độ tối,Action,Setting
Bật/tắt hiển thị số dư,Action,Setting
Bật/tắt quyền riêng tư,Action,Setting
Bật/tắt rung,Action,Setting
Bật/tắt thông báo,Action,Setting
Bật/tắt tự động đăng nhập,Action,Setting
Bật/tắt vân tay,Action,Setting
Bật/tắt âm thanh,Action,Setting
Bỏ giao dịch 1 trieu vừa nhập,Action,DELETE_RECORD
Bỏ giao dịch 1 triệu này đi,Action,Edit
Bỏ giao dịch 1 triệu vừa nhập,Action,DELETE_RECORD
Bỏ giao dịch 1.5 triệu này đi,Action,Edit
Bỏ giao dịch 120k này đi,Action,Edit
Bỏ giao dịch 120k vừa nhập,Action,DELETE_RECORD
Bỏ giao dịch 150k này đi,Action,Edit
Bỏ giao dịch 15k vừa nhập,Action,DELETE_RECORD
Bỏ giao dịch 180k này đi,Action,Edit
Bỏ giao dịch 2 trieu vừa nhập,Action,DELETE_RECORD
Bỏ giao dịch 2 triệu này đi,Action,Edit
Bỏ giao dịch 2 triệu vừa nhập,Action,DELETE_RECORD
Bỏ giao dịch 200k này đi,Action,Edit
Bỏ giao dịch 200k vừa nhập,Action,DELETE_RECORD
Bỏ giao dịch 20k vừa nhập,Action,DELETE_RECORD
Bỏ giao dịch 250k này đi,Action,Edit
Bỏ giao dịch 2tr400 vừa nhập,Action,DELETE_RECORD
Bỏ giao dịch 3 trieu vừa nhập,Action,DELETE_RECORD
Bỏ giao dịch 3 triệu vừa nhập,Action,DELETE_RECORD
Bỏ giao dịch 300k này đi,Action,Edit
Bỏ giao dịch 300k vừa nhập,Action,DELETE_RECORD
Bỏ giao dịch 35k này đi,Action,Edit
Bỏ giao dịch 35k vừa nhập,Action,DELETE_RECORD
Bỏ giao dịch 450k này đi,Action,Edit
Bỏ giao dịch 5 trieu vừa nhập,Action,DELETE_RECORD
Bỏ giao dịch 5 triệu vừa nhập,Action,DELETE_RECORD
Bỏ giao dịch 500k này đi,Action,Edit
Bỏ giao dịch 500k vừa nhập,Action,DELETE_RECORD
Bỏ giao dịch 50k này đi,Action,Edit
Bỏ giao dịch 50k vừa nhập,Action,DELETE_RECORD
Bỏ giao dịch 700k này đi,Action,Edit
Bỏ giao dịch 750k vừa nhập,Action,DELETE_RECORD
Bỏ giao dịch 75k này đi,Action,Edit
Bỏ giao dịch 80k vừa nhập,Action,DELETE_RECORD
Bỏ giao dịch 900k này đi,Action,Edit
Bỏ giao dịch 90k này đi,Action,Edit
Bổ sung 1 trieu vào mục tiêu,Action,ADD_GOAL
Bổ sung 1 triệu vào mục tiêu,Action,ADD_GOAL
Bổ sung 120k vào mục tiêu,Action,ADD_GOAL
Bổ sung 15k vào mục tiêu,Action,ADD_GOAL
Bổ sung 2 trieu vào mục tiêu,Action,ADD_GOAL
Bổ sung 2 triệu vào mục tiêu,Action,ADD_GOAL
Bổ sung 200k vào mục tiêu,Action,ADD_GOAL
Bổ sung 20k vào mục tiêu,Action,ADD_GOAL
Bổ sung 2tr400 vào mục tiêu,Action,ADD_GOAL
Bổ sung 3 trieu vào mục tiêu,Action,ADD_GOAL
Bổ sung 3 triệu vào mục tiêu,Action,ADD_GOAL
Bổ sung 300k vào mục tiêu,Action,ADD_GOAL
Bổ sung 35k vào mục tiêu,Action,ADD_GOAL
Bổ sung 5 triệu vào mục tiêu,Action,ADD_GOAL
Bổ sung 500k vào mục tiêu,Action,ADD_GOAL
Bổ sung 50k vào mục tiêu,Action,ADD_GOAL
Bổ sung 750k vào mục tiêu,Action,ADD_GOAL
Bổ sung 80k vào mục tiêu,Action,ADD_GOAL
Chi gần đây có nhiều hơn hôm nay không,Action,REPORT_COMPARE
Chi gần đây có nhiều hơn mấy hôm nay không,Action,REPORT_COMPARE
Chi gần đây có nhiều hơn quý này không,Action,REPORT_COMPARE
Chi gần đây có nhiều hơn tháng này không,Action,REPORT_COMPARE
Chi gần đây có nhiều hơn tháng trước không,Action,REPORT_COMPARE
Chi gần đây có nhiều hơn tuần này không,Action,REPORT_COMPARE
Chi gần đây có nhiều hơn tuần trước không,Action,REPORT_COMPARE
Chi hôm nay có nhiều hơn gần đây không,Action,REPORT_COMPARE
Chi hôm nay có nhiều hơn hôm qua không,Action,REPORT_COMPARE
Chi hôm nay có nhiều hơn quý này không,Action,REPORT_COMPARE
Chi hôm nay có nhiều hơn tháng này không,Action,REPORT_COMPARE
Chi hôm nay có nhiều hơn tháng trước không,Action,REPORT_COMPARE
Chi hôm nay có nhiều hơn tuần này không,Action,REPORT_COMPARE
Chi hôm nay có nhiều hơn tuần trước không,Action,REPORT_COMPARE
Chi hôm qua có nhiều hơn gần đây không,Action,REPORT_COMPARE
Chi hôm qua có nhiều hơn hôm nay không,Action,REPORT_COMPARE
Chi hôm qua có nhiều hơn mấy hôm nay không,Action,REPORT_COMPARE
Chi hôm qua có nhiều hơn quý này không,Action,REPORT_COMPARE
Chi hôm qua có nhiều hơn tháng này không,Action,REPORT_COMPARE
Chi hôm qua có nhiều hơn tháng trước không,Action,REPORT_COMPARE
Chi hôm qua có nhiều hơn tuần này không,Action,REPORT_COMPARE
Chi mấy hôm nay có nhiều hơn gần đây không,Action,REPORT_COMPARE
Chi mấy hôm nay có nhiều hơn hôm nay không,Action,REPORT_COMPARE
Chi mấy hôm nay có nhiều hơn hôm qua không,Action,REPORT_COMPARE
Chi mấy hôm nay có nhiều hơn quý này không,Action,REPORT_COMPARE
Chi mấy hôm nay có nhiều hơn tháng này không,Action,REPORT_COMPARE
Chi mấy hôm nay có nhiều hơn tuần này không,Action,REPORT_COMPARE
Chi mấy hôm nay có nhiều hơn tuần trước không,Action,REPORT_COMPARE
Chi mấy hôm nay có nhiều hơn đợt vừa rồi không,Action,REPORT_COMPARE
Chi quý này có nhiều hơn gần đây không,Action,REPORT_COMPARE
Chi quý này có nhiều hơn hôm nay không,Action,REPORT_COMPARE
Chi quý này có nhiều hơn hôm qua không,Action,REPORT_COMPARE
Chi quý này có nhiều hơn mấy hôm nay không,Action,REPORT_COMPARE
Chi quý này có nhiều hơn tháng này không,Action,REPORT_COMPARE
Chi quý này có nhiều hơn tháng trước không,Action,REPORT_COMPARE
Chi quý này có nhiều hơn tuần này không,Action,REPORT_COMPARE
Chi quý này có nhiều hơn đợt vừa rồi không,Action,REPORT_COMPARE
Chi tháng này có nhiều hơn gần đây không,Action,REPORT_COMPARE
Chi tháng này có nhiều hơn hôm nay không,Action,REPORT_COMPARE
Chi tháng này có nhiều hơn hôm qua không,Action,REPORT_COMPARE
Chi tháng này có nhiều hơn quý này không,Action,REPORT_COMPARE
Chi tháng này có nhiều hơn tuần này không,Action,REPORT_COMPARE
Chi tháng này có nhiều hơn đợt vừa rồi không,Action,REPORT_COMPARE
Chi tháng trước có nhiều hơn gần đây không,Action,REPORT_COMPARE
Chi tháng trước có nhiều hơn hôm nay không,Action,REPORT_COMPARE
Chi tháng trước có nhiều hơn hôm qua không,Action,REPORT_COMPARE
Chi tháng trước có nhiều hơn mấy hôm nay không,Action,REPORT_COMPARE
Chi tháng trước có nhiều hơn quý này không,Action,REPORT_COMPARE
Chi tháng trước có nhiều hơn tháng này không,Action,REPORT_COMPARE
Chi tháng trước có nhiều hơn tuần này không,Action,REPORT_COMPARE
Chi tiêu gần đây tăng giảm thế nào so với hôm nay,Action,REPORT_COMPARE
Chi tiêu gần đây tăng giảm thế nào so với hôm qua,Action,REPORT_COMPARE
Chi tiêu gần đây tăng giảm thế nào so với mấy hôm nay,Action,REPORT_COMPARE
Chi tiêu gần đây tăng giảm thế nào so với quý này,Action,REPORT_COMPARE
Chi tiêu gần đây tăng giảm thế nào so với tháng này,Action,REPORT_COMPARE
Chi tiêu gần đây tăng giảm thế nào so với tháng trước,Action,REPORT_COMPARE
Chi tiêu gần đây tăng giảm thế nào so với tuần này,Action,REPORT_COMPARE
Chi tiêu gần đây tăng giảm thế nào so với tuần trước,Action,REPORT_COMPARE
Chi tiêu gần đây tăng giảm thế nào so với đợt vừa rồi,Action,REPORT_COMPARE
Chi tiêu hôm nay tăng giảm thế nào so với gần đây,Action,REPORT_COMPARE
Chi tiêu hôm nay tăng giảm thế nào so với hôm qua,Action,REPORT_COMPARE
Chi tiêu hôm nay tăng giảm thế nào so với mấy hôm nay,Action,REPORT_COMPARE
Chi tiêu hôm nay tăng giảm thế nào so với tuần này,Action,REPORT_COMPARE
Chi tiêu hôm nay tăng giảm thế nào so với tuần trước,Action,REPORT_COMPARE
Chi tiêu hôm qua tăng giảm thế nào so với gần đây,Action,REPORT_COMPARE
Chi tiêu hôm qua tăng giảm thế nào so với hôm nay,Action,REPORT_COMPARE
Chi tiêu hôm qua tăng giảm thế nào so với mấy hôm nay,Action,REPORT_COMPARE
Chi tiêu hôm qua tăng giảm thế nào so với tháng này,Action,REPORT_COMPARE
Chi tiêu hôm qua tăng giảm thế nào so với tháng trước,Action,REPORT_COMPARE
Chi tiêu hôm qua tăng giảm thế nào so với tuần này,Action,REPORT_COMPARE
Chi tiêu hôm qua tăng giảm thế nào so với tuần trước,Action,REPORT_COMPARE
Chi tiêu hôm qua tăng giảm thế nào so với đợt vừa rồi,Action,REPORT_COMPARE
Chi tiêu mấy hôm nay tăng giảm thế nào so với gần đây,Action,REPORT_COMPARE
Chi tiêu mấy hôm nay tăng giảm thế nào so với hôm nay,Action,REPORT_COMPARE
Chi tiêu mấy hôm nay tăng giảm thế nào so với hôm qua,Action,REPORT_COMPARE
Chi tiêu mấy hôm nay tăng giảm thế nào so với quý này,Action,REPORT_COMPARE
Chi tiêu mấy hôm nay tăng giảm thế nào so với tháng này,Action,REPORT_COMPARE
Chi tiêu mấy hôm nay tăng giảm thế nào so với tuần này,Action,REPORT_COMPARE
Chi tiêu mấy hôm nay tăng giảm thế nào so với tuần trước,Action,REPORT_COMPARE
Chi tiêu mấy hôm nay tăng giảm thế nào so với đợt vừa rồi,Action,REPORT_COMPARE
Chi tiêu quý này tăng giảm thế nào so với gần đây,Action,REPORT_COMPARE
Chi tiêu quý này tăng giảm thế nào so với hôm nay,Action,REPORT_COMPARE
Chi tiêu quý này tăng giảm thế nào so với hôm qua,Action,REPORT_COMPARE
Chi tiêu quý này tăng giảm thế nào so với mấy hôm nay,Action,REPORT_COMPARE
Chi tiêu quý này tăng giảm thế nào so với tháng này,Action,REPORT_COMPARE
Chi tiêu quý này tăng giảm thế nào so với tháng trước,Action,REPORT_COMPARE
Chi tiêu quý này tăng giảm thế nào so với tuần này,Action,REPORT_COMPARE
Chi tiêu quý này tăng giảm thế nào so với tuần trước,Action,REPORT_COMPARE
Chi tiêu tháng này tăng giảm thế nào so với gần đây,Action,REPORT_COMPARE
Chi tiêu tháng này tăng giảm thế nào so với hôm nay,Action,REPORT_COMPARE
Chi tiêu tháng này tăng giảm thế nào so với mấy hôm nay,Action,REPORT_COMPARE
Chi tiêu tháng này tăng giảm thế nào so với quý này,Action,REPORT_COMPARE
Chi tiêu tháng này tăng giảm thế nào so với tháng trước,Action,REPORT_COMPARE
Chi tiêu tháng này tăng giảm thế nào so với tuần này,Action,REPORT_COMPARE
Chi tiêu tháng này tăng giảm thế nào so với tuần trước,Action,REPORT_COMPARE
Chi tiêu tháng trước tăng giảm thế nào so với gần đây,Action,REPORT_COMPARE
Chi tiêu tháng trước tăng giảm thế nào so với hôm nay,Action,REPORT_COMPARE
Chi tiêu tháng trước tăng giảm thế nào so với mấy hôm nay,Action,REPORT_COMPARE
Chi tiêu tháng trước tăng giảm thế nào so với quý này,Action,REPORT_COMPARE
Chi tiêu tháng trước tăng giảm thế nào so với tháng này,Action,REPORT_COMPARE
Chi tiêu tháng trước tăng giảm thế nào so với tuần trước,Action,REPORT_COMPARE
Chi tiêu tuần này tăng giảm thế nào so với gần đây,Action,REPORT_COMPARE
Chi tiêu tuần này tăng giảm thế nào so với hôm nay,Action,REPORT_COMPARE
Chi tiêu tuần này tăng giảm thế nào so với hôm qua,Action,REPORT_COMPARE
Chi tiêu tuần này tăng giảm thế nào so với mấy hôm nay,Action,REPORT_COMPARE
Chi tiêu tuần này tăng giảm thế nào so với quý này,Action,REPORT_COMPARE
Chi tiêu tuần này tăng giảm thế nào so với tháng này,Action,REPORT_COMPARE
Chi tiêu tuần này tăng giảm thế nào so với tháng trước,Action,REPORT_COMPARE
Chi tiêu tuần này tăng giảm thế nào so với tuần trước,Action,REPORT_COMPARE
Chi tiêu tuần này tăng giảm thế nào so với đợt vừa rồi,Action,REPORT_COMPARE
Chi tiêu tuần trước tăng giảm thế nào so với gần đây,Action,REPORT_COMPARE
Chi tiêu tuần trước tăng giảm thế nào so với hôm nay,Action,REPORT_COMPARE
Chi tiêu tuần trước tăng giảm thế nào so với hôm qua,Action,REPORT_COMPARE
Chi tiêu tuần trước tăng giảm thế nào so với mấy hôm nay,Action,REPORT_COMPARE
Chi tiêu tuần trước tăng giảm thế nào so với quý này,Action,REPORT_COMPARE
Chi tiêu tuần trước tăng giảm thế nào so với tháng này,Action,REPORT_COMPARE
Chi tiêu tuần trước tăng giảm thế nào so với tuần này,Action,REPORT_COMPARE
Chi tiêu đợt vừa rồi tăng giảm thế nào so với hôm nay,Action,REPORT_COMPARE
Chi tiêu đợt vừa rồi tăng giảm thế nào so với hôm qua,Action,REPORT_COMPARE
Chi tiêu đợt vừa rồi tăng giảm thế nào so với tháng này,Action,REPORT_COMPARE
Chi tiêu đợt vừa rồi tăng giảm thế nào so với tháng trước,Action,REPORT_COMPARE
Chi tuần này có nhiều hơn gần đây không,Action,REPORT_COMPARE
Chi tuần này có nhiều hơn hôm nay không,Action,REPORT_COMPARE
Chi tuần này có nhiều hơn hôm qua không,Action,REPORT_COMPARE
Chi tuần này có nhiều hơn mấy hôm nay không,Action,REPORT_COMPARE
Chi tuần này có nhiều hơn quý này không,Action,REPORT_COMPARE
Chi tuần này có nhiều hơn tháng này không,Action,REPORT_COMPARE
Chi tuần này có nhiều hơn tháng trước không,Action,REPORT_COMPARE
Chi tuần này có nhiều hơn tuần trước không,Action,REPORT_COMPARE
Chi tuần trước có nhiều hơn gần đây không,Action,REPORT_COMPARE
Chi tuần trước có nhiều hơn hôm qua không,Action,REPORT_COMPARE
Chi tuần trước có nhiều hơn quý này không,Action,REPORT_COMPARE
Chi tuần trước có nhiều hơn tháng này không,Action,REPORT_COMPARE
Chi tuần trước có nhiều hơn tháng trước không,Action,REPORT_COMPARE
Chi tuần trước có nhiều hơn tuần này không,Action,REPORT_COMPARE
Chi đợt vừa rồi có nhiều hơn gần đây không,Action,REPORT_COMPARE
Chi đợt vừa rồi có nhiều hơn mấy hôm nay không,Action,REPORT_COMPARE
Chi đợt vừa rồi có nhiều hơn tuần này không,Action,REPORT_COMPARE
Cho bảo hiểm trần chi 450k,Action,Setting
Cho cà phê trần chi 450k,Action,Setting
Cho cắt tóc trần chi 200k,Action,Setting
Cho du lịch trần chi 180k,Action,Setting
Cho gia đình trần chi 1.5 triệu,Action,Setting
Cho giải trí trần chi 250k,Action,Setting
Cho học phí trần chi 700k,Action,Setting
Cho hội họp trần chi 700k,Action,Setting
Cho internet trần chi 300k,Action,Setting
Cho linh tinh trần chi 35k,Action,Setting
Cho mua sắm trần chi 200k,Action,Setting
Cho mình số liệu bảo hiểm gần đây,Action,Report
Cho mình số liệu cà phê gần đây,Action,Report
Cho mình số liệu cắt tóc gần đây,Action,Report
Cho mình số liệu du lịch gần đây,Action,Report
Cho mình số liệu gia đình gần đây,Action,Report
Cho mình số liệu giải trí gần đây,Action,Report
Cho mình số liệu học phí gần đây,Action,Report
Cho mình số liệu hội họp gần đây,Action,Report
Cho mình số liệu internet gần đây,Action,Report
Cho mình số liệu linh tinh gần đây,Action,Report
Cho mình số liệu mua sắm gần đây,Action,Report
Cho mình số liệu mỹ phẩm gần đây,Action,Report
Cho mình số liệu nội thất gần đây,Action,Report
Cho mình số liệu quà tặng gần đây,Action,Report
Cho mình số liệu sửa xe gần đây,Action,Report
Cho mình số liệu thuê nhà gần đây,Action,Report
Cho mình số liệu xem phim gần đây,Action,Report
Cho mình số liệu xăng xe gần đây,Action,Report
Cho mình số liệu y tế gần đây,Action,Report
Cho mình số liệu ăn uống gần đây,Action,Report
Cho mình số liệu đi chợ gần đây,Action,Report
Cho mình số liệu đi lại gần đây,Action,Report
Cho mình số liệu điện nước gần đây,Action,Report
Cho mình số liệu điện thoại gần đây,Action,Report
Cho mình số liệu đầu tư gần đây,Action,Report
Cho mình xem tổng chi bảo hiểm gần đây,Action,Report
Cho mình xem tổng chi cà phê dạo này,Action,Report
Cho mình xem tổng chi cà phê mấy hôm nay,Action,Report
Cho mình xem tổng chi cắt tóc hôm qua,Action,Report
Cho mình xem tổng chi cắt tóc tuần này,Action,Report
Cho mình xem tổng chi du lịch gần đây,Action,Report
Cho mình xem tổng chi du lịch hôm nay,Action,Report
Cho mình xem tổng chi du lịch mấy hôm nay,Action,Report
Cho mình xem tổng chi gia đình gần đây,Action,Report
Cho mình xem tổng chi học phí dạo này,Action,Report
Cho mình xem tổng chi học phí hôm qua,Action,Report
Cho mình xem tổng chi hội họp quý này,Action,Report
Cho mình xem tổng chi hội họp tháng này,Action,Report
Cho mình xem tổng chi internet mấy hôm nay,Action,Report
Cho mình xem tổng chi internet tháng này,Action,Report
Cho mình xem tổng chi linh tinh hôm nay,Action,Report
Cho mình xem tổng chi mua sắm mấy hôm nay,Action,Report
Cho mình xem tổng chi mỹ phẩm quý này,Action,Report
Cho mình xem tổng chi nội thất dạo này,Action,Report
Cho mình xem tổng chi nội thất quý này,Action,Report
Cho mình xem tổng chi quà tặng tháng này,Action,Report
Cho mình xem tổng chi thuê nhà dạo này,Action,Report
Cho mình xem tổng chi thuê nhà hôm nay,Action,Report
Cho mình xem tổng chi thuê nhà quý này,Action,Report
Cho mình xem tổng chi xem phim mấy hôm nay,Action,Report
Cho mình xem tổng chi xăng xe hôm nay,Action,Report
Cho mình xem tổng chi xăng xe tháng trước,Action,Report
Cho mình xem tổng chi y tế gần đây,Action,Report
Cho mình xem tổng chi ăn uống dạo này,Action,Report
Cho mình xem tổng chi ăn uống gần đây,Action,Report
Cho mình xem tổng chi đi chợ hôm nay,Action,Report
Cho mình xem tổng chi đi lại hôm nay,Action,Report
Cho mình xem tổng chi điện nước hôm nay,Action,Report
Cho mình xem tổng chi điện nước tháng này,Action,Report
Cho mình xem tổng chi điện thoại dạo này,Action,Report
Cho mình xem tổng chi điện thoại hôm qua,Action,Report
Cho mình xem tổng chi điện thoại tháng trước,Action,Report
Cho mình xem tổng chi đầu tư tháng trước,Action,Report
Cho mỹ phẩm trần chi 75k,Action,Setting
Cho nội thất trần chi 500k,Action,Setting
Cho phép bảo mật,Action,Setting
Cho phép chế độ tiết kiệm pin,Action,Setting
Cho phép dark mode,Action,Setting
Cho phép hiển thị số dư,Action,Setting
Cho phép khóa ứng dụng,Action,Setting
Cho phép mã PIN,Action,Setting
Cho phép nhắc nhở,Action,Setting
Cho phép nhắc nhở mục tiêu tiết kiệm,Action,Setting
Cho phép nhắc nhở điểm chi tiêu,Action,Setting
Cho phép nhắc nhở đến hạn thanh toán,Action,Setting
Cho phép nhắc nhở đến kỳ đóng tiền,Action,Setting
Cho phép sao lưu,Action,Setting
Cho phép sao lưu mỗi tuần,Action,Setting
Cho phép tự động đăng nhập,Action,Setting
Cho phép vân tay,Action,Setting
Cho phép âm thanh,Action,Setting
Cho quà tặng trần chi 90k,Action,Setting
Cho sửa xe trần chi 120k,Action,Setting
Cho thuê nhà trần chi 900k,Action,Setting
Cho xem biểu đồ chi tiêu bảo hiểm của tháng này,Action,Report
Cho xem biểu đồ chi tiêu cà phê của đợt vừa rồi,Action,Report
Cho xem biểu đồ chi tiêu cắt tóc của hôm qua,Action,Report
Cho xem biểu đồ chi tiêu du lịch của hôm nay,Action,Report
Cho xem biểu đồ chi tiêu gia đình của hôm nay,Action,Report
Cho xem biểu đồ chi tiêu giải trí của hôm qua,Action,Report
Cho xem biểu đồ chi tiêu học phí của tháng trước,Action,Report
Cho xem biểu đồ chi tiêu hội họp của tuần này,Action,Report
Cho xem biểu đồ chi tiêu internet của đợt vừa rồi,Action,Report
Cho xem biểu đồ chi tiêu linh tinh của mấy hôm nay,Action,Report
Cho xem biểu đồ chi tiêu mua sắm của hôm nay,Action,Report
Cho xem biểu đồ chi tiêu mỹ phẩm của tháng này,Action,Report
Cho xem biểu đồ chi tiêu nội thất của tháng trước,Action,Report
Cho xem biểu đồ chi tiêu quà tặng của tháng trước,Action,Report
Cho xem biểu đồ chi tiêu sửa xe của tuần này,Action,Report
Cho xem biểu đồ chi tiêu thuê nhà của tuần này,Action,Report
Cho xem biểu đồ chi tiêu xem phim của đợt vừa rồi,Action,Report
Cho xem biểu đồ chi tiêu xăng xe của tháng này,Action,Report
Cho xem biểu đồ chi tiêu y tế của tuần rồi,Action,Report
Cho xem biểu đồ chi tiêu ăn uống của tuần này,Action,Report
Cho xem biểu đồ chi tiêu đi chợ của tuần rồi,Action,Report
Cho xem biểu đồ chi tiêu đi lại của tuần rồi,Action,Report
Cho xem biểu đồ chi tiêu điện nước của mấy hôm nay,Action,Report
Cho xem biểu đồ chi tiêu điện thoại của mấy hôm nay,Action,Report
Cho xem biểu đồ chi tiêu đầu tư của hôm qua,Action,Report
Cho xem biểu đồ giải trí,Action,Report
Cho xem biểu đồ học phí,Action,Report
Cho xem biểu đồ mua sắm,Action,Report
Cho xem biểu đồ nhà cửa,Action,Report
Cho xem biểu đồ y tế,Action,Report
Cho xem biểu đồ ăn uống,Action,Report
Cho xem biểu đồ đi lại,Action,Report
Cho xem biểu đồ điện nước,Action,Report
Cho xem phim trần chi 50k,Action,Setting
Cho xăng xe trần chi 500k,Action,Setting
Cho y tế trần chi 1 triệu,Action,Setting
Cho ăn uống trần chi 150k,Action,Setting
Cho đi chợ trần chi 150k,Action,Setting
Cho đi lại trần chi 180k,Action,Setting
Cho điện nước trần chi 300k,Action,Setting
Cho điện thoại trần chi 250k,Action,Setting
Cho đầu tư trần chi 2 triệu,Action,Setting
Chuyển giao diện sang English,Action,Setting
Chuyển giao diện sang tiếng Anh,Action,Setting
Chuyển giọng nói thành dận dữ,Action,SET_TONE
Chuyển giọng nói thành dễ thương,Action,SET_TONE
Chuyển giọng nói thành nghiêm túc,Action,SET_TONE
Chuyển giọng nói thành vui vẻ,Action,SET_TONE
Chuyển sang chế độ tiết kiệm,Action,Setting
Chỉnh bảo mật,Action,Setting
Chỉnh chế độ tiết kiệm pin,Action,Setting
Chỉnh chế độ tối,Action,Setting
Chỉnh ngôn ngữ,Action,Setting
Chỉnh nhắc nhở,Action,Setting
Chỉnh quyền riêng tư,Action,Setting
Chỉnh số tiền bảo hiểm thành 500k,Action,Edit
Chỉnh số tiền của khoản bảo hiểm thành 150k,Action,Edit
Chỉnh số tiền của khoản cà phê thành 150k,Action,Edit
Chỉnh số tiền của khoản cắt tóc thành 75k,Action,Edit
Chỉnh số tiền của khoản du lịch thành 50k,Action,Edit
Chỉnh số tiền của khoản gia đình thành 450k,Action,Edit
Chỉnh số tiền của khoản giải trí thành 90k,Action,Edit
Chỉnh số tiền của khoản học phí thành 200k,Action,Edit
Chỉnh số tiền của khoản hội họp thành 200k,Action,Edit
Chỉnh số tiền của khoản internet thành 120k,Action,Edit
Chỉnh số tiền của khoản linh tinh thành 700k,Action,Edit
Chỉnh số tiền của khoản mua sắm thành 75k,Action,Edit
Chỉnh số tiền của khoản mỹ phẩm thành 1 triệu,Action,Edit
Chỉnh số tiền của khoản nội thất thành 180k,Action,Edit
Chỉnh số tiền của khoản quà tặng thành 1.5 triệu,Action,Edit
Chỉnh số tiền của khoản sửa xe thành 2 triệu,Action,Edit
Chỉnh số tiền của khoản thuê nhà thành 250k,Action,Edit
Chỉnh số tiền của khoản xem phim thành 900k,Action,Edit
Chỉnh số tiền của khoản xăng xe thành 180k,Action,Edit
Chỉnh số tiền của khoản y tế thành 300k,Action,Edit
Chỉnh số tiền của khoản ăn uống thành 35k,Action,Edit
Chỉnh số tiền của khoản đi chợ thành 35k,Action,Edit
Chỉnh số tiền của khoản đi lại thành 50k,Action,Edit
Chỉnh số tiền của khoản điện nước thành 120k,Action,Edit
Chỉnh số tiền của khoản điện thoại thành 90k,Action,Edit
Chỉnh số tiền của khoản đầu tư thành 500k,Action,Edit
Chỉnh số tiền du lịch thành 120k,Action,Edit
Chỉnh số tiền gia đình thành 500k,Action,Edit
Chỉnh số tiền giải trí thành 150k,Action,Edit
Chỉnh số tiền giải trí thành 2 triệu,Action,Edit
Chỉnh số tiền học phí thành 120k,Action,Edit
Chỉnh số tiền học phí thành 300k,Action,Edit
Chỉnh số tiền học phí thành 50k,Action,Edit
Chỉnh số tiền internet thành 120k,Action,Edit
Chỉnh số tiền internet thành 300k,Action,Edit
Chỉnh số tiền internet thành 500k,Action,Edit
Chỉnh số tiền mua sắm thành 80k,Action,Edit
Chỉnh số tiền mỹ phẩm thành 120k,Action,Edit
Chỉnh số tiền mỹ phẩm thành 150k,Action,Edit
Chỉnh số tiền nội thất thành 200k,Action,Edit
Chỉnh số tiền nội thất thành 300k,Action,Edit
Chỉnh số tiền quà tặng thành 2 triệu,Action,Edit
Chỉnh số tiền quà tặng thành 300k,Action,Edit
Chỉnh số tiền sửa xe thành 50k,Action,Edit
Chỉnh số tiền thuê nhà thành 150k,Action,Edit
Chỉnh số tiền xem phim thành 150k,Action,Edit
Chỉnh số tiền y tế thành 1 triệu,Action,Edit
Chỉnh số tiền ăn uống thành 1 triệu,Action,Edit
Chỉnh số tiền đi chợ thành 120k,Action,Edit
Chỉnh số tiền đi chợ thành 150k,Action,Edit
Chỉnh số tiền đi chợ thành 200k,Action,Edit
Chỉnh số tiền đi chợ thành 300k,Action,Edit
Chỉnh số tiền đi lại thành 150k,Action,Edit
Chỉnh số tiền đi lại thành 200k,Action,Edit
Chỉnh số tiền điện thoại thành 150k,Action,Edit
Chỉnh số tiền điện thoại thành 50k,Action,Edit
Chỉnh số tiền đầu tư thành 500k,Action,Edit
Chỉnh tự động đăng nhập,Action,Setting
Chỉnh tự động đồng bộ,Action,Setting
Chỉnh âm thanh,Action,Setting
Cài bảo mật giúp mình,Action,Setting
Cài chế độ tiết kiệm pin giúp mình,Action,Setting
Cài cảnh báo vượt mức cho bảo hiểm,Action,Setting
Cài cảnh báo vượt mức cho cà phê,Action,Setting
Cài cảnh báo vượt mức cho cắt tóc,Action,Setting
Cài cảnh báo vượt mức cho du lịch,Action,Setting
Cài cảnh báo vượt mức cho gia đình,Action,Setting
Cài cảnh báo vượt mức cho giải trí,Action,Setting
Cài cảnh báo vượt mức cho học phí,Action,Setting
Cài cảnh báo vượt mức cho hội họp,Action,Setting
Cài cảnh báo vượt mức cho internet,Action,Setting
Cài cảnh báo vượt mức cho linh tinh,Action,Setting
Cài cảnh báo vượt mức cho mua sắm,Action,Setting
Cài cảnh báo vượt mức cho mỹ phẩm,Action,Setting
Cài cảnh báo vượt mức cho nội thất,Action,Setting
Cài cảnh báo vượt mức cho quà tặng,Action,Setting
Cài cảnh báo vượt mức cho sửa xe,Action,Setting
Cài cảnh báo vượt mức cho thuê nhà,Action,Setting
Cài cảnh báo vượt mức cho xem phim,Action,Setting
Cài cảnh báo vượt mức cho xăng xe,Action,Setting
Cài cảnh báo vượt mức cho y tế,Action,Setting
Cài cảnh báo vượt mức cho ăn uống,Action,Setting
Cài cảnh báo vượt mức cho đi chợ,Action,Setting
Cài cảnh báo vượt mức cho đi lại,Action,Setting
Cài cảnh báo vượt mức cho điện nước,Action,Setting
Cài cảnh báo vượt mức cho điện thoại,Action,Setting
Cài cảnh báo vượt mức cho đầu tư,Action,Setting
Cài dark mode giúp mình,Action,Setting
Cài ngân sách an uong 20k,Action,SET_LIMIT
Cài ngân sách an uong 50k,Action,SET_LIMIT
Cài ngân sách bao hiem 1 trieu,Action,SET_LIMIT
Cài ngân sách bảo hiểm 1 triệu,Action,SET_LIMIT
Cài ngân sách bảo hiểm mỗi đợt vừa rồi 450k,Action,Setting
Cài ngân sách bảo hiểm quý này 1 triệu,Action,Setting
Cài ngân sách ca phe 20k,Action,SET_LIMIT
Cài ngân sách ca phe 500k,Action,SET_LIMIT
Cài ngân sách cat toc 120k,Action,SET_LIMIT
Cài ngân sách cat toc 300k,Action,SET_LIMIT
Cài ngân sách cà phê 1 triệu,Action,SET_LIMIT
Cài ngân sách cà phê 200k,Action,SET_LIMIT
Cài ngân sách cà phê 500k,Action,SET_LIMIT
Cài ngân sách cà phê mỗi mấy hôm nay 450k,Action,Setting
Cài ngân sách cắt tóc 1 triệu,Action,SET_LIMIT
Cài ngân sách cắt tóc 200k,Action,SET_LIMIT
Cài ngân sách cắt tóc 2tr400,Action,SET_LIMIT
Cài ngân sách cắt tóc 50k,Action,SET_LIMIT
Cài ngân sách cắt tóc mỗi hôm nay 200k,Action,Setting
Cài ngân sách di lai 20k,Action,SET_LIMIT
Cài ngân sách dien thoai 50k,Action,SET_LIMIT
Cài ngân sách du lich 80k,Action,SET_LIMIT
Cài ngân sách du lịch 20k,Action,SET_LIMIT
Cài ngân sách du lịch 3 triệu,Action,SET_LIMIT
Cài ngân sách du lịch 300k,Action,SET_LIMIT
Cài ngân sách du lịch 80k,Action,SET_LIMIT
Cài ngân sách du lịch dạo này 120k,Action,Setting
Cài ngân sách du lịch hôm nay 200k,Action,Setting
Cài ngân sách du lịch hôm qua 50k,Action,Setting
Cài ngân sách du lịch mỗi tuần rồi 180k,Action,Setting
Cài ngân sách gia dinh 50k,Action,SET_LIMIT
Cài ngân sách gia đình 1 triệu,Action,SET_LIMIT
Cài ngân sách gia đình 2tr400,Action,SET_LIMIT
Cài ngân sách gia đình 3 triệu,Action,SET_LIMIT
Cài ngân sách gia đình 300k,Action,SET_LIMIT
Cài ngân sách gia đình gần đây 50k,Action,Setting
Cài ngân sách gia đình mỗi tuần rồi 1.5 triệu,Action,Setting
Cài ngân sách gia đình tháng trước 50k,Action,Setting
Cài ngân sách gia đình tuần này 1 triệu,Action,Setting
Cài ngân sách giai tri 2tr400,Action,SET_LIMIT
Cài ngân sách giải trí 1 triệu,Action,SET_LIMIT
Cài ngân sách giải trí 200k,Action,SET_LIMIT
Cài ngân sách giải trí 35k,Action,SET_LIMIT
Cài ngân sách giải trí hôm nay 1 triệu,Action,Setting
Cài ngân sách giải trí mỗi hôm nay 250k,Action,Setting
Cài ngân sách học phí 200k,Action,SET_LIMIT
Cài ngân sách học phí 2tr400,Action,SET_LIMIT
Cài ngân sách học phí hôm nay 2 triệu,Action,Setting
Cài ngân sách học phí hôm qua 80k,Action,Setting
Cài ngân sách học phí mỗi tháng này 700k,Action,Setting
Cài ngân sách học phí tháng này 1 triệu,Action,Setting
Cài ngân sách hội họp 1 triệu,Action,SET_LIMIT
Cài ngân sách hội họp 300k,Action,SET_LIMIT
Cài ngân sách hội họp dạo này 1 triệu,Action,Setting
Cài ngân sách hội họp mấy hôm nay 150k,Action,Setting
Cài ngân sách hội họp mỗi tháng trước 700k,Action,Setting
Cài ngân sách internet 120k,Action,SET_LIMIT
Cài ngân sách internet 2tr400,Action,SET_LIMIT
Cài ngân sách internet 50k,Action,SET_LIMIT
Cài ngân sách internet hôm nay 50k,Action,Setting
Cài ngân sách internet mấy hôm nay 300k,Action,Setting
Cài ngân sách internet mỗi mấy hôm nay 300k,Action,Setting
Cài ngân sách internet tháng này 50k,Action,Setting
Cài ngân sách internet tháng trước 1 triệu,Action,Setting
Cài ngân sách internet tháng trước 2 triệu,Action,Setting
Cài ngân sách linh tinh 20k,Action,SET_LIMIT
Cài ngân sách linh tinh mỗi hôm qua 35k,Action,Setting
Cài ngân sách mua sam 1 trieu,Action,SET_LIMIT
Cài ngân sách mua sam 35k,Action,SET_LIMIT
Cài ngân sách mua sắm 300k,Action,SET_LIMIT
Cài ngân sách mua sắm 50k,Action,SET_LIMIT
Cài ngân sách mua sắm 80k,Action,SET_LIMIT
Cài ngân sách mua sắm mỗi tuần rồi 200k,Action,Setting
Cài ngân sách my pham 120k,Action,SET_LIMIT
Cài ngân sách mỹ phẩm 120k,Action,SET_LIMIT
Cài ngân sách mỹ phẩm 20k,Action,SET_LIMIT
Cài ngân sách mỹ phẩm 2tr400,Action,SET_LIMIT
Cài ngân sách mỹ phẩm 3 triệu,Action,SET_LIMIT
Cài ngân sách mỹ phẩm 300k,Action,SET_LIMIT
Cài ngân sách mỹ phẩm 500k,Action,SET_LIMIT
Cài ngân sách mỹ phẩm 750k,Action,SET_LIMIT
Cài ngân sách mỹ phẩm gần đây 500k,Action,Setting
Cài ngân sách mỹ phẩm mỗi đợt vừa rồi 75k,Action,Setting
Cài ngân sách noi that 3 trieu,Action,SET_LIMIT
Cài ngân sách nội thất 15k,Action,SET_LIMIT
Cài ngân sách nội thất 300k,Action,SET_LIMIT
Cài ngân sách nội thất hôm nay 500k,Action,Setting
Cài ngân sách nội thất hôm qua 1 triệu,Action,Setting
Cài ngân sách nội thất mỗi tháng này 500k,Action,Setting
Cài ngân sách qua tang 80k,Action,SET_LIMIT
Cài ngân sách quà tặng 3 triệu,Action,SET_LIMIT
Cài ngân sách quà tặng 50k,Action,SET_LIMIT
Cài ngân sách quà tặng 80k,Action,SET_LIMIT
Cài ngân sách quà tặng hôm nay 200k,Action,Setting
Cài ngân sách quà tặng mỗi tháng này 90k,Action,Setting
Cài ngân sách sua xe 35k,Action,SET_LIMIT
Cài ngân sách sua xe 50k,Action,SET_LIMIT
Cài ngân sách sách vở 3 triệu,Action,SET_LIMIT
Cài ngân sách sửa xe 120k,Action,SET_LIMIT
Cài ngân sách sửa xe 2 triệu,Action,SET_LIMIT
Cài ngân sách sửa xe 3 triệu,Action,SET_LIMIT
Cài ngân sách sửa xe hôm nay 50k,Action,Setting
Cài ngân sách sửa xe mỗi tháng trước 120k,Action,Setting
Cài ngân sách sửa xe quý này 500k,Action,Setting
Cài ngân sách the thao 35k,Action,SET_LIMIT
Cài ngân sách thu cung 5 trieu,Action,SET_LIMIT
Cài ngân sách thuê nhà 200k,Action,SET_LIMIT
Cài ngân sách thuê nhà 2tr400,Action,SET_LIMIT
Cài ngân sách thuê nhà 300k,Action,SET_LIMIT
Cài ngân sách thuê nhà 35k,Action,SET_LIMIT
Cài ngân sách thuê nhà 500k,Action,SET_LIMIT
Cài ngân sách thuê nhà gần đây 50k,Action,Setting
Cài ngân sách thuê nhà mỗi tháng trước 900k,Action,Setting
Cài ngân sách xem phim mỗi mấy hôm nay 50k,Action,Setting
Cài ngân sách xem phim quý này 80k,Action,Setting
Cài ngân sách xăng xe 1 triệu,Action,SET_LIMIT
Cài ngân sách xăng xe 200k,Action,SET_LIMIT
Cài ngân sách xăng xe 300k,Action,SET_LIMIT
Cài ngân sách xăng xe 5 triệu,Action,SET_LIMIT
Cài ngân sách xăng xe 750k,Action,SET_LIMIT
Cài ngân sách xăng xe mỗi đợt vừa rồi 500k,Action,Setting
Cài ngân sách y tế 3 triệu,Action,SET_LIMIT
Cài ngân sách y tế 300k,Action,SET_LIMIT
Cài ngân sách y tế 750k,Action,SET_LIMIT
Cài ngân sách y tế dạo này 2 triệu,Action,Setting
Cài ngân sách y tế gần đây 120k,Action,Setting
Cài ngân sách y tế mỗi tuần này 1 triệu,Action,Setting
Cài ngân sách ăn uống 300k,Action,SET_LIMIT
Cài ngân sách ăn uống 500k,Action,SET_LIMIT
Cài ngân sách ăn uống dạo này 300k,Action,Setting
Cài ngân sách ăn uống mỗi tháng trước 150k,Action,Setting
Cài ngân sách ăn uống quý này 200k,Action,Setting
Cài ngân sách đi chợ 200k,Action,SET_LIMIT
Cài ngân sách đi chợ 3 triệu,Action,SET_LIMIT
Cài ngân sách đi chợ 35k,Action,SET_LIMIT
Cài ngân sách đi chợ 80k,Action,SET_LIMIT
Cài ngân sách đi chợ hôm nay 120k,Action,Setting
Cài ngân sách đi chợ mỗi tuần này 150k,Action,Setting
Cài ngân sách đi chợ tháng trước 120k,Action,Setting
Cài ngân sách đi lại 200k,Action,SET_LIMIT
Cài ngân sách đi lại 20k,Action,SET_LIMIT
Cài ngân sách đi lại 3 triệu,Action,SET_LIMIT
Cài ngân sách đi lại 5 triệu,Action,SET_LIMIT
Cài ngân sách đi lại hôm qua 1 triệu,Action,Setting
Cài ngân sách đi lại mỗi tuần này 180k,Action,Setting
Cài ngân sách điện nước 3 triệu,Action,SET_LIMIT
Cài ngân sách điện nước 500k,Action,SET_LIMIT
Cài ngân sách điện nước mỗi hôm qua 300k,Action,Setting
Cài ngân sách điện thoại 1 triệu,Action,SET_LIMIT
Cài ngân sách điện thoại 120k,Action,SET_LIMIT
Cài ngân sách điện thoại 20k,Action,SET_LIMIT
Cài ngân sách điện thoại 80k,Action,SET_LIMIT
Cài ngân sách điện thoại mỗi hôm qua 250k,Action,Setting
Cài ngân sách đầu tư 1 triệu,Action,SET_LIMIT
Cài ngân sách đầu tư 3 triệu,Action,SET_LIMIT
Cài ngân sách đầu tư 80k,Action,SET_LIMIT
Cài ngân sách đầu tư hôm nay 500k,Action,Setting
Cài ngân sách đầu tư mỗi hôm nay 2 triệu,Action,Setting
Cài ngân sách đồ gia dụng 3 triệu,Action,SET_LIMIT
Cài ngôn ngữ giúp mình,Action,Setting
Cài quyền riêng tư giúp mình,Action,Setting
Cài thông báo giúp mình,Action,Setting
Cài tự động đăng nhập giúp mình,Action,Setting
Cài tự động đồng bộ giúp mình,Action,Setting
Cài âm thanh giúp mình,Action,Setting
Có khoản nào bảo hiểm không,Action,Search
Có khoản nào cà phê không,Action,Search
Có khoản nào cắt tóc không,Action,Search
Có khoản nào du lịch không,Action,Search
Có khoản nào gia đình không,Action,Search
Có khoản nào giải trí không,Action,Search
Có khoản nào học phí không,Action,Search
Có khoản nào hội họp không,Action,Search
Có khoản nào internet không,Action,Search
Có khoản nào linh tinh không,Action,Search
Có khoản nào mua sắm không,Action,Search
Có khoản nào mỹ phẩm không,Action,Search
Có khoản nào nội thất không,Action,Search
Có khoản nào quà tặng không,Action,Search
Có khoản nào sửa xe không,Action,Search
Có khoản nào thuê nhà không,Action,Search
Có khoản nào xem phim không,Action,Search
Có khoản nào xăng xe không,Action,Search
Có khoản nào y tế không,Action,Search
Có khoản nào ăn uống không,Action,Search
Có khoản nào đi chợ không,Action,Search
Có khoản nào đi lại không,Action,Search
Có khoản nào điện nước không,Action,Search
Có khoản nào điện thoại không,Action,Search
Có khoản nào đầu tư không,Action,Search
Cập nhật khoản an uong thành nội thất,Action,UPDATE_RECORD
Cập nhật khoản bao hiem thành quà tặng,Action,UPDATE_RECORD
Cập nhật khoản bao hiem thành thể thao,Action,UPDATE_RECORD
Cập nhật khoản bảo hiểm thành cà phê,Action,UPDATE_RECORD
Cập nhật khoản bảo hiểm thành cắt tóc,Action,UPDATE_RECORD
Cập nhật khoản bảo hiểm thành internet,Action,UPDATE_RECORD
Cập nhật khoản bảo hiểm thành điện nước,Action,UPDATE_RECORD
Cập nhật khoản bảo hiểm từ 150k lên 250k,Action,Edit
Cập nhật khoản ca phe thành giải trí,Action,UPDATE_RECORD
Cập nhật khoản ca phe thành nội thất,Action,UPDATE_RECORD
Cập nhật khoản cà phê lên 50k,Action,Edit
Cập nhật khoản cà phê thành cắt tóc,Action,UPDATE_RECORD
Cập nhật khoản cà phê thành thể thao,Action,UPDATE_RECORD
Cập nhật khoản cà phê thành xăng xe,Action,UPDATE_RECORD
Cập nhật khoản cà phê thành đi lại,Action,UPDATE_RECORD
Cập nhật khoản cà phê thành điện nước,Action,UPDATE_RECORD
Cập nhật khoản cà phê từ 150k lên 250k,Action,Edit
Cập nhật khoản cắt tóc lên 150k,Action,Edit
Cập nhật khoản cắt tóc lên 200k,Action,Edit
Cập nhật khoản cắt tóc lên 500k,Action,Edit
Cập nhật khoản cắt tóc lên 80k,Action,Edit
Cập nhật khoản cắt tóc thành du lịch,Action,UPDATE_RECORD
Cập nhật khoản cắt tóc thành gia đình,Action,UPDATE_RECORD
Cập nhật khoản cắt tóc thành giải trí,Action,UPDATE_RECORD
Cập nhật khoản cắt tóc thành linh tinh,Action,UPDATE_RECORD
Cập nhật khoản cắt tóc thành nội thất,Action,UPDATE_RECORD
Cập nhật khoản cắt tóc thành sửa xe,Action,UPDATE_RECORD
Cập nhật khoản cắt tóc thành đi chợ,Action,UPDATE_RECORD
Cập nhật khoản cắt tóc từ 75k lên 150k,Action,Edit
Cập nhật khoản dau tu thành hội họp,Action,UPDATE_RECORD
Cập nhật khoản dau tu thành quà tặng,Action,UPDATE_RECORD
Cập nhật khoản di cho thành du lịch,Action,UPDATE_RECORD
Cập nhật khoản di cho thành học phí,Action,UPDATE_RECORD
Cập nhật khoản di cho thành xăng xe,Action,UPDATE_RECORD
Cập nhật khoản di lai thành gia đình,Action,UPDATE_RECORD
Cập nhật khoản di lai thành mua sắm,Action,UPDATE_RECORD
Cập nhật khoản dien nuoc thành cà phê,Action,UPDATE_RECORD
Cập nhật khoản do gia dung thành thuê nhà,Action,UPDATE_RECORD
Cập nhật khoản du lich thành du lịch,Action,UPDATE_RECORD
Cập nhật khoản du lich thành linh tinh,Action,UPDATE_RECORD
Cập nhật khoản du lịch lên 120k,Action,Edit
Cập nhật khoản du lịch thành cà phê,Action,UPDATE_RECORD
Cập nhật khoản du lịch thành học phí,Action,UPDATE_RECORD
Cập nhật khoản du lịch thành linh tinh,Action,UPDATE_RECORD
Cập nhật khoản du lịch thành mua sắm,Action,UPDATE_RECORD
Cập nhật khoản du lịch thành điện nước,Action,UPDATE_RECORD
Cập nhật khoản du lịch từ 50k lên 120k,Action,Edit
Cập nhật khoản gia dinh thành gia đình,Action,UPDATE_RECORD
Cập nhật khoản gia dinh thành mua sắm,Action,UPDATE_RECORD
Cập nhật khoản gia đình lên 200k,Action,Edit
Cập nhật khoản gia đình thành cắt tóc,Action,UPDATE_RECORD
Cập nhật khoản gia đình thành internet,Action,UPDATE_RECORD
Cập nhật khoản gia đình thành linh tinh,Action,UPDATE_RECORD
Cập nhật khoản gia đình thành nội thất,Action,UPDATE_RECORD
Cập nhật khoản gia đình thành quà tặng,Action,UPDATE_RECORD
Cập nhật khoản gia đình thành ăn uống,Action,UPDATE_RECORD
Cập nhật khoản gia đình thành đồ gia dụng,Action,UPDATE_RECORD
Cập nhật khoản gia đình từ 450k lên 900k,Action,Edit
Cập nhật khoản giai tri thành bảo hiểm,Action,UPDATE_RECORD
Cập nhật khoản giai tri thành quà tặng,Action,UPDATE_RECORD
Cập nhật khoản giai tri thành điện thoại,Action,UPDATE_RECORD
Cập nhật khoản giải trí lên 120k,Action,Edit
Cập nhật khoản giải trí lên 150k,Action,Edit
Cập nhật khoản giải trí lên 200k,Action,Edit
Cập nhật khoản giải trí thành 1.5tr,Action,UPDATE_RECORD
Cập nhật khoản giải trí thành 100k,Action,UPDATE_RECORD
Cập nhật khoản giải trí thành 1tr,Action,UPDATE_RECORD
Cập nhật khoản giải trí thành 200k,Action,UPDATE_RECORD
Cập nhật khoản giải trí thành 2tr,Action,UPDATE_RECORD
Cập nhật khoản giải trí thành 300k,Action,UPDATE_RECORD
Cập nhật khoản giải trí thành 500k,Action,UPDATE_RECORD
Cập nhật khoản giải trí thành 50k,Action,UPDATE_RECORD
Cập nhật khoản giải trí thành internet,Action,UPDATE_RECORD
Cập nhật khoản giải trí thành sửa xe,Action,UPDATE_RECORD
Cập nhật khoản giải trí thành thú cưng,Action,UPDATE_RECORD
Cập nhật khoản giải trí thành xăng xe,Action,UPDATE_RECORD
Cập nhật khoản giải trí thành ăn uống,Action,UPDATE_RECORD
Cập nhật khoản giải trí thành đồ gia dụng,Action,UPDATE_RECORD
Cập nhật khoản giải trí từ 90k lên 180k,Action,Edit
Cập nhật khoản hoc phi thành bảo hiểm,Action,UPDATE_RECORD
Cập nhật khoản hoc phi thành mỹ phẩm,Action,UPDATE_RECORD
Cập nhật khoản hoi hop thành du lịch,Action,UPDATE_RECORD
Cập nhật khoản học online thành cắt tóc,Action,UPDATE_RECORD
Cập nhật khoản học online thành thuê nhà,Action,UPDATE_RECORD
Cập nhật khoản học phí lên 300k,Action,Edit
Cập nhật khoản học phí lên 50k,Action,Edit
Cập nhật khoản học phí lên 80k,Action,Edit
Cập nhật khoản học phí thành 1.5tr,Action,UPDATE_RECORD
Cập nhật khoản học phí thành 100k,Action,UPDATE_RECORD
Cập nhật khoản học phí thành 1tr,Action,UPDATE_RECORD
Cập nhật khoản học phí thành 200k,Action,UPDATE_RECORD
Cập nhật khoản học phí thành 2tr,Action,UPDATE_RECORD
Cập nhật khoản học phí thành 300k,Action,UPDATE_RECORD
Cập nhật khoản học phí thành 500k,Action,UPDATE_RECORD
Cập nhật khoản học phí thành 50k,Action,UPDATE_RECORD
Cập nhật khoản học phí thành cà phê,Action,UPDATE_RECORD
Cập nhật khoản học phí thành internet,Action,UPDATE_RECORD
Cập nhật khoản học phí thành mua sắm,Action,UPDATE_RECORD
Cập nhật khoản học phí từ 200k lên 450k,Action,Edit
Cập nhật khoản hội họp thành quà tặng,Action,UPDATE_RECORD
Cập nhật khoản hội họp thành xăng xe,Action,UPDATE_RECORD
Cập nhật khoản hội họp thành điện nước,Action,UPDATE_RECORD
Cập nhật khoản hội họp từ 200k lên 450k,Action,Edit
Cập nhật khoản internet lên 1 triệu,Action,Edit
Cập nhật khoản internet lên 120k,Action,Edit
Cập nhật khoản internet thành cắt tóc,Action,UPDATE_RECORD
Cập nhật khoản internet thành gia đình,Action,UPDATE_RECORD
Cập nhật khoản internet thành linh tinh,Action,UPDATE_RECORD
Cập nhật khoản internet thành mỹ phẩm,Action,UPDATE_RECORD
Cập nhật khoản internet thành thể thao,Action,UPDATE_RECORD
Cập nhật khoản internet thành điện nước,Action,UPDATE_RECORD
Cập nhật khoản internet thành điện thoại,Action,UPDATE_RECORD
Cập nhật khoản internet từ 120k lên 200k,Action,Edit
Cập nhật khoản linh tinh thành bảo hiểm,Action,UPDATE_RECORD
Cập nhật khoản linh tinh thành du lịch,Action,UPDATE_RECORD
Cập nhật khoản linh tinh thành hội họp,Action,UPDATE_RECORD
Cập nhật khoản linh tinh thành internet,Action,UPDATE_RECORD
Cập nhật khoản linh tinh thành mỹ phẩm,Action,UPDATE_RECORD
Cập nhật khoản linh tinh thành quà tặng,Action,UPDATE_RECORD
Cập nhật khoản linh tinh thành sách vở,Action,UPDATE_RECORD
Cập nhật khoản linh tinh thành ăn uống,Action,UPDATE_RECORD
Cập nhật khoản linh tinh từ 700k lên 1.5 triệu,Action,Edit
Cập nhật khoản mua sam thành mỹ phẩm,Action,UPDATE_RECORD
Cập nhật khoản mua sam thành sửa xe,Action,UPDATE_RECORD
Cập nhật khoản mua sắm thành 1.5tr,Action,UPDATE_RECORD
Cập nhật khoản mua sắm thành 100k,Action,UPDATE_RECORD
Cập nhật khoản mua sắm thành 1tr,Action,UPDATE_RECORD
Cập nhật khoản mua sắm thành 200k,Action,UPDATE_RECORD
Cập nhật khoản mua sắm thành 2tr,Action,UPDATE_RECORD
Cập nhật khoản mua sắm thành 300k,Action,UPDATE_RECORD
Cập nhật khoản mua sắm thành 500k,Action,UPDATE_RECORD
Cập nhật khoản mua sắm thành 50k,Action,UPDATE_RECORD
Cập nhật khoản mua sắm thành du lịch,Action,UPDATE_RECORD
Cập nhật khoản mua sắm thành hội họp,Action,UPDATE_RECORD
Cập nhật khoản mua sắm thành đi lại,Action,UPDATE_RECORD
Cập nhật khoản mua sắm từ 75k lên 150k,Action,Edit
Cập nhật khoản my pham thành y tế,Action,UPDATE_RECORD
Cập nhật khoản my pham thành điện thoại,Action,UPDATE_RECORD
Cập nhật khoản mỹ phẩm lên 300k,Action,Edit
Cập nhật khoản mỹ phẩm lên 50k,Action,Edit
Cập nhật khoản mỹ phẩm thành giải trí,Action,UPDATE_RECORD
Cập nhật khoản mỹ phẩm thành học phí,Action,UPDATE_RECORD
Cập nhật khoản mỹ phẩm thành quà tặng,Action,UPDATE_RECORD
Cập nhật khoản mỹ phẩm thành đầu tư,Action,UPDATE_RECORD
Cập nhật khoản mỹ phẩm thành đồ gia dụng,Action,UPDATE_RECORD
Cập nhật khoản mỹ phẩm từ 1 triệu lên 35k,Action,Edit
Cập nhật khoản nhà cửa thành 1.5tr,Action,UPDATE_RECORD
Cập nhật khoản nhà cửa thành 100k,Action,UPDATE_RECORD
Cập nhật khoản nhà cửa thành 1tr,Action,UPDATE_RECORD
Cập nhật khoản nhà cửa thành 200k,Action,UPDATE_RECORD
Cập nhật khoản nhà cửa thành 2tr,Action,UPDATE_RECORD
Cập nhật khoản nhà cửa thành 300k,Action,UPDATE_RECORD
Cập nhật khoản nhà cửa thành 500k,Action,UPDATE_RECORD
Cập nhật khoản nhà cửa thành 50k,Action,UPDATE_RECORD
Cập nhật khoản noi that thành hội họp,Action,UPDATE_RECORD
Cập nhật khoản noi that thành internet,Action,UPDATE_RECORD
Cập nhật khoản noi that thành đi chợ,Action,UPDATE_RECORD
Cập nhật khoản nội thất lên 200k,Action,Edit
Cập nhật khoản nội thất thành bảo hiểm,Action,UPDATE_RECORD
Cập nhật khoản nội thất thành mua sắm,Action,UPDATE_RECORD
Cập nhật khoản nội thất thành mỹ phẩm,Action,UPDATE_RECORD
Cập nhật khoản nội thất thành quà tặng,Action,UPDATE_RECORD
Cập nhật khoản nội thất thành y tế,Action,UPDATE_RECORD
Cập nhật khoản nội thất thành đi chợ,Action,UPDATE_RECORD
Cập nhật khoản nội thất thành điện thoại,Action,UPDATE_RECORD
Cập nhật khoản nội thất từ 180k lên 300k,Action,Edit
Cập nhật khoản qua tang thành đi lại,Action,UPDATE_RECORD
Cập nhật khoản quà tặng lên 150k,Action,Edit
Cập nhật khoản quà tặng lên 300k,Action,Edit
Cập nhật khoản quà tặng lên 500k,Action,Edit
Cập nhật khoản quà tặng thành internet,Action,UPDATE_RECORD
Cập nhật khoản quà tặng thành mỹ phẩm,Action,UPDATE_RECORD
Cập nhật khoản quà tặng thành xăng xe,Action,UPDATE_RECORD
Cập nhật khoản quà tặng thành y tế,Action,UPDATE_RECORD
Cập nhật khoản quà tặng thành đầu tư,Action,UPDATE_RECORD
Cập nhật khoản quà tặng từ 1.5 triệu lên 50k,Action,Edit
Cập nhật khoản sua xe thành bảo hiểm,Action,UPDATE_RECORD
Cập nhật khoản sửa xe thành học phí,Action,UPDATE_RECORD
Cập nhật khoản sửa xe thành điện nước,Action,UPDATE_RECORD
Cập nhật khoản sửa xe thành đầu tư,Action,UPDATE_RECORD
Cập nhật khoản sửa xe từ 2 triệu lên 75k,Action,Edit
Cập nhật khoản thu cung thành sách vở,Action,UPDATE_RECORD
Cập nhật khoản thuê nhà lên 300k,Action,Edit
Cập nhật khoản thuê nhà lên 80k,Action,Edit
Cập nhật khoản thuê nhà thành gia đình,Action,UPDATE_RECORD
Cập nhật khoản thuê nhà thành linh tinh,Action,UPDATE_RECORD
Cập nhật khoản thuê nhà thành mỹ phẩm,Action,UPDATE_RECORD
Cập nhật khoản thuê nhà thành đầu tư,Action,UPDATE_RECORD
Cập nhật khoản thuê nhà thành đồ gia dụng,Action,UPDATE_RECORD
Cập nhật khoản thuê nhà từ 250k lên 500k,Action,Edit
Cập nhật khoản thú cưng thành bảo hiểm,Action,UPDATE_RECORD
Cập nhật khoản thú cưng thành đi lại,Action,UPDATE_RECORD
Cập nhật khoản thể thao thành giải trí,Action,UPDATE_RECORD
Cập nhật khoản xem phim lên 300k,Action,Edit
Cập nhật khoản xem phim từ 900k lên 2 triệu,Action,Edit
Cập nhật khoản xăng xe lên 1 triệu,Action,Edit
Cập nhật khoản xăng xe thành du lịch,Action,UPDATE_RECORD
Cập nhật khoản xăng xe thành y tế,Action,UPDATE_RECORD
Cập nhật khoản xăng xe thành đi lại,Action,UPDATE_RECORD
Cập nhật khoản xăng xe thành điện nước,Action,UPDATE_RECORD
Cập nhật khoản xăng xe thành đầu tư,Action,UPDATE_RECORD
Cập nhật khoản xăng xe từ 180k lên 300k,Action,Edit
Cập nhật khoản y te thành cà phê,Action,UPDATE_RECORD
Cập nhật khoản y tế thành 1.5tr,Action,UPDATE_RECORD
Cập nhật khoản y tế thành 100k,Action,UPDATE_RECORD
Cập nhật khoản y tế thành 1tr,Action,UPDATE_RECORD
Cập nhật khoản y tế thành 200k,Action,UPDATE_RECORD
Cập nhật khoản y tế thành 2tr,Action,UPDATE_RECORD
Cập nhật khoản y tế thành 300k,Action,UPDATE_RECORD
Cập nhật khoản y tế thành 500k,Action,UPDATE_RECORD
Cập nhật khoản y tế thành 50k,Action,UPDATE_RECORD
Cập nhật khoản y tế thành cắt tóc,Action,UPDATE_RECORD
Cập nhật khoản y tế thành du lịch,Action,UPDATE_RECORD
Cập nhật khoản y tế thành giải trí,Action,UPDATE_RECORD
Cập nhật khoản y tế thành học phí,Action,UPDATE_RECORD
Cập nhật khoản y tế thành mỹ phẩm,Action,UPDATE_RECORD
Cập nhật khoản y tế thành thuê nhà,Action,UPDATE_RECORD
Cập nhật khoản y tế thành ăn uống,Action,UPDATE_RECORD
Cập nhật khoản y tế từ 300k lên 700k,Action,Edit
Cập nhật khoản ăn uống lên 150k,Action,Edit
Cập nhật khoản ăn uống thành 1.5tr,Action,UPDATE_RECORD
Cập nhật khoản ăn uống thành 100k,Action,UPDATE_RECORD
Cập nhật khoản ăn uống thành 1tr,Action,UPDATE_RECORD
Cập nhật khoản ăn uống thành 200k,Action,UPDATE_RECORD
Cập nhật khoản ăn uống thành 2tr,Action,UPDATE_RECORD
Cập nhật khoản ăn uống thành 300k,Action,UPDATE_RECORD
Cập nhật khoản ăn uống thành 500k,Action,UPDATE_RECORD
Cập nhật khoản ăn uống thành 50k,Action,UPDATE_RECORD
Cập nhật khoản ăn uống thành linh tinh,Action,UPDATE_RECORD
Cập nhật khoản ăn uống thành sửa xe,Action,UPDATE_RECORD
Cập nhật khoản ăn uống thành thú cưng,Action,UPDATE_RECORD
Cập nhật khoản ăn uống từ 35k lên 90k,Action,Edit
Cập nhật khoản đi chợ lên 300k,Action,Edit
Cập nhật khoản đi chợ lên 80k,Action,Edit
Cập nhật khoản đi chợ thành hội họp,Action,UPDATE_RECORD
Cập nhật khoản đi chợ thành thuê nhà,Action,UPDATE_RECORD
Cập nhật khoản đi chợ từ 35k lên 90k,Action,Edit
Cập nhật khoản đi lại thành 1.5tr,Action,UPDATE_RECORD
Cập nhật khoản đi lại thành 100k,Action,UPDATE_RECORD
Cập nhật khoản đi lại thành 1tr,Action,UPDATE_RECORD
Cập nhật khoản đi lại thành 200k,Action,UPDATE_RECORD
Cập nhật khoản đi lại thành 2tr,Action,UPDATE_RECORD
Cập nhật khoản đi lại thành 300k,Action,UPDATE_RECORD
Cập nhật khoản đi lại thành 500k,Action,UPDATE_RECORD
Cập nhật khoản đi lại thành 50k,Action,UPDATE_RECORD
Cập nhật khoản đi lại thành sửa xe,Action,UPDATE_RECORD
Cập nhật khoản đi lại thành đi chợ,Action,UPDATE_RECORD
Cập nhật khoản đi lại thành điện thoại,Action,UPDATE_RECORD
Cập nhật khoản đi lại từ 50k lên 120k,Action,Edit
Cập nhật khoản điện nước thành 1.5tr,Action,UPDATE_RECORD
Cập nhật khoản điện nước thành 100k,Action,UPDATE_RECORD
Cập nhật khoản điện nước thành 1tr,Action,UPDATE_RECORD
Cập nhật khoản điện nước thành 200k,Action,UPDATE_RECORD
Cập nhật khoản điện nước thành 2tr,Action,UPDATE_RECORD
Cập nhật khoản điện nước thành 300k,Action,UPDATE_RECORD
Cập nhật khoản điện nước thành 500k,Action,UPDATE_RECORD
Cập nhật khoản điện nước thành 50k,Action,UPDATE_RECORD
Cập nhật khoản điện nước thành học phí,Action,UPDATE_RECORD
Cập nhật khoản điện nước thành linh tinh,Action,UPDATE_RECORD
Cập nhật khoản điện nước thành mỹ phẩm,Action,UPDATE_RECORD
Cập nhật khoản điện nước thành sách vở,Action,UPDATE_RECORD
Cập nhật khoản điện nước thành đi chợ,Action,UPDATE_RECORD
Cập nhật khoản điện nước từ 120k lên 200k,Action,Edit
Cập nhật khoản điện thoại lên 1 triệu,Action,Edit
Cập nhật khoản điện thoại lên 50k,Action,Edit
Cập nhật khoản điện thoại lên 80k,Action,Edit
Cập nhật khoản điện thoại thành bảo hiểm,Action,UPDATE_RECORD
Cập nhật khoản điện thoại thành du lịch,Action,UPDATE_RECORD
Cập nhật khoản điện thoại thành gia đình,Action,UPDATE_RECORD
Cập nhật khoản điện thoại thành học phí,Action,UPDATE_RECORD
Cập nhật khoản điện thoại thành mua sắm,Action,UPDATE_RECORD
Cập nhật khoản điện thoại thành quà tặng,Action,UPDATE_RECORD
Cập nhật khoản điện thoại thành ăn uống,Action,UPDATE_RECORD
Cập nhật khoản điện thoại thành đi chợ,Action,UPDATE_RECORD
Cập nhật khoản điện thoại thành đi lại,Action,UPDATE_RECORD
Cập nhật khoản điện thoại từ 90k lên 180k,Action,Edit
Cập nhật khoản đầu tư thành học phí,Action,UPDATE_RECORD
Cập nhật khoản đầu tư thành internet,Action,UPDATE_RECORD
Cập nhật khoản đầu tư thành mỹ phẩm,Action,UPDATE_RECORD
Cập nhật khoản đầu tư thành thuê nhà,Action,UPDATE_RECORD
Cập nhật khoản đầu tư thành đi lại,Action,UPDATE_RECORD
Cập nhật khoản đầu tư thành điện thoại,Action,UPDATE_RECORD
Cập nhật khoản đầu tư từ 500k lên 1 triệu,Action,Edit
Cập nhật ngân sách bảo hiểm thành 450k,Action,Setting
Cập nhật ngân sách cà phê thành 450k,Action,Setting
Cập nhật ngân sách cắt tóc thành 200k,Action,Setting
Cập nhật ngân sách du lịch thành 180k,Action,Setting
Cập nhật ngân sách gia đình thành 1.5 triệu,Action,Setting
Cập nhật ngân sách giải trí thành 250k,Action,Setting
Cập nhật ngân sách học phí thành 700k,Action,Setting
Cập nhật ngân sách hội họp thành 700k,Action,Setting
Cập nhật ngân sách internet thành 300k,Action,Setting
Cập nhật ngân sách linh tinh thành 35k,Action,Setting
Cập nhật ngân sách mua sắm thành 200k,Action,Setting
Cập nhật ngân sách mỹ phẩm thành 75k,Action,Setting
Cập nhật ngân sách nội thất thành 500k,Action,Setting
Cập nhật ngân sách quà tặng thành 90k,Action,Setting
Cập nhật ngân sách sửa xe thành 120k,Action,Setting
Cập nhật ngân sách thuê nhà thành 900k,Action,Setting
Cập nhật ngân sách xem phim thành 50k,Action,Setting
Cập nhật ngân sách xăng xe thành 500k,Action,Setting
Cập nhật ngân sách y tế thành 1 triệu,Action,Setting
Cập nhật ngân sách ăn uống thành 150k,Action,Setting
Cập nhật ngân sách đi chợ thành 150k,Action,Setting
Cập nhật ngân sách đi lại thành 180k,Action,Setting
Cập nhật ngân sách điện nước thành 300k,Action,Setting
Cập nhật ngân sách điện thoại thành 250k,Action,Setting
Cập nhật ngân sách đầu tư thành 2 triệu,Action,Setting
Cập nhật thu nhập tháng là 1 trieu,Action,SET_INCOME
Cập nhật thu nhập tháng là 1 triệu,Action,SET_INCOME
Cập nhật thu nhập tháng là 120k,Action,SET_INCOME
Cập nhật thu nhập tháng là 15k,Action,SET_INCOME
Cập nhật thu nhập tháng là 2 trieu,Action,SET_INCOME
Cập nhật thu nhập tháng là 2 triệu,Action,SET_INCOME
Cập nhật thu nhập tháng là 200k,Action,SET_INCOME
Cập nhật thu nhập tháng là 20k,Action,SET_INCOME
Cập nhật thu nhập tháng là 2tr400,Action,SET_INCOME
Cập nhật thu nhập tháng là 3 trieu,Action,SET_INCOME
Cập nhật thu nhập tháng là 3 triệu,Action,SET_INCOME
Cập nhật thu nhập tháng là 300k,Action,SET_INCOME
Cập nhật thu nhập tháng là 35k,Action,SET_INCOME
Cập nhật thu nhập tháng là 5 triệu,Action,SET_INCOME
Cập nhật thu nhập tháng là 500k,Action,SET_INCOME
Cập nhật thu nhập tháng là 50k,Action,SET_INCOME
Cập nhật thu nhập tháng là 750k,Action,SET_INCOME
Cập nhật thu nhập tháng là 80k,Action,SET_INCOME
Cộng 1 trieu vào mục tiêu mua điện thoại,Action,ADD_GOAL
Cộng 1 triệu vào mục tiêu mua điện thoại,Action,ADD_GOAL
Cộng 120k vào mục tiêu mua điện thoại,Action,ADD_GOAL
Cộng 15k vào mục tiêu mua điện thoại,Action,ADD_GOAL
Cộng 2 trieu vào mục tiêu mua điện thoại,Action,ADD_GOAL
Cộng 2 triệu vào mục tiêu mua điện thoại,Action,ADD_GOAL
Cộng 200k vào mục tiêu mua du lich,Action,ADD_GOAL
Cộng 200k vào mục tiêu mua điện thoại,Action,ADD_GOAL
Cộng 20k vào mục tiêu mua điện thoại,Action,ADD_GOAL
Cộng 2tr400 vào mục tiêu mua điện thoại,Action,ADD_GOAL
Cộng 3 trieu vào mục tiêu mua điện thoại,Action,ADD_GOAL
Cộng 3 triệu vào mục tiêu mua điện thoại,Action,ADD_GOAL
Cộng 300k vào mục tiêu mua điện thoại,Action,ADD_GOAL
Cộng 35k vào mục tiêu mua điện thoại,Action,ADD_GOAL
Cộng 5 trieu vào mục tiêu mua điện thoại,Action,ADD_GOAL
Cộng 5 triệu vào mục tiêu mua điện thoại,Action,ADD_GOAL
Cộng 500k vào mục tiêu mua điện thoại,Action,ADD_GOAL
Cộng 50k vào mục tiêu mua hoc online,Action,ADD_GOAL
Cộng 50k vào mục tiêu mua điện thoại,Action,ADD_GOAL
Cộng 750k vào mục tiêu mua điện thoại,Action,ADD_GOAL
Cộng 80k vào mục tiêu mua điện thoại,Action,ADD_GOAL
Giao dịch nãy không phải bao hiem mà là du lịch,Action,UPDATE_RECORD
Giao dịch nãy không phải bảo hiểm mà là gia đình,Action,UPDATE_RECORD
Giao dịch nãy không phải bảo hiểm mà là giải trí,Action,UPDATE_RECORD
Giao dịch nãy không phải bảo hiểm mà là mỹ phẩm,Action,UPDATE_RECORD
Giao dịch nãy không phải bảo hiểm mà là sửa xe,Action,UPDATE_RECORD
Giao dịch nãy không phải bảo hiểm mà là ăn uống,Action,UPDATE_RECORD
Giao dịch nãy không phải cat toc mà là y tế,Action,UPDATE_RECORD
Giao dịch nãy không phải cà phê mà là bảo hiểm,Action,UPDATE_RECORD
Giao dịch nãy không phải cà phê mà là hội họp,Action,UPDATE_RECORD
Giao dịch nãy không phải cà phê mà là quà tặng,Action,UPDATE_RECORD
Giao dịch nãy không phải cắt tóc mà là cà phê,Action,UPDATE_RECORD
Giao dịch nãy không phải cắt tóc mà là hội họp,Action,UPDATE_RECORD
Giao dịch nãy không phải cắt tóc mà là linh tinh,Action,UPDATE_RECORD
Giao dịch nãy không phải cắt tóc mà là thú cưng,Action,UPDATE_RECORD
Giao dịch nãy không phải dau tu mà là thú cưng,Action,UPDATE_RECORD
Giao dịch nãy không phải dau tu mà là điện nước,Action,UPDATE_RECORD
Giao dịch nãy không phải di cho mà là mỹ phẩm,Action,UPDATE_RECORD
Giao dịch nãy không phải di cho mà là y tế,Action,UPDATE_RECORD
Giao dịch nãy không phải di lai mà là gia đình,Action,UPDATE_RECORD
Giao dịch nãy không phải dien thoai mà là thuê nhà,Action,UPDATE_RECORD
Giao dịch nãy không phải du lich mà là cắt tóc,Action,UPDATE_RECORD
Giao dịch nãy không phải du lich mà là nội thất,Action,UPDATE_RECORD
Giao dịch nãy không phải du lịch mà là cà phê,Action,UPDATE_RECORD
Giao dịch nãy không phải du lịch mà là cắt tóc,Action,UPDATE_RECORD
Giao dịch nãy không phải du lịch mà là linh tinh,Action,UPDATE_RECORD
Giao dịch nãy không phải du lịch mà là mua sắm,Action,UPDATE_RECORD
Giao dịch nãy không phải du lịch mà là thú cưng,Action,UPDATE_RECORD
Giao dịch nãy không phải du lịch mà là điện thoại,Action,UPDATE_RECORD
Giao dịch nãy không phải gia dinh mà là du lịch,Action,UPDATE_RECORD
Giao dịch nãy không phải gia đình mà là cắt tóc,Action,UPDATE_RECORD
Giao dịch nãy không phải gia đình mà là giải trí,Action,UPDATE_RECORD
Giao dịch nãy không phải gia đình mà là internet,Action,UPDATE_RECORD
Giao dịch nãy không phải gia đình mà là mua sắm,Action,UPDATE_RECORD
Giao dịch nãy không phải gia đình mà là mỹ phẩm,Action,UPDATE_RECORD
Giao dịch nãy không phải gia đình mà là sách vở,Action,UPDATE_RECORD
Giao dịch nãy không phải gia đình mà là sửa xe,Action,UPDATE_RECORD
Giao dịch nãy không phải gia đình mà là ăn uống,Action,UPDATE_RECORD
Giao dịch nãy không phải giải trí mà là cà phê,Action,UPDATE_RECORD
Giao dịch nãy không phải giải trí mà là gia đình,Action,UPDATE_RECORD
Giao dịch nãy không phải giải trí mà là học online,Action,UPDATE_RECORD
Giao dịch nãy không phải giải trí mà là học phí,Action,UPDATE_RECORD
Giao dịch nãy không phải giải trí mà là internet,Action,UPDATE_RECORD
Giao dịch nãy không phải giải trí mà là nội thất,Action,UPDATE_RECORD
Giao dịch nãy không phải giải trí mà là xăng xe,Action,UPDATE_RECORD
Giao dịch nãy không phải giải trí mà là y tế,Action,UPDATE_RECORD
Giao dịch nãy không phải giải trí mà là đi chợ,Action,UPDATE_RECORD
Giao dịch nãy không phải hoc phi mà là quà tặng,Action,UPDATE_RECORD
Giao dịch nãy không phải học online mà là cà phê,Action,UPDATE_RECORD
Giao dịch nãy không phải học online mà là đi chợ,Action,UPDATE_RECORD
Giao dịch nãy không phải học phí mà là du lịch,Action,UPDATE_RECORD
Giao dịch nãy không phải học phí mà là y tế,Action,UPDATE_RECORD
Giao dịch nãy không phải hội họp mà là du lịch,Action,UPDATE_RECORD
Giao dịch nãy không phải hội họp mà là gia đình,Action,UPDATE_RECORD
Giao dịch nãy không phải hội họp mà là mua sắm,Action,UPDATE_RECORD
Giao dịch nãy không phải hội họp mà là y tế,Action,UPDATE_RECORD
Giao dịch nãy không phải internet mà là cà phê,Action,UPDATE_RECORD
Giao dịch nãy không phải internet mà là mua sắm,Action,UPDATE_RECORD
Giao dịch nãy không phải internet mà là mỹ phẩm,Action,UPDATE_RECORD
Giao dịch nãy không phải internet mà là đi chợ,Action,UPDATE_RECORD
Giao dịch nãy không phải internet mà là đầu tư,Action,UPDATE_RECORD
Giao dịch nãy không phải linh tinh mà là du lịch,Action,UPDATE_RECORD
Giao dịch nãy không phải linh tinh mà là gia đình,Action,UPDATE_RECORD
Giao dịch nãy không phải linh tinh mà là quà tặng,Action,UPDATE_RECORD
Giao dịch nãy không phải linh tinh mà là ăn uống,Action,UPDATE_RECORD
Giao dịch nãy không phải linh tinh mà là đi lại,Action,UPDATE_RECORD
Giao dịch nãy không phải linh tinh mà là điện nước,Action,UPDATE_RECORD
Giao dịch nãy không phải linh tinh mà là điện thoại,Action,UPDATE_RECORD
Giao dịch nãy không phải mua sam mà là thuê nhà,Action,UPDATE_RECORD
Giao dịch nãy không phải mua sắm mà là bảo hiểm,Action,UPDATE_RECORD
Giao dịch nãy không phải mua sắm mà là quà tặng,Action,UPDATE_RECORD
Giao dịch nãy không phải mua sắm mà là thuê nhà,Action,UPDATE_RECORD
Giao dịch nãy không phải mua sắm mà là xăng xe,Action,UPDATE_RECORD
Giao dịch nãy không phải mua sắm mà là y tế,Action,UPDATE_RECORD
Giao dịch nãy không phải mua sắm mà là điện nước,Action,UPDATE_RECORD
Giao dịch nãy không phải my pham mà là giải trí,Action,UPDATE_RECORD
Giao dịch nãy không phải mỹ phẩm mà là bảo hiểm,Action,UPDATE_RECORD
Giao dịch nãy không phải mỹ phẩm mà là hội họp,Action,UPDATE_RECORD
Giao dịch nãy không phải mỹ phẩm mà là internet,Action,UPDATE_RECORD
Giao dịch nãy không phải mỹ phẩm mà là mua sắm,Action,UPDATE_RECORD
Giao dịch nãy không phải mỹ phẩm mà là quà tặng,Action,UPDATE_RECORD
Giao dịch nãy không phải qua tang mà là sửa xe,Action,UPDATE_RECORD
Giao dịch nãy không phải quà tặng mà là học phí,Action,UPDATE_RECORD
Giao dịch nãy không phải quà tặng mà là hội họp,Action,UPDATE_RECORD
Giao dịch nãy không phải quà tặng mà là linh tinh,Action,UPDATE_RECORD
Giao dịch nãy không phải quà tặng mà là nội thất,Action,UPDATE_RECORD
Giao dịch nãy không phải quà tặng mà là thuê nhà,Action,UPDATE_RECORD
Giao dịch nãy không phải quà tặng mà là điện nước,Action,UPDATE_RECORD
Giao dịch nãy không phải quà tặng mà là điện thoại,Action,UPDATE_RECORD
Giao dịch nãy không phải quà tặng mà là đầu tư,Action,UPDATE_RECORD
Giao dịch nãy không phải sach vo mà là thuê nhà,Action,UPDATE_RECORD
Giao dịch nãy không phải sách vở mà là mỹ phẩm,Action,UPDATE_RECORD
Giao dịch nãy không phải sửa xe mà là bảo hiểm,Action,UPDATE_RECORD
Giao dịch nãy không phải sửa xe mà là học phí,Action,UPDATE_RECORD
Giao dịch nãy không phải sửa xe mà là internet,Action,UPDATE_RECORD
Giao dịch nãy không phải sửa xe mà là mỹ phẩm,Action,UPDATE_RECORD
Giao dịch nãy không phải sửa xe mà là điện nước,Action,UPDATE_RECORD
Giao dịch nãy không phải thuê nhà mà là hội họp,Action,UPDATE_RECORD
Giao dịch nãy không phải thuê nhà mà là internet,Action,UPDATE_RECORD
Giao dịch nãy không phải thuê nhà mà là mỹ phẩm,Action,UPDATE_RECORD
Giao dịch nãy không phải thuê nhà mà là xăng xe,Action,UPDATE_RECORD
Giao dịch nãy không phải thuê nhà mà là điện nước,Action,UPDATE_RECORD
Giao dịch nãy không phải thú cưng mà là giải trí,Action,UPDATE_RECORD
Giao dịch nãy không phải thể thao mà là linh tinh,Action,UPDATE_RECORD
Giao dịch nãy không phải xang xe mà là cắt tóc,Action,UPDATE_RECORD
Giao dịch nãy không phải xang xe mà là giải trí,Action,UPDATE_RECORD
Giao dịch nãy không phải xăng xe mà là cắt tóc,Action,UPDATE_RECORD
Giao dịch nãy không phải xăng xe mà là linh tinh,Action,UPDATE_RECORD
Giao dịch nãy không phải xăng xe mà là nội thất,Action,UPDATE_RECORD
Giao dịch nãy không phải xăng xe mà là đi lại,Action,UPDATE_RECORD
Giao dịch nãy không phải xăng xe mà là điện thoại,Action,UPDATE_RECORD
Giao dịch nãy không phải xăng xe mà là đầu tư,Action,UPDATE_RECORD
Giao dịch nãy không phải y tế mà là cà phê,Action,UPDATE_RECORD
Giao dịch nãy không phải y tế mà là du lịch,Action,UPDATE_RECORD
Giao dịch nãy không phải y tế mà là giải trí,Action,UPDATE_RECORD
Giao dịch nãy không phải y tế mà là mỹ phẩm,Action,UPDATE_RECORD
Giao dịch nãy không phải y tế mà là quà tặng,Action,UPDATE_RECORD
Giao dịch nãy không phải y tế mà là đi lại,Action,UPDATE_RECORD
Giao dịch nãy không phải y tế mà là đồ gia dụng,Action,UPDATE_RECORD
Giao dịch nãy không phải ăn uống mà là cắt tóc,Action,UPDATE_RECORD
Giao dịch nãy không phải ăn uống mà là linh tinh,Action,UPDATE_RECORD
Giao dịch nãy không phải ăn uống mà là sửa xe,Action,UPDATE_RECORD
Giao dịch nãy không phải ăn uống mà là xăng xe,Action,UPDATE_RECORD
Giao dịch nãy không phải ăn uống mà là điện thoại,Action,UPDATE_RECORD
Giao dịch nãy không phải đi chợ mà là gia đình,Action,UPDATE_RECORD
Giao dịch nãy không phải đi chợ mà là linh tinh,Action,UPDATE_RECORD
Giao dịch nãy không phải đi chợ mà là mua sắm,Action,UPDATE_RECORD
Giao dịch nãy không phải đi chợ mà là đầu tư,Action,UPDATE_RECORD
Giao dịch nãy không phải đi lại mà là bảo hiểm,Action,UPDATE_RECORD
Giao dịch nãy không phải đi lại mà là y tế,Action,UPDATE_RECORD
Giao dịch nãy không phải đi lại mà là đi chợ,Action,UPDATE_RECORD
Giao dịch nãy không phải đi lại mà là điện nước,Action,UPDATE_RECORD
Giao dịch nãy không phải điện nước mà là gia đình,Action,UPDATE_RECORD
Giao dịch nãy không phải điện nước mà là mỹ phẩm,Action,UPDATE_RECORD
Giao dịch nãy không phải điện nước mà là thuê nhà,Action,UPDATE_RECORD
Giao dịch nãy không phải điện nước mà là thể thao,Action,UPDATE_RECORD
Giao dịch nãy không phải điện nước mà là đi chợ,Action,UPDATE_RECORD
Giao dịch nãy không phải điện thoại mà là du lịch,Action,UPDATE_RECORD
Giao dịch nãy không phải điện thoại mà là giải trí,Action,UPDATE_RECORD
Giao dịch nãy không phải điện thoại mà là mua sắm,Action,UPDATE_RECORD
Giao dịch nãy không phải điện thoại mà là sửa xe,Action,UPDATE_RECORD
Giao dịch nãy không phải điện thoại mà là thuê nhà,Action,UPDATE_RECORD
Giao dịch nãy không phải điện thoại mà là ăn uống,Action,UPDATE_RECORD
Giao dịch nãy không phải điện thoại mà là điện nước,Action,UPDATE_RECORD
Giao dịch nãy không phải đầu tư mà là cà phê,Action,UPDATE_RECORD
Giao dịch nãy không phải đầu tư mà là giải trí,Action,UPDATE_RECORD
Giao dịch nãy không phải đầu tư mà là linh tinh,Action,UPDATE_RECORD
Giao dịch nãy không phải đầu tư mà là đi chợ,Action,UPDATE_RECORD
Giảm hạn mức an uong 50k,Action,SET_LIMIT
Giảm hạn mức bao hiem 200k,Action,SET_LIMIT
Giảm hạn mức bảo hiểm 2tr400,Action,SET_LIMIT
Giảm hạn mức bảo hiểm xuống 450k,Action,Setting
Giảm hạn mức cat toc 1 trieu,Action,SET_LIMIT
Giảm hạn mức cà phê 20k,Action,SET_LIMIT
Giảm hạn mức cà phê 300k,Action,SET_LIMIT
Giảm hạn mức cà phê xuống 450k,Action,Setting
Giảm hạn mức cắt tóc 1 triệu,Action,SET_LIMIT
Giảm hạn mức cắt tóc 200k,Action,SET_LIMIT
Giảm hạn mức cắt tóc 2tr400,Action,SET_LIMIT
Giảm hạn mức cắt tóc 35k,Action,SET_LIMIT
Giảm hạn mức cắt tóc 500k,Action,SET_LIMIT
Giảm hạn mức cắt tóc 80k,Action,SET_LIMIT
Giảm hạn mức cắt tóc xuống 200k,Action,Setting
Giảm hạn mức dau tu 120k,Action,SET_LIMIT
Giảm hạn mức di cho 300k,Action,SET_LIMIT
Giảm hạn mức di lai 500k,Action,SET_LIMIT
Giảm hạn mức du lich 200k,Action,SET_LIMIT
Giảm hạn mức du lich 35k,Action,SET_LIMIT
Giảm hạn mức du lich 80k,Action,SET_LIMIT
Giảm hạn mức du lịch xuống 180k,Action,Setting
Giảm hạn mức gia đình 120k,Action,SET_LIMIT
Giảm hạn mức gia đình 2 triệu,Action,SET_LIMIT
Giảm hạn mức gia đình 20k,Action,SET_LIMIT
Giảm hạn mức gia đình 3 triệu,Action,SET_LIMIT
Giảm hạn mức gia đình 50k,Action,SET_LIMIT
Giảm hạn mức gia đình xuống 1.5 triệu,Action,Setting
Giảm hạn mức giải trí 1 triệu,Action,SET_LIMIT
Giảm hạn mức giải trí 200k,Action,SET_LIMIT
Giảm hạn mức giải trí 3 triệu,Action,SET_LIMIT
Giảm hạn mức giải trí 300k,Action,SET_LIMIT
Giảm hạn mức giải trí 500k,Action,SET_LIMIT
Giảm hạn mức giải trí xuống 1.5tr,Action,SET_LIMIT
Giảm hạn mức giải trí xuống 100k,Action,SET_LIMIT
Giảm hạn mức giải trí xuống 1tr,Action,SET_LIMIT
Giảm hạn mức giải trí xuống 200k,Action,SET_LIMIT
Giảm hạn mức giải trí xuống 250k,Action,Setting
Giảm hạn mức giải trí xuống 2tr,Action,SET_LIMIT
Giảm hạn mức giải trí xuống 300k,Action,SET_LIMIT
Giảm hạn mức giải trí xuống 500k,Action,SET_LIMIT
Giảm hạn mức giải trí xuống 50k,Action,SET_LIMIT
Giảm hạn mức hoi hop 500k,Action,SET_LIMIT
Giảm hạn mức học online 15k,Action,SET_LIMIT
Giảm hạn mức học online 5 triệu,Action,SET_LIMIT
Giảm hạn mức học phí 120k,Action,SET_LIMIT
Giảm hạn mức học phí 200k,Action,SET_LIMIT
Giảm hạn mức học phí 2tr400,Action,SET_LIMIT
Giảm hạn mức học phí 3 triệu,Action,SET_LIMIT
Giảm hạn mức học phí 50k,Action,SET_LIMIT
Giảm hạn mức học phí xuống 1.5tr,Action,SET_LIMIT
Giảm hạn mức học phí xuống 100k,Action,SET_LIMIT
Giảm hạn mức học phí xuống 1tr,Action,SET_LIMIT
Giảm hạn mức học phí xuống 200k,Action,SET_LIMIT
Giảm hạn mức học phí xuống 2tr,Action,SET_LIMIT
Giảm hạn mức học phí xuống 300k,Action,SET_LIMIT
Giảm hạn mức học phí xuống 500k,Action,SET_LIMIT
Giảm hạn mức học phí xuống 50k,Action,SET_LIMIT
Giảm hạn mức học phí xuống 700k,Action,Setting
Giảm hạn mức hội họp 2 triệu,Action,SET_LIMIT
Giảm hạn mức hội họp 300k,Action,SET_LIMIT
Giảm hạn mức hội họp 50k,Action,SET_LIMIT
Giảm hạn mức hội họp 80k,Action,SET_LIMIT
Giảm hạn mức hội họp xuống 700k,Action,Setting
Giảm hạn mức internet 2 triệu,Action,SET_LIMIT
Giảm hạn mức internet 200k,Action,SET_LIMIT
Giảm hạn mức internet 2tr400,Action,SET_LIMIT
Giảm hạn mức internet 80k,Action,SET_LIMIT
Giảm hạn mức internet xuống 300k,Action,Setting
Giảm hạn mức linh tinh 20k,Action,SET_LIMIT
Giảm hạn mức linh tinh 80k,Action,SET_LIMIT
Giảm hạn mức linh tinh xuống 35k,Action,Setting
Giảm hạn mức mua sắm 2 triệu,Action,SET_LIMIT
Giảm hạn mức mua sắm 200k,Action,SET_LIMIT
Giảm hạn mức mua sắm 300k,Action,SET_LIMIT
Giảm hạn mức mua sắm 35k,Action,SET_LIMIT
Giảm hạn mức mua sắm xuống 1.5tr,Action,SET_LIMIT
Giảm hạn mức mua sắm xuống 100k,Action,SET_LIMIT
Giảm hạn mức mua sắm xuống 1tr,Action,SET_LIMIT
Giảm hạn mức mua sắm xuống 200k,Action,Setting
Giảm hạn mức mua sắm xuống 2tr,Action,SET_LIMIT
Giảm hạn mức mua sắm xuống 300k,Action,SET_LIMIT
Giảm hạn mức mua sắm xuống 500k,Action,SET_LIMIT
Giảm hạn mức mua sắm xuống 50k,Action,SET_LIMIT
Giảm hạn mức mỹ phẩm 200k,Action,SET_LIMIT
Giảm hạn mức mỹ phẩm 20k,Action,SET_LIMIT
Giảm hạn mức mỹ phẩm 3 triệu,Action,SET_LIMIT
Giảm hạn mức mỹ phẩm 300k,Action,SET_LIMIT
Giảm hạn mức mỹ phẩm 35k,Action,SET_LIMIT
Giảm hạn mức mỹ phẩm 50k,Action,SET_LIMIT
Giảm hạn mức mỹ phẩm 80k,Action,SET_LIMIT
Giảm hạn mức mỹ phẩm xuống 75k,Action,Setting
Giảm hạn mức nhà cửa xuống 1.5tr,Action,SET_LIMIT
Giảm hạn mức nhà cửa xuống 100k,Action,SET_LIMIT
Giảm hạn mức nhà cửa xuống 1tr,Action,SET_LIMIT
Giảm hạn mức nhà cửa xuống 200k,Action,SET_LIMIT
Giảm hạn mức nhà cửa xuống 2tr,Action,SET_LIMIT
Giảm hạn mức nhà cửa xuống 300k,Action,SET_LIMIT
Giảm hạn mức nhà cửa xuống 500k,Action,SET_LIMIT
Giảm hạn mức nhà cửa xuống 50k,Action,SET_LIMIT
Giảm hạn mức noi that 2 trieu,Action,SET_LIMIT
Giảm hạn mức noi that 80k,Action,SET_LIMIT
Giảm hạn mức nội thất 2 triệu,Action,SET_LIMIT
Giảm hạn mức nội thất 200k,Action,SET_LIMIT
Giảm hạn mức nội thất 20k,Action,SET_LIMIT
Giảm hạn mức nội thất 50k,Action,SET_LIMIT
Giảm hạn mức nội thất xuống 500k,Action,Setting
Giảm hạn mức quà tặng 2tr400,Action,SET_LIMIT
Giảm hạn mức quà tặng 35k,Action,SET_LIMIT
Giảm hạn mức quà tặng xuống 90k,Action,Setting
Giảm hạn mức sua xe 750k,Action,SET_LIMIT
Giảm hạn mức sửa xe 1 triệu,Action,SET_LIMIT
Giảm hạn mức sửa xe 3 triệu,Action,SET_LIMIT
Giảm hạn mức sửa xe 500k,Action,SET_LIMIT
Giảm hạn mức sửa xe 80k,Action,SET_LIMIT
Giảm hạn mức sửa xe xuống 120k,Action,Setting
Giảm hạn mức thue nha 20k,Action,SET_LIMIT
Giảm hạn mức thue nha 35k,Action,SET_LIMIT
Giảm hạn mức thuê nhà 20k,Action,SET_LIMIT
Giảm hạn mức thuê nhà 3 triệu,Action,SET_LIMIT
Giảm hạn mức thuê nhà 300k,Action,SET_LIMIT
Giảm hạn mức thuê nhà 5 triệu,Action,SET_LIMIT
Giảm hạn mức thuê nhà 500k,Action,SET_LIMIT
Giảm hạn mức thuê nhà 50k,Action,SET_LIMIT
Giảm hạn mức thuê nhà 750k,Action,SET_LIMIT
Giảm hạn mức thuê nhà xuống 900k,Action,Setting
Giảm hạn mức thể thao 2 triệu,Action,SET_LIMIT
Giảm hạn mức xang xe 300k,Action,SET_LIMIT
Giảm hạn mức xem phim xuống 50k,Action,Setting
Giảm hạn mức xăng xe 120k,Action,SET_LIMIT
Giảm hạn mức xăng xe 2 triệu,Action,SET_LIMIT
Giảm hạn mức xăng xe 3 triệu,Action,SET_LIMIT
Giảm hạn mức xăng xe 80k,Action,SET_LIMIT
Giảm hạn mức xăng xe xuống 500k,Action,Setting
Giảm hạn mức y tế 120k,Action,SET_LIMIT
Giảm hạn mức y tế 2 triệu,Action,SET_LIMIT
Giảm hạn mức y tế 35k,Action,SET_LIMIT
Giảm hạn mức y tế 50k,Action,SET_LIMIT
Giảm hạn mức y tế xuống 1 triệu,Action,Setting
Giảm hạn mức y tế xuống 1.5tr,Action,SET_LIMIT
Giảm hạn mức y tế xuống 100k,Action,SET_LIMIT
Giảm hạn mức y tế xuống 1tr,Action,SET_LIMIT
Giảm hạn mức y tế xuống 200k,Action,SET_LIMIT
Giảm hạn mức y tế xuống 2tr,Action,SET_LIMIT
Giảm hạn mức y tế xuống 300k,Action,SET_LIMIT
Giảm hạn mức y tế xuống 500k,Action,SET_LIMIT
Giảm hạn mức y tế xuống 50k,Action,SET_LIMIT
Giảm hạn mức ăn uống 120k,Action,SET_LIMIT
Giảm hạn mức ăn uống 200k,Action,SET_LIMIT
Giảm hạn mức ăn uống 20k,Action,SET_LIMIT
Giảm hạn mức ăn uống 3 triệu,Action,SET_LIMIT
Giảm hạn mức ăn uống 35k,Action,SET_LIMIT
Giảm hạn mức ăn uống xuống 1.5tr,Action,SET_LIMIT
Giảm hạn mức ăn uống xuống 100k,Action,SET_LIMIT
Giảm hạn mức ăn uống xuống 150k,Action,Setting
Giảm hạn mức ăn uống xuống 1tr,Action,SET_LIMIT
Giảm hạn mức ăn uống xuống 200k,Action,SET_LIMIT
Giảm hạn mức ăn uống xuống 2tr,Action,SET_LIMIT
Giảm hạn mức ăn uống xuống 300k,Action,SET_LIMIT
Giảm hạn mức ăn uống xuống 500k,Action,SET_LIMIT
Giảm hạn mức ăn uống xuống 50k,Action,SET_LIMIT
Giảm hạn mức đi chợ 2 triệu,Action,SET_LIMIT
Giảm hạn mức đi chợ 20k,Action,SET_LIMIT
Giảm hạn mức đi chợ 50k,Action,SET_LIMIT
Giảm hạn mức đi chợ xuống 150k,Action,Setting
Giảm hạn mức đi lại 300k,Action,SET_LIMIT
Giảm hạn mức đi lại 50k,Action,SET_LIMIT
Giảm hạn mức đi lại xuống 1.5tr,Action,SET_LIMIT
Giảm hạn mức đi lại xuống 100k,Action,SET_LIMIT
Giảm hạn mức đi lại xuống 180k,Action,Setting
Giảm hạn mức đi lại xuống 1tr,Action,SET_LIMIT
Giảm hạn mức đi lại xuống 200k,Action,SET_LIMIT
Giảm hạn mức đi lại xuống 2tr,Action,SET_LIMIT
Giảm hạn mức đi lại xuống 300k,Action,SET_LIMIT
Giảm hạn mức đi lại xuống 500k,Action,SET_LIMIT
Giảm hạn mức đi lại xuống 50k,Action,SET_LIMIT
Giảm hạn mức điện nước 200k,Action,SET_LIMIT
Giảm hạn mức điện nước 20k,Action,SET_LIMIT
Giảm hạn mức điện nước xuống 1.5tr,Action,SET_LIMIT
Giảm hạn mức điện nước xuống 100k,Action,SET_LIMIT
Giảm hạn mức điện nước xuống 1tr,Action,SET_LIMIT
Giảm hạn mức điện nước xuống 200k,Action,SET_LIMIT
Giảm hạn mức điện nước xuống 2tr,Action,SET_LIMIT
Giảm hạn mức điện nước xuống 300k,Action,Setting
Giảm hạn mức điện nước xuống 500k,Action,SET_LIMIT
Giảm hạn mức điện nước xuống 50k,Action,SET_LIMIT
Giảm hạn mức điện thoại 120k,Action,SET_LIMIT
Giảm hạn mức điện thoại 2 triệu,Action,SET_LIMIT
Giảm hạn mức điện thoại 2tr400,Action,SET_LIMIT
Giảm hạn mức điện thoại 300k,Action,SET_LIMIT
Giảm hạn mức điện thoại 35k,Action,SET_LIMIT
Giảm hạn mức điện thoại xuống 250k,Action,Setting
Giảm hạn mức đầu tư 200k,Action,SET_LIMIT
Giảm hạn mức đầu tư 20k,Action,SET_LIMIT
Giảm hạn mức đầu tư 3 triệu,Action,SET_LIMIT
Giảm hạn mức đầu tư 300k,Action,SET_LIMIT
Giảm hạn mức đầu tư 750k,Action,SET_LIMIT
Giảm hạn mức đầu tư xuống 2 triệu,Action,Setting
Gọi mình là An,Action,SET_USERNAME
Gọi mình là Huy,Action,SET_USERNAME
Gọi mình là Khanh,Action,SET_USERNAME
Gọi mình là Lan,Action,SET_USERNAME
Gọi mình là Linh,Action,SET_USERNAME
Gọi mình là Mai,Action,SET_USERNAME
Gọi mình là Minh,Action,SET_USERNAME
Gọi mình là Phuc,Action,SET_USERNAME
Gọi mình là Thanh,Action,SET_USERNAME
Gọi mình là Trinh,Action,SET_USERNAME
Gọi mình là Vy,Action,SET_USERNAME
Gỡ khoản bảo hiểm vừa thêm,Action,Edit
Gỡ khoản cà phê vừa thêm,Action,Edit
Gỡ khoản cắt tóc vừa thêm,Action,Edit
Gỡ khoản du lịch vừa thêm,Action,Edit
Gỡ khoản gia đình vừa thêm,Action,Edit
Gỡ khoản giải trí vừa thêm,Action,Edit
Gỡ khoản học phí vừa thêm,Action,Edit
Gỡ khoản hội họp vừa thêm,Action,Edit
Gỡ khoản internet vừa thêm,Action,Edit
Gỡ khoản linh tinh vừa thêm,Action,Edit
Gỡ khoản mua sắm vừa thêm,Action,Edit
Gỡ khoản mỹ phẩm vừa thêm,Action,Edit
Gỡ khoản nội thất vừa thêm,Action,Edit
Gỡ khoản quà tặng vừa thêm,Action,Edit
Gỡ khoản sửa xe vừa thêm,Action,Edit
Gỡ khoản thuê nhà vừa thêm,Action,Edit
Gỡ khoản xem phim vừa thêm,Action,Edit
Gỡ khoản xăng xe vừa thêm,Action,Edit
Gỡ khoản y tế vừa thêm,Action,Edit
Gỡ khoản ăn uống vừa thêm,Action,Edit
Gỡ khoản đi chợ vừa thêm,Action,Edit
Gỡ khoản đi lại vừa thêm,Action,Edit
Gỡ khoản điện nước vừa thêm,Action,Edit
Gỡ khoản điện thoại vừa thêm,Action,Edit
Gỡ khoản đầu tư vừa thêm,Action,Edit
Gửi báo cáo mấy hôm nay qua email,Action,EXPORT_DATA
Gửi báo cáo quý này qua email,Action,EXPORT_DATA
Gửi báo cáo tháng trước qua email,Action,EXPORT_DATA
Gửi báo cáo tuần trước qua email,Action,EXPORT_DATA
Hãy trả lời dận dữ giúp mình,Action,SET_TONE
Hãy trả lời dễ thương giúp mình,Action,SET_TONE
Hãy trả lời nghiêm túc giúp mình,Action,SET_TONE
Hãy trả lời vui vẻ giúp mình,Action,SET_TONE
Hôm qua mình mua gì cho bảo hiểm,Action,Search
Hôm qua mình mua gì cho cà phê,Action,Search
Hôm qua mình mua gì cho cắt tóc,Action,Search
Hôm qua mình mua gì cho du lịch,Action,Search
Hôm qua mình mua gì cho gia đình,Action,Search
Hôm qua mình mua gì cho giải trí,Action,Search
Hôm qua mình mua gì cho học phí,Action,Search
Hôm qua mình mua gì cho hội họp,Action,Search
Hôm qua mình mua gì cho internet,Action,Search
Hôm qua mình mua gì cho linh tinh,Action,Search
Hôm qua mình mua gì cho mua sắm,Action,Search
Hôm qua mình mua gì cho mỹ phẩm,Action,Search
Hôm qua mình mua gì cho nội thất,Action,Search
Hôm qua mình mua gì cho quà tặng,Action,Search
Hôm qua mình mua gì cho sửa xe,Action,Search
Hôm qua mình mua gì cho thuê nhà,Action,Search
Hôm qua mình mua gì cho xem phim,Action,Search
Hôm qua mình mua gì cho xăng xe,Action,Search
Hôm qua mình mua gì cho y tế,Action,Search
Hôm qua mình mua gì cho ăn uống,Action,Search
Hôm qua mình mua gì cho đi chợ,Action,Search
Hôm qua mình mua gì cho đi lại,Action,Search
Hôm qua mình mua gì cho điện nước,Action,Search
Hôm qua mình mua gì cho điện thoại,Action,Search
Hôm qua mình mua gì cho đầu tư,Action,Search
Hôm qua mình đã mua gì,Action,SEARCH_RECORD
Hạng mục nào tiêu nhiều nhất gần đây,Action,REPORT_COMPARE
Hạng mục nào tiêu nhiều nhất hôm nay,Action,REPORT_COMPARE
Hạng mục nào tiêu nhiều nhất hôm qua,Action,REPORT_COMPARE
Hạng mục nào tiêu nhiều nhất mấy hôm nay,Action,REPORT_COMPARE
Hạng mục nào tiêu nhiều nhất quý này,Action,REPORT_COMPARE
Hạng mục nào tiêu nhiều nhất tháng này,Action,REPORT_COMPARE
Hạng mục nào tiêu nhiều nhất tháng trước,Action,REPORT_COMPARE
Hạng mục nào tiêu nhiều nhất tuần này,Action,REPORT_COMPARE
Hạng mục nào tiêu nhiều nhất tuần trước,Action,REPORT_COMPARE
Hạng mục nào tiêu nhiều nhất đợt vừa rồi,Action,REPORT_COMPARE
Hủy cái 1 trieu nãy đi,Action,DELETE_RECORD
Hủy cái 1 triệu nãy đi,Action,DELETE_RECORD
Hủy cái 120k nãy đi,Action,DELETE_RECORD
Hủy cái 15k nãy đi,Action,DELETE_RECORD
Hủy cái 2 trieu nãy đi,Action,DELETE_RECORD
Hủy cái 2 triệu nãy đi,Action,DELETE_RECORD
Hủy cái 200k nãy đi,Action,DELETE_RECORD
Hủy cái 20k nãy đi,Action,DELETE_RECORD
Hủy cái 2tr400 nãy đi,Action,DELETE_RECORD
Hủy cái 3 trieu nãy đi,Action,DELETE_RECORD
Hủy cái 3 triệu nãy đi,Action,DELETE_RECORD
Hủy cái 300k nãy đi,Action,DELETE_RECORD
Hủy cái 35k nãy đi,Action,DELETE_RECORD
Hủy cái 5 trieu nãy đi,Action,DELETE_RECORD
Hủy cái 500k nãy đi,Action,DELETE_RECORD
Hủy cái 50k nãy đi,Action,DELETE_RECORD
Hủy cái 750k nãy đi,Action,DELETE_RECORD
Hủy cái 80k nãy đi,Action,DELETE_RECORD
Không cho phép bảo mật,Action,Setting
Không cho phép mã PIN,Action,Setting
Không cho phép ngôn ngữ,Action,Setting
Không cho phép nhắc nhở,Action,Setting
Không cho phép quyền riêng tư,Action,Setting
Không cho phép sao lưu,Action,Setting
Không cho phép thông báo,Action,Setting
Không cho phép tự động đồng bộ,Action,Setting
Không cho phép âm thanh,Action,Setting
Kích hoạt bảo mật,Action,Setting
Kích hoạt chế độ tiết kiệm pin,Action,Setting
Kích hoạt dark mode,Action,Setting
Kích hoạt hiển thị số dư,Action,Setting
Kích hoạt mã PIN,Action,Setting
Kích hoạt ngôn ngữ,Action,Setting
Kích hoạt nhắc nhở,Action,Setting
Kích hoạt quyền riêng tư,Action,Setting
Kích hoạt rung,Action,Setting
Kích hoạt sao lưu,Action,Setting
Kích hoạt thông báo,Action,Setting
Kích hoạt tự động đăng nhập,Action,Setting
Kích hoạt tự động đồng bộ,Action,Setting
Kích hoạt âm thanh,Action,Setting
Liệt kê các khoản chi trên 1 triệu,Action,SEARCH_RECORD
Liệt kê các khoản chi trên 120k,Action,SEARCH_RECORD
Liệt kê các khoản chi trên 15k,Action,SEARCH_RECORD
Liệt kê các khoản chi trên 2 trieu,Action,SEARCH_RECORD
Liệt kê các khoản chi trên 2 triệu,Action,SEARCH_RECORD
Liệt kê các khoản chi trên 200k,Action,SEARCH_RECORD
Liệt kê các khoản chi trên 20k,Action,SEARCH_RECORD
Liệt kê các khoản chi trên 2tr400,Action,SEARCH_RECORD
Liệt kê các khoản chi trên 3 trieu,Action,SEARCH_RECORD
Liệt kê các khoản chi trên 3 triệu,Action,SEARCH_RECORD
Liệt kê các khoản chi trên 300k,Action,SEARCH_RECORD
Liệt kê các khoản chi trên 35k,Action,SEARCH_RECORD
Liệt kê các khoản chi trên 5 triệu,Action,SEARCH_RECORD
Liệt kê các khoản chi trên 500k,Action,SEARCH_RECORD
Liệt kê các khoản chi trên 50k,Action,SEARCH_RECORD
Liệt kê các khoản chi trên 750k,Action,SEARCH_RECORD
Liệt kê các khoản chi trên 80k,Action,SEARCH_RECORD
Lọc các khoản cat toc dưới 2 trieu,Action,SEARCH_RECORD
Lọc các khoản di lai dưới 1 trieu,Action,SEARCH_RECORD
Lọc các khoản dien thoai dưới 5 trieu,Action,SEARCH_RECORD
Lọc các khoản du lich dưới 120k,Action,SEARCH_RECORD
Lọc các khoản du lịch dưới 500k,Action,SEARCH_RECORD
Lọc các khoản du lịch dưới 750k,Action,SEARCH_RECORD
Lọc các khoản gia dinh dưới 200k,Action,SEARCH_RECORD
Lọc các khoản gia đình dưới 15k,Action,SEARCH_RECORD
Lọc các khoản gia đình dưới 500k,Action,SEARCH_RECORD
Lọc các khoản giải trí dưới 1 triệu,Action,SEARCH_RECORD
Lọc các khoản giải trí dưới 500k,Action,SEARCH_RECORD
Lọc các khoản giải trí dưới 80k,Action,SEARCH_RECORD
Lọc các khoản học online dưới 2tr400,Action,SEARCH_RECORD
Lọc các khoản học phí dưới 80k,Action,SEARCH_RECORD
Lọc các khoản hội họp dưới 20k,Action,SEARCH_RECORD
Lọc các khoản hội họp dưới 5 triệu,Action,SEARCH_RECORD
Lọc các khoản mua sam dưới 5 trieu,Action,SEARCH_RECORD
Lọc các khoản mua sắm dưới 200k,Action,SEARCH_RECORD
Lọc các khoản mỹ phẩm dưới 3 triệu,Action,SEARCH_RECORD
Lọc các khoản mỹ phẩm dưới 35k,Action,SEARCH_RECORD
Lọc các khoản qua tang dưới 500k,Action,SEARCH_RECORD
Lọc các khoản sách vở dưới 200k,Action,SEARCH_RECORD
Lọc các khoản thu cung dưới 80k,Action,SEARCH_RECORD
Lọc các khoản thú cưng dưới 1 triệu,Action,SEARCH_RECORD
Lọc các khoản thể thao dưới 50k,Action,SEARCH_RECORD
Lọc các khoản xăng xe dưới 1 triệu,Action,SEARCH_RECORD
Lọc các khoản y te dưới 750k,Action,SEARCH_RECORD
Lọc các khoản ăn uống dưới 80k,Action,SEARCH_RECORD
Lọc các khoản đi chợ dưới 20k,Action,SEARCH_RECORD
Lọc các khoản đi chợ dưới 35k,Action,SEARCH_RECORD
Lọc các khoản đi chợ dưới 750k,Action,SEARCH_RECORD
Lọc các khoản đi lại dưới 2 triệu,Action,SEARCH_RECORD
Lọc các khoản điện thoại dưới 200k,Action,SEARCH_RECORD
Lọc các khoản đầu tư dưới 300k,Action,SEARCH_RECORD
Lọc các khoản đồ gia dụng dưới 2 triệu,Action,SEARCH_RECORD
Lọc giao dịch bảo hiểm trong 150k,Action,Search
Lọc giao dịch bảo hiểm trong 50k,Action,Search
Lọc giao dịch cà phê trong 150k,Action,Search
Lọc giao dịch cà phê trong 500k,Action,Search
Lọc giao dịch cắt tóc trong 150k,Action,Search
Lọc giao dịch cắt tóc trong 75k,Action,Search
Lọc giao dịch cắt tóc trong 80k,Action,Search
Lọc giao dịch du lịch trong 50k,Action,Search
Lọc giao dịch gia đình trong 150k,Action,Search
Lọc giao dịch gia đình trong 300k,Action,Search
Lọc giao dịch gia đình trong 450k,Action,Search
Lọc giao dịch giải trí trong 2 triệu,Action,Search
Lọc giao dịch giải trí trong 200k,Action,Search
Lọc giao dịch giải trí trong 90k,Action,Search
Lọc giao dịch giải trí trong tháng,Action,SEARCH_RECORD
Lọc giao dịch học phí trong 200k,Action,Search
Lọc giao dịch học phí trong 80k,Action,Search
Lọc giao dịch học phí trong tháng,Action,SEARCH_RECORD
Lọc giao dịch hội họp trong 200k,Action,Search
Lọc giao dịch hội họp trong 300k,Action,Search
Lọc giao dịch hội họp trong 500k,Action,Search
Lọc giao dịch hội họp trong 80k,Action,Search
Lọc giao dịch internet trong 120k,Action,Search
Lọc giao dịch linh tinh trong 700k,Action,Search
Lọc giao dịch mua sắm trong 200k,Action,Search
Lọc giao dịch mua sắm trong 75k,Action,Search
Lọc giao dịch mua sắm trong 80k,Action,Search
Lọc giao dịch mua sắm trong tháng,Action,SEARCH_RECORD
Lọc giao dịch mỹ phẩm trong 1 triệu,Action,Search
Lọc giao dịch mỹ phẩm trong 2 triệu,Action,Search
Lọc giao dịch mỹ phẩm trong 300k,Action,Search
Lọc giao dịch nhà cửa trong tháng,Action,SEARCH_RECORD
Lọc giao dịch nội thất trong 180k,Action,Search
Lọc giao dịch quà tặng trong 1.5 triệu,Action,Search
Lọc giao dịch quà tặng trong 150k,Action,Search
Lọc giao dịch sửa xe trong 2 triệu,Action,Search
Lọc giao dịch sửa xe trong 80k,Action,Search
Lọc giao dịch thuê nhà trong 250k,Action,Search
Lọc giao dịch thuê nhà trong 300k,Action,Search
Lọc giao dịch xem phim trong 900k,Action,Search
Lọc giao dịch xăng xe trong 180k,Action,Search
Lọc giao dịch y tế trong 120k,Action,Search
Lọc giao dịch y tế trong 300k,Action,Search
Lọc giao dịch y tế trong 500k,Action,Search
Lọc giao dịch y tế trong 80k,Action,Search
Lọc giao dịch y tế trong tháng,Action,SEARCH_RECORD
Lọc giao dịch ăn uống trong 200k,Action,Search
Lọc giao dịch ăn uống trong 35k,Action,Search
Lọc giao dịch ăn uống trong 500k,Action,Search
Lọc giao dịch ăn uống trong 80k,Action,Search
Lọc giao dịch ăn uống trong tháng,Action,SEARCH_RECORD
Lọc giao dịch đi chợ trong 35k,Action,Search
Lọc giao dịch đi lại trong 1 triệu,Action,Search
Lọc giao dịch đi lại trong 50k,Action,Search
Lọc giao dịch đi lại trong tháng,Action,SEARCH_RECORD
Lọc giao dịch điện nước trong 120k,Action,Search
Lọc giao dịch điện nước trong 200k,Action,Search
Lọc giao dịch điện nước trong tháng,Action,SEARCH_RECORD
Lọc giao dịch điện thoại trong 90k,Action,Search
Lọc giao dịch đầu tư trong 500k,Action,Search
Lọc những khoản chi bảo hiểm bất thường,Action,Search
Lọc những khoản chi cà phê bất thường,Action,Search
Lọc những khoản chi cắt tóc bất thường,Action,Search
Lọc những khoản chi du lịch bất thường,Action,Search
Lọc những khoản chi gia đình bất thường,Action,Search
Lọc những khoản chi giải trí bất thường,Action,Search
Lọc những khoản chi học phí bất thường,Action,Search
Lọc những khoản chi hội họp bất thường,Action,Search
Lọc những khoản chi internet bất thường,Action,Search
Lọc những khoản chi linh tinh bất thường,Action,Search
Lọc những khoản chi mua sắm bất thường,Action,Search
Lọc những khoản chi mỹ phẩm bất thường,Action,Search
Lọc những khoản chi nội thất bất thường,Action,Search
Lọc những khoản chi quà tặng bất thường,Action,Search
Lọc những khoản chi sửa xe bất thường,Action,Search
Lọc những khoản chi thuê nhà bất thường,Action,Search
Lọc những khoản chi xem phim bất thường,Action,Search
Lọc những khoản chi xăng xe bất thường,Action,Search
Lọc những khoản chi y tế bất thường,Action,Search
Lọc những khoản chi ăn uống bất thường,Action,Search
Lọc những khoản chi đi chợ bất thường,Action,Search
Lọc những khoản chi đi lại bất thường,Action,Search
Lọc những khoản chi điện nước bất thường,Action,Search
Lọc những khoản chi điện thoại bất thường,Action,Search
Lọc những khoản chi đầu tư bất thường,Action,Search
Mấy hôm nay mình đốt cho bảo hiểm bao nhiêu,Action,Report
Mấy hôm nay mình đốt cho cà phê bao nhiêu,Action,Report
Mấy hôm nay mình đốt cho cắt tóc bao nhiêu,Action,Report
Mấy hôm nay mình đốt cho du lịch bao nhiêu,Action,Report
Mấy hôm nay mình đốt cho gia đình bao nhiêu,Action,Report
Mấy hôm nay mình đốt cho giải trí bao nhiêu,Action,Report
Mấy hôm nay mình đốt cho học phí bao nhiêu,Action,Report
Mấy hôm nay mình đốt cho hội họp bao nhiêu,Action,Report
Mấy hôm nay mình đốt cho internet bao nhiêu,Action,Report
Mấy hôm nay mình đốt cho linh tinh bao nhiêu,Action,Report
Mấy hôm nay mình đốt cho mua sắm bao nhiêu,Action,Report
Mấy hôm nay mình đốt cho mỹ phẩm bao nhiêu,Action,Report
Mấy hôm nay mình đốt cho nội thất bao nhiêu,Action,Report
Mấy hôm nay mình đốt cho quà tặng bao nhiêu,Action,Report
Mấy hôm nay mình đốt cho sửa xe bao nhiêu,Action,Report
Mấy hôm nay mình đốt cho thuê nhà bao nhiêu,Action,Report
Mấy hôm nay mình đốt cho xem phim bao nhiêu,Action,Report
Mấy hôm nay mình đốt cho xăng xe bao nhiêu,Action,Report
Mấy hôm nay mình đốt cho y tế bao nhiêu,Action,Report
Mấy hôm nay mình đốt cho ăn uống bao nhiêu,Action,Report
Mấy hôm nay mình đốt cho đi chợ bao nhiêu,Action,Report
Mấy hôm nay mình đốt cho đi lại bao nhiêu,Action,Report
Mấy hôm nay mình đốt cho điện nước bao nhiêu,Action,Report
Mấy hôm nay mình đốt cho điện thoại bao nhiêu,Action,Report
Mấy hôm nay mình đốt cho đầu tư bao nhiêu,Action,Report
Mở bảo mật,Action,Setting
Mở chế độ tiết kiệm pin,Action,Setting
Mở dark mode,Action,Setting
Mở khóa ứng dụng,Action,Setting
Mở mã PIN,Action,Setting
Mở nhắc nhở,Action,Setting
Mở quyền riêng tư,Action,Setting
Mở rung,Action,Setting
Mở tự động đăng nhập,Action,Setting
Mở tự động đồng bộ,Action,Setting
Mục tiêu tiết kiệm 1 trieu quý này,Action,SET_GOAL
Mục tiêu tiết kiệm 1 trieu tháng này,Action,SET_GOAL
Mục tiêu tiết kiệm 1 trieu tháng trước,Action,SET_GOAL
Mục tiêu tiết kiệm 1 triệu gần đây,Action,SET_GOAL
Mục tiêu tiết kiệm 1 triệu hôm nay,Action,SET_GOAL
Mục tiêu tiết kiệm 1 triệu mấy hôm nay,Action,SET_GOAL
Mục tiêu tiết kiệm 1 triệu tháng này,Action,SET_GOAL
Mục tiêu tiết kiệm 1 triệu tháng trước,Action,SET_GOAL
Mục tiêu tiết kiệm 1 triệu tuần này,Action,SET_GOAL
Mục tiêu tiết kiệm 1 triệu tuần trước,Action,SET_GOAL
Mục tiêu tiết kiệm 120k gần đây,Action,SET_GOAL
Mục tiêu tiết kiệm 120k hôm nay,Action,SET_GOAL
Mục tiêu tiết kiệm 120k quý này,Action,SET_GOAL
Mục tiêu tiết kiệm 120k tháng trước,Action,SET_GOAL
Mục tiêu tiết kiệm 120k tuần này,Action,SET_GOAL
Mục tiêu tiết kiệm 120k tuần trước,Action,SET_GOAL
Mục tiêu tiết kiệm 120k đợt vừa rồi,Action,SET_GOAL
Mục tiêu tiết kiệm 15k hôm nay,Action,SET_GOAL
Mục tiêu tiết kiệm 15k mấy hôm nay,Action,SET_GOAL
Mục tiêu tiết kiệm 15k quý này,Action,SET_GOAL
Mục tiêu tiết kiệm 15k tuần này,Action,SET_GOAL
Mục tiêu tiết kiệm 2 trieu gần đây,Action,SET_GOAL
Mục tiêu tiết kiệm 2 trieu quý này,Action,SET_GOAL
Mục tiêu tiết kiệm 2 trieu tháng này,Action,SET_GOAL
Mục tiêu tiết kiệm 2 trieu tháng trước,Action,SET_GOAL
Mục tiêu tiết kiệm 2 trieu tuần trước,Action,SET_GOAL
Mục tiêu tiết kiệm 2 triệu gần đây,Action,SET_GOAL
Mục tiêu tiết kiệm 2 triệu hôm qua,Action,SET_GOAL
Mục tiêu tiết kiệm 2 triệu quý này,Action,SET_GOAL
Mục tiêu tiết kiệm 2 triệu tuần này,Action,SET_GOAL
Mục tiêu tiết kiệm 2 triệu tuần trước,Action,SET_GOAL
Mục tiêu tiết kiệm 200k gần đây,Action,SET_GOAL
Mục tiêu tiết kiệm 200k hôm nay,Action,SET_GOAL
Mục tiêu tiết kiệm 200k hôm qua,Action,SET_GOAL
Mục tiêu tiết kiệm 200k mấy hôm nay,Action,SET_GOAL
Mục tiêu tiết kiệm 200k quý này,Action,SET_GOAL
Mục tiêu tiết kiệm 200k tháng này,Action,SET_GOAL
Mục tiêu tiết kiệm 200k tuần này,Action,SET_GOAL
Mục tiêu tiết kiệm 200k tuần trước,Action,SET_GOAL
Mục tiêu tiết kiệm 20k gần đây,Action,SET_GOAL
Mục tiêu tiết kiệm 20k hôm nay,Action,SET_GOAL
Mục tiêu tiết kiệm 20k hôm qua,Action,SET_GOAL
Mục tiêu tiết kiệm 20k quý này,Action,SET_GOAL
Mục tiêu tiết kiệm 20k tuần này,Action,SET_GOAL
Mục tiêu tiết kiệm 20k tuần trước,Action,SET_GOAL
Mục tiêu tiết kiệm 2tr400 hôm nay,Action,SET_GOAL
Mục tiêu tiết kiệm 2tr400 hôm qua,Action,SET_GOAL
Mục tiêu tiết kiệm 2tr400 quý này,Action,SET_GOAL
Mục tiêu tiết kiệm 2tr400 tháng trước,Action,SET_GOAL
Mục tiêu tiết kiệm 2tr400 tuần này,Action,SET_GOAL
Mục tiêu tiết kiệm 2tr400 tuần trước,Action,SET_GOAL
Mục tiêu tiết kiệm 3 triệu gần đây,Action,SET_GOAL
Mục tiêu tiết kiệm 3 triệu hôm nay,Action,SET_GOAL
Mục tiêu tiết kiệm 3 triệu mấy hôm nay,Action,SET_GOAL
Mục tiêu tiết kiệm 3 triệu tháng này,Action,SET_GOAL
Mục tiêu tiết kiệm 3 triệu tháng trước,Action,SET_GOAL
Mục tiêu tiết kiệm 3 triệu tuần trước,Action,SET_GOAL
Mục tiêu tiết kiệm 300k gần đây,Action,SET_GOAL
Mục tiêu tiết kiệm 300k hôm nay,Action,SET_GOAL
Mục tiêu tiết kiệm 300k hôm qua,Action,SET_GOAL
Mục tiêu tiết kiệm 300k mấy hôm nay,Action,SET_GOAL
Mục tiêu tiết kiệm 300k quý này,Action,SET_GOAL
Mục tiêu tiết kiệm 300k tháng này,Action,SET_GOAL
Mục tiêu tiết kiệm 300k tuần này,Action,SET_GOAL
Mục tiêu tiết kiệm 300k tuần trước,Action,SET_GOAL
Mục tiêu tiết kiệm 35k gần đây,Action,SET_GOAL
Mục tiêu tiết kiệm 35k hôm nay,Action,SET_GOAL
Mục tiêu tiết kiệm 35k hôm qua,Action,SET_GOAL
Mục tiêu tiết kiệm 35k mấy hôm nay,Action,SET_GOAL
Mục tiêu tiết kiệm 35k tháng trước,Action,SET_GOAL
Mục tiêu tiết kiệm 35k tuần này,Action,SET_GOAL
Mục tiêu tiết kiệm 35k tuần trước,Action,SET_GOAL
Mục tiêu tiết kiệm 500k gần đây,Action,SET_GOAL
Mục tiêu tiết kiệm 500k hôm nay,Action,SET_GOAL
Mục tiêu tiết kiệm 500k mấy hôm nay,Action,SET_GOAL
Mục tiêu tiết kiệm 500k quý này,Action,SET_GOAL
Mục tiêu tiết kiệm 500k tháng trước,Action,SET_GOAL
Mục tiêu tiết kiệm 500k tuần trước,Action,SET_GOAL
Mục tiêu tiết kiệm 500k đợt vừa rồi,Action,SET_GOAL
Mục tiêu tiết kiệm 50k gần đây,Action,SET_GOAL
Mục tiêu tiết kiệm 50k hôm nay,Action,SET_GOAL
Mục tiêu tiết kiệm 50k hôm qua,Action,SET_GOAL
Mục tiêu tiết kiệm 50k mấy hôm nay,Action,SET_GOAL
Mục tiêu tiết kiệm 50k quý này,Action,SET_GOAL
Mục tiêu tiết kiệm 50k tuần này,Action,SET_GOAL
Mục tiêu tiết kiệm 50k tuần trước,Action,SET_GOAL
Mục tiêu tiết kiệm 50k đợt vừa rồi,Action,SET_GOAL
Mục tiêu tiết kiệm 750k gần đây,Action,SET_GOAL
Mục tiêu tiết kiệm 750k mấy hôm nay,Action,SET_GOAL
Mục tiêu tiết kiệm 750k tuần trước,Action,SET_GOAL
Mục tiêu tiết kiệm 750k đợt vừa rồi,Action,SET_GOAL
Mục tiêu tiết kiệm 80k gần đây,Action,SET_GOAL
Mục tiêu tiết kiệm 80k hôm nay,Action,SET_GOAL
Mục tiêu tiết kiệm 80k hôm qua,Action,SET_GOAL
Mục tiêu tiết kiệm 80k mấy hôm nay,Action,SET_GOAL
Mục tiêu tiết kiệm 80k quý này,Action,SET_GOAL
Mục tiêu tiết kiệm 80k tháng này,Action,SET_GOAL
Mục tiêu tiết kiệm 80k đợt vừa rồi,Action,SET_GOAL
Nhắc mình khi tiêu quá 80% hạn mức an uong,Action,SET_ALERT
Nhắc mình khi tiêu quá 80% hạn mức bảo hiểm,Action,SET_ALERT
Nhắc mình khi tiêu quá 80% hạn mức ca phe,Action,SET_ALERT
Nhắc mình khi tiêu quá 80% hạn mức cat toc,Action,SET_ALERT
Nhắc mình khi tiêu quá 80% hạn mức cà phê,Action,SET_ALERT
Nhắc mình khi tiêu quá 80% hạn mức cắt tóc,Action,SET_ALERT
Nhắc mình khi tiêu quá 80% hạn mức dau tu,Action,SET_ALERT
Nhắc mình khi tiêu quá 80% hạn mức di cho,Action,SET_ALERT
Nhắc mình khi tiêu quá 80% hạn mức dien nuoc,Action,SET_ALERT
Nhắc mình khi tiêu quá 80% hạn mức dien thoai,Action,SET_ALERT
Nhắc mình khi tiêu quá 80% hạn mức do gia dung,Action,SET_ALERT
Nhắc mình khi tiêu quá 80% hạn mức du lich,Action,SET_ALERT
Nhắc mình khi tiêu quá 80% hạn mức du lịch,Action,SET_ALERT
Nhắc mình khi tiêu quá 80% hạn mức gia đình,Action,SET_ALERT
Nhắc mình khi tiêu quá 80% hạn mức giai tri,Action,SET_ALERT
Nhắc mình khi tiêu quá 80% hạn mức giải trí,Action,SET_ALERT
Nhắc mình khi tiêu quá 80% hạn mức học online,Action,SET_ALERT
Nhắc mình khi tiêu quá 80% hạn mức học phí,Action,SET_ALERT
Nhắc mình khi tiêu quá 80% hạn mức hội họp,Action,SET_ALERT
Nhắc mình khi tiêu quá 80% hạn mức internet,Action,SET_ALERT
Nhắc mình khi tiêu quá 80% hạn mức linh tinh,Action,SET_ALERT
Nhắc mình khi tiêu quá 80% hạn mức mua sam,Action,SET_ALERT
Nhắc mình khi tiêu quá 80% hạn mức mua sắm,Action,SET_ALERT
Nhắc mình khi tiêu quá 80% hạn mức my pham,Action,SET_ALERT
Nhắc mình khi tiêu quá 80% hạn mức mỹ phẩm,Action,SET_ALERT
Nhắc mình khi tiêu quá 80% hạn mức noi that,Action,SET_ALERT
Nhắc mình khi tiêu quá 80% hạn mức nội thất,Action,SET_ALERT
Nhắc mình khi tiêu quá 80% hạn mức qua tang,Action,SET_ALERT
Nhắc mình khi tiêu quá 80% hạn mức quà tặng,Action,SET_ALERT
Nhắc mình khi tiêu quá 80% hạn mức sua xe,Action,SET_ALERT
Nhắc mình khi tiêu quá 80% hạn mức sách vở,Action,SET_ALERT
Nhắc mình khi tiêu quá 80% hạn mức sửa xe,Action,SET_ALERT
Nhắc mình khi tiêu quá 80% hạn mức thu cung,Action,SET_ALERT
Nhắc mình khi tiêu quá 80% hạn mức thuê nhà,Action,SET_ALERT
Nhắc mình khi tiêu quá 80% hạn mức xang xe,Action,SET_ALERT
Nhắc mình khi tiêu quá 80% hạn mức xăng xe,Action,SET_ALERT
Nhắc mình khi tiêu quá 80% hạn mức y te,Action,SET_ALERT
Nhắc mình khi tiêu quá 80% hạn mức y tế,Action,SET_ALERT
Nhắc mình khi tiêu quá 80% hạn mức ăn uống,Action,SET_ALERT
Nhắc mình khi tiêu quá 80% hạn mức đi chợ,Action,SET_ALERT
Nhắc mình khi tiêu quá 80% hạn mức đi lại,Action,SET_ALERT
Nhắc mình khi tiêu quá 80% hạn mức điện nước,Action,SET_ALERT
Nhắc mình khi tiêu quá 80% hạn mức điện thoại,Action,SET_ALERT
Nhắc mình khi tiêu quá 80% hạn mức đầu tư,Action,SET_ALERT
Nhắc mình khi tiêu quá 80% hạn mức đồ gia dụng,Action,SET_ALERT
Nạp thêm 1 trieu cho mục tiêu tiết kiệm,Action,ADD_GOAL
Nạp thêm 1 triệu cho mục tiêu tiết kiệm,Action,ADD_GOAL
Nạp thêm 120k cho mục tiêu tiết kiệm,Action,ADD_GOAL
Nạp thêm 15k cho mục tiêu tiết kiệm,Action,ADD_GOAL
Nạp thêm 2 trieu cho mục tiêu tiết kiệm,Action,ADD_GOAL
Nạp thêm 2 triệu cho mục tiêu tiết kiệm,Action,ADD_GOAL
Nạp thêm 200k cho mục tiêu tiết kiệm,Action,ADD_GOAL
Nạp thêm 20k cho mục tiêu tiết kiệm,Action,ADD_GOAL
Nạp thêm 2tr400 cho mục tiêu tiết kiệm,Action,ADD_GOAL
Nạp thêm 3 trieu cho mục tiêu tiết kiệm,Action,ADD_GOAL
Nạp thêm 3 triệu cho mục tiêu tiết kiệm,Action,ADD_GOAL
Nạp thêm 300k cho mục tiêu tiết kiệm,Action,ADD_GOAL
Nạp thêm 35k cho mục tiêu tiết kiệm,Action,ADD_GOAL
Nạp thêm 5 triệu cho mục tiêu tiết kiệm,Action,ADD_GOAL
Nạp thêm 500k cho mục tiêu tiết kiệm,Action,ADD_GOAL
Nạp thêm 50k cho mục tiêu tiết kiệm,Action,ADD_GOAL
Nạp thêm 750k cho mục tiêu tiết kiệm,Action,ADD_GOAL
Nạp thêm 80k cho mục tiêu tiết kiệm,Action,ADD_GOAL
So sánh chi tiêu gần đây và mấy hôm nay,Action,REPORT_COMPARE
So sánh chi tiêu gần đây và quý này,Action,REPORT_COMPARE
So sánh chi tiêu gần đây và tháng này,Action,REPORT_COMPARE
So sánh chi tiêu gần đây và tháng trước,Action,REPORT_COMPARE
So sánh chi tiêu gần đây và tuần này,Action,REPORT_COMPARE
So sánh chi tiêu gần đây và tuần trước,Action,REPORT_COMPARE
So sánh chi tiêu gần đây và đợt vừa rồi,Action,REPORT_COMPARE
So sánh chi tiêu hôm nay và gần đây,Action,REPORT_COMPARE
So sánh chi tiêu hôm nay và hôm qua,Action,REPORT_COMPARE
So sánh chi tiêu hôm nay và mấy hôm nay,Action,REPORT_COMPARE
So sánh chi tiêu hôm nay và quý này,Action,REPORT_COMPARE
So sánh chi tiêu hôm nay và tháng này,Action,REPORT_COMPARE
So sánh chi tiêu hôm nay và tháng trước,Action,REPORT_COMPARE
So sánh chi tiêu hôm nay và tuần này,Action,REPORT_COMPARE
So sánh chi tiêu hôm nay và tuần trước,Action,REPORT_COMPARE
So sánh chi tiêu hôm qua và gần đây,Action,REPORT_COMPARE
So sánh chi tiêu hôm qua và hôm nay,Action,REPORT_COMPARE
So sánh chi tiêu hôm qua và mấy hôm nay,Action,REPORT_COMPARE
So sánh chi tiêu hôm qua và quý này,Action,REPORT_COMPARE
So sánh chi tiêu hôm qua và tháng này,Action,REPORT_COMPARE
So sánh chi tiêu hôm qua và tháng trước,Action,REPORT_COMPARE
So sánh chi tiêu hôm qua và tuần này,Action,REPORT_COMPARE
So sánh chi tiêu hôm qua và tuần trước,Action,REPORT_COMPARE
So sánh chi tiêu hôm qua và đợt vừa rồi,Action,REPORT_COMPARE
So sánh chi tiêu mấy hôm nay và gần đây,Action,REPORT_COMPARE
So sánh chi tiêu mấy hôm nay và hôm nay,Action,REPORT_COMPARE
So sánh chi tiêu mấy hôm nay và hôm qua,Action,REPORT_COMPARE
So sánh chi tiêu mấy hôm nay và quý này,Action,REPORT_COMPARE
So sánh chi tiêu mấy hôm nay và tháng này,Action,REPORT_COMPARE
So sánh chi tiêu mấy hôm nay và tuần trước,Action,REPORT_COMPARE
So sánh chi tiêu mấy hôm nay và đợt vừa rồi,Action,REPORT_COMPARE
So sánh chi tiêu quý này và gần đây,Action,REPORT_COMPARE
So sánh chi tiêu quý này và hôm nay,Action,REPORT_COMPARE
So sánh chi tiêu quý này và hôm qua,Action,REPORT_COMPARE
So sánh chi tiêu quý này và mấy hôm nay,Action,REPORT_COMPARE
So sánh chi tiêu quý này và tháng này,Action,REPORT_COMPARE
So sánh chi tiêu quý này và tháng trước,Action,REPORT_COMPARE
So sánh chi tiêu quý này và tuần này,Action,REPORT_COMPARE
So sánh chi tiêu quý này và tuần trước,Action,REPORT_COMPARE
So sánh chi tiêu tháng này và gần đây,Action,REPORT_COMPARE
So sánh chi tiêu tháng này và hôm nay,Action,REPORT_COMPARE
So sánh chi tiêu tháng này và hôm qua,Action,REPORT_COMPARE
So sánh chi tiêu tháng này và mấy hôm nay,Action,REPORT_COMPARE
So sánh chi tiêu tháng này và quý này,Action,REPORT_COMPARE
So sánh chi tiêu tháng này và tháng trước,Action,REPORT_COMPARE
So sánh chi tiêu tháng này và tuần này,Action,REPORT_COMPARE
So sánh chi tiêu tháng này và tuần trước,Action,REPORT_COMPARE
So sánh chi tiêu tháng này và đợt vừa rồi,Action,REPORT_COMPARE
So sánh chi tiêu tháng trước và gần đây,Action,REPORT_COMPARE
So sánh chi tiêu tháng trước và hôm nay,Action,REPORT_COMPARE
So sánh chi tiêu tháng trước và hôm qua,Action,REPORT_COMPARE
So sánh chi tiêu tháng trước và mấy hôm nay,Action,REPORT_COMPARE
So sánh chi tiêu tháng trước và quý này,Action,REPORT_COMPARE
So sánh chi tiêu tháng trước và tuần này,Action,REPORT_COMPARE
So sánh chi tiêu tháng trước và tuần trước,Action,REPORT_COMPARE
So sánh chi tiêu tuần này và gần đây,Action,REPORT_COMPARE
So sánh chi tiêu tuần này và hôm nay,Action,REPORT_COMPARE
So sánh chi tiêu tuần này và hôm qua,Action,REPORT_COMPARE
So sánh chi tiêu tuần này và mấy hôm nay,Action,REPORT_COMPARE
So sánh chi tiêu tuần này và quý này,Action,REPORT_COMPARE
So sánh chi tiêu tuần này và tháng này,Action,REPORT_COMPARE
So sánh chi tiêu tuần này và tháng trước,Action,REPORT_COMPARE
So sánh chi tiêu tuần này và tuần trước,Action,REPORT_COMPARE
So sánh chi tiêu tuần này và đợt vừa rồi,Action,REPORT_COMPARE
So sánh chi tiêu tuần trước và gần đây,Action,REPORT_COMPARE
So sánh chi tiêu tuần trước và hôm nay,Action,REPORT_COMPARE
So sánh chi tiêu tuần trước và hôm qua,Action,REPORT_COMPARE
So sánh chi tiêu tuần trước và mấy hôm nay,Action,REPORT_COMPARE
So sánh chi tiêu tuần trước và quý này,Action,REPORT_COMPARE
So sánh chi tiêu tuần trước và tháng này,Action,REPORT_COMPARE
So sánh chi tiêu tuần trước và tháng trước,Action,REPORT_COMPARE
So sánh chi tiêu tuần trước và tuần này,Action,REPORT_COMPARE
So sánh chi tiêu đợt vừa rồi và gần đây,Action,REPORT_COMPARE
So sánh chi tiêu đợt vừa rồi và hôm nay,Action,REPORT_COMPARE
So sánh chi tiêu đợt vừa rồi và quý này,Action,REPORT_COMPARE
So sánh chi tiêu đợt vừa rồi và tháng trước,Action,REPORT_COMPARE
So sánh chi tiêu đợt vừa rồi và tuần này,Action,REPORT_COMPARE
So sánh chi tiêu đợt vừa rồi và tuần trước,Action,REPORT_COMPARE
So sánh giải trí tuần này với tuần trước,Action,REPORT_COMPARE
So sánh học phí tuần này với tuần trước,Action,REPORT_COMPARE
So sánh khoản bảo hiểm giữa tháng trước và tuần này,Action,Report
So sánh khoản cà phê giữa tháng này và tháng trước,Action,Report
So sánh khoản cắt tóc giữa mấy hôm nay và đợt vừa rồi,Action,Report
So sánh khoản du lịch giữa hôm qua và mấy hôm nay,Action,Report
So sánh khoản gia đình giữa hôm qua và mấy hôm nay,Action,Report
So sánh khoản giải trí giữa mấy hôm nay và đợt vừa rồi,Action,Report
So sánh khoản học phí giữa tuần này và tuần rồi,Action,Report
So sánh khoản hội họp giữa tuần rồi và hôm nay,Action,Report
So sánh khoản internet giữa tháng này và tháng trước,Action,Report
So sánh khoản linh tinh giữa đợt vừa rồi và tháng này,Action,Report
So sánh khoản mua sắm giữa hôm qua và mấy hôm nay,Action,Report
So sánh khoản mỹ phẩm giữa tháng trước và tuần này,Action,Report
So sánh khoản nội thất giữa tuần này và tuần rồi,Action,Report
So sánh khoản quà tặng giữa tuần này và tuần rồi,Action,Report
So sánh khoản sửa xe giữa tuần rồi và hôm nay,Action,Report
So sánh khoản thuê nhà giữa tuần rồi và hôm nay,Action,Report
So sánh khoản xem phim giữa tháng này và tháng trước,Action,Report
So sánh khoản xăng xe giữa tháng trước và tuần này,Action,Report
So sánh khoản y tế giữa hôm nay và hôm qua,Action,Report
So sánh khoản ăn uống giữa tuần rồi và hôm nay,Action,Report
So sánh khoản đi chợ giữa hôm nay và hôm qua,Action,Report
So sánh khoản đi lại giữa hôm nay và hôm qua,Action,Report
So sánh khoản điện nước giữa đợt vừa rồi và tháng này,Action,Report
So sánh khoản điện thoại giữa đợt vừa rồi và tháng này,Action,Report
So sánh khoản đầu tư giữa mấy hôm nay và đợt vừa rồi,Action,Report
So sánh mua sắm tuần này với tuần trước,Action,REPORT_COMPARE
So sánh nhà cửa tuần này với tuần trước,Action,REPORT_COMPARE
So sánh y tế tuần này với tuần trước,Action,REPORT_COMPARE
So sánh ăn uống tuần này với tuần trước,Action,REPORT_COMPARE
So sánh đi lại tuần này với tuần trước,Action,REPORT_COMPARE
So sánh điện nước tuần này với tuần trước,Action,REPORT_COMPARE
Sửa cái bill bảo hiểm thành 150k,Action,Edit
Sửa cái bill cà phê thành 150k,Action,Edit
Sửa cái bill cắt tóc thành 75k,Action,Edit
Sửa cái bill du lịch thành 50k,Action,Edit
Sửa cái bill gia đình thành 450k,Action,Edit
Sửa cái bill giải trí thành 90k,Action,Edit
Sửa cái bill học phí thành 200k,Action,Edit
Sửa cái bill hội họp thành 200k,Action,Edit
Sửa cái bill internet thành 120k,Action,Edit
Sửa cái bill linh tinh thành 700k,Action,Edit
Sửa cái bill mua sắm thành 75k,Action,Edit
Sửa cái bill mỹ phẩm thành 1 triệu,Action,Edit
Sửa cái bill nội thất thành 180k,Action,Edit
Sửa cái bill quà tặng thành 1.5 triệu,Action,Edit
Sửa cái bill sửa xe thành 2 triệu,Action,Edit
Sửa cái bill thuê nhà thành 250k,Action,Edit
Sửa cái bill xem phim thành 900k,Action,Edit
Sửa cái bill xăng xe thành 180k,Action,Edit
Sửa cái bill y tế thành 300k,Action,Edit
Sửa cái bill ăn uống thành 35k,Action,Edit
Sửa cái bill đi chợ thành 35k,Action,Edit
Sửa cái bill đi lại thành 50k,Action,Edit
Sửa cái bill điện nước thành 120k,Action,Edit
Sửa cái bill điện thoại thành 90k,Action,Edit
Sửa cái bill đầu tư thành 500k,Action,Edit
Sửa giao dịch 1 trieu thành 50k,Action,UPDATE_RECORD
Sửa giao dịch 1 triệu thành 15k,Action,UPDATE_RECORD
Sửa giao dịch 1 triệu thành 2 triệu,Action,UPDATE_RECORD
Sửa giao dịch 1 triệu thành 200k,Action,UPDATE_RECORD
Sửa giao dịch 1 triệu thành 2tr400,Action,UPDATE_RECORD
Sửa giao dịch 1 triệu thành 35k,Action,UPDATE_RECORD
Sửa giao dịch 1 triệu thành 750k,Action,UPDATE_RECORD
Sửa giao dịch 1 triệu thành 80k,Action,UPDATE_RECORD
Sửa giao dịch 120k thành 1 triệu,Action,UPDATE_RECORD
Sửa giao dịch 120k thành 2 triệu,Action,UPDATE_RECORD
Sửa giao dịch 120k thành 2tr400,Action,UPDATE_RECORD
Sửa giao dịch 120k thành 3 triệu,Action,UPDATE_RECORD
Sửa giao dịch 120k thành 300k,Action,UPDATE_RECORD
Sửa giao dịch 120k thành 35k,Action,UPDATE_RECORD
Sửa giao dịch 120k thành 5 triệu,Action,UPDATE_RECORD
Sửa giao dịch 120k thành 500k,Action,UPDATE_RECORD
Sửa giao dịch 120k thành 80k,Action,UPDATE_RECORD
Sửa giao dịch 15k thành 35k,Action,UPDATE_RECORD
Sửa giao dịch 15k thành 80k,Action,UPDATE_RECORD
Sửa giao dịch 2 trieu thành 15k,Action,UPDATE_RECORD
Sửa giao dịch 2 trieu thành 2tr400,Action,UPDATE_RECORD
Sửa giao dịch 2 trieu thành 5 triệu,Action,UPDATE_RECORD
Sửa giao dịch 2 triệu thành 2tr400,Action,UPDATE_RECORD
Sửa giao dịch 2 triệu thành 3 triệu,Action,UPDATE_RECORD
Sửa giao dịch 2 triệu thành 35k,Action,UPDATE_RECORD
Sửa giao dịch 2 triệu thành 500k,Action,UPDATE_RECORD
Sửa giao dịch 2 triệu thành 80k,Action,UPDATE_RECORD
Sửa giao dịch 200k thành 120k,Action,UPDATE_RECORD
Sửa giao dịch 200k thành 2 triệu,Action,UPDATE_RECORD
Sửa giao dịch 200k thành 200k,Action,UPDATE_RECORD
Sửa giao dịch 200k thành 20k,Action,UPDATE_RECORD
Sửa giao dịch 200k thành 2tr400,Action,UPDATE_RECORD
Sửa giao dịch 200k thành 3 triệu,Action,UPDATE_RECORD
Sửa giao dịch 200k thành 300k,Action,UPDATE_RECORD
Sửa giao dịch 200k thành 500k,Action,UPDATE_RECORD
Sửa giao dịch 200k thành 50k,Action,UPDATE_RECORD
Sửa giao dịch 20k thành 2 triệu,Action,UPDATE_RECORD
Sửa giao dịch 20k thành 2tr400,Action,UPDATE_RECORD
Sửa giao dịch 20k thành 3 triệu,Action,UPDATE_RECORD
Sửa giao dịch 20k thành 500k,Action,UPDATE_RECORD
Sửa giao dịch 20k thành 50k,Action,UPDATE_RECORD
Sửa giao dịch 20k thành 80k,Action,UPDATE_RECORD
Sửa giao dịch 2tr400 thành 1 triệu,Action,UPDATE_RECORD
Sửa giao dịch 2tr400 thành 15k,Action,UPDATE_RECORD
Sửa giao dịch 2tr400 thành 200k,Action,UPDATE_RECORD
Sửa giao dịch 2tr400 thành 20k,Action,UPDATE_RECORD
Sửa giao dịch 2tr400 thành 2tr400,Action,UPDATE_RECORD
Sửa giao dịch 2tr400 thành 3 triệu,Action,UPDATE_RECORD
Sửa giao dịch 2tr400 thành 300k,Action,UPDATE_RECORD
Sửa giao dịch 2tr400 thành 35k,Action,UPDATE_RECORD
Sửa giao dịch 3 trieu thành 300k,Action,UPDATE_RECORD
Sửa giao dịch 3 trieu thành 500k,Action,UPDATE_RECORD
Sửa giao dịch 3 trieu thành 50k,Action,UPDATE_RECORD
Sửa giao dịch 3 triệu thành 120k,Action,UPDATE_RECORD
Sửa giao dịch 3 triệu thành 2 triệu,Action,UPDATE_RECORD
Sửa giao dịch 3 triệu thành 20k,Action,UPDATE_RECORD
Sửa giao dịch 3 triệu thành 300k,Action,UPDATE_RECORD
Sửa giao dịch 3 triệu thành 35k,Action,UPDATE_RECORD
Sửa giao dịch 3 triệu thành 5 triệu,Action,UPDATE_RECORD
Sửa giao dịch 300k thành 1 triệu,Action,UPDATE_RECORD
Sửa giao dịch 300k thành 15k,Action,UPDATE_RECORD
Sửa giao dịch 300k thành 2 triệu,Action,UPDATE_RECORD
Sửa giao dịch 300k thành 200k,Action,UPDATE_RECORD
Sửa giao dịch 300k thành 20k,Action,UPDATE_RECORD
Sửa giao dịch 300k thành 2tr400,Action,UPDATE_RECORD
Sửa giao dịch 300k thành 3 triệu,Action,UPDATE_RECORD
Sửa giao dịch 300k thành 35k,Action,UPDATE_RECORD
Sửa giao dịch 300k thành 500k,Action,UPDATE_RECORD
Sửa giao dịch 300k thành 50k,Action,UPDATE_RECORD
Sửa giao dịch 300k thành 80k,Action,UPDATE_RECORD
Sửa giao dịch 35k thành 1 triệu,Action,UPDATE_RECORD
Sửa giao dịch 35k thành 2 triệu,Action,UPDATE_RECORD
Sửa giao dịch 35k thành 20k,Action,UPDATE_RECORD
Sửa giao dịch 35k thành 300k,Action,UPDATE_RECORD
Sửa giao dịch 35k thành 5 triệu,Action,UPDATE_RECORD
Sửa giao dịch 35k thành 50k,Action,UPDATE_RECORD
Sửa giao dịch 35k thành 80k,Action,UPDATE_RECORD
Sửa giao dịch 5 trieu thành 500k,Action,UPDATE_RECORD
Sửa giao dịch 5 triệu thành 1 triệu,Action,UPDATE_RECORD
Sửa giao dịch 5 triệu thành 120k,Action,UPDATE_RECORD
Sửa giao dịch 500k thành 1 triệu,Action,UPDATE_RECORD
Sửa giao dịch 500k thành 120k,Action,UPDATE_RECORD
Sửa giao dịch 500k thành 2 triệu,Action,UPDATE_RECORD
Sửa giao dịch 500k thành 300k,Action,UPDATE_RECORD
Sửa giao dịch 500k thành 35k,Action,UPDATE_RECORD
Sửa giao dịch 500k thành 500k,Action,UPDATE_RECORD
Sửa giao dịch 500k thành 50k,Action,UPDATE_RECORD
Sửa giao dịch 500k thành 80k,Action,UPDATE_RECORD
Sửa giao dịch 50k thành 1 triệu,Action,UPDATE_RECORD
Sửa giao dịch 50k thành 120k,Action,UPDATE_RECORD
Sửa giao dịch 50k thành 150k,Action,UPDATE_RECORD
Sửa giao dịch 50k thành 200k,Action,UPDATE_RECORD
Sửa giao dịch 50k thành 500k,Action,UPDATE_RECORD
Sửa giao dịch 50k thành 80k,Action,UPDATE_RECORD
Sửa giao dịch 750k thành 1 triệu,Action,UPDATE_RECORD
Sửa giao dịch 750k thành 20k,Action,UPDATE_RECORD
Sửa giao dịch 750k thành 500k,Action,UPDATE_RECORD
Sửa giao dịch 80k thành 1 triệu,Action,UPDATE_RECORD
Sửa giao dịch 80k thành 120k,Action,UPDATE_RECORD
Sửa giao dịch 80k thành 2 triệu,Action,UPDATE_RECORD
Sửa giao dịch 80k thành 200k,Action,UPDATE_RECORD
Sửa giao dịch 80k thành 20k,Action,UPDATE_RECORD
Sửa giao dịch 80k thành 3 triệu,Action,UPDATE_RECORD
Sửa giao dịch 80k thành 300k,Action,UPDATE_RECORD
Sửa giao dịch 80k thành 35k,Action,UPDATE_RECORD
Sửa giao dịch 80k thành 500k,Action,UPDATE_RECORD
Sửa giao dịch 80k thành 50k,Action,UPDATE_RECORD
Sửa hạn mức bảo hiểm sang 450k,Action,Setting
Sửa hạn mức cà phê sang 450k,Action,Setting
Sửa hạn mức cắt tóc sang 200k,Action,Setting
Sửa hạn mức du lịch sang 180k,Action,Setting
Sửa hạn mức gia đình sang 1.5 triệu,Action,Setting
Sửa hạn mức giải trí sang 250k,Action,Setting
Sửa hạn mức học phí sang 700k,Action,Setting
Sửa hạn mức hội họp sang 700k,Action,Setting
Sửa hạn mức internet sang 300k,Action,Setting
Sửa hạn mức linh tinh sang 35k,Action,Setting
Sửa hạn mức mua sắm sang 200k,Action,Setting
Sửa hạn mức mỹ phẩm sang 75k,Action,Setting
Sửa hạn mức nội thất sang 500k,Action,Setting
Sửa hạn mức quà tặng sang 90k,Action,Setting
Sửa hạn mức sửa xe sang 120k,Action,Setting
Sửa hạn mức thuê nhà sang 900k,Action,Setting
Sửa hạn mức xem phim sang 50k,Action,Setting
Sửa hạn mức xăng xe sang 500k,Action,Setting
Sửa hạn mức y tế sang 1 triệu,Action,Setting
Sửa hạn mức ăn uống sang 150k,Action,Setting
Sửa hạn mức đi chợ sang 150k,Action,Setting
Sửa hạn mức đi lại sang 180k,Action,Setting
Sửa hạn mức điện nước sang 300k,Action,Setting
Sửa hạn mức điện thoại sang 250k,Action,Setting
Sửa hạn mức đầu tư sang 2 triệu,Action,Setting
Sửa khoản bảo hiểm thành 1 triệu,Action,Edit
Sửa khoản bảo hiểm thành 150k,Action,Edit
Sửa khoản bảo hiểm thành 200k,Action,Edit
Sửa khoản cà phê thành 150k,Action,Edit
Sửa khoản cắt tóc thành 75k,Action,Edit
Sửa khoản du lịch thành 50k,Action,Edit
Sửa khoản gia đình thành 120k,Action,Edit
Sửa khoản gia đình thành 450k,Action,Edit
Sửa khoản giải trí thành 90k,Action,Edit
Sửa khoản học phí thành 200k,Action,Edit
Sửa khoản học phí thành 300k,Action,Edit
Sửa khoản học phí thành 500k,Action,Edit
Sửa khoản hội họp thành 200k,Action,Edit
Sửa khoản internet thành 120k,Action,Edit
Sửa khoản internet thành 500k,Action,Edit
Sửa khoản linh tinh thành 2 triệu,Action,Edit
Sửa khoản linh tinh thành 700k,Action,Edit
Sửa khoản mua sắm thành 75k,Action,Edit
Sửa khoản mỹ phẩm thành 1 triệu,Action,Edit
Sửa khoản mỹ phẩm thành 150k,Action,Edit
Sửa khoản mỹ phẩm thành 2 triệu,Action,Edit
Sửa khoản mỹ phẩm thành 200k,Action,Edit
Sửa khoản mỹ phẩm thành 500k,Action,Edit
Sửa khoản nội thất thành 180k,Action,Edit
Sửa khoản nội thất thành 500k,Action,Edit
Sửa khoản quà tặng thành 1.5 triệu,Action,Edit
Sửa khoản quà tặng thành 300k,Action,Edit
Sửa khoản sửa xe thành 1 triệu,Action,Edit
Sửa khoản sửa xe thành 2 triệu,Action,Edit
Sửa khoản thuê nhà thành 200k,Action,Edit
Sửa khoản thuê nhà thành 250k,Action,Edit
Sửa khoản thuê nhà thành 300k,Action,Edit
Sửa khoản thuê nhà thành 500k,Action,Edit
Sửa khoản xem phim thành 1 triệu,Action,Edit
Sửa khoản xem phim thành 300k,Action,Edit
Sửa khoản xem phim thành 900k,Action,Edit
Sửa khoản xăng xe thành 180k,Action,Edit
Sửa khoản y tế thành 300k,Action,Edit
Sửa khoản y tế thành 500k,Action,Edit
Sửa khoản ăn uống thành 200k,Action,Edit
Sửa khoản ăn uống thành 35k,Action,Edit
Sửa khoản đi chợ thành 2 triệu,Action,Edit
Sửa khoản đi chợ thành 35k,Action,Edit
Sửa khoản đi chợ thành 80k,Action,Edit
Sửa khoản đi lại thành 1 triệu,Action,Edit
Sửa khoản đi lại thành 2 triệu,Action,Edit
Sửa khoản đi lại thành 200k,Action,Edit
Sửa khoản đi lại thành 500k,Action,Edit
Sửa khoản đi lại thành 50k,Action,Edit
Sửa khoản điện nước thành 120k,Action,Edit
Sửa khoản điện nước thành 200k,Action,Edit
Sửa khoản điện nước thành 80k,Action,Edit
Sửa khoản điện thoại thành 200k,Action,Edit
Sửa khoản điện thoại thành 80k,Action,Edit
Sửa khoản điện thoại thành 90k,Action,Edit
Sửa khoản đầu tư thành 500k,Action,Edit
Thiết lập chế độ tiết kiệm pin,Action,Setting
Thiết lập chế độ tối,Action,Setting
Thiết lập dark mode,Action,Setting
Thiết lập hiển thị số dư,Action,Setting
Thiết lập ngôn ngữ,Action,Setting
Thiết lập nhắc nhở,Action,Setting
Thiết lập quyền riêng tư,Action,Setting
Thiết lập rung,Action,Setting
Thiết lập thu nhập mỗi tháng 1 trieu,Action,SET_INCOME
Thiết lập thu nhập mỗi tháng 1 triệu,Action,SET_INCOME
Thiết lập thu nhập mỗi tháng 120k,Action,SET_INCOME
Thiết lập thu nhập mỗi tháng 15k,Action,SET_INCOME
Thiết lập thu nhập mỗi tháng 2 trieu,Action,SET_INCOME
Thiết lập thu nhập mỗi tháng 2 triệu,Action,SET_INCOME
Thiết lập thu nhập mỗi tháng 200k,Action,SET_INCOME
Thiết lập thu nhập mỗi tháng 20k,Action,SET_INCOME
Thiết lập thu nhập mỗi tháng 2tr400,Action,SET_INCOME
Thiết lập thu nhập mỗi tháng 3 trieu,Action,SET_INCOME
Thiết lập thu nhập mỗi tháng 3 triệu,Action,SET_INCOME
Thiết lập thu nhập mỗi tháng 300k,Action,SET_INCOME
Thiết lập thu nhập mỗi tháng 35k,Action,SET_INCOME
Thiết lập thu nhập mỗi tháng 5 trieu,Action,SET_INCOME
Thiết lập thu nhập mỗi tháng 500k,Action,SET_INCOME
Thiết lập thu nhập mỗi tháng 50k,Action,SET_INCOME
Thiết lập thu nhập mỗi tháng 750k,Action,SET_INCOME
Thiết lập thu nhập mỗi tháng 80k,Action,SET_INCOME
Thiết lập thông báo,Action,Setting
Thiết lập âm thanh,Action,Setting
Thu nhập tháng này là 1 triệu,Action,SET_INCOME
Thu nhập tháng này là 120k,Action,SET_INCOME
Thu nhập tháng này là 2 triệu,Action,SET_INCOME
Thu nhập tháng này là 200k,Action,SET_INCOME
Thu nhập tháng này là 500k,Action,SET_INCOME
Thu nhập tháng này là 50k,Action,SET_INCOME
Thu nhập tháng này là 80k,Action,SET_INCOME
Tháng này muốn tiết kiệm 1 trieu,Action,SET_GOAL
Tháng này muốn tiết kiệm 1 triệu,Action,SET_GOAL
Tháng này muốn tiết kiệm 120k,Action,SET_GOAL
Tháng này muốn tiết kiệm 15k,Action,SET_GOAL
Tháng này muốn tiết kiệm 2 trieu,Action,SET_GOAL
Tháng này muốn tiết kiệm 2 triệu,Action,SET_GOAL
Tháng này muốn tiết kiệm 200k,Action,SET_GOAL
Tháng này muốn tiết kiệm 20k,Action,SET_GOAL
Tháng này muốn tiết kiệm 2tr400,Action,SET_GOAL
Tháng này muốn tiết kiệm 3 trieu,Action,SET_GOAL
Tháng này muốn tiết kiệm 3 triệu,Action,SET_GOAL
Tháng này muốn tiết kiệm 300k,Action,SET_GOAL
Tháng này muốn tiết kiệm 35k,Action,SET_GOAL
Tháng này muốn tiết kiệm 5 trieu,Action,SET_GOAL
Tháng này muốn tiết kiệm 5 triệu,Action,SET_GOAL
Tháng này muốn tiết kiệm 500k,Action,SET_GOAL
Tháng này muốn tiết kiệm 50k,Action,SET_GOAL
Tháng này muốn tiết kiệm 750k,Action,SET_GOAL
Tháng này muốn tiết kiệm 80k,Action,SET_GOAL
Tháng này mình đã chi cho bảo hiểm bao nhiêu rồi,Action,Report
Tháng này mình đã chi cho cà phê bao nhiêu rồi,Action,Report
Tháng này mình đã chi cho cắt tóc bao nhiêu rồi,Action,Report
Tháng này mình đã chi cho du lịch bao nhiêu rồi,Action,Report
Tháng này mình đã chi cho gia đình bao nhiêu rồi,Action,Report
Tháng này mình đã chi cho giải trí bao nhiêu rồi,Action,Report
Tháng này mình đã chi cho học phí bao nhiêu rồi,Action,Report
Tháng này mình đã chi cho hội họp bao nhiêu rồi,Action,Report
Tháng này mình đã chi cho internet bao nhiêu rồi,Action,Report
Tháng này mình đã chi cho linh tinh bao nhiêu rồi,Action,Report
Tháng này mình đã chi cho mua sắm bao nhiêu rồi,Action,Report
Tháng này mình đã chi cho mỹ phẩm bao nhiêu rồi,Action,Report
Tháng này mình đã chi cho nội thất bao nhiêu rồi,Action,Report
Tháng này mình đã chi cho quà tặng bao nhiêu rồi,Action,Report
Tháng này mình đã chi cho sửa xe bao nhiêu rồi,Action,Report
Tháng này mình đã chi cho thuê nhà bao nhiêu rồi,Action,Report
Tháng này mình đã chi cho xem phim bao nhiêu rồi,Action,Report
Tháng này mình đã chi cho xăng xe bao nhiêu rồi,Action,Report
Tháng này mình đã chi cho y tế bao nhiêu rồi,Action,Report
Tháng này mình đã chi cho ăn uống bao nhiêu rồi,Action,Report
Tháng này mình đã chi cho đi chợ bao nhiêu rồi,Action,Report
Tháng này mình đã chi cho đi lại bao nhiêu rồi,Action,Report
Tháng này mình đã chi cho điện nước bao nhiêu rồi,Action,Report
Tháng này mình đã chi cho điện thoại bao nhiêu rồi,Action,Report
Tháng này mình đã chi cho đầu tư bao nhiêu rồi,Action,Report
Tháng này mình đã tiêu hết bao nhiêu,Action,REPORT_GENERAL
Tháng này tiêu bao nhiêu rồi,Action,REPORT_GENERAL
Tháng này tiêu bao nhiêu rồi bot,Action,REPORT_GENERAL
Tháng này tiêu bao nhiêu rồi ha,Action,REPORT_GENERAL
Tháng này tiêu bao nhiêu rồi nha,Action,REPORT_GENERAL
Thêm 1 trieu vào mục tiêu tiết kiệm,Action,ADD_GOAL
Thêm 1 triệu vào mục tiêu tiết kiệm,Action,ADD_GOAL
Thêm 120k vào mục tiêu tiết kiệm,Action,ADD_GOAL
Thêm 15k vào mục tiêu tiết kiệm,Action,ADD_GOAL
Thêm 2 triệu vào mục tiêu tiết kiệm,Action,ADD_GOAL
Thêm 200k vào mục tiêu tiết kiệm,Action,ADD_GOAL
Thêm 20k vào mục tiêu tiết kiệm,Action,ADD_GOAL
Thêm 2tr400 vào mục tiêu tiết kiệm,Action,ADD_GOAL
Thêm 3 trieu vào mục tiêu tiết kiệm,Action,ADD_GOAL
Thêm 3 triệu vào mục tiêu tiết kiệm,Action,ADD_GOAL
Thêm 300k vào mục tiêu tiết kiệm,Action,ADD_GOAL
Thêm 35k vào mục tiêu tiết kiệm,Action,ADD_GOAL
Thêm 5 triệu vào mục tiêu tiết kiệm,Action,ADD_GOAL
Thêm 500k vào mục tiêu tiết kiệm,Action,ADD_GOAL
Thêm 50k vào mục tiêu tiết kiệm,Action,ADD_GOAL
Thêm 750k vào mục tiêu tiết kiệm,Action,ADD_GOAL
Thêm 80k vào mục tiêu tiết kiệm,Action,ADD_GOAL
Thống kê chi tiêu gần đây,Action,REPORT_GENERAL
Thống kê chi tiêu hôm nay,Action,REPORT_GENERAL
Thống kê chi tiêu hôm qua,Action,REPORT_GENERAL
Thống kê chi tiêu mấy hôm nay,Action,REPORT_GENERAL
Thống kê chi tiêu quý này,Action,REPORT_GENERAL
Thống kê chi tiêu tháng này,Action,REPORT_GENERAL
Thống kê chi tiêu tháng trước,Action,REPORT_GENERAL
Thống kê chi tiêu tuần này,Action,REPORT_GENERAL
Thống kê chi tiêu tuần trước,Action,REPORT_GENERAL
Thống kê chi tiêu đợt vừa rồi,Action,REPORT_GENERAL
Thống kê cà phê hôm qua,Action,Report
Thống kê du lịch quý này,Action,Report
Thống kê gia đình tuần này,Action,Report
Thống kê giải trí gần đây,Action,Report
Thống kê giải trí tháng này,Action,Report
Thống kê giải trí tháng trước,Action,Report
Thống kê học phí mấy hôm nay,Action,Report
Thống kê học phí quý này,Action,Report
Thống kê học phí tháng này,Action,Report
Thống kê học phí tuần này,Action,Report
Thống kê hội họp dạo này,Action,Report
Thống kê internet dạo này,Action,Report
Thống kê internet hôm qua,Action,Report
Thống kê internet quý này,Action,Report
Thống kê linh tinh hôm nay,Action,Report
Thống kê mua sắm gần đây,Action,Report
Thống kê mua sắm tháng này,Action,Report
Thống kê mỹ phẩm hôm nay,Action,Report
Thống kê mỹ phẩm tuần này,Action,Report
Thống kê nhà cửa tháng này,Action,Report
Thống kê nội thất dạo này,Action,Report
Thống kê nội thất quý này,Action,Report
Thống kê quà tặng tháng này,Action,Report
Thống kê sửa xe hôm nay,Action,Report
Thống kê xem phim gần đây,Action,Report
Thống kê xem phim hôm nay,Action,Report
Thống kê xem phim quý này,Action,Report
Thống kê xăng xe mấy hôm nay,Action,Report
Thống kê xăng xe quý này,Action,Report
Thống kê xăng xe tháng này,Action,Report
Thống kê y tế hôm qua,Action,Report
Thống kê y tế tháng này,Action,Report
Thống kê ăn uống tháng này,Action,Report
Thống kê đi lại tháng này,Action,Report
Thống kê điện nước hôm nay,Action,Report
Thống kê điện nước tháng này,Action,Report
Thống kê điện nước tuần này,Action,Report
Tra cứu hóa đơn an uong tháng trước,Action,SEARCH_RECORD
Tra cứu hóa đơn an uong đợt vừa rồi,Action,SEARCH_RECORD
Tra cứu hóa đơn bao hiem gần đây,Action,SEARCH_RECORD
Tra cứu hóa đơn bao hiem hôm qua,Action,SEARCH_RECORD
Tra cứu hóa đơn bao hiem mấy hôm nay,Action,SEARCH_RECORD
Tra cứu hóa đơn bảo hiểm tuần này,Action,SEARCH_RECORD
Tra cứu hóa đơn ca phe mấy hôm nay,Action,SEARCH_RECORD
Tra cứu hóa đơn ca phe quý này,Action,SEARCH_RECORD
Tra cứu hóa đơn cat toc gần đây,Action,SEARCH_RECORD
Tra cứu hóa đơn cà phê mấy hôm nay,Action,SEARCH_RECORD
Tra cứu hóa đơn cà phê quý này,Action,SEARCH_RECORD
Tra cứu hóa đơn cà phê tuần trước,Action,SEARCH_RECORD
Tra cứu hóa đơn cắt tóc hôm nay,Action,SEARCH_RECORD
Tra cứu hóa đơn cắt tóc hôm qua,Action,SEARCH_RECORD
Tra cứu hóa đơn cắt tóc quý này,Action,SEARCH_RECORD
Tra cứu hóa đơn cắt tóc tuần này,Action,SEARCH_RECORD
Tra cứu hóa đơn di cho tháng trước,Action,SEARCH_RECORD
Tra cứu hóa đơn di cho tuần này,Action,SEARCH_RECORD
Tra cứu hóa đơn di lai mấy hôm nay,Action,SEARCH_RECORD
Tra cứu hóa đơn dien nuoc gần đây,Action,SEARCH_RECORD
Tra cứu hóa đơn dien nuoc hôm qua,Action,SEARCH_RECORD
Tra cứu hóa đơn dien nuoc tuần này,Action,SEARCH_RECORD
Tra cứu hóa đơn du lich tuần trước,Action,SEARCH_RECORD
Tra cứu hóa đơn du lịch gần đây,Action,SEARCH_RECORD
Tra cứu hóa đơn du lịch quý này,Action,SEARCH_RECORD
Tra cứu hóa đơn du lịch tháng này,Action,SEARCH_RECORD
Tra cứu hóa đơn du lịch tuần trước,Action,SEARCH_RECORD
Tra cứu hóa đơn gia dinh tháng trước,Action,SEARCH_RECORD
Tra cứu hóa đơn gia đình gần đây,Action,SEARCH_RECORD
Tra cứu hóa đơn gia đình mấy hôm nay,Action,SEARCH_RECORD
Tra cứu hóa đơn gia đình tuần này,Action,SEARCH_RECORD
Tra cứu hóa đơn gia đình tuần trước,Action,SEARCH_RECORD
Tra cứu hóa đơn giai tri hôm qua,Action,SEARCH_RECORD
Tra cứu hóa đơn giai tri mấy hôm nay,Action,SEARCH_RECORD
Tra cứu hóa đơn giải trí gần đây,Action,SEARCH_RECORD
Tra cứu hóa đơn giải trí mấy hôm nay,Action,SEARCH_RECORD
Tra cứu hóa đơn giải trí tuần này,Action,SEARCH_RECORD
Tra cứu hóa đơn hoc online quý này,Action,SEARCH_RECORD
Tra cứu hóa đơn hoi hop tháng trước,Action,SEARCH_RECORD
Tra cứu hóa đơn hoi hop tuần trước,Action,SEARCH_RECORD
Tra cứu hóa đơn học online hôm nay,Action,SEARCH_RECORD
Tra cứu hóa đơn học online quý này,Action,SEARCH_RECORD
Tra cứu hóa đơn học online tuần trước,Action,SEARCH_RECORD
Tra cứu hóa đơn học phí tháng này,Action,SEARCH_RECORD
Tra cứu hóa đơn học phí tháng trước,Action,SEARCH_RECORD
Tra cứu hóa đơn học phí tuần này,Action,SEARCH_RECORD
Tra cứu hóa đơn học phí tuần trước,Action,SEARCH_RECORD
Tra cứu hóa đơn hội họp gần đây,Action,SEARCH_RECORD
Tra cứu hóa đơn hội họp tháng này,Action,SEARCH_RECORD
Tra cứu hóa đơn hội họp đợt vừa rồi,Action,SEARCH_RECORD
Tra cứu hóa đơn internet gần đây,Action,SEARCH_RECORD
Tra cứu hóa đơn internet tháng này,Action,SEARCH_RECORD
Tra cứu hóa đơn internet tháng trước,Action,SEARCH_RECORD
Tra cứu hóa đơn internet tuần trước,Action,SEARCH_RECORD
Tra cứu hóa đơn linh tinh hôm nay,Action,SEARCH_RECORD
Tra cứu hóa đơn linh tinh hôm qua,Action,SEARCH_RECORD
Tra cứu hóa đơn linh tinh mấy hôm nay,Action,SEARCH_RECORD
Tra cứu hóa đơn linh tinh quý này,Action,SEARCH_RECORD
Tra cứu hóa đơn linh tinh tháng này,Action,SEARCH_RECORD
Tra cứu hóa đơn linh tinh tuần này,Action,SEARCH_RECORD
Tra cứu hóa đơn linh tinh tuần trước,Action,SEARCH_RECORD
Tra cứu hóa đơn mua sam gần đây,Action,SEARCH_RECORD
Tra cứu hóa đơn mua sam tuần này,Action,SEARCH_RECORD
Tra cứu hóa đơn mua sắm tháng này,Action,SEARCH_RECORD
Tra cứu hóa đơn my pham hôm nay,Action,SEARCH_RECORD
Tra cứu hóa đơn mỹ phẩm hôm nay,Action,SEARCH_RECORD
Tra cứu hóa đơn mỹ phẩm hôm qua,Action,SEARCH_RECORD
Tra cứu hóa đơn mỹ phẩm quý này,Action,SEARCH_RECORD
Tra cứu hóa đơn mỹ phẩm tháng này,Action,SEARCH_RECORD
Tra cứu hóa đơn mỹ phẩm tuần này,Action,SEARCH_RECORD
Tra cứu hóa đơn mỹ phẩm tuần trước,Action,SEARCH_RECORD
Tra cứu hóa đơn noi that tháng trước,Action,SEARCH_RECORD
Tra cứu hóa đơn noi that đợt vừa rồi,Action,SEARCH_RECORD
Tra cứu hóa đơn nội thất quý này,Action,SEARCH_RECORD
Tra cứu hóa đơn nội thất tháng này,Action,SEARCH_RECORD
Tra cứu hóa đơn quà tặng gần đây,Action,SEARCH_RECORD
Tra cứu hóa đơn quà tặng quý này,Action,SEARCH_RECORD
Tra cứu hóa đơn quà tặng tháng trước,Action,SEARCH_RECORD
Tra cứu hóa đơn quà tặng tuần này,Action,SEARCH_RECORD
Tra cứu hóa đơn sửa xe gần đây,Action,SEARCH_RECORD
Tra cứu hóa đơn sửa xe hôm nay,Action,SEARCH_RECORD
Tra cứu hóa đơn sửa xe quý này,Action,SEARCH_RECORD
Tra cứu hóa đơn the thao gần đây,Action,SEARCH_RECORD
Tra cứu hóa đơn the thao quý này,Action,SEARCH_RECORD
Tra cứu hóa đơn thuê nhà mấy hôm nay,Action,SEARCH_RECORD
Tra cứu hóa đơn thuê nhà tuần này,Action,SEARCH_RECORD
Tra cứu hóa đơn thú cưng đợt vừa rồi,Action,SEARCH_RECORD
Tra cứu hóa đơn thể thao đợt vừa rồi,Action,SEARCH_RECORD
Tra cứu hóa đơn xăng xe mấy hôm nay,Action,SEARCH_RECORD
Tra cứu hóa đơn xăng xe tháng này,Action,SEARCH_RECORD
Tra cứu hóa đơn xăng xe tháng trước,Action,SEARCH_RECORD
Tra cứu hóa đơn xăng xe tuần này,Action,SEARCH_RECORD
Tra cứu hóa đơn y te gần đây,Action,SEARCH_RECORD
Tra cứu hóa đơn y te đợt vừa rồi,Action,SEARCH_RECORD
Tra cứu hóa đơn y tế mấy hôm nay,Action,SEARCH_RECORD
Tra cứu hóa đơn y tế quý này,Action,SEARCH_RECORD
Tra cứu hóa đơn y tế tuần này,Action,SEARCH_RECORD
Tra cứu hóa đơn ăn uống quý này,Action,SEARCH_RECORD
Tra cứu hóa đơn ăn uống tháng này,Action,SEARCH_RECORD
Tra cứu hóa đơn ăn uống tháng trước,Action,SEARCH_RECORD
Tra cứu hóa đơn ăn uống tuần trước,Action,SEARCH_RECORD
Tra cứu hóa đơn đi chợ gần đây,Action,SEARCH_RECORD
Tra cứu hóa đơn đi chợ quý này,Action,SEARCH_RECORD
Tra cứu hóa đơn đi chợ tháng này,Action,SEARCH_RECORD
Tra cứu hóa đơn đi chợ tháng trước,Action,SEARCH_RECORD
Tra cứu hóa đơn đi lại hôm nay,Action,SEARCH_RECORD
Tra cứu hóa đơn đi lại quý này,Action,SEARCH_RECORD
Tra cứu hóa đơn đi lại tháng này,Action,SEARCH_RECORD
Tra cứu hóa đơn đi lại tuần này,Action,SEARCH_RECORD
Tra cứu hóa đơn đi lại tuần trước,Action,SEARCH_RECORD
Tra cứu hóa đơn đi lại đợt vừa rồi,Action,SEARCH_RECORD
Tra cứu hóa đơn điện nước tuần này,Action,SEARCH_RECORD
Tra cứu hóa đơn điện nước đợt vừa rồi,Action,SEARCH_RECORD
Tra cứu hóa đơn điện thoại gần đây,Action,SEARCH_RECORD
Tra cứu hóa đơn điện thoại hôm nay,Action,SEARCH_RECORD
Tra cứu hóa đơn điện thoại hôm qua,Action,SEARCH_RECORD
Tra cứu hóa đơn điện thoại tháng trước,Action,SEARCH_RECORD
Tra cứu hóa đơn đầu tư gần đây,Action,SEARCH_RECORD
Tra cứu hóa đơn đầu tư quý này,Action,SEARCH_RECORD
Tra cứu hóa đơn đầu tư tháng trước,Action,SEARCH_RECORD
Tra cứu hóa đơn đầu tư tuần này,Action,SEARCH_RECORD
Tra cứu hóa đơn đầu tư đợt vừa rồi,Action,SEARCH_RECORD
Tra khoản thanh toán bảo hiểm bằng cash,Action,Search
Tra khoản thanh toán cà phê bằng chuyển khoản,Action,Search
Tra khoản thanh toán cắt tóc bằng ZaloPay,Action,Search
Tra khoản thanh toán du lịch bằng Momo,Action,Search
Tra khoản thanh toán gia đình bằng VNPay,Action,Search
Tra khoản thanh toán giải trí bằng thẻ,Action,Search
Tra khoản thanh toán học phí bằng QR,Action,Search
Tra khoản thanh toán hội họp bằng tiền mặt,Action,Search
Tra khoản thanh toán internet bằng banking,Action,Search
Tra khoản thanh toán linh tinh bằng cash,Action,Search
Tra khoản thanh toán mua sắm bằng cash,Action,Search
Tra khoản thanh toán mỹ phẩm bằng tiền mặt,Action,Search
Tra khoản thanh toán nội thất bằng thẻ,Action,Search
Tra khoản thanh toán quà tặng bằng chuyển khoản,Action,Search
Tra khoản thanh toán sửa xe bằng ví điện tử,Action,Search
Tra khoản thanh toán thuê nhà bằng Momo,Action,Search
Tra khoản thanh toán xem phim bằng thẻ,Action,Search
Tra khoản thanh toán xăng xe bằng ví điện tử,Action,Search
Tra khoản thanh toán y tế bằng ZaloPay,Action,Search
Tra khoản thanh toán ăn uống bằng VNPay,Action,Search
Tra khoản thanh toán đi chợ bằng QR,Action,Search
Tra khoản thanh toán đi lại bằng banking,Action,Search
Tra khoản thanh toán điện nước bằng tiền mặt,Action,Search
Tra khoản thanh toán điện thoại bằng VNPay,Action,Search
Tra khoản thanh toán đầu tư bằng banking,Action,Search
Tra lại lịch sử bảo hiểm gần đây,Action,Search
Tra lại lịch sử cà phê dạo này,Action,Search
Tra lại lịch sử cà phê gần đây,Action,Search
Tra lại lịch sử cà phê tuần này,Action,Search
Tra lại lịch sử cắt tóc gần đây,Action,Search
Tra lại lịch sử cắt tóc tháng trước,Action,Search
Tra lại lịch sử cắt tóc tuần này,Action,Search
Tra lại lịch sử du lịch gần đây,Action,Search
Tra lại lịch sử gia đình gần đây,Action,Search
Tra lại lịch sử gia đình hôm qua,Action,Search
Tra lại lịch sử giải trí gần đây,Action,Search
Tra lại lịch sử học phí gần đây,Action,Search
Tra lại lịch sử học phí tuần này,Action,Search
Tra lại lịch sử hội họp dạo này,Action,Search
Tra lại lịch sử hội họp gần đây,Action,Search
Tra lại lịch sử hội họp quý này,Action,Search
Tra lại lịch sử internet gần đây,Action,Search
Tra lại lịch sử internet mấy hôm nay,Action,Search
Tra lại lịch sử internet quý này,Action,Search
Tra lại lịch sử linh tinh gần đây,Action,Search
Tra lại lịch sử linh tinh tháng trước,Action,Search
Tra lại lịch sử mua sắm gần đây,Action,Search
Tra lại lịch sử mỹ phẩm dạo này,Action,Search
Tra lại lịch sử mỹ phẩm gần đây,Action,Search
Tra lại lịch sử mỹ phẩm hôm qua,Action,Search
Tra lại lịch sử nội thất gần đây,Action,Search
Tra lại lịch sử nội thất hôm nay,Action,Search
Tra lại lịch sử quà tặng gần đây,Action,Search
Tra lại lịch sử quà tặng hôm nay,Action,Search
Tra lại lịch sử sửa xe gần đây,Action,Search
Tra lại lịch sử sửa xe hôm nay,Action,Search
Tra lại lịch sử thuê nhà gần đây,Action,Search
Tra lại lịch sử thuê nhà hôm nay,Action,Search
Tra lại lịch sử thuê nhà tháng này,Action,Search
Tra lại lịch sử thuê nhà tháng trước,Action,Search
Tra lại lịch sử xem phim dạo này,Action,Search
Tra lại lịch sử xem phim gần đây,Action,Search
Tra lại lịch sử xem phim hôm qua,Action,Search
Tra lại lịch sử xem phim quý này,Action,Search
Tra lại lịch sử xăng xe gần đây,Action,Search
Tra lại lịch sử xăng xe quý này,Action,Search
Tra lại lịch sử xăng xe tháng trước,Action,Search
Tra lại lịch sử y tế gần đây,Action,Search
Tra lại lịch sử y tế hôm qua,Action,Search
Tra lại lịch sử ăn uống gần đây,Action,Search
Tra lại lịch sử đi chợ gần đây,Action,Search
Tra lại lịch sử đi chợ tuần này,Action,Search
Tra lại lịch sử đi lại gần đây,Action,Search
Tra lại lịch sử đi lại tháng này,Action,Search
Tra lại lịch sử điện nước gần đây,Action,Search
Tra lại lịch sử điện thoại gần đây,Action,Search
Tra lại lịch sử điện thoại mấy hôm nay,Action,Search
Tra lại lịch sử điện thoại quý này,Action,Search
Tra lại lịch sử đầu tư gần đây,Action,Search
Tra lại lịch sử đầu tư mấy hôm nay,Action,Search
Tuần này bảo hiểm tốn bao nhiêu vậy,Action,Report
Tuần này cà phê tốn bao nhiêu vậy,Action,Report
Tuần này cắt tóc tốn bao nhiêu vậy,Action,Report
Tuần này du lịch tốn bao nhiêu vậy,Action,Report
Tuần này gia đình tốn bao nhiêu vậy,Action,Report
Tuần này giải trí tốn bao nhiêu vậy,Action,Report
Tuần này học phí tốn bao nhiêu vậy,Action,Report
Tuần này hội họp tốn bao nhiêu vậy,Action,Report
Tuần này internet tốn bao nhiêu vậy,Action,Report
Tuần này linh tinh tốn bao nhiêu vậy,Action,Report
Tuần này mua sắm tốn bao nhiêu vậy,Action,Report
Tuần này mỹ phẩm tốn bao nhiêu vậy,Action,Report
Tuần này nội thất tốn bao nhiêu vậy,Action,Report
Tuần này quà tặng tốn bao nhiêu vậy,Action,Report
Tuần này sửa xe tốn bao nhiêu vậy,Action,Report
Tuần này thuê nhà tốn bao nhiêu vậy,Action,Report
Tuần này xem phim tốn bao nhiêu vậy,Action,Report
Tuần này xăng xe tốn bao nhiêu vậy,Action,Report
Tuần này y tế tốn bao nhiêu vậy,Action,Report
Tuần này ăn uống tốn bao nhiêu vậy,Action,Report
Tuần này đi chợ tốn bao nhiêu vậy,Action,Report
Tuần này đi lại tốn bao nhiêu vậy,Action,Report
Tuần này điện nước tốn bao nhiêu vậy,Action,Report
Tuần này điện thoại tốn bao nhiêu vậy,Action,Report
Tuần này đầu tư tốn bao nhiêu vậy,Action,Report
Tên của tôi là An,Action,SET_USERNAME
Tên của tôi là Huy,Action,SET_USERNAME
Tên của tôi là Khanh,Action,SET_USERNAME
Tên của tôi là Lan,Action,SET_USERNAME
Tên của tôi là Linh,Action,SET_USERNAME
Tên của tôi là Mai,Action,SET_USERNAME
Tên của tôi là Minh,Action,SET_USERNAME
Tên của tôi là Phuc,Action,SET_USERNAME
Tên của tôi là Thanh,Action,SET_USERNAME
Tên của tôi là Trinh,Action,SET_USERNAME
Tên của tôi là Vy,Action,SET_USERNAME
Tìm các giao dịch an uong tuần trước,Action,SEARCH_RECORD
Tìm các giao dịch bao hiem hôm qua,Action,SEARCH_RECORD
Tìm các giao dịch bao hiem tháng này,Action,SEARCH_RECORD
Tìm các giao dịch bao hiem tuần này,Action,SEARCH_RECORD
Tìm các giao dịch bảo hiểm hôm nay,Action,SEARCH_RECORD
Tìm các giao dịch bảo hiểm mấy hôm nay,Action,SEARCH_RECORD
Tìm các giao dịch bảo hiểm quý này,Action,SEARCH_RECORD
Tìm các giao dịch bảo hiểm tuần này,Action,SEARCH_RECORD
Tìm các giao dịch bảo hiểm tuần trước,Action,SEARCH_RECORD
Tìm các giao dịch ca phe hôm qua,Action,SEARCH_RECORD
Tìm các giao dịch cà phê hôm nay,Action,SEARCH_RECORD
Tìm các giao dịch cà phê hôm qua,Action,SEARCH_RECORD
Tìm các giao dịch cà phê mấy hôm nay,Action,SEARCH_RECORD
Tìm các giao dịch cà phê tháng trước,Action,SEARCH_RECORD
Tìm các giao dịch cà phê đợt vừa rồi,Action,SEARCH_RECORD
Tìm các giao dịch cắt tóc hôm nay,Action,SEARCH_RECORD
Tìm các giao dịch cắt tóc mấy hôm nay,Action,SEARCH_RECORD
Tìm các giao dịch cắt tóc tháng trước,Action,SEARCH_RECORD
Tìm các giao dịch cắt tóc tuần này,Action,SEARCH_RECORD
Tìm các giao dịch dau tu mấy hôm nay,Action,SEARCH_RECORD
Tìm các giao dịch dau tu tháng trước,Action,SEARCH_RECORD
Tìm các giao dịch di cho hôm qua,Action,SEARCH_RECORD
Tìm các giao dịch di lai tuần trước,Action,SEARCH_RECORD
Tìm các giao dịch du lịch hôm nay,Action,SEARCH_RECORD
Tìm các giao dịch du lịch quý này,Action,SEARCH_RECORD
Tìm các giao dịch du lịch tuần này,Action,SEARCH_RECORD
Tìm các giao dịch du lịch tuần trước,Action,SEARCH_RECORD
Tìm các giao dịch gia đình quý này,Action,SEARCH_RECORD
Tìm các giao dịch gia đình tháng này,Action,SEARCH_RECORD
Tìm các giao dịch gia đình tuần này,Action,SEARCH_RECORD
Tìm các giao dịch giải trí hôm nay,Action,SEARCH_RECORD
Tìm các giao dịch giải trí hôm qua,Action,SEARCH_RECORD
Tìm các giao dịch giải trí tháng trước,Action,SEARCH_RECORD
Tìm các giao dịch giải trí tuần trước,Action,SEARCH_RECORD
Tìm các giao dịch hoc online hôm nay,Action,SEARCH_RECORD
Tìm các giao dịch hoc phi tháng này,Action,SEARCH_RECORD
Tìm các giao dịch hoc phi tháng trước,Action,SEARCH_RECORD
Tìm các giao dịch hoc phi tuần trước,Action,SEARCH_RECORD
Tìm các giao dịch học online hôm qua,Action,SEARCH_RECORD
Tìm các giao dịch học online quý này,Action,SEARCH_RECORD
Tìm các giao dịch học phí gần đây,Action,SEARCH_RECORD
Tìm các giao dịch học phí mấy hôm nay,Action,SEARCH_RECORD
Tìm các giao dịch học phí tháng này,Action,SEARCH_RECORD
Tìm các giao dịch học phí tuần này,Action,SEARCH_RECORD
Tìm các giao dịch học phí tuần trước,Action,SEARCH_RECORD
Tìm các giao dịch hội họp hôm nay,Action,SEARCH_RECORD
Tìm các giao dịch hội họp mấy hôm nay,Action,SEARCH_RECORD
Tìm các giao dịch hội họp tháng trước,Action,SEARCH_RECORD
Tìm các giao dịch hội họp tuần này,Action,SEARCH_RECORD
Tìm các giao dịch hội họp tuần trước,Action,SEARCH_RECORD
Tìm các giao dịch internet gần đây,Action,SEARCH_RECORD
Tìm các giao dịch internet hôm nay,Action,SEARCH_RECORD
Tìm các giao dịch internet quý này,Action,SEARCH_RECORD
Tìm các giao dịch internet tháng này,Action,SEARCH_RECORD
Tìm các giao dịch internet tuần trước,Action,SEARCH_RECORD
Tìm các giao dịch internet đợt vừa rồi,Action,SEARCH_RECORD
Tìm các giao dịch linh tinh hôm qua,Action,SEARCH_RECORD
Tìm các giao dịch linh tinh mấy hôm nay,Action,SEARCH_RECORD
Tìm các giao dịch linh tinh tháng trước,Action,SEARCH_RECORD
Tìm các giao dịch linh tinh tuần này,Action,SEARCH_RECORD
Tìm các giao dịch linh tinh tuần trước,Action,SEARCH_RECORD
Tìm các giao dịch mua sắm hôm nay,Action,SEARCH_RECORD
Tìm các giao dịch mua sắm tuần trước,Action,SEARCH_RECORD
Tìm các giao dịch my pham tuần trước,Action,SEARCH_RECORD
Tìm các giao dịch mỹ phẩm gần đây,Action,SEARCH_RECORD
Tìm các giao dịch mỹ phẩm hôm nay,Action,SEARCH_RECORD
Tìm các giao dịch mỹ phẩm tháng trước,Action,SEARCH_RECORD
Tìm các giao dịch nội thất gần đây,Action,SEARCH_RECORD
Tìm các giao dịch nội thất hôm nay,Action,SEARCH_RECORD
Tìm các giao dịch nội thất hôm qua,Action,SEARCH_RECORD
Tìm các giao dịch nội thất tháng này,Action,SEARCH_RECORD
Tìm các giao dịch nội thất tháng trước,Action,SEARCH_RECORD
Tìm các giao dịch nội thất tuần này,Action,SEARCH_RECORD
Tìm các giao dịch nội thất tuần trước,Action,SEARCH_RECORD
Tìm các giao dịch quà tặng gần đây,Action,SEARCH_RECORD
Tìm các giao dịch quà tặng hôm qua,Action,SEARCH_RECORD
Tìm các giao dịch quà tặng mấy hôm nay,Action,SEARCH_RECORD
Tìm các giao dịch quà tặng quý này,Action,SEARCH_RECORD
Tìm các giao dịch quà tặng tháng này,Action,SEARCH_RECORD
Tìm các giao dịch quà tặng tuần này,Action,SEARCH_RECORD
Tìm các giao dịch sach vo hôm nay,Action,SEARCH_RECORD
Tìm các giao dịch sua xe mấy hôm nay,Action,SEARCH_RECORD
Tìm các giao dịch sách vở tuần trước,Action,SEARCH_RECORD
Tìm các giao dịch sửa xe hôm qua,Action,SEARCH_RECORD
Tìm các giao dịch sửa xe quý này,Action,SEARCH_RECORD
Tìm các giao dịch sửa xe tháng trước,Action,SEARCH_RECORD
Tìm các giao dịch sửa xe tuần trước,Action,SEARCH_RECORD
Tìm các giao dịch the thao đợt vừa rồi,Action,SEARCH_RECORD
Tìm các giao dịch thue nha hôm qua,Action,SEARCH_RECORD
Tìm các giao dịch thue nha tháng này,Action,SEARCH_RECORD
Tìm các giao dịch thuê nhà hôm nay,Action,SEARCH_RECORD
Tìm các giao dịch thuê nhà quý này,Action,SEARCH_RECORD
Tìm các giao dịch thuê nhà tháng này,Action,SEARCH_RECORD
Tìm các giao dịch thú cưng hôm nay,Action,SEARCH_RECORD
Tìm các giao dịch xang xe hôm nay,Action,SEARCH_RECORD
Tìm các giao dịch xăng xe gần đây,Action,SEARCH_RECORD
Tìm các giao dịch xăng xe hôm nay,Action,SEARCH_RECORD
Tìm các giao dịch xăng xe tháng này,Action,SEARCH_RECORD
Tìm các giao dịch xăng xe tuần trước,Action,SEARCH_RECORD
Tìm các giao dịch y te tháng trước,Action,SEARCH_RECORD
Tìm các giao dịch y te tuần này,Action,SEARCH_RECORD
Tìm các giao dịch y tế hôm qua,Action,SEARCH_RECORD
Tìm các giao dịch y tế mấy hôm nay,Action,SEARCH_RECORD
Tìm các giao dịch y tế tháng này,Action,SEARCH_RECORD
Tìm các giao dịch y tế tháng trước,Action,SEARCH_RECORD
Tìm các giao dịch ăn uống hôm nay,Action,SEARCH_RECORD
Tìm các giao dịch ăn uống tháng này,Action,SEARCH_RECORD
Tìm các giao dịch ăn uống tuần này,Action,SEARCH_RECORD
Tìm các giao dịch đi chợ gần đây,Action,SEARCH_RECORD
Tìm các giao dịch đi chợ hôm nay,Action,SEARCH_RECORD
Tìm các giao dịch đi chợ tháng trước,Action,SEARCH_RECORD
Tìm các giao dịch đi lại quý này,Action,SEARCH_RECORD
Tìm các giao dịch đi lại tháng này,Action,SEARCH_RECORD
Tìm các giao dịch đi lại tuần này,Action,SEARCH_RECORD
Tìm các giao dịch đi lại tuần trước,Action,SEARCH_RECORD
Tìm các giao dịch đi lại đợt vừa rồi,Action,SEARCH_RECORD
Tìm các giao dịch điện nước gần đây,Action,SEARCH_RECORD
Tìm các giao dịch điện nước tháng trước,Action,SEARCH_RECORD
Tìm các giao dịch điện thoại hôm qua,Action,SEARCH_RECORD
Tìm các giao dịch điện thoại tuần này,Action,SEARCH_RECORD
Tìm các giao dịch điện thoại tuần trước,Action,SEARCH_RECORD
Tìm các giao dịch đầu tư gần đây,Action,SEARCH_RECORD
Tìm các giao dịch đầu tư hôm nay,Action,SEARCH_RECORD
Tìm các giao dịch đầu tư hôm qua,Action,SEARCH_RECORD
Tìm các giao dịch đầu tư tháng này,Action,SEARCH_RECORD
Tìm các giao dịch đầu tư tháng trước,Action,SEARCH_RECORD
Tìm các khoản bảo hiểm trên 120k,Action,Search
Tìm các khoản bảo hiểm trên 150k,Action,Search
Tìm các khoản bảo hiểm trên 200k,Action,Search
Tìm các khoản bảo hiểm trên 300k,Action,Search
Tìm các khoản cà phê trên 120k,Action,Search
Tìm các khoản cà phê trên 150k,Action,Search
Tìm các khoản cà phê trên 300k,Action,Search
Tìm các khoản cà phê trên 50k,Action,Search
Tìm các khoản cắt tóc trên 75k,Action,Search
Tìm các khoản du lịch trên 120k,Action,Search
Tìm các khoản du lịch trên 50k,Action,Search
Tìm các khoản gia đình trên 150k,Action,Search
Tìm các khoản gia đình trên 2 triệu,Action,Search
Tìm các khoản gia đình trên 450k,Action,Search
Tìm các khoản giải trí trên 150k,Action,Search
Tìm các khoản giải trí trên 500k,Action,Search
Tìm các khoản giải trí trên 90k,Action,Search
Tìm các khoản học phí trên 200k,Action,Search
Tìm các khoản học phí trên 300k,Action,Search
Tìm các khoản hội họp trên 1 triệu,Action,Search
Tìm các khoản hội họp trên 150k,Action,Search
Tìm các khoản hội họp trên 200k,Action,Search
Tìm các khoản hội họp trên 50k,Action,Search
Tìm các khoản internet trên 120k,Action,Search
Tìm các khoản internet trên 2 triệu,Action,Search
Tìm các khoản linh tinh trên 700k,Action,Search
Tìm các khoản mua sắm trên 120k,Action,Search
Tìm các khoản mua sắm trên 300k,Action,Search
Tìm các khoản mua sắm trên 75k,Action,Search
Tìm các khoản mỹ phẩm trên 1 triệu,Action,Search
Tìm các khoản nội thất trên 1 triệu,Action,Search
Tìm các khoản nội thất trên 180k,Action,Search
Tìm các khoản nội thất trên 500k,Action,Search
Tìm các khoản quà tặng trên 1.5 triệu,Action,Search
Tìm các khoản quà tặng trên 200k,Action,Search
Tìm các khoản sửa xe trên 2 triệu,Action,Search
Tìm các khoản thuê nhà trên 250k,Action,Search
Tìm các khoản xem phim trên 900k,Action,Search
Tìm các khoản xăng xe trên 180k,Action,Search
Tìm các khoản y tế trên 300k,Action,Search
Tìm các khoản ăn uống trên 35k,Action,Search
Tìm các khoản đi chợ trên 2 triệu,Action,Search
Tìm các khoản đi chợ trên 300k,Action,Search
Tìm các khoản đi chợ trên 35k,Action,Search
Tìm các khoản đi lại trên 150k,Action,Search
Tìm các khoản đi lại trên 200k,Action,Search
Tìm các khoản đi lại trên 500k,Action,Search
Tìm các khoản đi lại trên 50k,Action,Search
Tìm các khoản điện nước trên 120k,Action,Search
Tìm các khoản điện nước trên 200k,Action,Search
Tìm các khoản điện nước trên 50k,Action,Search
Tìm các khoản điện thoại trên 90k,Action,Search
Tìm các khoản đầu tư trên 500k,Action,Search
Tìm giao dịch bảo hiểm quanh 150k,Action,Search
Tìm giao dịch cà phê quanh 150k,Action,Search
Tìm giao dịch cắt tóc quanh 75k,Action,Search
Tìm giao dịch du lịch quanh 50k,Action,Search
Tìm giao dịch gia đình quanh 450k,Action,Search
Tìm giao dịch giải trí quanh 90k,Action,Search
Tìm giao dịch học phí quanh 200k,Action,Search
Tìm giao dịch hội họp quanh 200k,Action,Search
Tìm giao dịch internet quanh 120k,Action,Search
Tìm giao dịch linh tinh quanh 700k,Action,Search
Tìm giao dịch mua sắm quanh 75k,Action,Search
Tìm giao dịch mỹ phẩm quanh 1 triệu,Action,Search
Tìm giao dịch nội thất quanh 180k,Action,Search
Tìm giao dịch quà tặng quanh 1.5 triệu,Action,Search
Tìm giao dịch sửa xe quanh 2 triệu,Action,Search
Tìm giao dịch thuê nhà quanh 250k,Action,Search
Tìm giao dịch xem phim quanh 900k,Action,Search
Tìm giao dịch xăng xe quanh 180k,Action,Search
Tìm giao dịch y tế quanh 300k,Action,Search
Tìm giao dịch ăn uống quanh 35k,Action,Search
Tìm giao dịch đi chợ quanh 35k,Action,Search
Tìm giao dịch đi lại quanh 50k,Action,Search
Tìm giao dịch điện nước quanh 120k,Action,Search
Tìm giao dịch điện thoại quanh 90k,Action,Search
Tìm giao dịch đầu tư quanh 500k,Action,Search
Tìm hóa đơn bảo hiểm hôm nay,Action,Search
Tìm hóa đơn bảo hiểm tối nay,Action,Search
Tìm hóa đơn cà phê chiều nay,Action,Search
Tìm hóa đơn cà phê dạo này,Action,Search
Tìm hóa đơn cà phê hôm nay,Action,Search
Tìm hóa đơn cắt tóc sáng nay,Action,Search
Tìm hóa đơn cắt tóc tuần này,Action,Search
Tìm hóa đơn du lịch gần đây,Action,Search
Tìm hóa đơn du lịch quý này,Action,Search
Tìm hóa đơn gia đình gần đây,Action,Search
Tìm hóa đơn gia đình tháng trước,Action,Search
Tìm hóa đơn giải trí sáng nay,Action,Search
Tìm hóa đơn giải trí tháng này,Action,Search
Tìm hóa đơn học phí cuối tuần,Action,Search
Tìm hóa đơn học phí dạo này,Action,Search
Tìm hóa đơn hội họp cuối tháng,Action,Search
Tìm hóa đơn hội họp mấy hôm nay,Action,Search
Tìm hóa đơn internet chiều nay,Action,Search
Tìm hóa đơn internet gần đây,Action,Search
Tìm hóa đơn linh tinh dạo này,Action,Search
Tìm hóa đơn linh tinh hôm nay,Action,Search
Tìm hóa đơn linh tinh trưa nay,Action,Search
Tìm hóa đơn mua sắm gần đây,Action,Search
Tìm hóa đơn mua sắm quý này,Action,Search
Tìm hóa đơn mỹ phẩm hôm qua,Action,Search
Tìm hóa đơn mỹ phẩm tối nay,Action,Search
Tìm hóa đơn nội thất cuối tuần,Action,Search
Tìm hóa đơn nội thất gần đây,Action,Search
Tìm hóa đơn nội thất hôm nay,Action,Search
Tìm hóa đơn quà tặng cuối tuần,Action,Search
Tìm hóa đơn quà tặng mấy hôm nay,Action,Search
Tìm hóa đơn quà tặng tháng này,Action,Search
Tìm hóa đơn sửa xe cuối tháng,Action,Search
Tìm hóa đơn sửa xe dạo này,Action,Search
Tìm hóa đơn sửa xe mấy hôm nay,Action,Search
Tìm hóa đơn thuê nhà cuối tháng,Action,Search
Tìm hóa đơn xem phim chiều nay,Action,Search
Tìm hóa đơn xăng xe tuần này,Action,Search
Tìm hóa đơn xăng xe tối nay,Action,Search
Tìm hóa đơn y tế hôm qua,Action,Search
Tìm hóa đơn y tế quý này,Action,Search
Tìm hóa đơn y tế đầu tháng,Action,Search
Tìm hóa đơn ăn uống cuối tháng,Action,Search
Tìm hóa đơn ăn uống quý này,Action,Search
Tìm hóa đơn ăn uống tháng trước,Action,Search
Tìm hóa đơn đi chợ đầu tháng,Action,Search
Tìm hóa đơn đi lại đầu tháng,Action,Search
Tìm hóa đơn điện nước trưa nay,Action,Search
Tìm hóa đơn điện thoại trưa nay,Action,Search
Tìm hóa đơn đầu tư mấy hôm nay,Action,Search
Tìm hóa đơn đầu tư quý này,Action,Search
Tìm hóa đơn đầu tư sáng nay,Action,Search
Tìm khoản giải trí trên 1.5tr,Action,SEARCH_RECORD
Tìm khoản giải trí trên 100k,Action,SEARCH_RECORD
Tìm khoản giải trí trên 1tr,Action,SEARCH_RECORD
Tìm khoản giải trí trên 200k,Action,SEARCH_RECORD
Tìm khoản giải trí trên 2tr,Action,SEARCH_RECORD
Tìm khoản giải trí trên 300k,Action,SEARCH_RECORD
Tìm khoản giải trí trên 500k,Action,SEARCH_RECORD
Tìm khoản giải trí trên 50k,Action,SEARCH_RECORD
Tìm khoản học phí trên 1.5tr,Action,SEARCH_RECORD
Tìm khoản học phí trên 100k,Action,SEARCH_RECORD
Tìm khoản học phí trên 1tr,Action,SEARCH_RECORD
Tìm khoản học phí trên 200k,Action,SEARCH_RECORD
Tìm khoản học phí trên 2tr,Action,SEARCH_RECORD
Tìm khoản học phí trên 300k,Action,SEARCH_RECORD
Tìm khoản học phí trên 500k,Action,SEARCH_RECORD
Tìm khoản học phí trên 50k,Action,SEARCH_RECORD
Tìm khoản mua sắm trên 1.5tr,Action,SEARCH_RECORD
Tìm khoản mua sắm trên 100k,Action,SEARCH_RECORD
Tìm khoản mua sắm trên 1tr,Action,SEARCH_RECORD
Tìm khoản mua sắm trên 200k,Action,SEARCH_RECORD
Tìm khoản mua sắm trên 2tr,Action,SEARCH_RECORD
Tìm khoản mua sắm trên 300k,Action,SEARCH_RECORD
Tìm khoản mua sắm trên 500k,Action,SEARCH_RECORD
Tìm khoản mua sắm trên 50k,Action,SEARCH_RECORD
Tìm khoản nhà cửa trên 1.5tr,Action,SEARCH_RECORD
Tìm khoản nhà cửa trên 100k,Action,SEARCH_RECORD
Tìm khoản nhà cửa trên 1tr,Action,SEARCH_RECORD
Tìm khoản nhà cửa trên 200k,Action,SEARCH_RECORD
Tìm khoản nhà cửa trên 2tr,Action,SEARCH_RECORD
Tìm khoản nhà cửa trên 300k,Action,SEARCH_RECORD
Tìm khoản nhà cửa trên 500k,Action,SEARCH_RECORD
Tìm khoản nhà cửa trên 50k,Action,SEARCH_RECORD
Tìm khoản y tế trên 1.5tr,Action,SEARCH_RECORD
Tìm khoản y tế trên 100k,Action,SEARCH_RECORD
Tìm khoản y tế trên 1tr,Action,SEARCH_RECORD
Tìm khoản y tế trên 200k,Action,SEARCH_RECORD
Tìm khoản y tế trên 2tr,Action,SEARCH_RECORD
Tìm khoản y tế trên 300k,Action,SEARCH_RECORD
Tìm khoản y tế trên 500k,Action,SEARCH_RECORD
Tìm khoản y tế trên 50k,Action,SEARCH_RECORD
Tìm khoản ăn uống trên 1.5tr,Action,SEARCH_RECORD
Tìm khoản ăn uống trên 100k,Action,SEARCH_RECORD
Tìm khoản ăn uống trên 1tr,Action,SEARCH_RECORD
Tìm khoản ăn uống trên 200k,Action,SEARCH_RECORD
Tìm khoản ăn uống trên 2tr,Action,SEARCH_RECORD
Tìm khoản ăn uống trên 300k,Action,SEARCH_RECORD
Tìm khoản ăn uống trên 500k,Action,SEARCH_RECORD
Tìm khoản ăn uống trên 50k,Action,SEARCH_RECORD
Tìm khoản đi lại trên 1.5tr,Action,SEARCH_RECORD
Tìm khoản đi lại trên 100k,Action,SEARCH_RECORD
Tìm khoản đi lại trên 1tr,Action,SEARCH_RECORD
Tìm khoản đi lại trên 200k,Action,SEARCH_RECORD
Tìm khoản đi lại trên 2tr,Action,SEARCH_RECORD
Tìm khoản đi lại trên 300k,Action,SEARCH_RECORD
Tìm khoản đi lại trên 500k,Action,SEARCH_RECORD
Tìm khoản đi lại trên 50k,Action,SEARCH_RECORD
Tìm khoản điện nước trên 1.5tr,Action,SEARCH_RECORD
Tìm khoản điện nước trên 100k,Action,SEARCH_RECORD
Tìm khoản điện nước trên 1tr,Action,SEARCH_RECORD
Tìm khoản điện nước trên 200k,Action,SEARCH_RECORD
Tìm khoản điện nước trên 2tr,Action,SEARCH_RECORD
Tìm khoản điện nước trên 300k,Action,SEARCH_RECORD
Tìm khoản điện nước trên 500k,Action,SEARCH_RECORD
Tìm khoản điện nước trên 50k,Action,SEARCH_RECORD
Tính giúp mình tổng chi bảo hiểm trong đợt vừa rồi,Action,Report
Tính giúp mình tổng chi cà phê trong mấy hôm nay,Action,Report
Tính giúp mình tổng chi cắt tóc trong hôm nay,Action,Report
Tính giúp mình tổng chi du lịch trong tuần rồi,Action,Report
Tính giúp mình tổng chi gia đình trong tuần rồi,Action,Report
Tính giúp mình tổng chi giải trí trong hôm nay,Action,Report
Tính giúp mình tổng chi học phí trong tháng này,Action,Report
Tính giúp mình tổng chi hội họp trong tháng trước,Action,Report
Tính giúp mình tổng chi internet trong mấy hôm nay,Action,Report
Tính giúp mình tổng chi linh tinh trong hôm qua,Action,Report
Tính giúp mình tổng chi mua sắm trong tuần rồi,Action,Report
Tính giúp mình tổng chi mỹ phẩm trong đợt vừa rồi,Action,Report
Tính giúp mình tổng chi nội thất trong tháng này,Action,Report
Tính giúp mình tổng chi quà tặng trong tháng này,Action,Report
Tính giúp mình tổng chi sửa xe trong tháng trước,Action,Report
Tính giúp mình tổng chi thuê nhà trong tháng trước,Action,Report
Tính giúp mình tổng chi xem phim trong mấy hôm nay,Action,Report
Tính giúp mình tổng chi xăng xe trong đợt vừa rồi,Action,Report
Tính giúp mình tổng chi y tế trong tuần này,Action,Report
Tính giúp mình tổng chi ăn uống trong tháng trước,Action,Report
Tính giúp mình tổng chi đi chợ trong tuần này,Action,Report
Tính giúp mình tổng chi đi lại trong tuần này,Action,Report
Tính giúp mình tổng chi điện nước trong hôm qua,Action,Report
Tính giúp mình tổng chi điện thoại trong hôm qua,Action,Report
Tính giúp mình tổng chi đầu tư trong hôm nay,Action,Report
Tăng hạn mức an uong thêm 300k,Action,SET_LIMIT
Tăng hạn mức bao hiem thêm 200k,Action,SET_LIMIT
Tăng hạn mức bảo hiểm thêm 120k,Action,SET_LIMIT
Tăng hạn mức bảo hiểm thêm 300k,Action,SET_LIMIT
Tăng hạn mức bảo hiểm thêm 50k,Action,SET_LIMIT
Tăng hạn mức bảo hiểm thêm 80k,Action,SET_LIMIT
Tăng hạn mức cà phê thêm 1 triệu,Action,SET_LIMIT
Tăng hạn mức cà phê thêm 120k,Action,SET_LIMIT
Tăng hạn mức cà phê thêm 2 triệu,Action,SET_LIMIT
Tăng hạn mức cà phê thêm 500k,Action,SET_LIMIT
Tăng hạn mức cà phê thêm 50k,Action,SET_LIMIT
Tăng hạn mức cắt tóc thêm 2 triệu,Action,SET_LIMIT
Tăng hạn mức cắt tóc thêm 200k,Action,SET_LIMIT
Tăng hạn mức cắt tóc thêm 2tr400,Action,SET_LIMIT
Tăng hạn mức cắt tóc thêm 35k,Action,SET_LIMIT
Tăng hạn mức cắt tóc thêm 80k,Action,SET_LIMIT
Tăng hạn mức dau tu thêm 2 trieu,Action,SET_LIMIT
Tăng hạn mức dau tu thêm 3 trieu,Action,SET_LIMIT
Tăng hạn mức di lai thêm 3 trieu,Action,SET_LIMIT
Tăng hạn mức dien thoai thêm 2 trieu,Action,SET_LIMIT
Tăng hạn mức dien thoai thêm 80k,Action,SET_LIMIT
Tăng hạn mức du lich thêm 2 trieu,Action,SET_LIMIT
Tăng hạn mức du lịch thêm 120k,Action,SET_LIMIT
Tăng hạn mức du lịch thêm 20k,Action,SET_LIMIT
Tăng hạn mức du lịch thêm 2tr400,Action,SET_LIMIT
Tăng hạn mức du lịch thêm 300k,Action,SET_LIMIT
Tăng hạn mức du lịch thêm 500k,Action,SET_LIMIT
Tăng hạn mức du lịch thêm 50k,Action,SET_LIMIT
Tăng hạn mức gia dinh thêm 300k,Action,SET_LIMIT
Tăng hạn mức gia đình thêm 200k,Action,SET_LIMIT
Tăng hạn mức gia đình thêm 2tr400,Action,SET_LIMIT
Tăng hạn mức gia đình thêm 50k,Action,SET_LIMIT
Tăng hạn mức giai tri thêm 50k,Action,SET_LIMIT
Tăng hạn mức giải trí thêm 120k,Action,SET_LIMIT
Tăng hạn mức giải trí thêm 15k,Action,SET_LIMIT
Tăng hạn mức giải trí thêm 20k,Action,SET_LIMIT
Tăng hạn mức giải trí thêm 3 triệu,Action,SET_LIMIT
Tăng hạn mức giải trí thêm 300k,Action,SET_LIMIT
Tăng hạn mức giải trí thêm 50k,Action,SET_LIMIT
Tăng hạn mức giải trí thêm 750k,Action,SET_LIMIT
Tăng hạn mức hoc phi thêm 120k,Action,SET_LIMIT
Tăng hạn mức hoc phi thêm 2 trieu,Action,SET_LIMIT
Tăng hạn mức hoc phi thêm 80k,Action,SET_LIMIT
Tăng hạn mức hoi hop thêm 15k,Action,SET_LIMIT
Tăng hạn mức học online thêm 1 triệu,Action,SET_LIMIT
Tăng hạn mức học online thêm 750k,Action,SET_LIMIT
Tăng hạn mức học phí thêm 1 triệu,Action,SET_LIMIT
Tăng hạn mức học phí thêm 2 triệu,Action,SET_LIMIT
Tăng hạn mức học phí thêm 2tr400,Action,SET_LIMIT
Tăng hạn mức học phí thêm 35k,Action,SET_LIMIT
Tăng hạn mức học phí thêm 50k,Action,SET_LIMIT
Tăng hạn mức hội họp thêm 200k,Action,SET_LIMIT
Tăng hạn mức hội họp thêm 20k,Action,SET_LIMIT
Tăng hạn mức hội họp thêm 50k,Action,SET_LIMIT
Tăng hạn mức hội họp thêm 750k,Action,SET_LIMIT
Tăng hạn mức internet thêm 1 triệu,Action,SET_LIMIT
Tăng hạn mức internet thêm 2 triệu,Action,SET_LIMIT
Tăng hạn mức internet thêm 200k,Action,SET_LIMIT
Tăng hạn mức internet thêm 3 triệu,Action,SET_LIMIT
Tăng hạn mức internet thêm 500k,Action,SET_LIMIT
Tăng hạn mức linh tinh thêm 1 triệu,Action,SET_LIMIT
Tăng hạn mức linh tinh thêm 120k,Action,SET_LIMIT
Tăng hạn mức linh tinh thêm 2 triệu,Action,SET_LIMIT
Tăng hạn mức linh tinh thêm 80k,Action,SET_LIMIT
Tăng hạn mức mua sắm thêm 2 triệu,Action,SET_LIMIT
Tăng hạn mức mua sắm thêm 2tr400,Action,SET_LIMIT
Tăng hạn mức mua sắm thêm 50k,Action,SET_LIMIT
Tăng hạn mức mua sắm thêm 80k,Action,SET_LIMIT
Tăng hạn mức my pham thêm 20k,Action,SET_LIMIT
Tăng hạn mức my pham thêm 500k,Action,SET_LIMIT
Tăng hạn mức mỹ phẩm thêm 120k,Action,SET_LIMIT
Tăng hạn mức mỹ phẩm thêm 2 triệu,Action,SET_LIMIT
Tăng hạn mức mỹ phẩm thêm 35k,Action,SET_LIMIT
Tăng hạn mức mỹ phẩm thêm 500k,Action,SET_LIMIT
Tăng hạn mức noi that thêm 2 trieu,Action,SET_LIMIT
Tăng hạn mức nội thất thêm 15k,Action,SET_LIMIT
Tăng hạn mức nội thất thêm 300k,Action,SET_LIMIT
Tăng hạn mức quà tặng thêm 120k,Action,SET_LIMIT
Tăng hạn mức quà tặng thêm 20k,Action,SET_LIMIT
Tăng hạn mức quà tặng thêm 3 triệu,Action,SET_LIMIT
Tăng hạn mức quà tặng thêm 35k,Action,SET_LIMIT
Tăng hạn mức quà tặng thêm 50k,Action,SET_LIMIT
Tăng hạn mức sửa xe thêm 120k,Action,SET_LIMIT
Tăng hạn mức sửa xe thêm 2tr400,Action,SET_LIMIT
Tăng hạn mức sửa xe thêm 500k,Action,SET_LIMIT
Tăng hạn mức thuê nhà thêm 2 triệu,Action,SET_LIMIT
Tăng hạn mức thuê nhà thêm 3 triệu,Action,SET_LIMIT
Tăng hạn mức thuê nhà thêm 80k,Action,SET_LIMIT
Tăng hạn mức thú cưng thêm 500k,Action,SET_LIMIT
Tăng hạn mức thú cưng thêm 80k,Action,SET_LIMIT
Tăng hạn mức thể thao thêm 15k,Action,SET_LIMIT
Tăng hạn mức xang xe thêm 50k,Action,SET_LIMIT
Tăng hạn mức xăng xe thêm 1 triệu,Action,SET_LIMIT
Tăng hạn mức xăng xe thêm 2 triệu,Action,SET_LIMIT
Tăng hạn mức xăng xe thêm 200k,Action,SET_LIMIT
Tăng hạn mức xăng xe thêm 5 triệu,Action,SET_LIMIT
Tăng hạn mức xăng xe thêm 50k,Action,SET_LIMIT
Tăng hạn mức y tế thêm 1 triệu,Action,SET_LIMIT
Tăng hạn mức y tế thêm 20k,Action,SET_LIMIT
Tăng hạn mức ăn uống thêm 2tr400,Action,SET_LIMIT
Tăng hạn mức đi chợ thêm 1 triệu,Action,SET_LIMIT
Tăng hạn mức đi chợ thêm 120k,Action,SET_LIMIT
Tăng hạn mức đi chợ thêm 2 triệu,Action,SET_LIMIT
Tăng hạn mức đi chợ thêm 200k,Action,SET_LIMIT
Tăng hạn mức đi chợ thêm 300k,Action,SET_LIMIT
Tăng hạn mức đi chợ thêm 50k,Action,SET_LIMIT
Tăng hạn mức đi lại thêm 1 triệu,Action,SET_LIMIT
Tăng hạn mức đi lại thêm 120k,Action,SET_LIMIT
Tăng hạn mức đi lại thêm 2 triệu,Action,SET_LIMIT
Tăng hạn mức đi lại thêm 200k,Action,SET_LIMIT
Tăng hạn mức đi lại thêm 50k,Action,SET_LIMIT
Tăng hạn mức điện nước thêm 120k,Action,SET_LIMIT
Tăng hạn mức điện nước thêm 2 triệu,Action,SET_LIMIT
Tăng hạn mức điện nước thêm 20k,Action,SET_LIMIT
Tăng hạn mức điện nước thêm 300k,Action,SET_LIMIT
Tăng hạn mức điện nước thêm 35k,Action,SET_LIMIT
Tăng hạn mức điện thoại thêm 1 triệu,Action,SET_LIMIT
Tăng hạn mức điện thoại thêm 120k,Action,SET_LIMIT
Tăng hạn mức điện thoại thêm 50k,Action,SET_LIMIT
Tăng hạn mức điện thoại thêm 80k,Action,SET_LIMIT
Tăng hạn mức đầu tư thêm 1 triệu,Action,SET_LIMIT
Tăng hạn mức đầu tư thêm 2 triệu,Action,SET_LIMIT
Tăng hạn mức đồ gia dụng thêm 50k,Action,SET_LIMIT
Tăng mục tiêu giải trí lên 1.5tr,Action,ADD_GOAL
Tăng mục tiêu giải trí lên 100k,Action,ADD_GOAL
Tăng mục tiêu giải trí lên 1tr,Action,ADD_GOAL
Tăng mục tiêu giải trí lên 200k,Action,ADD_GOAL
Tăng mục tiêu giải trí lên 2tr,Action,ADD_GOAL
Tăng mục tiêu giải trí lên 300k,Action,ADD_GOAL
Tăng mục tiêu giải trí lên 500k,Action,ADD_GOAL
Tăng mục tiêu giải trí lên 50k,Action,ADD_GOAL
Tăng mục tiêu học phí lên 1.5tr,Action,ADD_GOAL
Tăng mục tiêu học phí lên 100k,Action,ADD_GOAL
Tăng mục tiêu học phí lên 1tr,Action,ADD_GOAL
Tăng mục tiêu học phí lên 200k,Action,ADD_GOAL
Tăng mục tiêu học phí lên 2tr,Action,ADD_GOAL
Tăng mục tiêu học phí lên 300k,Action,ADD_GOAL
Tăng mục tiêu học phí lên 500k,Action,ADD_GOAL
Tăng mục tiêu học phí lên 50k,Action,ADD_GOAL
Tăng mục tiêu mua sắm lên 1.5tr,Action,ADD_GOAL
Tăng mục tiêu mua sắm lên 100k,Action,ADD_GOAL
Tăng mục tiêu mua sắm lên 1tr,Action,ADD_GOAL
Tăng mục tiêu mua sắm lên 200k,Action,ADD_GOAL
Tăng mục tiêu mua sắm lên 2tr,Action,ADD_GOAL
Tăng mục tiêu mua sắm lên 300k,Action,ADD_GOAL
Tăng mục tiêu mua sắm lên 500k,Action,ADD_GOAL
Tăng mục tiêu mua sắm lên 50k,Action,ADD_GOAL
Tăng mục tiêu nhà cửa lên 1.5tr,Action,ADD_GOAL
Tăng mục tiêu nhà cửa lên 100k,Action,ADD_GOAL
Tăng mục tiêu nhà cửa lên 1tr,Action,ADD_GOAL
Tăng mục tiêu nhà cửa lên 200k,Action,ADD_GOAL
Tăng mục tiêu nhà cửa lên 2tr,Action,ADD_GOAL
Tăng mục tiêu nhà cửa lên 300k,Action,ADD_GOAL
Tăng mục tiêu nhà cửa lên 500k,Action,ADD_GOAL
Tăng mục tiêu nhà cửa lên 50k,Action,ADD_GOAL
Tăng mục tiêu y tế lên 1.5tr,Action,ADD_GOAL
Tăng mục tiêu y tế lên 100k,Action,ADD_GOAL
Tăng mục tiêu y tế lên 1tr,Action,ADD_GOAL
Tăng mục tiêu y tế lên 200k,Action,ADD_GOAL
Tăng mục tiêu y tế lên 2tr,Action,ADD_GOAL
Tăng mục tiêu y tế lên 300k,Action,ADD_GOAL
Tăng mục tiêu y tế lên 500k,Action,ADD_GOAL
Tăng mục tiêu y tế lên 50k,Action,ADD_GOAL
Tăng mục tiêu ăn uống lên 1.5tr,Action,ADD_GOAL
Tăng mục tiêu ăn uống lên 100k,Action,ADD_GOAL
Tăng mục tiêu ăn uống lên 1tr,Action,ADD_GOAL
Tăng mục tiêu ăn uống lên 200k,Action,ADD_GOAL
Tăng mục tiêu ăn uống lên 2tr,Action,ADD_GOAL
Tăng mục tiêu ăn uống lên 300k,Action,ADD_GOAL
Tăng mục tiêu ăn uống lên 500k,Action,ADD_GOAL
Tăng mục tiêu ăn uống lên 50k,Action,ADD_GOAL
Tăng mục tiêu đi lại lên 1.5tr,Action,ADD_GOAL
Tăng mục tiêu đi lại lên 100k,Action,ADD_GOAL
Tăng mục tiêu đi lại lên 1tr,Action,ADD_GOAL
Tăng mục tiêu đi lại lên 200k,Action,ADD_GOAL
Tăng mục tiêu đi lại lên 2tr,Action,ADD_GOAL
Tăng mục tiêu đi lại lên 300k,Action,ADD_GOAL
Tăng mục tiêu đi lại lên 500k,Action,ADD_GOAL
Tăng mục tiêu đi lại lên 50k,Action,ADD_GOAL
Tăng mục tiêu điện nước lên 1.5tr,Action,ADD_GOAL
Tăng mục tiêu điện nước lên 100k,Action,ADD_GOAL
Tăng mục tiêu điện nước lên 1tr,Action,ADD_GOAL
Tăng mục tiêu điện nước lên 200k,Action,ADD_GOAL
Tăng mục tiêu điện nước lên 2tr,Action,ADD_GOAL
Tăng mục tiêu điện nước lên 300k,Action,ADD_GOAL
Tăng mục tiêu điện nước lên 500k,Action,ADD_GOAL
Tăng mục tiêu điện nước lên 50k,Action,ADD_GOAL
Tắt bảo mật,Action,Setting
Tắt chế độ tiết kiệm pin,Action,Setting
Tắt chế độ tối,Action,Setting
Tắt cảnh báo vượt mức an uong,Action,SET_ALERT
Tắt cảnh báo vượt mức bao hiem,Action,SET_ALERT
Tắt cảnh báo vượt mức bảo hiểm,Action,SET_ALERT
Tắt cảnh báo vượt mức ca phe,Action,SET_ALERT
Tắt cảnh báo vượt mức cat toc,Action,SET_ALERT
Tắt cảnh báo vượt mức cà phê,Action,SET_ALERT
Tắt cảnh báo vượt mức cắt tóc,Action,SET_ALERT
Tắt cảnh báo vượt mức dau tu,Action,SET_ALERT
Tắt cảnh báo vượt mức di cho,Action,SET_ALERT
Tắt cảnh báo vượt mức di lai,Action,SET_ALERT
Tắt cảnh báo vượt mức dien thoai,Action,SET_ALERT
Tắt cảnh báo vượt mức do gia dung,Action,SET_ALERT
Tắt cảnh báo vượt mức du lịch,Action,SET_ALERT
Tắt cảnh báo vượt mức gia dinh,Action,SET_ALERT
Tắt cảnh báo vượt mức gia đình,Action,SET_ALERT
Tắt cảnh báo vượt mức giải trí,Action,SET_ALERT
Tắt cảnh báo vượt mức hoc phi,Action,SET_ALERT
Tắt cảnh báo vượt mức học online,Action,SET_ALERT
Tắt cảnh báo vượt mức học phí,Action,SET_ALERT
Tắt cảnh báo vượt mức hội họp,Action,SET_ALERT
Tắt cảnh báo vượt mức internet,Action,SET_ALERT
Tắt cảnh báo vượt mức linh tinh,Action,SET_ALERT
Tắt cảnh báo vượt mức mua sắm,Action,SET_ALERT
Tắt cảnh báo vượt mức mỹ phẩm,Action,SET_ALERT
Tắt cảnh báo vượt mức nội thất,Action,SET_ALERT
Tắt cảnh báo vượt mức quà tặng,Action,SET_ALERT
Tắt cảnh báo vượt mức sua xe,Action,SET_ALERT
Tắt cảnh báo vượt mức sách vở,Action,SET_ALERT
Tắt cảnh báo vượt mức sửa xe,Action,SET_ALERT
Tắt cảnh báo vượt mức thuê nhà,Action,SET_ALERT
Tắt cảnh báo vượt mức thú cưng,Action,SET_ALERT
Tắt cảnh báo vượt mức xăng xe,Action,SET_ALERT
Tắt cảnh báo vượt mức y tế,Action,SET_ALERT
Tắt cảnh báo vượt mức ăn uống,Action,SET_ALERT
Tắt cảnh báo vượt mức đi chợ,Action,SET_ALERT
Tắt cảnh báo vượt mức đi lại,Action,SET_ALERT
Tắt cảnh báo vượt mức điện nước,Action,SET_ALERT
Tắt cảnh báo vượt mức điện thoại,Action,SET_ALERT
Tắt cảnh báo vượt mức đầu tư,Action,SET_ALERT
Tắt cảnh báo vượt mức đồ gia dụng,Action,SET_ALERT
Tắt dark mode,Action,Setting
Tắt hẳn dark mode,Action,Setting
Tắt hẳn hiển thị số dư,Action,Setting
Tắt hẳn khóa ứng dụng,Action,Setting
Tắt hẳn mã PIN,Action,Setting
Tắt hẳn nhắc nhở,Action,Setting
Tắt hẳn thông báo,Action,Setting
Tắt hẳn tự động đăng nhập,Action,Setting
Tắt hẳn tự động đồng bộ,Action,Setting
Tắt hẳn vân tay,Action,Setting
Tắt hẳn âm thanh,Action,Setting
Tắt khóa ứng dụng,Action,Setting
Tắt mã PIN,Action,Setting
Tắt nhắc nhở,Action,Setting
Tắt nhắc nhở mục tiêu tiết kiệm,Action,Setting
Tắt nhắc nhở điểm chi tiêu,Action,Setting
Tắt sao lưu,Action,Setting
Tắt thông báo cho điểm chi tiêu,Action,Setting
Tắt thông báo nhắc nhở,Action,Setting
Tắt tự động sao lưu,Action,Setting
Tắt vân tay,Action,Setting
Tắt xác thực Face ID,Action,Setting
Tắt xác thực mã PIN,Action,Setting
Tắt xác thực vân tay,Action,Setting
Tắt âm thanh,Action,Setting
Tắt đồng bộ dữ liệu đám mây,Action,Setting
Tắt đồng bộ tự động,Action,Setting
Tổng chi gần đây là bao nhiêu,Action,REPORT_GENERAL
Tổng chi hôm nay là bao nhiêu,Action,REPORT_GENERAL
Tổng chi hôm qua là bao nhiêu,Action,REPORT_GENERAL
Tổng chi mấy hôm nay là bao nhiêu,Action,REPORT_GENERAL
Tổng chi quý này là bao nhiêu,Action,REPORT_GENERAL
Tổng chi tháng này là bao nhiêu,Action,REPORT_GENERAL
Tổng chi tháng trước là bao nhiêu,Action,REPORT_GENERAL
Tổng chi tuần này là bao nhiêu,Action,REPORT_GENERAL
Tổng chi tuần trước là bao nhiêu,Action,REPORT_GENERAL
Tổng chi đợt vừa rồi là bao nhiêu,Action,REPORT_GENERAL
Từ giờ nói dận dữ nhé,Action,SET_TONE
Từ giờ nói dễ thương nhé,Action,SET_TONE
Từ giờ nói nghiêm túc nhé,Action,SET_TONE
Từ giờ nói vui vẻ nhé,Action,SET_TONE
Từ đầu tháng đến giờ bảo hiểm hết bao nhiêu,Action,Report
Từ đầu tháng đến giờ cà phê hết bao nhiêu,Action,Report
Từ đầu tháng đến giờ cắt tóc hết bao nhiêu,Action,Report
Từ đầu tháng đến giờ du lịch hết bao nhiêu,Action,Report
Từ đầu tháng đến giờ gia đình hết bao nhiêu,Action,Report
Từ đầu tháng đến giờ giải trí hết bao nhiêu,Action,Report
Từ đầu tháng đến giờ học phí hết bao nhiêu,Action,Report
Từ đầu tháng đến giờ hội họp hết bao nhiêu,Action,Report
Từ đầu tháng đến giờ internet hết bao nhiêu,Action,Report
Từ đầu tháng đến giờ linh tinh hết bao nhiêu,Action,Report
Từ đầu tháng đến giờ mua sắm hết bao nhiêu,Action,Report
Từ đầu tháng đến giờ mỹ phẩm hết bao nhiêu,Action,Report
Từ đầu tháng đến giờ nội thất hết bao nhiêu,Action,Report
Từ đầu tháng đến giờ quà tặng hết bao nhiêu,Action,Report
Từ đầu tháng đến giờ sửa xe hết bao nhiêu,Action,Report
Từ đầu tháng đến giờ thuê nhà hết bao nhiêu,Action,Report
Từ đầu tháng đến giờ xem phim hết bao nhiêu,Action,Report
Từ đầu tháng đến giờ xăng xe hết bao nhiêu,Action,Report
Từ đầu tháng đến giờ y tế hết bao nhiêu,Action,Report
Từ đầu tháng đến giờ ăn uống hết bao nhiêu,Action,Report
Từ đầu tháng đến giờ đi chợ hết bao nhiêu,Action,Report
Từ đầu tháng đến giờ đi lại hết bao nhiêu,Action,Report
Từ đầu tháng đến giờ điện nước hết bao nhiêu,Action,Report
Từ đầu tháng đến giờ điện thoại hết bao nhiêu,Action,Report
Từ đầu tháng đến giờ đầu tư hết bao nhiêu,Action,Report
Vô hiệu chế độ tiết kiệm pin,Action,Setting
Vô hiệu hiển thị số dư,Action,Setting
Vô hiệu khóa ứng dụng,Action,Setting
Vô hiệu mã PIN,Action,Setting
Vô hiệu nhắc nhở,Action,Setting
Vô hiệu sao lưu,Action,Setting
Vô hiệu thông báo,Action,Setting
Xem các giao dịch bảo hiểm 150k,Action,Search
Xem các giao dịch cà phê 150k,Action,Search
Xem các giao dịch cắt tóc 75k,Action,Search
Xem các giao dịch du lịch 50k,Action,Search
Xem các giao dịch gia đình 450k,Action,Search
Xem các giao dịch giải trí 90k,Action,Search
Xem các giao dịch học phí 200k,Action,Search
Xem các giao dịch hội họp 200k,Action,Search
Xem các giao dịch internet 120k,Action,Search
Xem các giao dịch linh tinh 700k,Action,Search
Xem các giao dịch mua sắm 75k,Action,Search
Xem các giao dịch mỹ phẩm 1 triệu,Action,Search
Xem các giao dịch nội thất 180k,Action,Search
Xem các giao dịch quà tặng 1.5 triệu,Action,Search
Xem các giao dịch sửa xe 2 triệu,Action,Search
Xem các giao dịch thuê nhà 250k,Action,Search
Xem các giao dịch xem phim 900k,Action,Search
Xem các giao dịch xăng xe 180k,Action,Search
Xem các giao dịch y tế 300k,Action,Search
Xem các giao dịch ăn uống 35k,Action,Search
Xem các giao dịch đi chợ 35k,Action,Search
Xem các giao dịch đi lại 50k,Action,Search
Xem các giao dịch điện nước 120k,Action,Search
Xem các giao dịch điện thoại 90k,Action,Search
Xem các giao dịch đầu tư 500k,Action,Search
Xem tổng chi gần đây giúp mình,Action,REPORT_GENERAL
Xem tổng chi hôm nay giúp mình,Action,REPORT_GENERAL
Xem tổng chi hôm qua giúp mình,Action,REPORT_GENERAL
Xem tổng chi mấy hôm nay giúp mình,Action,REPORT_GENERAL
Xem tổng chi quý này giúp mình,Action,REPORT_GENERAL
Xem tổng chi tháng này giúp mình,Action,REPORT_GENERAL
Xem tổng chi tháng trước giúp mình,Action,REPORT_GENERAL
Xem tổng chi tuần này giúp mình,Action,REPORT_GENERAL
Xem tổng chi tuần trước giúp mình,Action,REPORT_GENERAL
Xem tổng chi đợt vừa rồi giúp mình,Action,REPORT_GENERAL
Xem tổng tiền bảo hiểm theo hôm qua,Action,Report
Xem tổng tiền cà phê theo hôm nay,Action,Report
Xem tổng tiền cắt tóc theo tuần này,Action,Report
Xem tổng tiền du lịch theo tháng trước,Action,Report
Xem tổng tiền gia đình theo tháng trước,Action,Report
Xem tổng tiền giải trí theo tuần này,Action,Report
Xem tổng tiền học phí theo mấy hôm nay,Action,Report
Xem tổng tiền hội họp theo đợt vừa rồi,Action,Report
Xem tổng tiền internet theo hôm nay,Action,Report
Xem tổng tiền linh tinh theo tuần rồi,Action,Report
Xem tổng tiền mua sắm theo tháng trước,Action,Report
Xem tổng tiền mỹ phẩm theo hôm qua,Action,Report
Xem tổng tiền nội thất theo mấy hôm nay,Action,Report
Xem tổng tiền quà tặng theo mấy hôm nay,Action,Report
Xem tổng tiền sửa xe theo đợt vừa rồi,Action,Report
Xem tổng tiền thuê nhà theo đợt vừa rồi,Action,Report
Xem tổng tiền xem phim theo hôm nay,Action,Report
Xem tổng tiền xăng xe theo hôm qua,Action,Report
Xem tổng tiền y tế theo tháng này,Action,Report
Xem tổng tiền ăn uống theo đợt vừa rồi,Action,Report
Xem tổng tiền đi chợ theo tháng này,Action,Report
Xem tổng tiền đi lại theo tháng này,Action,Report
Xem tổng tiền điện nước theo tuần rồi,Action,Report
Xem tổng tiền điện thoại theo tuần rồi,Action,Report
Xem tổng tiền đầu tư theo tuần này,Action,Report
Xuất dữ liệu giải trí ra Excel,Action,EXPORT_DATA
Xuất dữ liệu gần đây,Action,EXPORT_DATA
Xuất dữ liệu hôm nay,Action,EXPORT_DATA
Xuất dữ liệu hôm qua,Action,EXPORT_DATA
Xuất dữ liệu học phí ra Excel,Action,EXPORT_DATA
Xuất dữ liệu mua sắm ra Excel,Action,EXPORT_DATA
Xuất dữ liệu mấy hôm nay,Action,EXPORT_DATA
Xuất dữ liệu nhà cửa ra Excel,Action,EXPORT_DATA
Xuất dữ liệu quý này,Action,EXPORT_DATA
Xuất dữ liệu tháng trước,Action,EXPORT_DATA
Xuất dữ liệu tuần này,Action,EXPORT_DATA
Xuất dữ liệu tuần trước,Action,EXPORT_DATA
Xuất dữ liệu y tế ra Excel,Action,EXPORT_DATA
Xuất dữ liệu ăn uống ra Excel,Action,EXPORT_DATA
Xuất dữ liệu đi lại ra Excel,Action,EXPORT_DATA
Xuất dữ liệu điện nước ra Excel,Action,EXPORT_DATA
Xuất excel tháng này,Action,EXPORT_DATA
Xuất file csv gần đây,Action,EXPORT_DATA
Xuất file csv hôm nay,Action,EXPORT_DATA
Xuất file csv mấy hôm nay,Action,EXPORT_DATA
Xuất file csv quý này,Action,EXPORT_DATA
Xuất file csv tháng này,Action,EXPORT_DATA
Xuất file csv tháng trước,Action,EXPORT_DATA
Xuất file csv tuần này,Action,EXPORT_DATA
Xóa cái khoản bảo hiểm vừa nhập,Action,Edit
Xóa cái khoản cà phê vừa nhập,Action,Edit
Xóa cái khoản cắt tóc vừa nhập,Action,Edit
Xóa cái khoản du lịch vừa nhập,Action,Edit
Xóa cái khoản gia đình vừa nhập,Action,Edit
Xóa cái khoản giải trí vừa nhập,Action,Edit
Xóa cái khoản học phí vừa nhập,Action,Edit
Xóa cái khoản hội họp vừa nhập,Action,Edit
Xóa cái khoản internet vừa nhập,Action,Edit
Xóa cái khoản linh tinh vừa nhập,Action,Edit
Xóa cái khoản mua sắm vừa nhập,Action,Edit
Xóa cái khoản mỹ phẩm vừa nhập,Action,Edit
Xóa cái khoản nội thất vừa nhập,Action,Edit
Xóa cái khoản quà tặng vừa nhập,Action,Edit
Xóa cái khoản sửa xe vừa nhập,Action,Edit
Xóa cái khoản thuê nhà vừa nhập,Action,Edit
Xóa cái khoản xem phim vừa nhập,Action,Edit
Xóa cái khoản xăng xe vừa nhập,Action,Edit
Xóa cái khoản y tế vừa nhập,Action,Edit
Xóa cái khoản ăn uống vừa nhập,Action,Edit
Xóa cái khoản đi chợ vừa nhập,Action,Edit
Xóa cái khoản đi lại vừa nhập,Action,Edit
Xóa cái khoản điện nước vừa nhập,Action,Edit
Xóa cái khoản điện thoại vừa nhập,Action,Edit
Xóa cái khoản đầu tư vừa nhập,Action,Edit
Xóa giao dịch bảo hiểm 250k,Action,Edit
Xóa giao dịch cà phê 250k,Action,Edit
Xóa giao dịch cắt tóc 150k,Action,Edit
Xóa giao dịch du lịch 120k,Action,Edit
Xóa giao dịch gia đình 900k,Action,Edit
Xóa giao dịch giải trí 180k,Action,Edit
Xóa giao dịch giải trí vừa nhập,Action,DELETE_RECORD
Xóa giao dịch học phí 450k,Action,Edit
Xóa giao dịch học phí vừa nhập,Action,DELETE_RECORD
Xóa giao dịch hội họp 450k,Action,Edit
Xóa giao dịch internet 200k,Action,Edit
Xóa giao dịch linh tinh 1.5 triệu,Action,Edit
Xóa giao dịch mua sắm 150k,Action,Edit
Xóa giao dịch mua sắm vừa nhập,Action,DELETE_RECORD
Xóa giao dịch mỹ phẩm 35k,Action,Edit
Xóa giao dịch nhà cửa vừa nhập,Action,DELETE_RECORD
Xóa giao dịch nội thất 300k,Action,Edit
Xóa giao dịch quà tặng 50k,Action,Edit
Xóa giao dịch sửa xe 75k,Action,Edit
Xóa giao dịch thuê nhà 500k,Action,Edit
Xóa giao dịch vừa rồi,Action,DELETE_RECORD
Xóa giao dịch xem phim 2 triệu,Action,Edit
Xóa giao dịch xăng xe 300k,Action,Edit
Xóa giao dịch y tế 700k,Action,Edit
Xóa giao dịch y tế vừa nhập,Action,DELETE_RECORD
Xóa giao dịch ăn uống 90k,Action,Edit
Xóa giao dịch ăn uống vừa nhập,Action,DELETE_RECORD
Xóa giao dịch đi chợ 90k,Action,Edit
Xóa giao dịch đi lại 120k,Action,Edit
Xóa giao dịch đi lại vừa nhập,Action,DELETE_RECORD
Xóa giao dịch điện nước 200k,Action,Edit
Xóa giao dịch điện nước vừa nhập,Action,DELETE_RECORD
Xóa giao dịch điện thoại 180k,Action,Edit
Xóa giao dịch đầu tư 1 triệu,Action,Edit
Xóa khoản an uong vừa thêm,Action,DELETE_RECORD
Xóa khoản bao hiem vừa thêm,Action,DELETE_RECORD
Xóa khoản bảo hiểm vừa thêm,Action,DELETE_RECORD
Xóa khoản ca phe vừa thêm,Action,DELETE_RECORD
Xóa khoản cat toc vừa thêm,Action,DELETE_RECORD
Xóa khoản cà phê vừa thêm,Action,DELETE_RECORD
Xóa khoản cắt tóc vừa thêm,Action,DELETE_RECORD
Xóa khoản di cho vừa thêm,Action,DELETE_RECORD
Xóa khoản di lai vừa thêm,Action,DELETE_RECORD
Xóa khoản dien thoai vừa thêm,Action,DELETE_RECORD
Xóa khoản du lich vừa thêm,Action,DELETE_RECORD
Xóa khoản du lịch vừa thêm,Action,DELETE_RECORD
Xóa khoản gia đình vừa thêm,Action,DELETE_RECORD
Xóa khoản giải trí vừa thêm,Action,DELETE_RECORD
Xóa khoản hoc online vừa thêm,Action,DELETE_RECORD
Xóa khoản hoc phi vừa thêm,Action,DELETE_RECORD
Xóa khoản học online vừa thêm,Action,DELETE_RECORD
Xóa khoản học phí vừa thêm,Action,DELETE_RECORD
Xóa khoản hội họp vừa thêm,Action,DELETE_RECORD
Xóa khoản internet vừa thêm,Action,DELETE_RECORD
Xóa khoản linh tinh vừa thêm,Action,DELETE_RECORD
Xóa khoản mua sam vừa thêm,Action,DELETE_RECORD
Xóa khoản mua sắm vừa thêm,Action,DELETE_RECORD
Xóa khoản mỹ phẩm vừa thêm,Action,DELETE_RECORD
Xóa khoản nội thất vừa thêm,Action,DELETE_RECORD
Xóa khoản quà tặng vừa thêm,Action,DELETE_RECORD
Xóa khoản sua xe vừa thêm,Action,DELETE_RECORD
Xóa khoản sách vở vừa thêm,Action,DELETE_RECORD
Xóa khoản sửa xe vừa thêm,Action,DELETE_RECORD
Xóa khoản thue nha vừa thêm,Action,DELETE_RECORD
Xóa khoản thuê nhà vừa thêm,Action,DELETE_RECORD
Xóa khoản xăng xe vừa thêm,Action,DELETE_RECORD
Xóa khoản y tế vừa thêm,Action,DELETE_RECORD
Xóa khoản ăn uống vừa thêm,Action,DELETE_RECORD
Xóa khoản đi chợ vừa thêm,Action,DELETE_RECORD
Xóa khoản đi lại vừa thêm,Action,DELETE_RECORD
Xóa khoản điện nước vừa thêm,Action,DELETE_RECORD
Xóa khoản điện thoại vừa thêm,Action,DELETE_RECORD
Xóa khoản đầu tư vừa thêm,Action,DELETE_RECORD
Xóa khoản đồ gia dụng vừa thêm,Action,DELETE_RECORD
bao cao tong chi thang nay,Action,REPORT_GENERAL
bat che do toi,Action,Setting
bat dark mode,Action,Setting
bật chế độ tối,Action,Setting
bật chế độ tối giúp mình,Action,Setting
bật chế độ tối nhé,Action,Setting
bật dark mode,Action,Setting
bật giao diện tối,Action,Setting
bật giao diện tối đi,Action,Setting
bật lại chế độ tối sau khi cập nhật,Action,Setting
bật night mode,Action,Setting
bật theme tối,Action,Setting
cho mình bật chế độ tối,Action,Setting
chuyển app sang chế độ tối,Action,Setting
dạo này mình đã chi cho học phí bao nhiêu rồi,Action,Report
dạo này mình đã chi cho linh tinh bao nhiêu rồi,Action,Report
dạo này mình đã chi cho sửa xe bao nhiêu rồi,Action,Report
giúp tôi bật chế độ tối,Action,Setting
gần đây mình đã chi cho đi chợ bao nhiêu rồi,Action,Report
gần đây mình đã chi cho điện thoại bao nhiêu rồi,Action,Report
gần đây mình đã tiêu hết bao nhiêu,Action,REPORT_GENERAL
hom nay da tieu may,Action,REPORT_GENERAL
hom nay da tieu may bot,Action,REPORT_GENERAL
hom nay da tieu may hả,Action,REPORT_GENERAL
hom nay da tieu may nha,Action,REPORT_GENERAL
hom nay da tieu may vậy,Action,REPORT_GENERAL
hom nay da tieu may đi,Action,REPORT_GENERAL
hom nay tieu bao nhieu,Action,REPORT_GENERAL
hom nay tieu bao nhieu bot,Action,REPORT_GENERAL
hom nay tieu bao nhieu ha,Action,REPORT_GENERAL
hom nay tieu bao nhieu nha,Action,REPORT_GENERAL
hôm nay mình đã chi cho học phí bao nhiêu rồi,Action,Report
hôm nay mình đã chi cho hội họp bao nhiêu rồi,Action,Report
hôm nay mình đã chi cho mua sắm bao nhiêu rồi,Action,Report
hôm nay mình đã tiêu hết bao nhiêu,Action,REPORT_GENERAL
hôm nay đã tiêu mấy,Action,REPORT_GENERAL
hôm nay đã tiêu mấy bot,Action,REPORT_GENERAL
hôm nay đã tiêu mấy hả,Action,REPORT_GENERAL
hôm nay đã tiêu mấy nha,Action,REPORT_GENERAL
hôm nay đã tiêu mấy vậy,Action,REPORT_GENERAL
hôm nay đã tiêu mấy đi,Action,REPORT_GENERAL
hôm qua mình đã chi cho internet bao nhiêu rồi,Action,Report
hôm qua mình đã tiêu hết bao nhiêu,Action,REPORT_GENERAL
kích hoạt dark mode,Action,Setting
kích hoạt giao diện tối,Action,Setting
minh da tieu bao nhieu thang nay,Action,REPORT_GENERAL
minh da tieu bao nhieu thang nay bot,Action,REPORT_GENERAL
minh da tieu bao nhieu thang nay ha,Action,REPORT_GENERAL
minh da tieu bao nhieu thang nay nha,Action,REPORT_GENERAL
mo che do toi,Action,Setting
mấy hôm nay mình đã chi cho du lịch bao nhiêu rồi,Action,Report
mấy hôm nay mình đã chi cho mỹ phẩm bao nhiêu rồi,Action,Report
mấy hôm nay mình đã chi cho sửa xe bao nhiêu rồi,Action,Report
mấy hôm nay mình đã tiêu hết bao nhiêu,Action,REPORT_GENERAL
mở chế độ ban đêm,Action,Setting
quý này mình đã chi cho giải trí bao nhiêu rồi,Action,Report
quý này mình đã chi cho internet bao nhiêu rồi,Action,Report
quý này mình đã chi cho linh tinh bao nhiêu rồi,Action,Report
quý này mình đã tiêu hết bao nhiêu,Action,REPORT_GENERAL
sua lai khoan giải trí thanh 1.5tr,Action,UPDATE_RECORD
sua lai khoan giải trí thanh 100k,Action,UPDATE_RECORD
sua lai khoan giải trí thanh 1tr,Action,UPDATE_RECORD
sua lai khoan giải trí thanh 200k,Action,UPDATE_RECORD
sua lai khoan giải trí thanh 2tr,Action,UPDATE_RECORD
sua lai khoan giải trí thanh 300k,Action,UPDATE_RECORD
sua lai khoan giải trí thanh 500k,Action,UPDATE_RECORD
sua lai khoan giải trí thanh 50k,Action,UPDATE_RECORD
sua lai khoan học phí thanh 1.5tr,Action,UPDATE_RECORD
sua lai khoan học phí thanh 100k,Action,UPDATE_RECORD
sua lai khoan học phí thanh 1tr,Action,UPDATE_RECORD
sua lai khoan học phí thanh 200k,Action,UPDATE_RECORD
sua lai khoan học phí thanh 2tr,Action,UPDATE_RECORD
sua lai khoan học phí thanh 300k,Action,UPDATE_RECORD
sua lai khoan học phí thanh 500k,Action,UPDATE_RECORD
sua lai khoan học phí thanh 50k,Action,UPDATE_RECORD
sua lai khoan mua sắm thanh 1.5tr,Action,UPDATE_RECORD
sua lai khoan mua sắm thanh 100k,Action,UPDATE_RECORD
sua lai khoan mua sắm thanh 1tr,Action,UPDATE_RECORD
sua lai khoan mua sắm thanh 200k,Action,UPDATE_RECORD
sua lai khoan mua sắm thanh 2tr,Action,UPDATE_RECORD
sua lai khoan mua sắm thanh 300k,Action,UPDATE_RECORD
sua lai khoan mua sắm thanh 500k,Action,UPDATE_RECORD
sua lai khoan mua sắm thanh 50k,Action,UPDATE_RECORD
sua lai khoan nhà cửa thanh 1.5tr,Action,UPDATE_RECORD
sua lai khoan nhà cửa thanh 100k,Action,UPDATE_RECORD
sua lai khoan nhà cửa thanh 1tr,Action,UPDATE_RECORD
sua lai khoan nhà cửa thanh 200k,Action,UPDATE_RECORD
sua lai khoan nhà cửa thanh 2tr,Action,UPDATE_RECORD
sua lai khoan nhà cửa thanh 300k,Action,UPDATE_RECORD
sua lai khoan nhà cửa thanh 500k,Action,UPDATE_RECORD
sua lai khoan nhà cửa thanh 50k,Action,UPDATE_RECORD
sua lai khoan y tế thanh 1.5tr,Action,UPDATE_RECORD
sua lai khoan y tế thanh 100k,Action,UPDATE_RECORD
sua lai khoan y tế thanh 1tr,Action,UPDATE_RECORD
sua lai khoan y tế thanh 200k,Action,UPDATE_RECORD
sua lai khoan y tế thanh 2tr,Action,UPDATE_RECORD
sua lai khoan y tế thanh 300k,Action,UPDATE_RECORD
sua lai khoan y tế thanh 500k,Action,UPDATE_RECORD
sua lai khoan y tế thanh 50k,Action,UPDATE_RECORD
sua lai khoan ăn uống thanh 1.5tr,Action,UPDATE_RECORD
sua lai khoan ăn uống thanh 100k,Action,UPDATE_RECORD
sua lai khoan ăn uống thanh 1tr,Action,UPDATE_RECORD
sua lai khoan ăn uống thanh 200k,Action,UPDATE_RECORD
sua lai khoan ăn uống thanh 2tr,Action,UPDATE_RECORD
sua lai khoan ăn uống thanh 300k,Action,UPDATE_RECORD
sua lai khoan ăn uống thanh 500k,Action,UPDATE_RECORD
sua lai khoan ăn uống thanh 50k,Action,UPDATE_RECORD
sua lai khoan đi lại thanh 1.5tr,Action,UPDATE_RECORD
sua lai khoan đi lại thanh 100k,Action,UPDATE_RECORD
sua lai khoan đi lại thanh 1tr,Action,UPDATE_RECORD
sua lai khoan đi lại thanh 200k,Action,UPDATE_RECORD
sua lai khoan đi lại thanh 2tr,Action,UPDATE_RECORD
sua lai khoan đi lại thanh 300k,Action,UPDATE_RECORD
sua lai khoan đi lại thanh 500k,Action,UPDATE_RECORD
sua lai khoan đi lại thanh 50k,Action,UPDATE_RECORD
sua lai khoan điện nước thanh 1.5tr,Action,UPDATE_RECORD
sua lai khoan điện nước thanh 100k,Action,UPDATE_RECORD
sua lai khoan điện nước thanh 1tr,Action,UPDATE_RECORD
sua lai khoan điện nước thanh 200k,Action,UPDATE_RECORD
sua lai khoan điện nước thanh 2tr,Action,UPDATE_RECORD
sua lai khoan điện nước thanh 300k,Action,UPDATE_RECORD
sua lai khoan điện nước thanh 500k,Action,UPDATE_RECORD
sua lai khoan điện nước thanh 50k,Action,UPDATE_RECORD
switch sang dark mode,Action,Setting
thang nay tieu bao nhieu roi,Action,REPORT_GENERAL
thang nay tieu bao nhieu roi bot,Action,REPORT_GENERAL
thang nay tieu bao nhieu roi hả,Action,REPORT_GENERAL
thang nay tieu bao nhieu roi nha,Action,REPORT_GENERAL
thang nay tieu bao nhieu roi vậy,Action,REPORT_GENERAL
thang nay tieu bao nhieu roi đi,Action,REPORT_GENERAL
tháng này mình đã chi cho học phí bao nhiêu rồi,Action,Report
tháng này mình đã chi cho internet bao nhiêu rồi,Action,Report
tháng này mình đã chi cho linh tinh bao nhiêu rồi,Action,Report
tháng này mình đã tiêu hết bao nhiêu,Action,REPORT_GENERAL
tháng này tiêu bao nhiêu rồi,Action,REPORT_GENERAL
tháng này tiêu bao nhiêu rồi bot,Action,REPORT_GENERAL
tháng này tiêu bao nhiêu rồi ha,Action,REPORT_GENERAL
tháng này tiêu bao nhiêu rồi hả,Action,REPORT_GENERAL
tháng này tiêu bao nhiêu rồi nha,Action,REPORT_GENERAL
tháng này tiêu bao nhiêu rồi vậy,Action,REPORT_GENERAL
tháng này tiêu bao nhiêu rồi đi,Action,REPORT_GENERAL
tháng trước mình đã chi cho cà phê bao nhiêu rồi,Action,Report
tháng trước mình đã chi cho sửa xe bao nhiêu rồi,Action,Report
tháng trước mình đã chi cho xăng xe bao nhiêu rồi,Action,Report
tháng trước mình đã chi cho ăn uống bao nhiêu rồi,Action,Report
tháng trước mình đã chi cho điện nước bao nhiêu rồi,Action,Report
tháng trước mình đã tiêu hết bao nhiêu,Action,REPORT_GENERAL
tim kiem khoan giải trí lon hon 1.5tr,Action,SEARCH_RECORD
tim kiem khoan giải trí lon hon 100k,Action,SEARCH_RECORD
tim kiem khoan giải trí lon hon 1tr,Action,SEARCH_RECORD
tim kiem khoan giải trí lon hon 200k,Action,SEARCH_RECORD
tim kiem khoan giải trí lon hon 2tr,Action,SEARCH_RECORD
tim kiem khoan giải trí lon hon 300k,Action,SEARCH_RECORD
tim kiem khoan giải trí lon hon 500k,Action,SEARCH_RECORD
tim kiem khoan giải trí lon hon 50k,Action,SEARCH_RECORD
tim kiem khoan học phí lon hon 1.5tr,Action,SEARCH_RECORD
tim kiem khoan học phí lon hon 100k,Action,SEARCH_RECORD
tim kiem khoan học phí lon hon 1tr,Action,SEARCH_RECORD
tim kiem khoan học phí lon hon 200k,Action,SEARCH_RECORD
tim kiem khoan học phí lon hon 2tr,Action,SEARCH_RECORD
tim kiem khoan học phí lon hon 300k,Action,SEARCH_RECORD
tim kiem khoan học phí lon hon 500k,Action,SEARCH_RECORD
tim kiem khoan học phí lon hon 50k,Action,SEARCH_RECORD
tim kiem khoan mua sắm lon hon 1.5tr,Action,SEARCH_RECORD
tim kiem khoan mua sắm lon hon 100k,Action,SEARCH_RECORD
tim kiem khoan mua sắm lon hon 1tr,Action,SEARCH_RECORD
tim kiem khoan mua sắm lon hon 200k,Action,SEARCH_RECORD
tim kiem khoan mua sắm lon hon 2tr,Action,SEARCH_RECORD
tim kiem khoan mua sắm lon hon 300k,Action,SEARCH_RECORD
tim kiem khoan mua sắm lon hon 500k,Action,SEARCH_RECORD
tim kiem khoan mua sắm lon hon 50k,Action,SEARCH_RECORD
tim kiem khoan nhà cửa lon hon 1.5tr,Action,SEARCH_RECORD
tim kiem khoan nhà cửa lon hon 100k,Action,SEARCH_RECORD
tim kiem khoan nhà cửa lon hon 1tr,Action,SEARCH_RECORD
tim kiem khoan nhà cửa lon hon 200k,Action,SEARCH_RECORD
tim kiem khoan nhà cửa lon hon 2tr,Action,SEARCH_RECORD
tim kiem khoan nhà cửa lon hon 300k,Action,SEARCH_RECORD
tim kiem khoan nhà cửa lon hon 500k,Action,SEARCH_RECORD
tim kiem khoan nhà cửa lon hon 50k,Action,SEARCH_RECORD
tim kiem khoan y tế lon hon 1.5tr,Action,SEARCH_RECORD
tim kiem khoan y tế lon hon 100k,Action,SEARCH_RECORD
tim kiem khoan y tế lon hon 1tr,Action,SEARCH_RECORD
tim kiem khoan y tế lon hon 200k,Action,SEARCH_RECORD
tim kiem khoan y tế lon hon 2tr,Action,SEARCH_RECORD
tim kiem khoan y tế lon hon 300k,Action,SEARCH_RECORD
tim kiem khoan y tế lon hon 500k,Action,SEARCH_RECORD
tim kiem khoan y tế lon hon 50k,Action,SEARCH_RECORD
tim kiem khoan ăn uống lon hon 1.5tr,Action,SEARCH_RECORD
tim kiem khoan ăn uống lon hon 100k,Action,SEARCH_RECORD
tim kiem khoan ăn uống lon hon 1tr,Action,SEARCH_RECORD
tim kiem khoan ăn uống lon hon 200k,Action,SEARCH_RECORD
tim kiem khoan ăn uống lon hon 2tr,Action,SEARCH_RECORD
tim kiem khoan ăn uống lon hon 300k,Action,SEARCH_RECORD
tim kiem khoan ăn uống lon hon 500k,Action,SEARCH_RECORD
tim kiem khoan ăn uống lon hon 50k,Action,SEARCH_RECORD
tim kiem khoan đi lại lon hon 1.5tr,Action,SEARCH_RECORD
tim kiem khoan đi lại lon hon 100k,Action,SEARCH_RECORD
tim kiem khoan đi lại lon hon 1tr,Action,SEARCH_RECORD
tim kiem khoan đi lại lon hon 200k,Action,SEARCH_RECORD
tim kiem khoan đi lại lon hon 2tr,Action,SEARCH_RECORD
tim kiem khoan đi lại lon hon 300k,Action,SEARCH_RECORD
tim kiem khoan đi lại lon hon 500k,Action,SEARCH_RECORD
tim kiem khoan đi lại lon hon 50k,Action,SEARCH_RECORD
tim kiem khoan điện nước lon hon 1.5tr,Action,SEARCH_RECORD
tim kiem khoan điện nước lon hon 100k,Action,SEARCH_RECORD
tim kiem khoan điện nước lon hon 1tr,Action,SEARCH_RECORD
tim kiem khoan điện nước lon hon 200k,Action,SEARCH_RECORD
tim kiem khoan điện nước lon hon 2tr,Action,SEARCH_RECORD
tim kiem khoan điện nước lon hon 300k,Action,SEARCH_RECORD
tim kiem khoan điện nước lon hon 500k,Action,SEARCH_RECORD
tim kiem khoan điện nước lon hon 50k,Action,SEARCH_RECORD
tong chi thang nay,Action,REPORT_GENERAL
tong chi thang nay bot,Action,REPORT_GENERAL
tong chi thang nay ha,Action,REPORT_GENERAL
tong chi thang nay hả,Action,REPORT_GENERAL
tong chi thang nay nha,Action,REPORT_GENERAL
tong chi thang nay vậy,Action,REPORT_GENERAL
tong chi thang nay đi,Action,REPORT_GENERAL
tuan nay chi het bao nhieu,Action,REPORT_GENERAL
tuan nay chi het bao nhieu bot,Action,REPORT_GENERAL
tuan nay chi het bao nhieu hả,Action,REPORT_GENERAL
tuan nay chi het bao nhieu nha,Action,REPORT_GENERAL
tuan nay chi het bao nhieu vậy,Action,REPORT_GENERAL
tuan nay chi het bao nhieu đi,Action,REPORT_GENERAL
tuần này chi bao nhiêu,Action,REPORT_GENERAL
tuần này chi bao nhiêu bot,Action,REPORT_GENERAL
tuần này chi bao nhiêu ha,Action,REPORT_GENERAL
tuần này chi bao nhiêu nha,Action,REPORT_GENERAL
tuần này chi hết bao nhiêu,Action,REPORT_GENERAL
tuần này chi hết bao nhiêu bot,Action,REPORT_GENERAL
tuần này chi hết bao nhiêu hả,Action,REPORT_GENERAL
tuần này chi hết bao nhiêu nha,Action,REPORT_GENERAL
tuần này chi hết bao nhiêu vậy,Action,REPORT_GENERAL
tuần này chi hết bao nhiêu đi,Action,REPORT_GENERAL
tuần này mình đã tiêu hết bao nhiêu,Action,REPORT_GENERAL
tuần trước mình đã tiêu hết bao nhiêu,Action,REPORT_GENERAL
tôi muốn bật chế độ tối,Action,Setting
tắt chế độ tối đi,Action,Setting
tắt dark mode giúp mình,Action,Setting
tắt night mode,Action,Setting
tổng chi tháng này,Action,REPORT_GENERAL
tổng chi tháng này bot,Action,REPORT_GENERAL
tổng chi tháng này ha,Action,REPORT_GENERAL
tổng chi tháng này hả,Action,REPORT_GENERAL
tổng chi tháng này nha,Action,REPORT_GENERAL
tổng chi tháng này vậy,Action,REPORT_GENERAL
tổng chi tháng này đi,Action,REPORT_GENERAL
xem tong chi tuan nay,Action,REPORT_GENERAL
xem tổng chi tuần này,Action,REPORT_GENERAL
xem tổng chi tuần này bot,Action,REPORT_GENERAL
xem tổng chi tuần này hả,Action,REPORT_GENERAL
xem tổng chi tuần này nha,Action,REPORT_GENERAL
xem tổng chi tuần này vậy,Action,REPORT_GENERAL
xem tổng chi tuần này đi,Action,REPORT_GENERAL
xoa ban ghi gan nhat,Action,DELETE_RECORD
Đóng dark mode,Action,Setting
Đóng hiển thị số dư,Action,Setting
Đóng khóa ứng dụng,Action,Setting
Đóng mã PIN,Action,Setting
Đóng nhắc nhở,Action,Setting
Đóng quyền riêng tư,Action,Setting
Đóng thông báo,Action,Setting
Đóng tự động đăng nhập,Action,Setting
Đóng tự động đồng bộ,Action,Setting
Đóng âm thanh,Action,Setting
Đặt cảnh báo khi chi giải trí quá 1.5tr,Action,SET_ALERT
Đặt cảnh báo khi chi giải trí quá 100k,Action,SET_ALERT
Đặt cảnh báo khi chi giải trí quá 1tr,Action,SET_ALERT
Đặt cảnh báo khi chi giải trí quá 200k,Action,SET_ALERT
Đặt cảnh báo khi chi giải trí quá 2tr,Action,SET_ALERT
Đặt cảnh báo khi chi giải trí quá 300k,Action,SET_ALERT
Đặt cảnh báo khi chi giải trí quá 500k,Action,SET_ALERT
Đặt cảnh báo khi chi giải trí quá 50k,Action,SET_ALERT
Đặt cảnh báo khi chi học phí quá 1.5tr,Action,SET_ALERT
Đặt cảnh báo khi chi học phí quá 100k,Action,SET_ALERT
Đặt cảnh báo khi chi học phí quá 1tr,Action,SET_ALERT
Đặt cảnh báo khi chi học phí quá 200k,Action,SET_ALERT
Đặt cảnh báo khi chi học phí quá 2tr,Action,SET_ALERT
Đặt cảnh báo khi chi học phí quá 300k,Action,SET_ALERT
Đặt cảnh báo khi chi học phí quá 500k,Action,SET_ALERT
Đặt cảnh báo khi chi học phí quá 50k,Action,SET_ALERT
Đặt cảnh báo khi chi mua sắm quá 1.5tr,Action,SET_ALERT
Đặt cảnh báo khi chi mua sắm quá 100k,Action,SET_ALERT
Đặt cảnh báo khi chi mua sắm quá 1tr,Action,SET_ALERT
Đặt cảnh báo khi chi mua sắm quá 200k,Action,SET_ALERT
Đặt cảnh báo khi chi mua sắm quá 2tr,Action,SET_ALERT
Đặt cảnh báo khi chi mua sắm quá 300k,Action,SET_ALERT
Đặt cảnh báo khi chi mua sắm quá 500k,Action,SET_ALERT
Đặt cảnh báo khi chi mua sắm quá 50k,Action,SET_ALERT
Đặt cảnh báo khi chi nhà cửa quá 1.5tr,Action,SET_ALERT
Đặt cảnh báo khi chi nhà cửa quá 100k,Action,SET_ALERT
Đặt cảnh báo khi chi nhà cửa quá 1tr,Action,SET_ALERT
Đặt cảnh báo khi chi nhà cửa quá 200k,Action,SET_ALERT
Đặt cảnh báo khi chi nhà cửa quá 2tr,Action,SET_ALERT
Đặt cảnh báo khi chi nhà cửa quá 300k,Action,SET_ALERT
Đặt cảnh báo khi chi nhà cửa quá 500k,Action,SET_ALERT
Đặt cảnh báo khi chi nhà cửa quá 50k,Action,SET_ALERT
Đặt cảnh báo khi chi y tế quá 1.5tr,Action,SET_ALERT
Đặt cảnh báo khi chi y tế quá 100k,Action,SET_ALERT
Đặt cảnh báo khi chi y tế quá 1tr,Action,SET_ALERT
Đặt cảnh báo khi chi y tế quá 200k,Action,SET_ALERT
Đặt cảnh báo khi chi y tế quá 2tr,Action,SET_ALERT
Đặt cảnh báo khi chi y tế quá 300k,Action,SET_ALERT
Đặt cảnh báo khi chi y tế quá 500k,Action,SET_ALERT
Đặt cảnh báo khi chi y tế quá 50k,Action,SET_ALERT
Đặt cảnh báo khi chi ăn uống quá 1.5tr,Action,SET_ALERT
Đặt cảnh báo khi chi ăn uống quá 100k,Action,SET_ALERT
Đặt cảnh báo khi chi ăn uống quá 1tr,Action,SET_ALERT
Đặt cảnh báo khi chi ăn uống quá 200k,Action,SET_ALERT
Đặt cảnh báo khi chi ăn uống quá 2tr,Action,SET_ALERT
Đặt cảnh báo khi chi ăn uống quá 300k,Action,SET_ALERT
Đặt cảnh báo khi chi ăn uống quá 500k,Action,SET_ALERT
Đặt cảnh báo khi chi ăn uống quá 50k,Action,SET_ALERT
Đặt cảnh báo khi chi đi lại quá 1.5tr,Action,SET_ALERT
Đặt cảnh báo khi chi đi lại quá 100k,Action,SET_ALERT
Đặt cảnh báo khi chi đi lại quá 1tr,Action,SET_ALERT
Đặt cảnh báo khi chi đi lại quá 200k,Action,SET_ALERT
Đặt cảnh báo khi chi đi lại quá 2tr,Action,SET_ALERT
Đặt cảnh báo khi chi đi lại quá 300k,Action,SET_ALERT
Đặt cảnh báo khi chi đi lại quá 500k,Action,SET_ALERT
Đặt cảnh báo khi chi đi lại quá 50k,Action,SET_ALERT
Đặt cảnh báo khi chi điện nước quá 1.5tr,Action,SET_ALERT
Đặt cảnh báo khi chi điện nước quá 100k,Action,SET_ALERT
Đặt cảnh báo khi chi điện nước quá 1tr,Action,SET_ALERT
Đặt cảnh báo khi chi điện nước quá 200k,Action,SET_ALERT
Đặt cảnh báo khi chi điện nước quá 2tr,Action,SET_ALERT
Đặt cảnh báo khi chi điện nước quá 300k,Action,SET_ALERT
Đặt cảnh báo khi chi điện nước quá 500k,Action,SET_ALERT
Đặt cảnh báo khi chi điện nước quá 50k,Action,SET_ALERT
Đặt giới hạn an uong 20k,Action,SET_LIMIT
Đặt giới hạn bao hiem 15k,Action,SET_LIMIT
Đặt giới hạn bảo hiểm 1 triệu,Action,SET_LIMIT
Đặt giới hạn bảo hiểm 2 triệu,Action,SET_LIMIT
Đặt giới hạn bảo hiểm 35k,Action,SET_LIMIT
Đặt giới hạn bảo hiểm 500k,Action,SET_LIMIT
Đặt giới hạn bảo hiểm 50k,Action,SET_LIMIT
Đặt giới hạn bảo hiểm 80k,Action,SET_LIMIT
Đặt giới hạn ca phe 500k,Action,SET_LIMIT
Đặt giới hạn cà phê 200k,Action,SET_LIMIT
Đặt giới hạn cà phê 20k,Action,SET_LIMIT
Đặt giới hạn cà phê 50k,Action,SET_LIMIT
Đặt giới hạn cắt tóc 2 triệu,Action,SET_LIMIT
Đặt giới hạn cắt tóc 3 triệu,Action,SET_LIMIT
Đặt giới hạn cắt tóc 300k,Action,SET_LIMIT
Đặt giới hạn cắt tóc 35k,Action,SET_LIMIT
Đặt giới hạn cắt tóc 500k,Action,SET_LIMIT
Đặt giới hạn di cho 80k,Action,SET_LIMIT
Đặt giới hạn di lai 20k,Action,SET_LIMIT
Đặt giới hạn di lai 300k,Action,SET_LIMIT
Đặt giới hạn dien nuoc 1 trieu,Action,SET_LIMIT
Đặt giới hạn dien thoai 120k,Action,SET_LIMIT
Đặt giới hạn dien thoai 80k,Action,SET_LIMIT
Đặt giới hạn du lich 300k,Action,SET_LIMIT
Đặt giới hạn du lịch 20k,Action,SET_LIMIT
Đặt giới hạn du lịch 2tr400,Action,SET_LIMIT
Đặt giới hạn du lịch 300k,Action,SET_LIMIT
Đặt giới hạn du lịch 500k,Action,SET_LIMIT
Đặt giới hạn du lịch 50k,Action,SET_LIMIT
Đặt giới hạn du lịch 80k,Action,SET_LIMIT
Đặt giới hạn gia đình 2 triệu,Action,SET_LIMIT
Đặt giới hạn gia đình 2tr400,Action,SET_LIMIT
Đặt giới hạn gia đình 300k,Action,SET_LIMIT
Đặt giới hạn gia đình 35k,Action,SET_LIMIT
Đặt giới hạn giai tri 80k,Action,SET_LIMIT
Đặt giới hạn giải trí 1 triệu,Action,SET_LIMIT
Đặt giới hạn giải trí 120k,Action,SET_LIMIT
Đặt giới hạn giải trí 2 triệu,Action,SET_LIMIT
Đặt giới hạn giải trí 3 triệu,Action,SET_LIMIT
Đặt giới hạn giải trí 300k,Action,SET_LIMIT
Đặt giới hạn hoc online 300k,Action,SET_LIMIT
Đặt giới hạn học online 500k,Action,SET_LIMIT
Đặt giới hạn học phí 2tr400,Action,SET_LIMIT
Đặt giới hạn học phí 300k,Action,SET_LIMIT
Đặt giới hạn học phí 80k,Action,SET_LIMIT
Đặt giới hạn hội họp 1 triệu,Action,SET_LIMIT
Đặt giới hạn hội họp 120k,Action,SET_LIMIT
Đặt giới hạn hội họp 2 triệu,Action,SET_LIMIT
Đặt giới hạn hội họp 3 triệu,Action,SET_LIMIT
Đặt giới hạn hội họp 35k,Action,SET_LIMIT
Đặt giới hạn internet 120k,Action,SET_LIMIT
Đặt giới hạn internet 2tr400,Action,SET_LIMIT
Đặt giới hạn internet 300k,Action,SET_LIMIT
Đặt giới hạn internet 500k,Action,SET_LIMIT
Đặt giới hạn linh tinh 1 trieu,Action,SET_LIMIT
Đặt giới hạn linh tinh 120k,Action,SET_LIMIT
Đặt giới hạn linh tinh 200k,Action,SET_LIMIT
Đặt giới hạn linh tinh 20k,Action,SET_LIMIT
Đặt giới hạn linh tinh 500k,Action,SET_LIMIT
Đặt giới hạn linh tinh 50k,Action,SET_LIMIT
Đặt giới hạn mua sam 3 trieu,Action,SET_LIMIT
Đặt giới hạn mua sắm 200k,Action,SET_LIMIT
Đặt giới hạn mua sắm 3 triệu,Action,SET_LIMIT
Đặt giới hạn mua sắm 300k,Action,SET_LIMIT
Đặt giới hạn mua sắm 750k,Action,SET_LIMIT
Đặt giới hạn mỹ phẩm 1 triệu,Action,SET_LIMIT
Đặt giới hạn mỹ phẩm 120k,Action,SET_LIMIT
Đặt giới hạn mỹ phẩm 200k,Action,SET_LIMIT
Đặt giới hạn mỹ phẩm 3 triệu,Action,SET_LIMIT
Đặt giới hạn mỹ phẩm 80k,Action,SET_LIMIT
Đặt giới hạn noi that 120k,Action,SET_LIMIT
Đặt giới hạn noi that 35k,Action,SET_LIMIT
Đặt giới hạn nội thất 1 triệu,Action,SET_LIMIT
Đặt giới hạn nội thất 2 triệu,Action,SET_LIMIT
Đặt giới hạn nội thất 200k,Action,SET_LIMIT
Đặt giới hạn nội thất 3 triệu,Action,SET_LIMIT
Đặt giới hạn quà tặng 120k,Action,SET_LIMIT
Đặt giới hạn quà tặng 200k,Action,SET_LIMIT
Đặt giới hạn quà tặng 20k,Action,SET_LIMIT
Đặt giới hạn quà tặng 5 triệu,Action,SET_LIMIT
Đặt giới hạn quà tặng 500k,Action,SET_LIMIT
Đặt giới hạn sua xe 120k,Action,SET_LIMIT
Đặt giới hạn sửa xe 2 triệu,Action,SET_LIMIT
Đặt giới hạn sửa xe 20k,Action,SET_LIMIT
Đặt giới hạn sửa xe 300k,Action,SET_LIMIT
Đặt giới hạn sửa xe 50k,Action,SET_LIMIT
Đặt giới hạn sửa xe 80k,Action,SET_LIMIT
Đặt giới hạn thue nha 200k,Action,SET_LIMIT
Đặt giới hạn thuê nhà 3 triệu,Action,SET_LIMIT
Đặt giới hạn thuê nhà 750k,Action,SET_LIMIT
Đặt giới hạn thú cưng 120k,Action,SET_LIMIT
Đặt giới hạn thú cưng 200k,Action,SET_LIMIT
Đặt giới hạn xăng xe 120k,Action,SET_LIMIT
Đặt giới hạn xăng xe 35k,Action,SET_LIMIT
Đặt giới hạn xăng xe 80k,Action,SET_LIMIT
Đặt giới hạn y te 120k,Action,SET_LIMIT
Đặt giới hạn y te 750k,Action,SET_LIMIT
Đặt giới hạn y tế 120k,Action,SET_LIMIT
Đặt giới hạn y tế 50k,Action,SET_LIMIT
Đặt giới hạn ăn uống 20k,Action,SET_LIMIT
Đặt giới hạn ăn uống 2tr400,Action,SET_LIMIT
Đặt giới hạn ăn uống 5 triệu,Action,SET_LIMIT
Đặt giới hạn đi chợ 120k,Action,SET_LIMIT
Đặt giới hạn đi chợ 2tr400,Action,SET_LIMIT
Đặt giới hạn đi chợ 300k,Action,SET_LIMIT
Đặt giới hạn đi chợ 5 triệu,Action,SET_LIMIT
Đặt giới hạn đi lại 2 triệu,Action,SET_LIMIT
Đặt giới hạn đi lại 20k,Action,SET_LIMIT
Đặt giới hạn điện nước 200k,Action,SET_LIMIT
Đặt giới hạn điện nước 2tr400,Action,SET_LIMIT
Đặt giới hạn điện thoại 120k,Action,SET_LIMIT
Đặt giới hạn điện thoại 35k,Action,SET_LIMIT
Đặt giới hạn đầu tư 1 triệu,Action,SET_LIMIT
Đặt giới hạn đầu tư 20k,Action,SET_LIMIT
Đặt giới hạn đầu tư 35k,Action,SET_LIMIT
Đặt giới hạn đầu tư 500k,Action,SET_LIMIT
Đặt giới hạn đầu tư 50k,Action,SET_LIMIT
Đặt giới hạn đầu tư 80k,Action,SET_LIMIT
Đặt giới hạn đồ gia dụng 5 triệu,Action,SET_LIMIT
Đặt hạn mức bảo hiểm là 2 triệu,Action,Setting
Đặt hạn mức bảo hiểm là 450k,Action,Setting
Đặt hạn mức cà phê là 2 triệu,Action,Setting
Đặt hạn mức cà phê là 450k,Action,Setting
Đặt hạn mức cà phê là 50k,Action,Setting
Đặt hạn mức cắt tóc là 1 triệu,Action,Setting
Đặt hạn mức cắt tóc là 150k,Action,Setting
Đặt hạn mức cắt tóc là 200k,Action,Setting
Đặt hạn mức cắt tóc là 500k,Action,Setting
Đặt hạn mức du lịch là 180k,Action,Setting
Đặt hạn mức gia đình là 1.5 triệu,Action,Setting
Đặt hạn mức gia đình là 500k,Action,Setting
Đặt hạn mức giải trí 1.5tr,Action,SET_LIMIT
Đặt hạn mức giải trí 100k,Action,SET_LIMIT
Đặt hạn mức giải trí 1tr,Action,SET_LIMIT
Đặt hạn mức giải trí 200k,Action,SET_LIMIT
Đặt hạn mức giải trí 2tr,Action,SET_LIMIT
Đặt hạn mức giải trí 300k,Action,SET_LIMIT
Đặt hạn mức giải trí 500k,Action,SET_LIMIT
Đặt hạn mức giải trí 50k,Action,SET_LIMIT
Đặt hạn mức giải trí là 250k,Action,Setting
Đặt hạn mức học phí 1.5tr,Action,SET_LIMIT
Đặt hạn mức học phí 100k,Action,SET_LIMIT
Đặt hạn mức học phí 1tr,Action,SET_LIMIT
Đặt hạn mức học phí 200k,Action,SET_LIMIT
Đặt hạn mức học phí 2tr,Action,SET_LIMIT
Đặt hạn mức học phí 300k,Action,SET_LIMIT
Đặt hạn mức học phí 500k,Action,SET_LIMIT
Đặt hạn mức học phí 50k,Action,SET_LIMIT
Đặt hạn mức học phí là 120k,Action,Setting
Đặt hạn mức học phí là 150k,Action,Setting
Đặt hạn mức học phí là 700k,Action,Setting
Đặt hạn mức hội họp là 150k,Action,Setting
Đặt hạn mức hội họp là 700k,Action,Setting
Đặt hạn mức internet là 300k,Action,Setting
Đặt hạn mức linh tinh là 2 triệu,Action,Setting
Đặt hạn mức linh tinh là 35k,Action,Setting
Đặt hạn mức mua sắm 1.5tr,Action,SET_LIMIT
Đặt hạn mức mua sắm 100k,Action,SET_LIMIT
Đặt hạn mức mua sắm 1tr,Action,SET_LIMIT
Đặt hạn mức mua sắm 200k,Action,SET_LIMIT
Đặt hạn mức mua sắm 2tr,Action,SET_LIMIT
Đặt hạn mức mua sắm 300k,Action,SET_LIMIT
Đặt hạn mức mua sắm 500k,Action,SET_LIMIT
Đặt hạn mức mua sắm 50k,Action,SET_LIMIT
Đặt hạn mức mua sắm là 200k,Action,Setting
Đặt hạn mức mỹ phẩm là 75k,Action,Setting
Đặt hạn mức mỹ phẩm là 80k,Action,Setting
Đặt hạn mức nhà cửa 1.5tr,Action,SET_LIMIT
Đặt hạn mức nhà cửa 100k,Action,SET_LIMIT
Đặt hạn mức nhà cửa 1tr,Action,SET_LIMIT
Đặt hạn mức nhà cửa 200k,Action,SET_LIMIT
Đặt hạn mức nhà cửa 2tr,Action,SET_LIMIT
Đặt hạn mức nhà cửa 300k,Action,SET_LIMIT
Đặt hạn mức nhà cửa 500k,Action,SET_LIMIT
Đặt hạn mức nhà cửa 50k,Action,SET_LIMIT
Đặt hạn mức nội thất là 500k,Action,Setting
Đặt hạn mức quà tặng là 90k,Action,Setting
Đặt hạn mức sửa xe là 120k,Action,Setting
Đặt hạn mức sửa xe là 150k,Action,Setting
Đặt hạn mức sửa xe là 2 triệu,Action,Setting
Đặt hạn mức sửa xe là 200k,Action,Setting
Đặt hạn mức thuê nhà là 900k,Action,Setting
Đặt hạn mức xem phim là 500k,Action,Setting
Đặt hạn mức xem phim là 50k,Action,Setting
Đặt hạn mức xăng xe là 1 triệu,Action,Setting
Đặt hạn mức xăng xe là 200k,Action,Setting
Đặt hạn mức xăng xe là 500k,Action,Setting
Đặt hạn mức y tế 1.5tr,Action,SET_LIMIT
Đặt hạn mức y tế 100k,Action,SET_LIMIT
Đặt hạn mức y tế 1tr,Action,SET_LIMIT
Đặt hạn mức y tế 200k,Action,SET_LIMIT
Đặt hạn mức y tế 2tr,Action,SET_LIMIT
Đặt hạn mức y tế 300k,Action,SET_LIMIT
Đặt hạn mức y tế 500k,Action,SET_LIMIT
Đặt hạn mức y tế 50k,Action,SET_LIMIT
Đặt hạn mức y tế là 1 triệu,Action,Setting
Đặt hạn mức ăn uống 1.5tr,Action,SET_LIMIT
Đặt hạn mức ăn uống 100k,Action,SET_LIMIT
Đặt hạn mức ăn uống 1tr,Action,SET_LIMIT
Đặt hạn mức ăn uống 200k,Action,SET_LIMIT
Đặt hạn mức ăn uống 2tr,Action,SET_LIMIT
Đặt hạn mức ăn uống 300k,Action,SET_LIMIT
Đặt hạn mức ăn uống 500k,Action,SET_LIMIT
Đặt hạn mức ăn uống 50k,Action,SET_LIMIT
Đặt hạn mức ăn uống là 150k,Action,Setting
Đặt hạn mức đi chợ là 150k,Action,Setting
Đặt hạn mức đi chợ là 500k,Action,Setting
Đặt hạn mức đi lại 1.5tr,Action,SET_LIMIT
Đặt hạn mức đi lại 100k,Action,SET_LIMIT
Đặt hạn mức đi lại 1tr,Action,SET_LIMIT
Đặt hạn mức đi lại 200k,Action,SET_LIMIT
Đặt hạn mức đi lại 2tr,Action,SET_LIMIT
Đặt hạn mức đi lại 300k,Action,SET_LIMIT
Đặt hạn mức đi lại 500k,Action,SET_LIMIT
Đặt hạn mức đi lại 50k,Action,SET_LIMIT
Đặt hạn mức đi lại là 180k,Action,Setting
Đặt hạn mức điện nước 1.5tr,Action,SET_LIMIT
Đặt hạn mức điện nước 100k,Action,SET_LIMIT
Đặt hạn mức điện nước 1tr,Action,SET_LIMIT
Đặt hạn mức điện nước 200k,Action,SET_LIMIT
Đặt hạn mức điện nước 2tr,Action,SET_LIMIT
Đặt hạn mức điện nước 300k,Action,SET_LIMIT
Đặt hạn mức điện nước 500k,Action,SET_LIMIT
Đặt hạn mức điện nước 50k,Action,SET_LIMIT
Đặt hạn mức điện nước là 300k,Action,Setting
Đặt hạn mức điện thoại là 250k,Action,Setting
Đặt hạn mức điện thoại là 80k,Action,Setting
Đặt hạn mức đầu tư là 2 triệu,Action,Setting
Đặt hạn mức đầu tư là 80k,Action,Setting
Đặt lại hạn mức bảo hiểm 200k,Action,SET_LIMIT
Đặt lại hạn mức bảo hiểm 500k,Action,SET_LIMIT
Đặt lại hạn mức ca phe 200k,Action,SET_LIMIT
Đặt lại hạn mức ca phe 3 trieu,Action,SET_LIMIT
Đặt lại hạn mức cat toc 120k,Action,SET_LIMIT
Đặt lại hạn mức cà phê 2tr400,Action,SET_LIMIT
Đặt lại hạn mức cà phê 3 triệu,Action,SET_LIMIT
Đặt lại hạn mức cà phê 35k,Action,SET_LIMIT
Đặt lại hạn mức cắt tóc 2tr400,Action,SET_LIMIT
Đặt lại hạn mức cắt tóc 35k,Action,SET_LIMIT
Đặt lại hạn mức dien nuoc 2tr400,Action,SET_LIMIT
Đặt lại hạn mức du lich 200k,Action,SET_LIMIT
Đặt lại hạn mức du lich 50k,Action,SET_LIMIT
Đặt lại hạn mức du lịch 120k,Action,SET_LIMIT
Đặt lại hạn mức du lịch 20k,Action,SET_LIMIT
Đặt lại hạn mức du lịch 2tr400,Action,SET_LIMIT
Đặt lại hạn mức du lịch 300k,Action,SET_LIMIT
Đặt lại hạn mức du lịch 500k,Action,SET_LIMIT
Đặt lại hạn mức gia dinh 300k,Action,SET_LIMIT
Đặt lại hạn mức gia dinh 35k,Action,SET_LIMIT
Đặt lại hạn mức giai tri 120k,Action,SET_LIMIT
Đặt lại hạn mức giai tri 20k,Action,SET_LIMIT
Đặt lại hạn mức giai tri 2tr400,Action,SET_LIMIT
Đặt lại hạn mức giải trí 1 triệu,Action,SET_LIMIT
Đặt lại hạn mức giải trí 120k,Action,SET_LIMIT
Đặt lại hạn mức giải trí 20k,Action,SET_LIMIT
Đặt lại hạn mức giải trí 5 triệu,Action,SET_LIMIT
Đặt lại hạn mức giải trí 500k,Action,SET_LIMIT
Đặt lại hạn mức giải trí 50k,Action,SET_LIMIT
Đặt lại hạn mức hoc online 20k,Action,SET_LIMIT
Đặt lại hạn mức hoc phi 20k,Action,SET_LIMIT
Đặt lại hạn mức học phí 2 triệu,Action,SET_LIMIT
Đặt lại hạn mức học phí 20k,Action,SET_LIMIT
Đặt lại hạn mức học phí 5 triệu,Action,SET_LIMIT
Đặt lại hạn mức học phí 500k,Action,SET_LIMIT
Đặt lại hạn mức hội họp 2 triệu,Action,SET_LIMIT
Đặt lại hạn mức hội họp 2tr400,Action,SET_LIMIT
Đặt lại hạn mức internet 1 triệu,Action,SET_LIMIT
Đặt lại hạn mức internet 2 triệu,Action,SET_LIMIT
Đặt lại hạn mức internet 2tr400,Action,SET_LIMIT
Đặt lại hạn mức internet 35k,Action,SET_LIMIT
Đặt lại hạn mức internet 500k,Action,SET_LIMIT
Đặt lại hạn mức linh tinh 200k,Action,SET_LIMIT
Đặt lại hạn mức linh tinh 20k,Action,SET_LIMIT
Đặt lại hạn mức linh tinh 500k,Action,SET_LIMIT
Đặt lại hạn mức linh tinh 50k,Action,SET_LIMIT
Đặt lại hạn mức mua sắm 200k,Action,SET_LIMIT
Đặt lại hạn mức mua sắm 3 triệu,Action,SET_LIMIT
Đặt lại hạn mức mua sắm 300k,Action,SET_LIMIT
Đặt lại hạn mức my pham 750k,Action,SET_LIMIT
Đặt lại hạn mức mỹ phẩm 20k,Action,SET_LIMIT
Đặt lại hạn mức mỹ phẩm 2tr400,Action,SET_LIMIT
Đặt lại hạn mức mỹ phẩm 300k,Action,SET_LIMIT
Đặt lại hạn mức noi that 3 trieu,Action,SET_LIMIT
Đặt lại hạn mức noi that 300k,Action,SET_LIMIT
Đặt lại hạn mức noi that 80k,Action,SET_LIMIT
Đặt lại hạn mức nội thất 1 triệu,Action,SET_LIMIT
Đặt lại hạn mức nội thất 2 triệu,Action,SET_LIMIT
Đặt lại hạn mức nội thất 50k,Action,SET_LIMIT
Đặt lại hạn mức quà tặng 1 triệu,Action,SET_LIMIT
Đặt lại hạn mức sua xe 2tr400,Action,SET_LIMIT
Đặt lại hạn mức sua xe 500k,Action,SET_LIMIT
Đặt lại hạn mức sách vở 200k,Action,SET_LIMIT
Đặt lại hạn mức sửa xe 2 triệu,Action,SET_LIMIT
Đặt lại hạn mức sửa xe 500k,Action,SET_LIMIT
Đặt lại hạn mức thue nha 300k,Action,SET_LIMIT
Đặt lại hạn mức thuê nhà 2tr400,Action,SET_LIMIT
Đặt lại hạn mức thuê nhà 5 triệu,Action,SET_LIMIT
Đặt lại hạn mức thuê nhà 500k,Action,SET_LIMIT
Đặt lại hạn mức xang xe 2 trieu,Action,SET_LIMIT
Đặt lại hạn mức xang xe 200k,Action,SET_LIMIT
Đặt lại hạn mức xăng xe 120k,Action,SET_LIMIT
Đặt lại hạn mức xăng xe 2 triệu,Action,SET_LIMIT
Đặt lại hạn mức xăng xe 200k,Action,SET_LIMIT
Đặt lại hạn mức xăng xe 2tr400,Action,SET_LIMIT
Đặt lại hạn mức xăng xe 3 triệu,Action,SET_LIMIT
Đặt lại hạn mức xăng xe 50k,Action,SET_LIMIT
Đặt lại hạn mức y te 500k,Action,SET_LIMIT
Đặt lại hạn mức y tế 200k,Action,SET_LIMIT
Đặt lại hạn mức y tế 3 triệu,Action,SET_LIMIT
Đặt lại hạn mức y tế 35k,Action,SET_LIMIT
Đặt lại hạn mức y tế 500k,Action,SET_LIMIT
Đặt lại hạn mức y tế 50k,Action,SET_LIMIT
Đặt lại hạn mức y tế 80k,Action,SET_LIMIT
Đặt lại hạn mức ăn uống 300k,Action,SET_LIMIT
Đặt lại hạn mức ăn uống 500k,Action,SET_LIMIT
Đặt lại hạn mức ăn uống 50k,Action,SET_LIMIT
Đặt lại hạn mức ăn uống 80k,Action,SET_LIMIT
Đặt lại hạn mức đi chợ 1 triệu,Action,SET_LIMIT
Đặt lại hạn mức đi chợ 2 triệu,Action,SET_LIMIT
Đặt lại hạn mức đi chợ 20k,Action,SET_LIMIT
Đặt lại hạn mức đi chợ 3 triệu,Action,SET_LIMIT
Đặt lại hạn mức đi chợ 300k,Action,SET_LIMIT
Đặt lại hạn mức đi chợ 500k,Action,SET_LIMIT
Đặt lại hạn mức đi lại 20k,Action,SET_LIMIT
Đặt lại hạn mức đi lại 300k,Action,SET_LIMIT
Đặt lại hạn mức đi lại 35k,Action,SET_LIMIT
Đặt lại hạn mức đi lại 500k,Action,SET_LIMIT
Đặt lại hạn mức đi lại 50k,Action,SET_LIMIT
Đặt lại hạn mức điện nước 120k,Action,SET_LIMIT
Đặt lại hạn mức điện nước 20k,Action,SET_LIMIT
Đặt lại hạn mức điện nước 300k,Action,SET_LIMIT
Đặt lại hạn mức điện nước 35k,Action,SET_LIMIT
Đặt lại hạn mức điện nước 80k,Action,SET_LIMIT
Đặt lại hạn mức điện thoại 200k,Action,SET_LIMIT
Đặt lại hạn mức điện thoại 3 triệu,Action,SET_LIMIT
Đặt lại hạn mức điện thoại 50k,Action,SET_LIMIT
Đặt lại hạn mức đầu tư 3 triệu,Action,SET_LIMIT
Đặt lại hạn mức đồ gia dụng 1 triệu,Action,SET_LIMIT
Đặt lại hạn mức đồ gia dụng 300k,Action,SET_LIMIT
Đặt mục tiêu mua laptop 1 trieu,Action,SET_GOAL
Đặt mục tiêu mua laptop 1 triệu,Action,SET_GOAL
Đặt mục tiêu mua laptop 120k,Action,SET_GOAL
Đặt mục tiêu mua laptop 15k,Action,SET_GOAL
Đặt mục tiêu mua laptop 2 triệu,Action,SET_GOAL
Đặt mục tiêu mua laptop 200k,Action,SET_GOAL
Đặt mục tiêu mua laptop 20k,Action,SET_GOAL
Đặt mục tiêu mua laptop 2tr400,Action,SET_GOAL
Đặt mục tiêu mua laptop 3 trieu,Action,SET_GOAL
Đặt mục tiêu mua laptop 3 triệu,Action,SET_GOAL
Đặt mục tiêu mua laptop 300k,Action,SET_GOAL
Đặt mục tiêu mua laptop 35k,Action,SET_GOAL
Đặt mục tiêu mua laptop 5 trieu,Action,SET_GOAL
Đặt mục tiêu mua laptop 5 triệu,Action,SET_GOAL
Đặt mục tiêu mua laptop 500k,Action,SET_GOAL
Đặt mục tiêu mua laptop 50k,Action,SET_GOAL
Đặt mục tiêu mua laptop 750k,Action,SET_GOAL
Đặt mục tiêu mua laptop 80k,Action,SET_GOAL
Đặt mục tiêu mua điện thoại 1 trieu,Action,SET_GOAL
Đặt mục tiêu mua điện thoại 1 triệu,Action,SET_GOAL
Đặt mục tiêu mua điện thoại 120k,Action,SET_GOAL
Đặt mục tiêu mua điện thoại 15k,Action,SET_GOAL
Đặt mục tiêu mua điện thoại 2 trieu,Action,SET_GOAL
Đặt mục tiêu mua điện thoại 2 triệu,Action,SET_GOAL
Đặt mục tiêu mua điện thoại 200k,Action,SET_GOAL
Đặt mục tiêu mua điện thoại 20k,Action,SET_GOAL
Đặt mục tiêu mua điện thoại 2tr400,Action,SET_GOAL
Đặt mục tiêu mua điện thoại 3 trieu,Action,SET_GOAL
Đặt mục tiêu mua điện thoại 3 triệu,Action,SET_GOAL
Đặt mục tiêu mua điện thoại 300k,Action,SET_GOAL
Đặt mục tiêu mua điện thoại 35k,Action,SET_GOAL
Đặt mục tiêu mua điện thoại 5 triệu,Action,SET_GOAL
Đặt mục tiêu mua điện thoại 500k,Action,SET_GOAL
Đặt mục tiêu mua điện thoại 50k,Action,SET_GOAL
Đặt mục tiêu mua điện thoại 750k,Action,SET_GOAL
Đặt mục tiêu mua điện thoại 80k,Action,SET_GOAL
Đặt mục tiêu tiết kiệm 1.5tr,Action,SET_GOAL
Đặt mục tiêu tiết kiệm 100k,Action,SET_GOAL
Đặt mục tiêu tiết kiệm 1tr,Action,SET_GOAL
Đặt mục tiêu tiết kiệm 200k,Action,SET_GOAL
Đặt mục tiêu tiết kiệm 2tr,Action,SET_GOAL
Đặt mục tiêu tiết kiệm 300k,Action,SET_GOAL
Đặt mục tiêu tiết kiệm 500k,Action,SET_GOAL
Đặt mục tiêu tiết kiệm 50k,Action,SET_GOAL
Đặt mức tối đa cho bảo hiểm là 450k,Action,Setting
Đặt mức tối đa cho cà phê là 450k,Action,Setting
Đặt mức tối đa cho cắt tóc là 200k,Action,Setting
Đặt mức tối đa cho du lịch là 180k,Action,Setting
Đặt mức tối đa cho gia đình là 1.5 triệu,Action,Setting
Đặt mức tối đa cho giải trí là 250k,Action,Setting
Đặt mức tối đa cho học phí là 700k,Action,Setting
Đặt mức tối đa cho hội họp là 700k,Action,Setting
Đặt mức tối đa cho internet là 300k,Action,Setting
Đặt mức tối đa cho linh tinh là 35k,Action,Setting
Đặt mức tối đa cho mua sắm là 200k,Action,Setting
Đặt mức tối đa cho mỹ phẩm là 75k,Action,Setting
Đặt mức tối đa cho nội thất là 500k,Action,Setting
Đặt mức tối đa cho quà tặng là 90k,Action,Setting
Đặt mức tối đa cho sửa xe là 120k,Action,Setting
Đặt mức tối đa cho thuê nhà là 900k,Action,Setting
Đặt mức tối đa cho xem phim là 50k,Action,Setting
Đặt mức tối đa cho xăng xe là 500k,Action,Setting
Đặt mức tối đa cho y tế là 1 triệu,Action,Setting
Đặt mức tối đa cho ăn uống là 150k,Action,Setting
Đặt mức tối đa cho đi chợ là 150k,Action,Setting
Đặt mức tối đa cho đi lại là 180k,Action,Setting
Đặt mức tối đa cho điện nước là 300k,Action,Setting
Đặt mức tối đa cho điện thoại là 250k,Action,Setting
Đặt mức tối đa cho đầu tư là 2 triệu,Action,Setting
Đặt thu nhập cố định 1.5tr,Action,SET_INCOME
Đặt thu nhập cố định 100k,Action,SET_INCOME
Đặt thu nhập cố định 1tr,Action,SET_INCOME
Đặt thu nhập cố định 200k,Action,SET_INCOME
Đặt thu nhập cố định 2tr,Action,SET_INCOME
Đặt thu nhập cố định 300k,Action,SET_INCOME
Đặt thu nhập cố định 500k,Action,SET_INCOME
Đặt thu nhập cố định 50k,Action,SET_INCOME
Đặt tên người dùng là An,Action,SET_USERNAME
Đặt tên người dùng là Huy,Action,SET_USERNAME
Đặt tên người dùng là Khanh,Action,SET_USERNAME
Đặt tên người dùng là Lan,Action,SET_USERNAME
Đặt tên người dùng là Mai,Action,SET_USERNAME
Đặt tên người dùng là Minh,Action,SET_USERNAME
Đặt tên người dùng là Vy,Action,SET_USERNAME
Đổi cái 1 trieu vừa rồi thành 1 triệu,Action,UPDATE_RECORD
Đổi cái 1 trieu vừa rồi thành 50k,Action,UPDATE_RECORD
Đổi cái 1 trieu vừa rồi thành 80k,Action,UPDATE_RECORD
Đổi cái 1 triệu vừa rồi thành 120k,Action,UPDATE_RECORD
Đổi cái 1 triệu vừa rồi thành 2 triệu,Action,UPDATE_RECORD
Đổi cái 1 triệu vừa rồi thành 200k,Action,UPDATE_RECORD
Đổi cái 1 triệu vừa rồi thành 20k,Action,UPDATE_RECORD
Đổi cái 1 triệu vừa rồi thành 2tr400,Action,UPDATE_RECORD
Đổi cái 1 triệu vừa rồi thành 3 triệu,Action,UPDATE_RECORD
Đổi cái 1 triệu vừa rồi thành 35k,Action,UPDATE_RECORD
Đổi cái 1 triệu vừa rồi thành 500k,Action,UPDATE_RECORD
Đổi cái 1 triệu vừa rồi thành 50k,Action,UPDATE_RECORD
Đổi cái 1 triệu vừa rồi thành 80k,Action,UPDATE_RECORD
Đổi cái 120k vừa rồi thành 1 triệu,Action,UPDATE_RECORD
Đổi cái 120k vừa rồi thành 2 triệu,Action,UPDATE_RECORD
Đổi cái 120k vừa rồi thành 200k,Action,UPDATE_RECORD
Đổi cái 120k vừa rồi thành 20k,Action,UPDATE_RECORD
Đổi cái 120k vừa rồi thành 2tr400,Action,UPDATE_RECORD
Đổi cái 120k vừa rồi thành 3 triệu,Action,UPDATE_RECORD
Đổi cái 120k vừa rồi thành 300k,Action,UPDATE_RECORD
Đổi cái 120k vừa rồi thành 35k,Action,UPDATE_RECORD
Đổi cái 120k vừa rồi thành 500k,Action,UPDATE_RECORD
Đổi cái 120k vừa rồi thành 50k,Action,UPDATE_RECORD
Đổi cái 120k vừa rồi thành 750k,Action,UPDATE_RECORD
Đổi cái 120k vừa rồi thành 80k,Action,UPDATE_RECORD
Đổi cái 15k vừa rồi thành 1 triệu,Action,UPDATE_RECORD
Đổi cái 15k vừa rồi thành 80k,Action,UPDATE_RECORD
Đổi cái 2 trieu vừa rồi thành 300k,Action,UPDATE_RECORD
Đổi cái 2 trieu vừa rồi thành 500k,Action,UPDATE_RECORD
Đổi cái 2 trieu vừa rồi thành 80k,Action,UPDATE_RECORD
Đổi cái 2 triệu vừa rồi thành 1 triệu,Action,UPDATE_RECORD
Đổi cái 2 triệu vừa rồi thành 120k,Action,UPDATE_RECORD
Đổi cái 2 triệu vừa rồi thành 20k,Action,UPDATE_RECORD
Đổi cái 2 triệu vừa rồi thành 2tr400,Action,UPDATE_RECORD
Đổi cái 2 triệu vừa rồi thành 35k,Action,UPDATE_RECORD
Đổi cái 2 triệu vừa rồi thành 50k,Action,UPDATE_RECORD
Đổi cái 2 triệu vừa rồi thành 750k,Action,UPDATE_RECORD
Đổi cái 2 triệu vừa rồi thành 80k,Action,UPDATE_RECORD
Đổi cái 200k vừa rồi thành 1 triệu,Action,UPDATE_RECORD
Đổi cái 200k vừa rồi thành 120k,Action,UPDATE_RECORD
Đổi cái 200k vừa rồi thành 20k,Action,UPDATE_RECORD
Đổi cái 200k vừa rồi thành 2tr400,Action,UPDATE_RECORD
Đổi cái 200k vừa rồi thành 300k,Action,UPDATE_RECORD
Đổi cái 200k vừa rồi thành 35k,Action,UPDATE_RECORD
Đổi cái 200k vừa rồi thành 500k,Action,UPDATE_RECORD
Đổi cái 200k vừa rồi thành 50k,Action,UPDATE_RECORD
Đổi cái 200k vừa rồi thành 80k,Action,UPDATE_RECORD
Đổi cái 20k vừa rồi thành 120k,Action,UPDATE_RECORD
Đổi cái 20k vừa rồi thành 200k,Action,UPDATE_RECORD
Đổi cái 20k vừa rồi thành 2tr400,Action,UPDATE_RECORD
Đổi cái 20k vừa rồi thành 3 triệu,Action,UPDATE_RECORD
Đổi cái 20k vừa rồi thành 300k,Action,UPDATE_RECORD
Đổi cái 20k vừa rồi thành 35k,Action,UPDATE_RECORD
Đổi cái 20k vừa rồi thành 500k,Action,UPDATE_RECORD
Đổi cái 20k vừa rồi thành 50k,Action,UPDATE_RECORD
Đổi cái 20k vừa rồi thành 750k,Action,UPDATE_RECORD
Đổi cái 20k vừa rồi thành 80k,Action,UPDATE_RECORD
Đổi cái 2tr400 vừa rồi thành 1 triệu,Action,UPDATE_RECORD
Đổi cái 2tr400 vừa rồi thành 200k,Action,UPDATE_RECORD
Đổi cái 2tr400 vừa rồi thành 20k,Action,UPDATE_RECORD
Đổi cái 2tr400 vừa rồi thành 3 triệu,Action,UPDATE_RECORD
Đổi cái 2tr400 vừa rồi thành 300k,Action,UPDATE_RECORD
Đổi cái 2tr400 vừa rồi thành 5 triệu,Action,UPDATE_RECORD
Đổi cái 2tr400 vừa rồi thành 500k,Action,UPDATE_RECORD
Đổi cái 2tr400 vừa rồi thành 50k,Action,UPDATE_RECORD
Đổi cái 2tr400 vừa rồi thành 80k,Action,UPDATE_RECORD
Đổi cái 3 trieu vừa rồi thành 1 triệu,Action,UPDATE_RECORD
Đổi cái 3 trieu vừa rồi thành 2 triệu,Action,UPDATE_RECORD
Đổi cái 3 trieu vừa rồi thành 200k,Action,UPDATE_RECORD
Đổi cái 3 trieu vừa rồi thành 500k,Action,UPDATE_RECORD
Đổi cái 3 trieu vừa rồi thành 750k,Action,UPDATE_RECORD
Đổi cái 3 triệu vừa rồi thành 2 triệu,Action,UPDATE_RECORD
Đổi cái 3 triệu vừa rồi thành 20k,Action,UPDATE_RECORD
Đổi cái 3 triệu vừa rồi thành 300k,Action,UPDATE_RECORD
Đổi cái 3 triệu vừa rồi thành 35k,Action,UPDATE_RECORD
Đổi cái 3 triệu vừa rồi thành 500k,Action,UPDATE_RECORD
Đổi cái 3 triệu vừa rồi thành 50k,Action,UPDATE_RECORD
Đổi cái 300k vừa rồi thành 1 triệu,Action,UPDATE_RECORD
Đổi cái 300k vừa rồi thành 2 triệu,Action,UPDATE_RECORD
Đổi cái 300k vừa rồi thành 200k,Action,UPDATE_RECORD
Đổi cái 300k vừa rồi thành 3 triệu,Action,UPDATE_RECORD
Đổi cái 300k vừa rồi thành 35k,Action,UPDATE_RECORD
Đổi cái 300k vừa rồi thành 500k,Action,UPDATE_RECORD
Đổi cái 300k vừa rồi thành 50k,Action,UPDATE_RECORD
Đổi cái 300k vừa rồi thành 80k,Action,UPDATE_RECORD
Đổi cái 35k vừa rồi thành 1 triệu,Action,UPDATE_RECORD
Đổi cái 35k vừa rồi thành 120k,Action,UPDATE_RECORD
Đổi cái 35k vừa rồi thành 15k,Action,UPDATE_RECORD
Đổi cái 35k vừa rồi thành 2 triệu,Action,UPDATE_RECORD
Đổi cái 35k vừa rồi thành 2tr400,Action,UPDATE_RECORD
Đổi cái 35k vừa rồi thành 3 triệu,Action,UPDATE_RECORD
Đổi cái 35k vừa rồi thành 300k,Action,UPDATE_RECORD
Đổi cái 5 trieu vừa rồi thành 120k,Action,UPDATE_RECORD
Đổi cái 5 triệu vừa rồi thành 20k,Action,UPDATE_RECORD
Đổi cái 5 triệu vừa rồi thành 300k,Action,UPDATE_RECORD
Đổi cái 500k vừa rồi thành 1 triệu,Action,UPDATE_RECORD
Đổi cái 500k vừa rồi thành 20k,Action,UPDATE_RECORD
Đổi cái 500k vừa rồi thành 2tr400,Action,UPDATE_RECORD
Đổi cái 500k vừa rồi thành 3 triệu,Action,UPDATE_RECORD
Đổi cái 500k vừa rồi thành 300k,Action,UPDATE_RECORD
Đổi cái 500k vừa rồi thành 35k,Action,UPDATE_RECORD
Đổi cái 500k vừa rồi thành 50k,Action,UPDATE_RECORD
Đổi cái 50k vừa rồi thành 120k,Action,UPDATE_RECORD
Đổi cái 50k vừa rồi thành 2 triệu,Action,UPDATE_RECORD
Đổi cái 50k vừa rồi thành 200k,Action,UPDATE_RECORD
Đổi cái 50k vừa rồi thành 20k,Action,UPDATE_RECORD
Đổi cái 50k vừa rồi thành 2tr400,Action,UPDATE_RECORD
Đổi cái 50k vừa rồi thành 3 triệu,Action,UPDATE_RECORD
Đổi cái 50k vừa rồi thành 5 triệu,Action,UPDATE_RECORD
Đổi cái 750k vừa rồi thành 5 triệu,Action,UPDATE_RECORD
Đổi cái 80k vừa rồi thành 120k,Action,UPDATE_RECORD
Đổi cái 80k vừa rồi thành 2tr400,Action,UPDATE_RECORD
Đổi cái 80k vừa rồi thành 300k,Action,UPDATE_RECORD
Đổi cái 80k vừa rồi thành 35k,Action,UPDATE_RECORD
Đổi cái 80k vừa rồi thành 5 triệu,Action,UPDATE_RECORD
Đổi cái 80k vừa rồi thành 500k,Action,UPDATE_RECORD
Đổi cái 80k vừa rồi thành 50k,Action,UPDATE_RECORD
Đổi giao dịch bảo hiểm từ 150k sang 250k,Action,Edit
Đổi giao dịch cà phê từ 150k sang 250k,Action,Edit
Đổi giao dịch cà phê từ 80k sang 1 triệu,Action,Edit
Đổi giao dịch cắt tóc từ 75k sang 150k,Action,Edit
Đổi giao dịch du lịch từ 50k sang 120k,Action,Edit
Đổi giao dịch gia đình từ 1 triệu sang 300k,Action,Edit
Đổi giao dịch gia đình từ 120k sang 200k,Action,Edit
Đổi giao dịch gia đình từ 450k sang 900k,Action,Edit
Đổi giao dịch gia đình từ 50k sang 300k,Action,Edit
Đổi giao dịch giải trí từ 90k sang 180k,Action,Edit
Đổi giao dịch học phí từ 1 triệu sang 80k,Action,Edit
Đổi giao dịch học phí từ 200k sang 450k,Action,Edit
Đổi giao dịch hội họp từ 150k sang 200k,Action,Edit
Đổi giao dịch hội họp từ 200k sang 450k,Action,Edit
Đổi giao dịch internet từ 120k sang 200k,Action,Edit
Đổi giao dịch linh tinh từ 700k sang 1.5 triệu,Action,Edit
Đổi giao dịch linh tinh từ 80k sang 50k,Action,Edit
Đổi giao dịch mua sắm từ 120k sang 80k,Action,Edit
Đổi giao dịch mua sắm từ 150k sang 1 triệu,Action,Edit
Đổi giao dịch mua sắm từ 500k sang 2 triệu,Action,Edit
Đổi giao dịch mua sắm từ 75k sang 150k,Action,Edit
Đổi giao dịch mỹ phẩm từ 1 triệu sang 35k,Action,Edit
Đổi giao dịch mỹ phẩm từ 200k sang 50k,Action,Edit
Đổi giao dịch nội thất từ 180k sang 300k,Action,Edit
Đổi giao dịch nội thất từ 300k sang 80k,Action,Edit
Đổi giao dịch quà tặng từ 1 triệu sang 300k,Action,Edit
Đổi giao dịch quà tặng từ 1.5 triệu sang 50k,Action,Edit
Đổi giao dịch quà tặng từ 150k sang 2 triệu,Action,Edit
Đổi giao dịch sửa xe từ 2 triệu sang 75k,Action,Edit
Đổi giao dịch thuê nhà từ 2 triệu sang 50k,Action,Edit
Đổi giao dịch thuê nhà từ 250k sang 500k,Action,Edit
Đổi giao dịch thuê nhà từ 500k sang 80k,Action,Edit
Đổi giao dịch xem phim từ 150k sang 1 triệu,Action,Edit
Đổi giao dịch xem phim từ 900k sang 2 triệu,Action,Edit
Đổi giao dịch xăng xe từ 180k sang 300k,Action,Edit
Đổi giao dịch y tế từ 1 triệu sang 80k,Action,Edit
Đổi giao dịch y tế từ 300k sang 700k,Action,Edit
Đổi giao dịch ăn uống từ 35k sang 90k,Action,Edit
Đổi giao dịch đi chợ từ 2 triệu sang 200k,Action,Edit
Đổi giao dịch đi chợ từ 35k sang 90k,Action,Edit
Đổi giao dịch đi lại từ 2 triệu sang 200k,Action,Edit
Đổi giao dịch đi lại từ 50k sang 120k,Action,Edit
Đổi giao dịch điện nước từ 120k sang 200k,Action,Edit
Đổi giao dịch điện thoại từ 90k sang 180k,Action,Edit
Đổi giao dịch đầu tư từ 120k sang 1 triệu,Action,Edit
Đổi giao dịch đầu tư từ 500k sang 1 triệu,Action,Edit
Đổi giọng bot sang hài hước,Action,SET_TONE
Đổi giới hạn chi bảo hiểm lên 1 triệu,Action,Setting
Đổi giới hạn chi bảo hiểm lên 2 triệu,Action,Setting
Đổi giới hạn chi bảo hiểm lên 300k,Action,Setting
Đổi giới hạn chi bảo hiểm lên 450k,Action,Setting
Đổi giới hạn chi cà phê lên 2 triệu,Action,Setting
Đổi giới hạn chi cà phê lên 450k,Action,Setting
Đổi giới hạn chi cắt tóc lên 120k,Action,Setting
Đổi giới hạn chi cắt tóc lên 200k,Action,Setting
Đổi giới hạn chi cắt tóc lên 300k,Action,Setting
Đổi giới hạn chi du lịch lên 1 triệu,Action,Setting
Đổi giới hạn chi du lịch lên 180k,Action,Setting
Đổi giới hạn chi du lịch lên 2 triệu,Action,Setting
Đổi giới hạn chi gia đình lên 1.5 triệu,Action,Setting
Đổi giới hạn chi giải trí lên 150k,Action,Setting
Đổi giới hạn chi giải trí lên 250k,Action,Setting
Đổi giới hạn chi giải trí lên 300k,Action,Setting
Đổi giới hạn chi giải trí lên 500k,Action,Setting
Đổi giới hạn chi học phí lên 200k,Action,Setting
Đổi giới hạn chi học phí lên 300k,Action,Setting
Đổi giới hạn chi học phí lên 700k,Action,Setting
Đổi giới hạn chi hội họp lên 150k,Action,Setting
Đổi giới hạn chi hội họp lên 200k,Action,Setting
Đổi giới hạn chi hội họp lên 700k,Action,Setting
Đổi giới hạn chi internet lên 2 triệu,Action,Setting
Đổi giới hạn chi internet lên 300k,Action,Setting
Đổi giới hạn chi linh tinh lên 150k,Action,Setting
Đổi giới hạn chi linh tinh lên 2 triệu,Action,Setting
Đổi giới hạn chi linh tinh lên 200k,Action,Setting
Đổi giới hạn chi linh tinh lên 35k,Action,Setting
Đổi giới hạn chi linh tinh lên 500k,Action,Setting
Đổi giới hạn chi mua sắm lên 200k,Action,Setting
Đổi giới hạn chi mỹ phẩm lên 75k,Action,Setting
Đổi giới hạn chi nội thất lên 150k,Action,Setting
Đổi giới hạn chi nội thất lên 500k,Action,Setting
Đổi giới hạn chi quà tặng lên 2 triệu,Action,Setting
Đổi giới hạn chi quà tặng lên 90k,Action,Setting
Đổi giới hạn chi sửa xe lên 120k,Action,Setting
Đổi giới hạn chi sửa xe lên 150k,Action,Setting
Đổi giới hạn chi thuê nhà lên 200k,Action,Setting
Đổi giới hạn chi thuê nhà lên 900k,Action,Setting
Đổi giới hạn chi xem phim lên 500k,Action,Setting
Đổi giới hạn chi xem phim lên 50k,Action,Setting
Đổi giới hạn chi xăng xe lên 500k,Action,Setting
Đổi giới hạn chi y tế lên 1 triệu,Action,Setting
Đổi giới hạn chi ăn uống lên 150k,Action,Setting
Đổi giới hạn chi ăn uống lên 2 triệu,Action,Setting
Đổi giới hạn chi đi chợ lên 150k,Action,Setting
Đổi giới hạn chi đi chợ lên 50k,Action,Setting
Đổi giới hạn chi đi lại lên 1 triệu,Action,Setting
Đổi giới hạn chi đi lại lên 180k,Action,Setting
Đổi giới hạn chi đi lại lên 200k,Action,Setting
Đổi giới hạn chi điện nước lên 150k,Action,Setting
Đổi giới hạn chi điện nước lên 300k,Action,Setting
Đổi giới hạn chi điện nước lên 500k,Action,Setting
Đổi giới hạn chi điện thoại lên 1 triệu,Action,Setting
Đổi giới hạn chi điện thoại lên 250k,Action,Setting
Đổi giới hạn chi đầu tư lên 2 triệu,Action,Setting
Đổi giới hạn chi đầu tư lên 500k,Action,Setting
Đổi ngôn ngữ sang English,Action,Setting
Đổi ngôn ngữ sang tiếng Anh,Action,Setting
Đổi ngôn ngữ sang tiếng Việt,Action,Setting
Đổi phong cách phản hồi sang dận dữ,Action,SET_TONE
Đổi phong cách phản hồi sang dễ thương,Action,SET_TONE
Đổi phong cách phản hồi sang nghiêm túc,Action,SET_TONE
Đổi phong cách phản hồi sang vui vẻ,Action,SET_TONE
Đổi số tiền của mục bảo hiểm thành 150k,Action,Edit
Đổi số tiền của mục cà phê thành 150k,Action,Edit
Đổi số tiền của mục cắt tóc thành 75k,Action,Edit
Đổi số tiền của mục du lịch thành 50k,Action,Edit
Đổi số tiền của mục gia đình thành 450k,Action,Edit
Đổi số tiền của mục giải trí thành 90k,Action,Edit
Đổi số tiền của mục học phí thành 200k,Action,Edit
Đổi số tiền của mục hội họp thành 200k,Action,Edit
Đổi số tiền của mục internet thành 120k,Action,Edit
Đổi số tiền của mục linh tinh thành 700k,Action,Edit
Đổi số tiền của mục mua sắm thành 75k,Action,Edit
Đổi số tiền của mục mỹ phẩm thành 1 triệu,Action,Edit
Đổi số tiền của mục nội thất thành 180k,Action,Edit
Đổi số tiền của mục quà tặng thành 1.5 triệu,Action,Edit
Đổi số tiền của mục sửa xe thành 2 triệu,Action,Edit
Đổi số tiền của mục thuê nhà thành 250k,Action,Edit
Đổi số tiền của mục xem phim thành 900k,Action,Edit
Đổi số tiền của mục xăng xe thành 180k,Action,Edit
Đổi số tiền của mục y tế thành 300k,Action,Edit
Đổi số tiền của mục ăn uống thành 35k,Action,Edit
Đổi số tiền của mục đi chợ thành 35k,Action,Edit
Đổi số tiền của mục đi lại thành 50k,Action,Edit
Đổi số tiền của mục điện nước thành 120k,Action,Edit
Đổi số tiền của mục điện thoại thành 90k,Action,Edit
Đổi số tiền của mục đầu tư thành 500k,Action,Edit
Đổi thu nhập hàng tháng thành 1 trieu,Action,SET_INCOME
Đổi thu nhập hàng tháng thành 1 triệu,Action,SET_INCOME
Đổi thu nhập hàng tháng thành 120k,Action,SET_INCOME
Đổi thu nhập hàng tháng thành 15k,Action,SET_INCOME
Đổi thu nhập hàng tháng thành 2 trieu,Action,SET_INCOME
Đổi thu nhập hàng tháng thành 2 triệu,Action,SET_INCOME
Đổi thu nhập hàng tháng thành 200k,Action,SET_INCOME
Đổi thu nhập hàng tháng thành 20k,Action,SET_INCOME
Đổi thu nhập hàng tháng thành 2tr400,Action,SET_INCOME
Đổi thu nhập hàng tháng thành 3 trieu,Action,SET_INCOME
Đổi thu nhập hàng tháng thành 3 triệu,Action,SET_INCOME
Đổi thu nhập hàng tháng thành 300k,Action,SET_INCOME
Đổi thu nhập hàng tháng thành 35k,Action,SET_INCOME
Đổi thu nhập hàng tháng thành 5 trieu,Action,SET_INCOME
Đổi thu nhập hàng tháng thành 5 triệu,Action,SET_INCOME
Đổi thu nhập hàng tháng thành 500k,Action,SET_INCOME
Đổi thu nhập hàng tháng thành 50k,Action,SET_INCOME
Đổi thu nhập hàng tháng thành 750k,Action,SET_INCOME
Đổi thu nhập hàng tháng thành 80k,Action,SET_INCOME
Đổi tên hiển thị thành Minh Anh,Action,SET_USERNAME
Đổi tên mình thành An,Action,SET_USERNAME
Đổi tên mình thành Huy,Action,SET_USERNAME
Đổi tên mình thành Khanh,Action,SET_USERNAME
Đổi tên mình thành Lan,Action,SET_USERNAME
Đổi tên mình thành Linh,Action,SET_USERNAME
Đổi tên mình thành Mai,Action,SET_USERNAME
Đổi tên mình thành Minh,Action,SET_USERNAME
Đổi tên mình thành Phuc,Action,SET_USERNAME
Đổi tên mình thành Thanh,Action,SET_USERNAME
Đổi tên mình thành Trinh,Action,SET_USERNAME
Đổi tên mình thành Vy,Action,SET_USERNAME
đóng chế độ tối,Action,Setting
đợt vừa rồi mình đã tiêu hết bao nhiêu,Action,REPORT_GENERAL
tổng chi tháng này ?,Action,REPORT_GENERAL
tổng chi tháng này a,Action,REPORT_GENERAL
tong chi thang nay ?,Action,REPORT_GENERAL
tong chi thang nay a,Action,REPORT_GENERAL
tổng chi tuần này,Action,REPORT_GENERAL
tổng chi tuần này bot,Action,REPORT_GENERAL
tổng chi tuần này nha,Action,REPORT_GENERAL
tổng chi tuần này ha,Action,REPORT_GENERAL
tổng chi tuần này hả,Action,REPORT_GENERAL
tổng chi tuần này vậy,Action,REPORT_GENERAL
tổng chi tuần này đi,Action,REPORT_GENERAL
tổng chi tuần này ?,Action,REPORT_GENERAL
tổng chi tuần này a,Action,REPORT_GENERAL
tổng chi hôm nay,Action,REPORT_GENERAL
tổng chi hôm nay bot,Action,REPORT_GENERAL
tổng chi hôm nay nha,Action,REPORT_GENERAL
tổng chi hôm nay ha,Action,REPORT_GENERAL
tổng chi hôm nay hả,Action,REPORT_GENERAL
tổng chi hôm nay vậy,Action,REPORT_GENERAL
tổng chi hôm nay đi,Action,REPORT_GENERAL
tổng chi hôm nay ?,Action,REPORT_GENERAL
tổng chi hôm nay a,Action,REPORT_GENERAL
tổng chi tháng trước,Action,REPORT_GENERAL
tổng chi tháng trước bot,Action,REPORT_GENERAL
tổng chi tháng trước nha,Action,REPORT_GENERAL
tổng chi tháng trước ha,Action,REPORT_GENERAL
tổng chi tháng trước hả,Action,REPORT_GENERAL
tổng chi tháng trước vậy,Action,REPORT_GENERAL
tổng chi tháng trước đi,Action,REPORT_GENERAL
tổng chi tháng trước ?,Action,REPORT_GENERAL
tổng chi tháng trước a,Action,REPORT_GENERAL
tiêu bao nhiêu tháng này,Action,REPORT_GENERAL
tiêu bao nhiêu tháng này bot,Action,REPORT_GENERAL
tiêu bao nhiêu tháng này nha,Action,REPORT_GENERAL
tiêu bao nhiêu tháng này ha,Action,REPORT_GENERAL
tiêu bao nhiêu tháng này hả,Action,REPORT_GENERAL
tiêu bao nhiêu tháng này vậy,Action,REPORT_GENERAL
tiêu bao nhiêu tháng này đi,Action,REPORT_GENERAL
tiêu bao nhiêu tháng này ?,Action,REPORT_GENERAL
tiêu bao nhiêu tháng này a,Action,REPORT_GENERAL
tháng này tiêu bao nhiêu,Action,REPORT_GENERAL
tháng này tiêu bao nhiêu bot,Action,REPORT_GENERAL
tháng này tiêu bao nhiêu nha,Action,REPORT_GENERAL
tháng này tiêu bao nhiêu ha,Action,REPORT_GENERAL
tháng này tiêu bao nhiêu hả,Action,REPORT_GENERAL
tháng này tiêu bao nhiêu vậy,Action,REPORT_GENERAL
tháng này tiêu bao nhiêu đi,Action,REPORT_GENERAL
tháng này tiêu bao nhiêu ?,Action,REPORT_GENERAL
tháng này tiêu bao nhiêu a,Action,REPORT_GENERAL
tháng này tiêu bao nhiêu rồi ?,Action,REPORT_GENERAL
tháng này tiêu bao nhiêu rồi a,Action,REPORT_GENERAL
hôm nay đã tiêu mấy ha,Action,REPORT_GENERAL
hôm nay đã tiêu mấy ?,Action,REPORT_GENERAL
hôm nay đã tiêu mấy a,Action,REPORT_GENERAL
minh da tieu bao nhieu thang nay hả,Action,REPORT_GENERAL
minh da tieu bao nhieu thang nay vậy,Action,REPORT_GENERAL
minh da tieu bao nhieu thang nay đi,Action,REPORT_GENERAL
minh da tieu bao nhieu thang nay ?,Action,REPORT_GENERAL
minh da tieu bao nhieu thang nay a,Action,REPORT_GENERAL
thống kê chi tiêu tháng này,Action,REPORT_GENERAL
thống kê chi tiêu tháng này bot,Action,REPORT_GENERAL
thống kê chi tiêu tháng này nha,Action,REPORT_GENERAL
thống kê chi tiêu tháng này ha,Action,REPORT_GENERAL
thống kê chi tiêu tháng này hả,Action,REPORT_GENERAL
thống kê chi tiêu tháng này vậy,Action,REPORT_GENERAL
thống kê chi tiêu tháng này đi,Action,REPORT_GENERAL
thống kê chi tiêu tháng này ?,Action,REPORT_GENERAL
thống kê chi tiêu tháng này a,Action,REPORT_GENERAL
xem tổng chi tháng này,Action,REPORT_GENERAL
xem tổng chi tháng này bot,Action,REPORT_GENERAL
xem tổng chi tháng này nha,Action,REPORT_GENERAL
xem tổng chi tháng này ha,Action,REPORT_GENERAL
xem tổng chi tháng này hả,Action,REPORT_GENERAL
xem tổng chi tháng này vậy,Action,REPORT_GENERAL
xem tổng chi tháng này đi,Action,REPORT_GENERAL
xem tổng chi tháng này ?,Action,REPORT_GENERAL
xem tổng chi tháng này a,Action,REPORT_GENERAL
bao cao tong chi thang nay bot,Action,REPORT_GENERAL
bao cao tong chi thang nay nha,Action,REPORT_GENERAL
bao cao tong chi thang nay ha,Action,REPORT_GENERAL
bao cao tong chi thang nay hả,Action,REPORT_GENERAL
bao cao tong chi thang nay vậy,Action,REPORT_GENERAL
bao cao tong chi thang nay đi,Action,REPORT_GENERAL
bao cao tong chi thang nay ?,Action,REPORT_GENERAL
bao cao tong chi thang nay a,Action,REPORT_GENERAL
chi hết bao nhiêu tháng này,Action,REPORT_GENERAL
chi hết bao nhiêu tháng này bot,Action,REPORT_GENERAL
chi hết bao nhiêu tháng này nha,Action,REPORT_GENERAL
chi hết bao nhiêu tháng này ha,Action,REPORT_GENERAL
chi hết bao nhiêu tháng này hả,Action,REPORT_GENERAL
chi hết bao nhiêu tháng này vậy,Action,REPORT_GENERAL
chi hết bao nhiêu tháng này đi,Action,REPORT_GENERAL
chi hết bao nhiêu tháng này ?,Action,REPORT_GENERAL
chi hết bao nhiêu tháng này a,Action,REPORT_GENERAL
đã tiêu bao nhiêu tháng này,Action,REPORT_GENERAL
đã tiêu bao nhiêu tháng này bot,Action,REPORT_GENERAL
đã tiêu bao nhiêu tháng này nha,Action,REPORT_GENERAL
đã tiêu bao nhiêu tháng này ha,Action,REPORT_GENERAL
đã tiêu bao nhiêu tháng này hả,Action,REPORT_GENERAL
đã tiêu bao nhiêu tháng này vậy,Action,REPORT_GENERAL
đã tiêu bao nhiêu tháng này đi,Action,REPORT_GENERAL
đã tiêu bao nhiêu tháng này ?,Action,REPORT_GENERAL
đã tiêu bao nhiêu tháng này a,Action,REPORT_GENERAL
