bảo hiểm y tế 29.2củ,Health,expense,1
gia sư 6446k,Education,expense,1
nhận tiền lẩu mini +12củ,Business,income,1
mua đồ tech 35tr,Shopping,expense,1
support fee 423k,Others,expense,1
đi spa 2tr,Entertainment,expense,1
thu hồi khoản vay 88 ngàn,Debt,expense,1
du lịch ngắn ngày 99k,Entertainment,expense,1
phí cầu đường 23.7tr,Transport,expense,1
mua cổ phiếu 3463k,Investment,expense,1
góp quỹ từ thiện 3878k,Charity,expense,1
mua rau 9.144 nghìn,Essentials,expense,1
tiền thuê nhà 16.7tr,Housing,expense,1
hom nay troi oi la troi,Business,income,0
mua hoa 1707k,Social,expense,1
đầu tư đất nền 88 ngàn,Investment,expense,1
transaction fee 22.2củ,Others,expense,1
misc payment +20 nghìn,Business,income,1
mua ETF 4518k,Business,income,1
làm nail 28củ,Beauty,expense,1
tiệc bạn bè 27.1củ,Social,expense,1
thu hồi khoản vay 12tr,Business,income,1
cho tặng bữa ăn 15 ngàn,Charity,expense,1
xem phim 6củ,Entertainment,expense,1
nhận tiền góp quỹ lớp +4841 ngàn,Business,income,1
nạp margin 28củ,Investment,expense,1
trả nợ ngân hàng 20 nghìn,Debt,expense,1
mua giày 18củ,Shopping,expense,1
phí nhỏ 979k,Business,income,1
support fee 24.9tr,Business,income,1
gia vị 20k,Essentials,expense,1
trả nợ 99 ngàn,Debt,expense,1
vay tạm +45k,Business,income,1
gift card 26.5tr,Social,expense,1
cho tặng bữa ăn 5692k,Charity,expense,1
đi pub 20k,Entertainment,expense,1
tiền mừng 16tr,Business,income,1
trả góp 1.796k,Debt,expense,1
gift card 532k,Social,expense,1
thuê xe 9564k,Transport,expense,1
hoàn tiền mượn 1.514 nghìn,Debt,expense,1
lệ phí thi 629k,Business,income,1
phí cầu đường 575k,Transport,expense,1
tiền mừng 3.7củ,Social,expense,1
mua kem chống nắng 768k,Beauty,expense,1
du lịch ngắn ngày 5.650 nghìn,Entertainment,expense,1
phí cầu đường 45 ngàn,Transport,expense,1
mua rau 12k,Essentials,expense,1
"toi ve nha day, gặp",Business,income,0
trái cây 23.1củ,Essentials,expense,1
tiết kiệm online 5củ,Savings,expense,1
trip cuối tuần 255k,Entertainment,expense,1
mua hoa 11tr,Social,expense,1
mừng cưới 20.1củ,Business,income,1
dịch vụ phát sinh 20 ngàn,Others,expense,1
nạp crypto 6.494k,Investment,expense,1
lệ phí thi 18.9củ,Business,income,1
đóng học phí 5.738k,Business,income,1
bánh mì 33 ngàn,Food,expense,1
cơm tấm 28củ,Food,expense,1
quà handmade 15củ,Social,expense,1
sushi 1943k,Food,expense,1
gift card 28củ,Business,income,1
nạp margin 4664k,Investment,expense,1
quỹ khẩn cấp 69 ngàn,Savings,expense,1
mua balo 20k,Shopping,expense,1
mua quần 9.298k,Shopping,expense,1
support fee 23tr,Others,expense,1
nhận tiền mua hoa +9.057 nghìn,Business,income,1
vay tạm 5814 ngàn,Debt,expense,1
di choi khong ne,Business,income,0
bún bò 45 ngàn,Food,expense,1
tiền điện 4515k,Housing,expense,1
bỏ heo 3tr,Business,income,1
thuê xe 12củ,Transport,expense,1
mua tài khoản học online 565k,Education,expense,1
góp quỹ từ thiện 8.610k,Charity,expense,1
vé lễ hội 370k,Entertainment,expense,1
đầu tư đất nền 12k,Business,income,1
trả nợ 21.1củ,Business,income,1
nhận tiền quỹ dự phòng +710 nghìn,Business,income,1
ủng hộ 5.715k,Charity,expense,1
mì cay 33 ngàn,Food,expense,1
tiền điện 3314k,Housing,expense,1
gia vị 181k,Essentials,expense,1
transaction fee 9.596 ngàn,Business,income,1
nhuộm tóc 18k,Beauty,expense,1
ủng hộ 13củ,Charity,expense,1
quỹ khẩn cấp 586k,Savings,expense,1
săn sale 25k,Shopping,expense,1
để dành mua nhà 456 nghìn,Savings,expense,1
khác 3.652k,Business,income,1
trái cây 84k,Essentials,expense,1
tiêm ngừa 19tr,Health,expense,1
gia vị 2849k,Essentials,expense,1
mua chăn ấm 25k,Charity,expense,1
bảo hiểm y tế 7củ,Health,expense,1
escape room 25k,Entertainment,expense,1
gửi tiết kiệm 9.6củ,Savings,expense,1
phí nhỏ 9.517k,Others,expense,1
sửa ống nước 7.187k,Housing,expense,1
mua ETF 197k,Investment,expense,1
nhận tiền quỹ khẩn cấp +7.5tr,Business,income,1
dịch vụ phát sinh 20k,Business,income,1
nạp margin 450k,Business,income,1
hùn vốn 7.972 nghìn,Business,income,1
bỏ heo 26.3củ,Savings,expense,1
mua cổ phiếu +2279k,Business,income,1
xem phim 5.5củ,Entertainment,expense,1
chi phí linh tinh 69k,Others,expense,1
sushi 8tr,Food,expense,1
mì cay 32tr,Food,expense,1
mua giày 898k,Shopping,expense,1
ủng hộ bão lũ 31tr,Charity,expense,1
hùn vốn 1.688k,Business,income,1
mua vở bút 20 ngàn,Education,expense,1
tiết kiệm học phí 25 ngàn,Investment,income,1
đầu tư quỹ mở 29tr,Investment,expense,1
ủng hộ bão lũ 4483k,Charity,expense,1
quỹ dự phòng 99k,Savings,expense,1
ship hàng 325k,Transport,expense,1
nhận tiền mua sách +2tr,Bonus,income,1
quỹ khẩn cấp +18k,Salary,income,1
thanh toán nợ thẻ 88k,Debt,expense,1
quà handmade 1.250 nghìn,Social,expense,1
mua sách 20.8tr,Education,expense,1
mua áo 8.589 nghìn,Shopping,expense,1
nhận tiền đầu tư quỹ mở +25k,Business,income,1
sửa ống nước 2374k,Housing,expense,1
be car 5.284k,Transport,expense,1
tiết kiệm online 23.5tr,Savings,expense,1
khám tổng quát 88k,Health,expense,1
tiết kiệm học phí 7.472k,Investment,income,1
bỏ heo 6tr,Savings,expense,1
góp quỹ từ thiện 7516k,Charity,expense,1
gia sư 3.825k,Business,income,1
cơm tấm 33 nghìn,Food,expense,1
bún bò 700k,Food,expense,1
nạp crypto 130k,Investment,expense,1
workshop 4củ,Education,expense,1
khám tổng quát 26.4tr,Health,expense,1
nhận tiền bỏ heo +1.055k,Bonus,income,1
phở gà 7.379k,Food,expense,1
quỹ du lịch 4.548 nghìn,Business,income,1
dịch vụ phát sinh +88k,Business,income,1
mua toner 8.718k,Beauty,expense,1
dọn nhà 11.1củ,Housing,expense,1
mua vàng 18k,Investment,income,1
tiết kiệm học phí 2.640k,Savings,expense,1
quà handmade 45 ngàn,Social,expense,1
nhận tiền tiết kiệm học phí +565k,Investment,income,1
bỏ heo 28tr,Savings,expense,1
ship hàng 12k,Transport,expense,1
bỏ heo 542k,Business,income,1
cho tặng bữa ăn 192k,Charity,expense,1
đi pub 906k,Entertainment,expense,1
mua kem chống nắng 12tr,Beauty,expense,1
tiệc bạn bè 15.9củ,Social,expense,1
workshop +694k,Business,income,1
gội dưỡng sinh 4.8củ,Beauty,expense,1
góp quỹ từ thiện 21tr,Charity,expense,1
thu hồi tiền cọc 2.140 ngàn,Debt,expense,1
mua đèn 3.554k,Housing,expense,1
lặt vặt 650 nghìn,Others,expense,1
lệ phí thi +18.8tr,Business,income,1
trả nợ 45 nghìn,Debt,expense,1
ship hàng 88k,Transport,expense,1
mua áo 23.5tr,Shopping,expense,1
trả nợ ngân hàng 763k,Debt,expense,1
gift card +9.099k,Business,income,1
trà sữa 2.452k,Food,expense,1
mua cổ phiếu +3289k,Business,income,1
trà sữa 15k,Food,expense,1
be car 15k,Transport,expense,1
vitamin 5715k,Health,expense,1
để dành mua nhà 9.761k,Savings,expense,1
nhuộm tóc 6322k,Beauty,expense,1
hùn vốn 21.5củ,Investment,expense,1
grab bike 12 nghìn,Transport,expense,1
tiền tiết kiệm định kỳ +900 ngàn,Investment,income,1
quỹ du lịch +356k,Salary,income,1
gift card +4.6củ,Business,income,1
trả góp +28tr,Business,income,1
để dành mua nhà +12.7củ,Business,income,1
tiết kiệm học phí 142k,Savings,expense,1
trà sữa 8138k,Food,expense,1
sửa ống nước 3.5tr,Housing,expense,1
vé lễ hội 480k,Entertainment,expense,1
mua cổ phiếu +18k,Business,income,1
nạp game 88 ngàn,Entertainment,expense,1
lệ phí thi 10củ,Education,expense,1
săn sale 99k,Shopping,expense,1
bảo hiểm y tế 5017 ngàn,Health,expense,1
đồ ăn dự trữ 3tr,Essentials,expense,1
săn sale 6.868k,Shopping,expense,1
dịch vụ phát sinh 216k,Others,expense,1
mua đồ gia dụng 58 ngàn,Housing,expense,1
tiền quỹ du lịch +99k,Business,income,1
vay tạm 8450 nghìn,Debt,expense,1
lặt vặt 4.6tr,Others,expense,1
tiết kiệm học phí +21tr,Investment,income,1
quyên góp 27.5củ,Charity,expense,1
di choi khong ne,Business,income,0
nạp margin 7714 ngàn,Investment,expense,1
mua cổ phiếu 25 nghìn,Investment,expense,1
chi phí linh tinh 33k,Others,expense,1
mua ETF 18 ngàn,Investment,expense,1
gội dưỡng sinh 69k,Beauty,expense,1
đóng học phí 20củ,Education,expense,1
mua quần 3.5củ,Shopping,expense,1
quỹ khẩn cấp 45k,Savings,expense,1
trả góp +6232 ngàn,Business,income,1
mua ETF 580k,Investment,expense,1
quỹ khẩn cấp +4.800k,Salary,income,1
đầu tư quỹ mở 18k,Investment,expense,1
bánh mì 32củ,Food,expense,1
sushi 1430 ngàn,Food,expense,1
mua quần 156k,Shopping,expense,1
support fee 673 nghìn,Others,expense,1
mua giày 20k,Shopping,expense,1
trả góp +8.371 nghìn,Salary,income,1
vitamin 6củ,Health,expense,1
hoàn tiền mượn +7.320k,Business,income,1
mua quần 15 ngàn,Shopping,expense,1
đòi nợ +585k,Business,income,1
phí cầu đường 2.913k,Transport,expense,1
mua tài liệu +20.8tr,Business,income,1
thuê xe 783 ngàn,Transport,expense,1
thu hồi tiền cọc +10củ,Business,income,1
để dành mua nhà +555k,Salary,income,1
mua giày 45k,Shopping,expense,1
đổ xăng 33củ,Transport,expense,1
mua vàng +99 ngàn,Investment,income,1
tiền mừng 294k,Social,expense,1
trả góp 25k,Debt,expense,1
gift card 14tr,Social,expense,1
trái cây 99k,Essentials,expense,1
nha co ai onl hem,Business,income,0
thu hồi tiền cọc 13.4củ,Debt,expense,1
quà handmade +20k,Business,income,1
workshop 33.7tr,Education,expense,1
mua gạo 21.4tr,Essentials,expense,1
đi spa 2.781k,Entertainment,expense,1
misc payment 69k,Others,expense,1
mua tài khoản học online 25 nghìn,Business,income,1
đầu tư quỹ mở 3.506 ngàn,Investment,expense,1
support fee 33 ngàn,Others,expense,1
gửi tiết kiệm +25tr,Salary,income,1
siêu thị tuần 7tr,Essentials,expense,1
nạp crypto 226 nghìn,Investment,expense,1
oke de toi check #256,Business,income,0
ủng hộ 25.2tr,Charity,expense,1
mua cổ phiếu 2.592k,Business,income,1
mua rau 8031 nghìn,Essentials,expense,1
thuê xe 20.2tr,Transport,expense,1
mua giày 33tr,Shopping,expense,1
đóng học phí 88k,Business,income,1
để dành mua nhà 5.9tr,Savings,expense,1
đồ pet 15 nghìn,Essentials,expense,1
di choi khong ne #266,Business,income,0
quỹ khẩn cấp 15k,Savings,expense,1
gửi phong bì 20 nghìn,Social,expense,1
góp quỹ từ thiện 1.7tr,Charity,expense,1
nạp margin 69k,Investment,expense,1
dang o van phong roi #271,Business,income,0
gift card 69k,Business,income,1
quỹ du lịch +1966 ngàn,Business,income,1
tiệc bạn bè +10tr,Business,income,1
mua sữa 6.5tr,Essentials,expense,1
bánh mì 727k,Food,expense,1
nạp margin 708k,Investment,expense,1
khám nha 5.439k,Health,expense,1
tiết kiệm online 14.3tr,Savings,expense,1
transaction fee 2.861k,Business,income,1
đi concert 20k,Entertainment,expense,1
ủng hộ bão lũ 34tr,Charity,expense,1
đồ pet 435k,Essentials,expense,1
tiết kiệm định kỳ +25k,Investment,income,1
trả góp 1868k,Debt,expense,1
random charge 25tr,Business,income,1
nạp crypto 816k,Investment,expense,1
quỹ dự phòng 20 ngàn,Savings,expense,1
grab bike 18k,Transport,expense,1
săn sale 262k,Shopping,expense,1
du lịch ngắn ngày 387k,Entertainment,expense,1
mua vở bút 12tr,Education,expense,1
trả nợ ngân hàng 516k,Business,income,1
chi phí linh tinh 25 nghìn,Business,income,1
gửi phong bì 244k,Social,expense,1
xem phim 991k,Entertainment,expense,1
ủng hộ y tế 30.7tr,Charity,expense,1
đồ pet 34.1tr,Essentials,expense,1
quỹ du lịch +715k,Business,income,1
support fee 9.4tr,Business,income,1
skincare set 704 nghìn,Beauty,expense,1
thu hồi tiền cọc 7458 nghìn,Business,income,1
vitamin 8.067k,Health,expense,1
tiệc bạn bè 13tr,Social,expense,1
quỹ dự phòng 333k,Savings,expense,1
nạp crypto +99 nghìn,Investment,income,1
khám nha 15k,Health,expense,1
để dành mua nhà 725k,Business,income,1
mua đồ tech 4684k,Shopping,expense,1
ship hàng 27tr,Transport,expense,1
bánh mì 10tr,Food,expense,1
mua hoa +4.1tr,Salary,income,1
dọn nhà 8.869k,Housing,expense,1
trái cây 5567k,Essentials,expense,1
thay nhớt 2tr,Transport,expense,1
support fee 33k,Others,expense,1
bỏ heo 9tr,Savings,expense,1
escape room 15k,Entertainment,expense,1
mua serum 12tr,Beauty,expense,1
"chot keo luc toi, mlem",Business,income,0
vỉa hè ơi cho xin review nhe,Business,income,0
mua balo 14.7tr,Shopping,expense,1
mua tài khoản học online 18k,Education,expense,1
tiệc bạn bè 7.674 ngàn,Social,expense,1
be car 3.6tr,Transport,expense,1
khám tổng quát 20k,Health,expense,1
mua quà sinh nhật +313k,Salary,income,1
mua vở bút 45 ngàn,Education,expense,1
thuê xe 20.8tr,Transport,expense,1
khám mắt 10.5tr,Health,expense,1
gift card 2.243 nghìn,Social,expense,1
trả nợ 3.306k,Debt,expense,1
quỹ dự phòng +88 ngàn,Salary,income,1
mua vàng +15k,Bonus,income,1
đổ xăng 1.068k,Transport,expense,1
lệ phí thi 10.9tr,Education,expense,1
vay tạm 26tr,Debt,expense,1
mua sách 23củ,Education,expense,1
misc payment 187k,Others,expense,1
du lịch ngắn ngày 354k,Entertainment,expense,1
wax 20k,Beauty,expense,1
trả nợ 707k,Debt,expense,1
tiền thuê nhà 4.7tr,Housing,expense,1
random charge +13củ,Salary,income,1
quỹ du lịch +9củ,Business,income,1
đăng ký khóa học +8củ,Salary,income,1
vitamin 22tr,Health,expense,1
sushi 12 ngàn,Food,expense,1
mua chăn ấm 328k,Charity,expense,1
gia sư 5839k,Education,expense,1
misc payment +1.2tr,Business,income,1
dịch vụ phát sinh +11củ,Business,income,1
tiết kiệm online 47k,Savings,expense,1
trả nợ +2.975k,Business,income,1
di choi khong ne,Business,income,0
xong viec ping toi,Business,income,0
tiết kiệm online 76k,Savings,expense,1
hom nay troi oi la troi,Business,income,0
tiết kiệm định kỳ +8.426k,Investment,income,1
vay tạm +6.719k,Business,income,1
mua cổ phiếu 783k,Business,income,1
thanh toán nợ thẻ 20k,Debt,expense,1
khám mắt 30.7tr,Health,expense,1
transaction fee 14.8tr,Others,expense,1
nạp margin 88 ngàn,Investment,expense,1
support fee +8093k,Business,income,1
mua đồ tech 8tr,Shopping,expense,1
tiền mừng +419k,Salary,income,1
mua vàng 892k,Investment,expense,1
săn sale 11tr,Shopping,expense,1
đầu tư quỹ mở +3.636k,Business,income,1
vitamin 619k,Health,expense,1
quỹ khẩn cấp 8453k,Savings,expense,1
đồ pet 34.3tr,Essentials,expense,1
nạp crypto 12 ngàn,Investment,expense,1
mua quà sinh nhật +1.378 nghìn,Business,income,1
đầu tư đất nền +29.6tr,Business,income,1
skincare set 293 ngàn,Beauty,expense,1
tiền điện 6.225k,Housing,expense,1
mua nhu yếu phẩm tặng 14.4củ,Charity,expense,1
bánh mì 3.577 ngàn,Food,expense,1
săn sale 3.7củ,Shopping,expense,1
phở gà 16củ,Food,expense,1
tiền điện 69 ngàn,Housing,expense,1
mua giày 2483 ngàn,Shopping,expense,1
vay tạm 5củ,Debt,expense,1
hoàn tiền mượn 69k,Debt,expense,1
phí nhỏ +389k,Investment,income,1
quà handmade 33k,Social,expense,1
quỹ du lịch 69 nghìn,Savings,expense,1
mua rau 81 nghìn,Essentials,expense,1
ủng hộ y tế 6326k,Charity,expense,1
mua đồ tech 2397 ngàn,Shopping,expense,1
nạp game 20 nghìn,Entertainment,expense,1
mua gạo 7134k,Essentials,expense,1
mua quà sinh nhật 900 nghìn,Social,expense,1
mừng cưới 33 ngàn,Social,expense,1
trà sữa 983k,Food,expense,1
nạp crypto 14củ,Investment,expense,1
mua hoa 205k,Social,expense,1
quà handmade +33 nghìn,Business,income,1
tiệc bạn bè +565k,Bonus,income,1
bỏ heo 8.972k,Savings,expense,1
tiền mừng +399k,Business,income,1
hùn vốn +20 ngàn,Business,income,1
transaction fee 7.4củ,Others,expense,1
khác in xe 292 ngàn,Others,expense,1
đòi nợ 7095k,Debt,expense,1
phở gà 6602 ngàn,Food,expense,1
mua cổ phiếu 15.5củ,Investment,expense,1
khám tổng quát 3871k,Health,expense,1
mua balo 34.7củ,Shopping,expense,1
nạp crypto +9663k vnđ,Salary,income,1
mua quà sinh nhật 45k đồng,Business,income,1
nạp margin 2.748 ngàn,Investment,expense,1
mua hoa 23tr,Social,expense,1
mua hoa +22.4củ,Business,income,1
để dành mua nhà 906 ngàn,Savings,expense,1
sửa ống nước 1636 ngàn,Housing,expense,1
khám tổng quát 34.1tr,Health,expense,1
bún bò 813k vnđ,Food,expense,1
đóng học phí 304k,Education,expense,1
đầu tư quỹ mở +8.293 ngàn,Business,income,1
gift card 18k,Social,expense,1
mua tài liệu 19.4tr,Education,expense,1
đổ xăng 8.5củ,Transport,expense,1
nhuộm tóc 16.5tr,Beauty,expense,1
vay tạm +20k đồng,Business,income,1
quyên góp 464k vnđ,Charity,expense,1
mua kem chống nắng 99 ngàn,Beauty,expense,1
bỏ heo +32.5tr,Salary,income,1
quỹ du lịch 20 ngàn,Savings,expense,1
trả nợ ngân hàng 22.2củ,Debt,expense,1
tiền mừng 33 nghìn,Social,expense,1
mua toner 33 ngàn,Beauty,expense,1
mua thịt 760 ngàn,Essentials,expense,1
mua toner 33 ngàn,Beauty,expense,1
ủng hộ y tế 17củ,Charity,expense,1
dịch vụ phát sinh 9244 ngàn,Others,expense,1
mua hoa 88 nghìn,Social,expense,1
mua tai nghe 3củ,Shopping,expense,1
misc payment +5056k vnđ,Business,income,1
mua balo 4.476 ngàn,Shopping,expense,1
quà handmade +10củ,Business,income,1
mua toner 6658 nghìn,Beauty,expense,1
mua cổ phiếu +6củ,Salary,income,1
mua thuốc 14tr,Health,expense,1
trái cây 45 nghìn,Essentials,expense,1
cơm tấm 4.4củ,Food,expense,1
đăng ký khóa học 826 ngàn,Education,expense,1
mì cay 241 nghìn,Food,expense,1
gia sư +4.894k vnđ,Business,income,1
thu hồi khoản vay +81 ngàn,Business,income,1
quỹ khẩn cấp 910 ngàn,Savings,expense,1
quỹ khẩn cấp +272k,Salary,income,1
phở gà 8.951 nghìn,Food,expense,1
bỏ heo 601 ngàn,Savings,expense,1
gia vị 69 nghìn,Essentials,expense,1
cho tặng bữa ăn 1.2củ,Charity,expense,1
đăng ký khóa học +7.643k đồng,Bonus,income,1
mua balo 424 ngàn,Shopping,expense,1
tiền mừng 327 ngàn,Social,expense,1
góp quỹ lớp 4020 nghìn,Social,expense,1
đồ pet 99k vnđ,Essentials,expense,1
thanh toán nợ thẻ +22tr,Business,income,1
gửi tiết kiệm +8củ,Investment,income,1
tiệc bạn bè +18tr,Business,income,1
góp quỹ lớp 6.518k đồng,Social,expense,1
gà rán combo 728k,Food,expense,1
đồ pet 3.7củ,Essentials,expense,1
quỹ khẩn cấp +21.1tr,Business,income,1
mua tài liệu 32tr,Education,expense,1
mua rau 45k vnđ,Essentials,expense,1
mua chăn ấm 25 nghìn,Charity,expense,1
mua vàng 10củ,Investment,expense,1
mua quà sinh nhật +7018 ngàn,Business,income,1
ủng hộ y tế 88k đồng,Charity,expense,1
thu hồi tiền cọc 516 ngàn,Debt,expense,1
quỹ du lịch 4.197k đồng,Savings,expense,1
mua trái phiếu 17củ,Investment,expense,1
sửa ống nước 5.880k vnđ,Housing,expense,1
ship hàng 839k,Transport,expense,1
support fee +1193 nghìn,Business,income,1
mua trái phiếu 16.4tr,Investment,expense,1
đăng ký khóa học +17.2củ,Business,income,1
mua toner 3củ,Beauty,expense,1
đóng học phí 5946k,Education,expense,1
tiền thuê nhà 4.222 ngàn,Housing,expense,1
phở gà 67k,Food,expense,1
phí nhỏ 33.3tr,Others,expense,1
bún bò 117k,Food,expense,1
đầu tư đất nền +22củ,Salary,income,1
mua nhu yếu phẩm 7.007 nghìn,Charity,expense,1
trả nợ ngân hàng +9củ,Business,income,1
đòi nợ 936 nghìn,Debt,expense,1
mua đồ tech 9.265 ngàn,Shopping,expense,1
quỹ du lịch +6.127 nghìn,Business,income,1
mua cổ phiếu 986 ngàn,Investment,expense,1
góp quỹ lớp 99k,Social,expense,1
gift card 741 nghìn,Social,expense,1
vé lễ hội 18k,Entertainment,expense,1
bỏ heo 7.257k,Savings,expense,1
tiền mừng +7tr,Business,income,1
trái cây 5k,Essentials,expense,1
chi phí linh tinh 25.8củ,Others,expense,1
hoàn tiền mượn +88 nghìn,Business,income,1
trả góp 88k,Debt,expense,1
misc payment 35.3củ,Others,expense,1
mua phụ kiện 287 ngàn,Shopping,expense,1
trà sữa 30củ,Food,expense,1
đóng học phí 856k,Education,expense,1
mua giày 31.2tr,Shopping,expense,1
wifi tháng 12k,Housing,expense,1
xem phim 20k,Entertainment,expense,1
nạp game 15 nghìn,Entertainment,expense,1
quỹ khẩn cấp 18k,Savings,expense,1
góp quỹ lớp 3.169 ngàn,Social,expense,1
để dành mua nhà +787 ngàn,Business,income,1
support fee +896 nghìn,Business,income,1
bỏ heo 722 nghìn,Savings,expense,1
mừng cưới +6975 nghìn,Business,income,1
đóng học phí 759k,Education,expense,1
mua phụ kiện 88k,Shopping,expense,1
dịch vụ phát sinh +27.6củ,Business,income,1
đi concert 779 nghìn,Entertainment,expense,1
mua giày 20k,Shopping,expense,1
transaction fee +55k,Business,income,1
toi ve nha day,Business,income,0
xét nghiệm 45 ngàn,Health,expense,1
bún bò 8.9tr,Food,expense,1
đầu tư đất nền +6150k,Business,income,1
mì cay 18k,Food,expense,1
tiết kiệm định kỳ 947 nghìn,Savings,expense,1
ủng hộ 27.3củ,Charity,expense,1
mì cay 30.5củ,Food,expense,1
mua ETF +1.446 nghìn,Salary,income,1
mua tài liệu 522k,Education,expense,1
mua balo 5.718 ngàn,Shopping,expense,1
gift card 25k,Social,expense,1
mừng cưới +18.8tr,Salary,income,1
random charge 8.475k,Others,expense,1
gift card +20k,Business,income,1
bỏ heo 99 ngàn,Savings,expense,1
nha co ai onl hem,Business,income,0
gia sư 9821k,Education,expense,1
misc payment +20 ngàn,Business,income,1
mua sách 513 ngàn,Education,expense,1
ủng hộ bão lũ 12 ngàn,Charity,expense,1
tiền thuê nhà 282 ngàn,Housing,expense,1
quà handmade +498k,Salary,income,1
đóng học phí 629 nghìn,Education,expense,1
phí nhỏ 978k,Others,expense,1
góp quỹ lớp 25k,Social,expense,1
để dành mua nhà +26củ,Bonus,income,1
mua ETF +20 ngàn,Bonus,income,1
đồ ăn dự trữ 9.851k,Essentials,expense,1
mua serum 465 ngàn,Beauty,expense,1
gửi phong bì 88 ngàn,Social,expense,1
mua quà sinh nhật +5.632k,Business,income,1
trái cây 45k,Essentials,expense,1
tiền nước 4.780k,Housing,expense,1
mua tài liệu 33k,Education,expense,1
tiết kiệm định kỳ +6.335k,Investment,income,1
taxi 665k,Transport,expense,1
mua ETF +10.8tr,Business,income,1
vitamin 25k,Health,expense,1
mua tai nghe 818k,Shopping,expense,1
nạp margin 231k,Investment,expense,1
mua toner 2683k,Beauty,expense,1
ủng hộ 88k,Charity,expense,1
be car 15k,Transport,expense,1
sushi 23tr,Food,expense,1
tiền bỏ heo 262k,Business,income,1
mua quần 1670k,Shopping,expense,1
nhận tiền gia sư +11.7tr,Bonus,income,1
tiền gift card 5702k,Business,income,1
mua tai nghe 25k,Shopping,expense,1
vay tạm 17tr,Debt,expense,1
nhận tiền chi phí linh tinh +5tr,Business,income,1
gửi phong bì 7.944k,Social,expense,1
gift card 1707k,Social,expense,1
gia sư 79k,Education,expense,1
tiền tiết kiệm học phí 7461k,Bonus,income,1
tiền khác 18k,Business,income,1
khám mắt 959k,Health,expense,1
trip cuối tuần 20k,Entertainment,expense,1
mua kem chống nắng 27tr,Beauty,expense,1
quỹ dự phòng 612k,Savings,expense,1
tiền đăng ký khóa học 6164k,Business,income,1
góp quỹ từ thiện 15k,Charity,expense,1
quyên góp 45k,Charity,expense,1
grab bike 9.094k,Transport,expense,1
đổ xăng 265k,Transport,expense,1
đồ ăn dự trữ 12k,Essentials,expense,1
nạp crypto 15k,Investment,expense,1
bỏ heo 3.3tr,Savings,expense,1
thay nhớt 15k,Transport,expense,1
thu hồi tiền cọc 6229k,Debt,expense,1
trái cây 34.7tr,Essentials,expense,1
tiền mua sách 6.319k,Business,income,1
nhận tiền gia sư +27.4tr,Business,income,1
viện phí 291k,Health,expense,1
mua ốp lưng 25.6tr,Shopping,expense,1
mừng cưới 69k,Social,expense,1
quỹ khẩn cấp 978k,Savings,expense,1
dịch vụ phát sinh 18k,Others,expense,1
tiêm ngừa 4.252k,Health,expense,1
mua rau 171k,Essentials,expense,1
đầu tư đất nền 99k,Investment,expense,1
tiền mua trái phiếu 19tr,Business,income,1
ship hàng 99k,Transport,expense,1
be car 1tr,Transport,expense,1
trả góp +96k,Business,income,1
đồ pet 8tr,Essentials,expense,1
mua nhu yếu phẩm tặng 12k,Charity,expense,1
quyên góp 17.2tr,Charity,expense,1
thu hồi tiền cọc 338k,Debt,expense,1
wax 33k,Beauty,expense,1
bỏ heo 30.8tr,Savings,expense,1
đăng ký khóa học 26.9tr,Education,expense,1
mua vàng +9.860k,Investment,income,1
grab bike 32.3tr,Transport,expense,1
quỹ khuyến học 25k,Charity,expense,1
thay nhớt 25tr,Transport,expense,1
bảo hiểm y tế 88k,Health,expense,1
mua serum 88k,Beauty,expense,1
sửa máy lạnh 24.5tr,Housing,expense,1
cho tặng bữa ăn 25k,Charity,expense,1
đóng học phí 25k,Education,expense,1
tiền thu hồi tiền cọc 161k,Business,income,1
mua giày 7518k,Shopping,expense,1
quỹ du lịch +125k,Bonus,income,1
nhận tiền mua sách +32.8tr,Business,income,1
quỹ du lịch 952k,Savings,expense,1
vé lễ hội 32.5tr,Entertainment,expense,1
tiền gửi phong bì 25.3tr,Business,income,1
tiết kiệm online 24.8tr,Savings,expense,1
cơm tấm 9121k,Food,expense,1
trip cuối tuần 19.3tr,Entertainment,expense,1
khám nha 99k,Health,expense,1
tiết kiệm online +5.747k,Salary,income,1
tiệc bạn bè 15k,Social,expense,1
thu hồi tiền cọc 1663k,Debt,expense,1
vé lễ hội 4tr,Entertainment,expense,1
trả góp 12k,Debt,expense,1
tiệc bạn bè 4267k,Social,expense,1
wax 4.445k,Beauty,expense,1
thay nhớt 96 nghìn,Transport,expense,1
mua ETF 35.8tr,Business,income,1
mua áo 88 ngàn,Shopping,expense,1
góp quỹ từ thiện 18 nghìn,Charity,expense,1
gội dưỡng sinh 45 nghìn,Beauty,expense,1
mua phụ kiện 99 nghìn,Shopping,expense,1
mua ốp lưng 10.7củ,Shopping,expense,1
thay nhớt 930 ngàn,Transport,expense,1
góp quỹ từ thiện 6.120k,Charity,expense,1
dọn nhà 45 nghìn,Housing,expense,1
mua gia vị 69k,Essentials,expense,1
mua thịt 29.4củ,Essentials,expense,1
gửi tiết kiệm 45 nghìn,Savings,expense,1
khác +8489 ngàn,Business,income,1
mua chăn ấm 278 nghìn,Charity,expense,1
đi concert 15 nghìn,Entertainment,expense,1
tiết kiệm online +297k,Investment,income,1
gửi tiết kiệm 15 nghìn,Savings,expense,1
đổ xăng 69 ngàn,Transport,expense,1
mua giày 9củ,Shopping,expense,1
xem phim 33 ngàn,Entertainment,expense,1
mua cổ phiếu 3253k,Business,income,1
gift card +5195k,Business,income,1
nạp game 26tr,Entertainment,expense,1
quà handmade +709 ngàn,Business,income,1
đóng học phí 30.4củ,Business,income,1
quà handmade 35củ,Social,expense,1
đồ pet 2.666k,Essentials,expense,1
dọn nhà 4895 nghìn,Housing,expense,1
bỏ heo +23.5củ,Business,income,1
cho tặng bữa ăn 25.5tr,Bonus,income,1
vitamin 1066k,Health,expense,1
mua sách 917 nghìn,Business,income,1
trả góp +8557 ngàn,Business,income,1
góp quỹ từ thiện 725k,Charity,expense,1
tiết kiệm định kỳ +2.671k,Salary,income,1
mua quần 5.010k,Shopping,expense,1
gửi xe 99k,Transport,expense,1
gửi phong bì +15k,Business,income,1
đổ xăng 1củ,Transport,expense,1
trái cây 20 ngàn,Essentials,expense,1
cho tặng bữa ăn 12 ngàn,Charity,expense,1
nạp margin 22k,Investment,expense,1
xét nghiệm 758 nghìn,Health,expense,1
ủng hộ y tế 25.6tr,Charity,expense,1
mua toner 104 ngàn,Beauty,expense,1
lệ phí thi 939k,Education,expense,1
phí cầu đường 359k,Transport,expense,1
sửa ống nước 20k,Housing,expense,1
góp quỹ lớp 8811k,Social,expense,1
đăng ký khóa học 13tr,Education,expense,1
mua rau 355 ngàn,Essentials,expense,1
dịch vụ phát sinh +2.545k,Business,income,1
ủng hộ y tế 935k,Charity,expense,1
wifi tháng 34tr,Housing,expense,1
mì cay 4680 nghìn,Food,expense,1
khác 3.2tr,Others,expense,1
chot keo luc toi,Business,income,0
chi phí linh tinh 2.436k,Others,expense,1
mua tai nghe 3tr,Shopping,expense,1
quỹ dự phòng 18 nghìn,Savings,expense,1
viện phí 25k,Health,expense,1
mua đồ tech 907k,Shopping,expense,1
tiền thuê nhà 3.726k,Housing,expense,1
quyên góp 257 ngàn,Charity,expense,1
mua toner 69k,Beauty,expense,1
đầu tư đất nền 31 ngàn,Investment,expense,1
sushi 3231 ngàn,Food,expense,1
mua đồ gia dụng 4tr,Housing,expense,1
chi phí linh tinh +6673k,Business,income,1
trái cây 33củ,Essentials,expense,1
gift card 4557k,Social,expense,1
trái cây 29.9củ,Essentials,expense,1
check #741,Business,income,0
đi spa 4.476 nghìn,Entertainment,expense,1
để dành mua nhà +45 ngàn,Business,income,1
workshop +26củ,Business,income,1
để dành mua nhà 23củ,Savings,expense,1
mừng cưới +33 nghìn,Investment,income,1
khác 820k,Others,expense,1
sửa máy lạnh 99 ngàn,Housing,expense,1
nạp margin 12k vnđ,Business,income,1
nhận tiền vay tạm +3tr,Business,income,1
thu hồi khoản vay 9.663k,Business,income,1
bỏ heo 35tr,Savings,expense,1
chot keo luc toi,Business,income,0
quà handmade 33k đồng,Social,expense,1
tiết kiệm định kỳ 15 ngàn,Investment,income,1
mua serum 15 nghìn,Beauty,expense,1
nhuộm tóc 14tr,Beauty,expense,1
quỹ khẩn cấp 4củ,Savings,expense,1
mua đồ tech 6706k,Shopping,expense,1
quỹ khẩn cấp 203k,Business,income,1
đi concert 45 ngàn,Entertainment,expense,1
trà sữa 218k vnđ,Food,expense,1
dịch vụ phát sinh 187 nghìn,Others,expense,1
khám mắt 69 nghìn,Health,expense,1
thu hồi tiền cọc 636k vnđ,Debt,expense,1
escape room 18 nghìn,Entertainment,expense,1
phí nhỏ 4.009k vnđ,Others,expense,1
gia sư +16củ,Salary,income,1
săn sale 25k đồng,Shopping,expense,1
nạp game 30tr,Entertainment,expense,1
trip cuối tuần 8.334 ngàn,Entertainment,expense,1
dịch vụ phát sinh +7.449 ngàn,Salary,income,1
mua trái phiếu 1.720k vnđ,Investment,expense,1
thu hồi khoản vay +56k vnđ,Salary,income,1
tiền mừng 6tr,Business,income,1
nạp game 12 nghìn,Entertainment,expense,1
lệ phí thi 88 nghìn,Education,expense,1
xem phim 33.7củ,Entertainment,expense,1
sửa máy lạnh 5921k đồng,Housing,expense,1
mua sách 622k đồng,Education,expense,1
bún bò 6.836 nghìn,Food,expense,1
support fee 20k vnđ,Business,income,1
mua quần 25 nghìn,Shopping,expense,1
xong viec ping toi,Business,income,0
tiệc bạn bè 772k,Business,income,1
xem phim 7.519k,Entertainment,expense,1
chi phí linh tinh 20tr,Others,expense,1
support fee +45 ngàn,Business,income,1
thanh toán nợ thẻ +88k đồng,Salary,income,1
siêu thị tuần 390k đồng,Essentials,expense,1
bỏ heo 16.7tr,Savings,expense,1
tiền mừng +465k,Business,income,1
chi phí linh tinh 20k vnđ,Others,expense,1
chi phí linh tinh 9tr,Business,income,1
mua serum 69k,Beauty,expense,1
tiết kiệm online 837 nghìn,Investment,income,1
transaction fee 226 nghìn,Others,expense,1
nạp margin +15 nghìn,Business,income,1
mua thịt 3613 nghìn,Essentials,expense,1
xét nghiệm 9.903 nghìn,Health,expense,1
trà sữa 99 nghìn,Food,expense,1
mua cổ phiếu 6047k đồng,Investment,expense,1
mua ốp lưng 3429k vnđ,Shopping,expense,1
mì cay 20k vnđ,Food,expense,1
gia vị 12k đồng,Essentials,expense,1
nhận tiền lệ phí thi +27.4tr,Business,income,1
karaoke 12k vnđ,Entertainment,expense,1
tiết kiệm online 93 ngàn,Investment,income,1
phí nhỏ 4.792k đồng,Others,expense,1
gửi tiết kiệm 947 nghìn,Investment,income,1
trả nợ 275k,Debt,expense,1
trà sữa 4tr,Food,expense,1
lẩu mini 16.8củ,Food,expense,1
bảo hiểm y tế 3.741 ngàn,Health,expense,1
mua vở bút 8củ,Education,expense,1
gửi tiết kiệm 3.8củ,Investment,income,1
quỹ khẩn cấp 99 nghìn,Business,income,1
mua hoa 904 nghìn,Business,income,1
xem phim 2củ,Entertainment,expense,1
thu hồi tiền cọc 667k vnđ,Debt,expense,1
mua ốp lưng 99k vnđ,Shopping,expense,1
nạp crypto 120 nghìn,Investment,income,1
đăng ký khóa học 687k vnđ,Education,expense,1
mua vở bút 881k vnđ,Education,expense,1
gội dưỡng sinh 5.862 nghìn,Beauty,expense,1
wax 30củ,Beauty,expense,1
góp quỹ lớp 25k,Business,income,1
mall lunch zone skincare set 741k,Beauty,expense,1
mua quà sinh nhật 775 nghìn,Business,income,1
bánh mì 5767k,Food,expense,1
nạp crypto 69k,Investment,expense,1
nạp crypto 288k,Investment,expense,1
siêu thị tuần 20k,Essentials,expense,1
mua rau 550k,Essentials,expense,1
mua cổ phiếu +88k,Business,income,1
mua quà sinh nhật 12k,Social,expense,1
mua đồ tech 2.422 nghìn,Shopping,expense,1
hùn vốn +202 ngàn,Business,income,1
thanh toán nợ thẻ 27tr,Debt,expense,1
cmt giup tui cai,Business,income,0
lặt vặt 18k,Others,expense,1
tiết kiệm định kỳ 15k,Savings,expense,1
tiền điện 26tr,Housing,expense,1
tiết kiệm học phí 7.200 nghìn,Investment,income,1
ủng hộ y tế 291 nghìn,Charity,expense,1
lẩu mini 6.331k,Food,expense,1
phí nhỏ 32.4củ,Business,income,1
sửa máy lạnh 69 nghìn,Housing,expense,1
cho xin review nhe,Business,income,0
đòi nợ 8258k,Debt,expense,1
mua thịt 8.363 ngàn,Essentials,expense,1
gửi phong bì 1611k,Bonus,income,1
mua vở bút 27tr,Education,expense,1
phí nhỏ 25k,Business,income,1
gửi phong bì 69k,Business,income,1
bỏ heo 2tr,Savings,expense,1
mua cổ phiếu 26tr,Business,income,1
gửi tiết kiệm 3531k,Savings,expense,1
cmt giup tui cai #862,Business,income,0
tiết kiệm học phí +8.468k,Investment,income,1
đòi nợ +369 ngàn,Business,income,1
karaoke 3.568k,Entertainment,expense,1
tiền điện 15k,Housing,expense,1
mua vàng 905k,Investment,expense,1
bánh mì 69 nghìn,Food,expense,1
đóng học phí 7717k,Education,expense,1
mua đồ tech 2598 ngàn,Shopping,expense,1
wax 517 ngàn,Beauty,expense,1
quà handmade 7.811 ngàn,Social,expense,1
mua serum 842k,Beauty,expense,1
mì cay 354 nghìn,Food,expense,1
tiền thuê nhà 20 nghìn,Housing,expense,1
bỏ heo +31.9tr,Salary,income,1
mua chăn ấm 245 nghìn,Charity,expense,1
khám mắt 8361k,Health,expense,1
đòi nợ +69 nghìn,Salary,income,1
mừng cưới 140 ngàn,Business,income,1
support fee +10.9củ,Business,income,1
misc payment 33k,Others,expense,1
thu hồi tiền cọc 4.1củ,Debt,expense,1
nạp crypto +7.085 ngàn,Investment,income,1
trả góp 9630 nghìn,Debt,expense,1
mua balo 15 nghìn,Shopping,expense,1
bỏ heo 25.6củ,Savings,expense,1
tiền nước 9.816k,Housing,expense,1
sửa máy lạnh 4320 nghìn,Housing,expense,1
đầu tư đất nền 99k,Investment,expense,1
bỏ heo 20củ,Savings,expense,1
lệ phí thi 27.2tr,Business,income,1
đầu tư đất nền +32củ,Business,income,1
mua thuốc 8.926k,Health,expense,1
random charge 266k,Others,expense,1
tiết kiệm online 907k,Investment,income,1
mua vàng 9.593k,Investment,expense,1
tiết kiệm định kỳ 490k,Investment,income,1
nha co ai onl hem,Business,income,0
tiết kiệm định kỳ 20k,Savings,expense,1
trả góp 14củ,Debt,expense,1
sushi 21tr,Food,expense,1
đóng học phí +27.9củ,Business,income,1
mua áo 8củ,Shopping,expense,1
cơm tấm 3củ,Food,expense,1
mua ốp lưng 622 nghìn,Shopping,expense,1
đóng học phí 131 ngàn,Education,expense,1
mua ETF +25k,Business,income,1
khác +30tr,Business,income,1
mua toner 439 ngàn,Beauty,expense,1
mua thịt 33k,Essentials,expense,1
mua sách in 501k,Education,expense,1
support fee 238k vnđ,Others,expense,1
đổ xăng 17.5củ,Transport,expense,1
skincare set 18.6tr,Beauty,expense,1
mua đồ tech 22tr,Shopping,expense,1
mua gạo 69k đồng,Essentials,expense,1
quỹ dự phòng 302k đồng,Savings,expense,1
mua thuốc 15k,Health,expense,1
mua chăn ấm 328 nghìn,Charity,expense,1
chi phí linh tinh 272k đồng,Others,expense,1
quà handmade 45k đồng,Social,expense,1
để dành mua nhà 4củ,Savings,expense,1
mua sách +25củ,Business,income,1
trả nợ 88k đồng,Debt,expense,1
trả góp 8tr,Debt,expense,1
để dành mua nhà 196k,Business,income,1
mua ốp lưng 29tr,Shopping,expense,1
trà sữa 20k,Food,expense,1
mua sách +7524 ngàn,Salary,income,1
tiền từ tiệc bạn bè 21củ,Business,income,1
gửi tiết kiệm 86k,Savings,expense,1
cho tặng bữa ăn 195 nghìn,Charity,expense,1
gia vị 9159k đồng,Essentials,expense,1
mua thịt 5.3tr,Essentials,expense,1
ship hàng 7.508 nghìn,Transport,expense,1
thuê xe 23.5củ,Transport,expense,1
gia sư 33k đồng,Education,expense,1
cho tặng bữa ăn 45k vnđ,Charity,expense,1
nhận tiền hùn vốn +12 nghìn,Business,income,1
thu hồi tiền cọc +997 ngàn,Business,income,1
bỏ heo 4.6tr,Savings,expense,1
mua giày 21.7củ,Shopping,expense,1
cơm tấm 221 ngàn,Food,expense,1
mua trái phiếu 27.9củ,Investment,expense,1
tiền điện 4củ,Housing,expense,1
nạp game 384 ngàn,Entertainment,expense,1
trà sữa 45k đồng,Food,expense,1
mua vàng 5.1tr,Investment,expense,1
tiền từ misc payment 122k đồng,Business,income,1
đồ pet 2578 nghìn,Essentials,expense,1
dịch vụ phát sinh 33k,Business,income,1
mua trái phiếu 20k đồng,Business,income,1
nạp crypto 3.3tr,Investment,expense,1
cho tặng bữa ăn 16.3tr,Charity,expense,1
sushi 8504k đồng,Food,expense,1
phí nhỏ 27.4củ,Others,expense,1
mua vàng 32củ,Investment,expense,1
tiết kiệm định kỳ +34củ,Investment,income,1
tiền mừng 2263k vnđ,Social,expense,1
skincare set 499k đồng,Beauty,expense,1
trip cuối tuần 37 ngàn,Entertainment,expense,1
ủng hộ 1.1củ,Charity,expense,1
lệ phí thi 88 ngàn,Education,expense,1
mừng cưới 984k,Social,expense,1
mua sách 140 nghìn,Education,expense,1
làm nail 88 ngàn,Beauty,expense,1
mua sữa 28.7củ,Essentials,expense,1
đòi nợ 9.052 ngàn,Debt,expense,1
gift card 24củ,Social,expense,1
random charge 88 ngàn,Business,income,1
mua thịt 17tr,Essentials,expense,1
sửa máy lạnh 33.9củ,Housing,expense,1
transaction fee 24.4tr,Others,expense,1
quỹ du lịch 1.299 nghìn,Savings,expense,1
đi pub 89k vnđ,Entertainment,expense,1
nạp margin 25 ngàn,Investment,expense,1
mua gạo 3790k,Essentials,expense,1
nhận tiền misc payment +8.250 ngàn,Business,income,1
tiền từ đầu tư đất nền 20 ngàn,Business,income,1
mua gạo 208 nghìn,Essentials,expense,1
mua trái phiếu +33 nghìn,Business,income,1
mua chăn ấm 70k,Charity,expense,1
trả nợ ngân hàng 17củ,Debt,expense,1
thay nhớt 892k,Transport,expense,1
tiền từ mừng cưới 12 ngàn,Business,income,1
sửa ống nước 919 ngàn,Housing,expense,1
đi concert 18k đồng,Entertainment,expense,1
gửi xe 608 ngàn,Transport,expense,1
"Thu nhập hôm nay: tiệc bạn bè 638k vnđ, bắn qua banking app",Business,income,1
"Story time 992: khu trọ đồ pet xong, mất 99k đồng, gấp gấp",Essentials,expense,1
"Nay có khoản về từ quỹ dự phòng, 226k chuyển khoản cái rẹt",Business,income,1
"An sang khong dau: tiết kiệm online 20tr tai food court trung tâm thương mại, tra scan qr",Savings,expense,1
"Teencode mode on: đầu tư quỹ mở 509k ở quán cóc, okela",Investment,expense,1
"Case văn phòng: du lịch ngắn ngày tại chợ đêm, trả 870 ngàn qua scan qr",Entertainment,expense,1
"Nay có khoản về từ tiền mừng, 45 ngàn chuyển khoản cái rẹt",Business,income,1
"Boi tien roi ne: gia sư +35củ, coworking",Business,income,1
"An sang khong dau: siêu thị tuần 1tr tai ở nhà, tra tiền mặt",Essentials,expense,1
"Đi chợ đêm rồi đầu tư quỹ mở, bay 19.3củ, cảm giác căng phết",Investment,expense,1
"Story time 1002: sảnh tòa nhà làm nail xong, mất 23 nghìn, gấp gấp",Beauty,expense,1
"Gia đình ở sảnh tòa nhà: đóng học phí tổng 11.3củ, xử lý bằng chuyển khoản",Education,expense,1
"Nay sảnh tòa nhà có vụ lệ phí thi hết 5củ, thanh toán quẹt thẻ",Education,expense,1
"Nay khu trọ có vụ trái cây hết 4.416k đồng, thanh toán banking app",Essentials,expense,1
"English boi: ủng hộ bão lũ in chung cư, pay 872k đồng by quẹt thẻ",Charity,expense,1
"Gia đình ở quán cóc: đi concert tổng 696k, xử lý bằng banking app",Entertainment,expense,1
"Story time 1008: quán cóc nạp game xong, mất 15k, hơi cấn",Entertainment,expense,1
"mua rau ở ở nhà, quẹt thẻ 12k đồng, mlem",Essentials,expense,1
quán cóc làm combo du lịch ngắn ngày; chốt 3.978 ngàn bằng chuyển khoản,Entertainment,expense,1
"Teencode mode on: gift card 1củ ở khu trọ, hơi cấn",Social,expense,1
"Teencode mode on: mua thuốc 745 nghìn ở nhà ngoại, vibe ổn",Health,expense,1
"mua toner ở mall lunch zone, scan qr 16tr, chill",Beauty,expense,1
"English boi: lệ phí thi in coworking, pay 678k by scan qr",Education,expense,1
"Nay nhà ngoại có vụ mua sữa hết 28.9tr, thanh toán quẹt thẻ",Essentials,expense,1
"Thu nhập hôm nay: đầu tư đất nền 512k, bắn qua chuyển khoản",Business,income,1
khu trọ làm combo mua gạo; chốt 3.796k bằng scan qr,Essentials,expense,1
"Nay có khoản về từ mua tài khoản học online, 99 ngàn chuyển khoản cái rẹt",Business,income,1
quán cóc làm combo mua trái phiếu; chốt 8259 nghìn bằng tiền mặt,Investment,expense,1
"Teencode mode on: góp quỹ lớp 3.671k đồng ở chợ đêm, xỉu up xỉu down",Social,expense,1
"Case văn phòng: tiền nước tại nhà ngoại, trả 15 nghìn qua quẹt thẻ",Housing,expense,1
"Nay khu trọ có vụ sửa máy lạnh hết 33k đồng, thanh toán banking app",Housing,expense,1
"Nay có khoản về từ mua hoa, 853k vnđ chuyển khoản cái rẹt",Business,income,1
"English boi: đổ xăng in quán cóc, pay 852 ngàn by banking app",Transport,expense,1
"Nay có khoản về từ nạp margin, 243k chuyển khoản cái rẹt",Business,income,1
"Đi sảnh tòa nhà rồi mua serum, bay 8505 ngàn, cảm giác gấp gấp",Beauty,expense,1
"English boi: trả góp in ở nhà, pay 4.5củ by chuyển khoản",Debt,expense,1
"Case văn phòng: mua sữa tại nhà nội, trả 1714k qua scan qr",Essentials,expense,1
"Đi chung cư rồi tiền nước, bay 2.627 ngàn, cảm giác flex nhẹ",Housing,expense,1
"Đi khu trọ rồi khám mắt, bay 396k đồng, cảm giác lụm",Health,expense,1
"Nay food court trung tâm thương mại có vụ mua vở bút hết 26củ, thanh toán chuyển khoản",Education,expense,1
"trả nợ ở pantry văn phòng, tiền mặt 25k, mlem",Debt,expense,1
food court trung tâm thương mại làm combo gội dưỡng sinh; chốt 18tr bằng quẹt thẻ,Beauty,expense,1
"Gia đình ở pantry văn phòng: mua tài khoản học online tổng 7.9củ, xử lý bằng quẹt thẻ",Education,expense,1
"English boi: gia sư in coworking, pay 2tr by tiền mặt",Education,expense,1
"Case văn phòng: be car tại chợ đêm, trả 596k vnđ qua scan qr",Transport,expense,1
"Thu nhập hôm nay: trả nợ ngân hàng 15k vnđ, bắn qua tiền mặt",Business,income,1
"An sang khong dau: trả nợ 34.5tr tai sảnh tòa nhà, tra chuyển khoản",Debt,expense,1
"Nhận tiền từ mua tài khoản học online ở food court trung tâm thương mại: +34.2củ, về ví qua quẹt thẻ",Bonus,income,1
"Teencode mode on: mua ốp lưng 11.8củ ở sảnh tòa nhà, căng phết",Shopping,expense,1
"An sang khong dau: vé lễ hội 7.849k vnđ tai chợ đêm, tra chuyển khoản",Entertainment,expense,1
mall lunch zone làm combo mua balo; chốt 9585k đồng bằng scan qr,Shopping,expense,1
"Teencode mode on: nạp crypto 11.3củ ở sảnh tòa nhà, mlem",Investment,expense,1
"Case văn phòng: ủng hộ tại nhà ngoại, trả 33k qua chuyển khoản",Charity,expense,1
"Nay ở nhà có vụ khám tổng quát hết 8351 ngàn, thanh toán tiền mặt",Health,expense,1
"Đòi được tiền: tiết kiệm học phí, vào tài khoản 12k đồng, mlem",Investment,income,1
"English boi: quỹ du lịch in quán cóc, pay 69k by quẹt thẻ",Savings,expense,1
"Nay nhà nội có vụ đòi nợ hết 33k đồng, thanh toán tiền mặt",Debt,expense,1
"Nay có khoản về từ trả nợ, 15k đồng chuyển khoản cái rẹt",Business,income,1
"Cash-in from tiết kiệm định kỳ at coworking: 12củ, done by chuyển khoản",Investment,income,1
"Story time 1052: chung cư đòi nợ xong, mất 810k, chill",Debt,expense,1
"Teencode mode on: đi concert 5tr ở chợ đêm, okela",Entertainment,expense,1
"Boi tien roi ne: trả nợ +432k, nhà nội",Business,income,1
"Gia đình ở xe đẩy đầu ngõ: đi pub tổng 20k đồng, xử lý bằng tiền mặt",Entertainment,expense,1
"Đi nhà nội rồi mua đồ gia dụng, bay 21tr, cảm giác mlem, order trên Tiki",Housing,expense,1
"Thu nhập hôm nay: hùn vốn 238k vnđ, bắn qua tiền mặt",Business,income,1
"English boi: mua áo in coworking, pay 13.4củ by quẹt thẻ",Shopping,expense,1
"An sang khong dau: săn sale 241k tai sảnh tòa nhà, tra scan qr",Shopping,expense,1
"Đi nhà ngoại rồi mua thuốc, bay 6củ, cảm giác khum",Health,expense,1
"Boi tien roi ne: trả góp +32tr, sảnh tòa nhà",Business,income,1
"Gia đình ở nhà nội: đồ pet tổng 4605 nghìn, xử lý bằng tiền mặt",Essentials,expense,1
"Gia đình ở mall lunch zone: nhuộm tóc tổng 5.667 ngàn, xử lý bằng quẹt thẻ",Beauty,expense,1
"English boi: quỹ khuyến học in pantry văn phòng, pay 2.7củ by scan qr",Charity,expense,1
sảnh tòa nhà làm combo gửi tiết kiệm; chốt 25 nghìn bằng banking app,Bonus,income,1
"Đi quán cóc rồi be car, bay 20k vnđ, cảm giác xỉu up xỉu down",Transport,expense,1
"Case văn phòng: ủng hộ bão lũ tại quán cóc, trả 5.4tr qua banking app",Charity,expense,1
"An sang khong dau: thay nhớt 32.8củ tai chợ đêm, tra banking app, 2 lít",Transport,expense,1
chung cư làm combo bảo hiểm y tế; chốt 8488 nghìn bằng scan qr,Health,expense,1
"Đòi được tiền: gia sư, vào tài khoản 5182 ngàn, mlem",Business,income,1
"quán cóc làm combo taxi; chốt 6.6củ bằng chuyển khoản, 2 lít",Transport,expense,1
"Nay có khoản về từ đòi nợ, 2.042k vnđ chuyển khoản cái rẹt",Business,income,1
mua sữa 18k,Essentials,expense,1
combo đi concert 45 nghìn,Entertainment,expense,1
đi concert 5.475k,Entertainment,expense,1
mua hoa 45 nghìn,Social,expense,1
nhận tiền đầu tư đất nền +25k,Business,income,1
mua thuốc 29tr,Health,expense,1
gia sư 15 nghìn,Education,expense,1
viện phí 4củ,Health,expense,1
mua hoa 2.534k vnđ,Social,expense,1
khám nha 9744k,Health,expense,1
support fee 99k,Business,income,1
gia vị 69 nghìn,Essentials,expense,1
khám tổng quát 9.753k,Health,expense,1
mua toner 12.8tr,Beauty,expense,1
vitamin 24.9củ,Health,expense,1
mua rau 523k,Essentials,expense,1
khám nha 25củ,Health,expense,1
tiệc bạn bè +33 nghìn,Business,income,1
mua tài khoản học online 1.478k đồng,Business,income,1
gia vị 9.423k vnđ,Essentials,expense,1
thu hồi khoản vay 267 nghìn,Debt,expense,1
quỹ du lịch 88k đồng,Savings,expense,1
mua tài khoản học online 6108 ngàn,Education,expense,1
quỹ khẩn cấp +190k đồng,Business,income,1
cơm tấm 12k vnđ,Food,expense,1
mua balo 18k đồng,Shopping,expense,1
mì cay 11.9củ,Food,expense,1
lệ phí thi 4.567k đồng,Education,expense,1
mừng cưới 18.1củ,Business,income,1
trả nợ ngân hàng +88 ngàn,Salary,income,1
nạp margin 8770 ngàn,Investment,expense,1
tiền điện 373 ngàn,Housing,expense,1
góp quỹ từ thiện 69k vnđ,Charity,expense,1
tiền thuê nhà 520k vnđ,Housing,expense,1
nạp game 111k đồng,Entertainment,expense,1
góp quỹ từ thiện 15 ngàn,Charity,expense,1
tiết kiệm online 25k,Savings,expense,1
mua đèn 29tr,Housing,expense,1
sửa máy lạnh 554 ngàn,Housing,expense,1
khác 586k đồng,Others,expense,1
ủng hộ 45k vnđ,Charity,expense,1
escape room 88k,Entertainment,expense,1
tiết kiệm định kỳ 34 nghìn,Investment,income,1
ủng hộ bão lũ 19k đồng,Charity,expense,1
sửa ống nước 26.3củ,Housing,expense,1
bỏ heo 7tr,Business,income,1
du lịch ngắn ngày 69k vnđ,Entertainment,expense,1
phở gà 88 nghìn,Food,expense,1
off 1 bua nha team,Business,income,0
thu hồi khoản vay 69k đồng,Debt,expense,1
grab bike 4104 ngàn,Transport,expense,1
quỹ dự phòng 7649k vnđ,Business,income,1
mua sữa 6140 ngàn,Essentials,expense,1
hùn vốn 19tr,Investment,expense,1
bánh mì 5tr,Food,expense,1
nhận tiền gia sư +42 nghìn,Business,income,1
gội dưỡng sinh 468k đồng,Beauty,expense,1
mai tinh tiep nha #1133,Business,income,0
gia sư 6củ,Education,expense,1
mua vở bút 947 ngàn,Education,expense,1
nạp margin +406 nghìn,Business,income,1
vay tạm 13 ngàn,Debt,expense,1
thu hồi khoản vay 24.1củ,Business,income,1
nạp crypto 22tr,Investment,expense,1
nạp crypto 18củ,Investment,expense,1
wifi tháng 99 ngàn,Housing,expense,1
cho em xin slot voi,Business,income,0
quỹ khuyến học 25k đồng,Charity,expense,1
làm nail 411k đồng,Beauty,expense,1
quyên góp 24.5củ,Charity,expense,1
random charge +11.6tr,Business,income,1
quỹ khẩn cấp 33 nghìn,Savings,expense,1
quỹ du lịch 12.4củ,Savings,expense,1
mua trái phiếu 567 nghìn,Investment,expense,1
để dành mua nhà 6060k đồng,Business,income,1
đi pub 15củ,Entertainment,expense,1
đồ ăn dự trữ 1.709k,Essentials,expense,1
support fee 187k,Business,income,1
hùn vốn 10củ,Investment,expense,1
wifi tháng 732 nghìn,Housing,expense,1
thu hồi khoản vay 434k,Business,income,1
tiết kiệm học phí 12k,Investment,income,1
phí nhỏ 527k,Others,expense,1
mua quà sinh nhật 69k,Business,income,1
random charge 74k,Others,expense,1
gift card 25k,Social,expense,1
nạp crypto +26tr,Investment,income,1
quỹ du lịch 99k,Business,income,1
phí nhỏ +30.5tr,Business,income,1
mua thuốc 12tr,Health,expense,1
combo đi concert 360k,Entertainment,expense,1
quỹ dự phòng 12k,Savings,expense,1
gift card 34.6tr,Social,expense,1
trip cuối tuần 507k,Entertainment,expense,1
mua trái phiếu +764k,Salary,income,1
combo nhuộm tóc 513k,Beauty,expense,1
mua serum 981k,Beauty,expense,1
mua quà sinh nhật 18k,Business,income,1
đầu tư quỹ mở 30tr,Investment,expense,1
trái cây 20k,Essentials,expense,1
viện phí 19.4tr,Health,expense,1
thu hồi tiền cọc 12k,Debt,expense,1
săn sale 437k,Shopping,expense,1
hùn vốn +3265k,Business,income,1
gift card +69k,Business,income,1
mua toner 25.5tr,Beauty,expense,1
chi phí linh tinh 17tr,Others,expense,1
hoàn tiền mượn +45k,Bonus,income,1
mua sách 20.8tr,Education,expense,1
mua balo 9.204k,Shopping,expense,1
thu hồi khoản vay 12k,Debt,expense,1
dịch vụ phát sinh 992k,Business,income,1
trái cây 29tr,Essentials,expense,1
lệ phí thi 12k,Education,expense,1
gà rán combo 2.381k,Food,expense,1
mua tai nghe 4.514k,Shopping,expense,1
vay tạm 25k,Debt,expense,1
đi pub 8406k,Entertainment,expense,1
tiết kiệm online 2.705k,Savings,expense,1
nhuộm tóc 69k,Beauty,expense,1
vay tạm 4.8tr,Debt,expense,1
grab bike 960k,Transport,expense,1
đầu tư quỹ mở 15k,Investment,expense,1
hùn vốn 9169k,Investment,expense,1
combo phở gà 4.989k,Food,expense,1
tiết kiệm định kỳ 18k,Investment,income,1
quỹ dự phòng 99k,Savings,expense,1
nạp crypto +790k,Salary,income,1
thanh toán nợ thẻ 150k,Debt,expense,1
mua đồ tech 2tr,Shopping,expense,1
di choi khong ne #1208,Business,income,0
trả góp 12k,Debt,expense,1
xong viec ping toi #1210,Business,income,0
nạp margin 88k,Bonus,income,1
combo quỹ du lịch 28tr,Savings,expense,1
trà sữa 88k,Food,expense,1
tiết kiệm học phí 34tr,Investment,income,1
mua hoa 99k,Social,expense,1
mua tài khoản học online 32.6tr,Education,expense,1
quỹ khẩn cấp +35tr,Salary,income,1
phí nhỏ 24tr,Others,expense,1
thanh toán nợ thẻ 1.742k,Debt,expense,1
đi concert 7.572k,Entertainment,expense,1
quà handmade +2197k,Business,income,1
gift card +99k,Business,income,1
escape room 10tr,Entertainment,expense,1
khác 8654k,Business,income,1
đầu tư quỹ mở +20tr,Business,income,1
tiêm ngừa 5.214k,Health,expense,1
quyên góp 1.9tr,Charity,expense,1
gia sư 14.3tr,Education,expense,1
misc payment 8.556k,Others,expense,1
đăng ký khóa học +33tr,Business,income,1
mua kem chống nắng 145k,Beauty,expense,1
mua giày 3975k,Shopping,expense,1
combo sửa máy lạnh 69k,Housing,expense,1
đi pub 25k,Entertainment,expense,1
hùn vốn 29tr,Investment,expense,1
ủng hộ bão lũ 12k,Charity,expense,1
khám tổng quát 12k,Health,expense,1
transaction fee 1.559k,Business,income,1
mua tài liệu +853k,Business,income,1
hoàn tiền mượn 69k,Debt,expense,1
combo support fee 5574k,Others,expense,1
quỹ dự phòng 542k,Savings,expense,1
wax 8.863k,Beauty,expense,1
bún bò 88k,Food,expense,1
trả nợ +5.1tr,Business,income,1
phí nhỏ 899k,Business,income,1
du lịch ngắn ngày 677k,Entertainment,expense,1
grab bike 634k,Transport,expense,1
bún bò 445k,Food,expense,1
lặt vặt 88k,Others,expense,1
mì cay 18k,Food,expense,1
săn sale 4419k,Shopping,expense,1
bỏ heo 14.8tr,Savings,expense,1
oke de toi check #1259,Business,income,0
grab bike 12tr,Transport,expense,1
mì cay 69k,Food,expense,1
mua rau 1.3tr,Essentials,expense,1
chợ đêm ơi mai tinh tiep nha,Business,income,0
đòi nợ +18củ,Business,income,1
mua ETF 5743k,Investment,expense,1
nạp margin 26k,Investment,expense,1
thay nhớt 25.3củ,Transport,expense,1
transaction fee +31tr,Business,income,1
mua hoa +35củ,Bonus,income,1
đăng ký khóa học 6.905k,Education,expense,1
góp quỹ lớp 99k,Social,expense,1
siêu thị tuần 15k,Essentials,expense,1
sushi 9củ,Food,expense,1
tiêm ngừa 88k,Health,expense,1
dịch vụ phát sinh 829k,Others,expense,1
làm nail 18k,Beauty,expense,1
nạp crypto +15k,Investment,income,1
góp quỹ từ thiện 888k,Charity,expense,1
combo quyên góp 5củ,Charity,expense,1
bánh mì 249k,Food,expense,1
trà sữa 11.2tr,Food,expense,1
trái cây 20k,Essentials,expense,1
đầu tư đất nền +903k,Business,income,1
sushi 99k,Food,expense,1
mua vở bút 3.3tr,Education,expense,1
lặt vặt +15k,Business,income,1
đòi nợ +99k,Salary,income,1
mua sách +9.5củ,Bonus,income,1
wax 8.837k,Beauty,expense,1
khác +32.8củ,Business,income,1
combo mua tài khoản học online 45k,Education,expense,1
tiền mừng 30.2củ,Social,expense,1
gift card 33k,Social,expense,1
tiết kiệm học phí +144k,Investment,income,1
tiền nước 45k,Housing,expense,1
thu hồi tiền cọc +16.2tr,Business,income,1
thu hồi tiền cọc 806k,Debt,expense,1
mua ETF 15k,Investment,expense,1
tiền thuê nhà 15k,Housing,expense,1
góp quỹ lớp 18k,Social,expense,1
sửa máy lạnh 630k,Housing,expense,1
xét nghiệm 99k,Health,expense,1
thanh toán nợ thẻ 3782k,Business,income,1
lệ phí thi 566k,Education,expense,1
tiệc bạn bè 983k,Social,expense,1
để dành mua nhà 7.769k,Savings,expense,1
nạp crypto 660k,Investment,expense,1
để dành mua nhà 144k,Savings,expense,1
thu hồi khoản vay +437k,Salary,income,1
tiệc bạn bè 22củ,Social,expense,1
đầu tư quỹ mở 1.353k,Investment,expense,1
combo mua tai nghe 4480k,Shopping,expense,1
combo tiền điện 10.3củ,Housing,expense,1
đầu tư đất nền 1.799k,Investment,expense,1
mua vàng 27tr,Investment,expense,1
taxi 9121k,Transport,expense,1
trả nợ +9củ,Business,income,1
tiệc bạn bè 7tr,Social,expense,1
tiền mừng +252k,Salary,income,1
"di choi khong ne, lụm",Business,income,0
gửi tiết kiệm 14củ,Savings,expense,1
mua serum 14.8tr,Beauty,expense,1
trả góp +5.1tr,Business,income,1
mua giày 4tr,Shopping,expense,1
bỏ heo +9994k,Salary,income,1
support fee 633 nghìn,Others,expense,1
khoản về từ lặt vặt 57k,Business,income,1
workshop 13.8tr,Education,expense,1
mua hoa 7.045 ngàn,Social,expense,1
phí cầu đường 69k,Transport,expense,1
mua ETF 15k,Business,income,1
quỹ du lịch 1.4tr,Savings,expense,1
xin slot,Business,income,0
sửa máy lạnh 4.380 nghìn,Housing,expense,1
bỏ heo 9tr,Savings,expense,1
gia sư 30.7củ,Education,expense,1
đăng ký khóa học 513k,Education,expense,1
nạp crypto 18k,Investment,expense,1
nhận tiền dịch vụ phát sinh +159 nghìn,Business,income,1
đổ xăng 231k,Transport,expense,1
khoản về từ tiết kiệm online 6.050 ngàn,Investment,income,1
đóng học phí 1873 nghìn,Education,expense,1
du lịch ngắn ngày 7741k,Entertainment,expense,1
nhận tiền quà handmade +1.276k,Business,income,1
gửi tiết kiệm 656k,Savings,expense,1
mua áo 4tr,Shopping,expense,1
đăng ký khóa học 9.481 ngàn,Education,expense,1
nạp margin +8.499k,Bonus,income,1
nhận tiền mua vàng +69k,Investment,income,1
nhận tiền tiết kiệm học phí +18.8củ,Bonus,income,1
mua rau 19tr,Essentials,expense,1
hoàn tiền mượn 975k,Debt,expense,1
thuê xe 11củ,Transport,expense,1
đòi nợ 7129k,Debt,expense,1
nạp margin +45k,Salary,income,1
bảo hiểm y tế 15 nghìn,Health,expense,1
phí nhỏ 909k,Others,expense,1
mua sách 2.8củ,Education,expense,1
mừng cưới +15.2củ,Business,income,1
thu hồi khoản vay 9047 ngàn,Debt,expense,1
làm nail 9580k,Beauty,expense,1
tiệc bạn bè 18 nghìn,Social,expense,1
xem phim 4.085k,Entertainment,expense,1
tiền thuê nhà 15 nghìn,Housing,expense,1
mua sữa 6667k,Essentials,expense,1
tiết kiệm online +18tr,Investment,income,1
gửi tiết kiệm 23tr,Savings,expense,1
xong viec ping toi,Business,income,0
khoản về từ gửi tiết kiệm 16 ngàn,Investment,income,1
mừng cưới 9.161 ngàn,Social,expense,1
karaoke 7626 nghìn,Entertainment,expense,1
mua phụ kiện 27.1củ,Shopping,expense,1
random charge 5 ngàn,Others,expense,1
mua trái phiếu 2.967k,Investment,expense,1
nhận tiền mua vàng +30.4tr,Investment,income,1
nhận tiền gửi phong bì +31k,Bonus,income,1
dọn nhà 1560k,Housing,expense,1
mua sữa 325k,Essentials,expense,1
quyên góp 450k,Charity,expense,1
làm nail 4.284k,Beauty,expense,1
mua kem chống nắng 812 nghìn,Beauty,expense,1
thay nhớt 110 ngàn,Transport,expense,1
thu hồi tiền cọc 99 nghìn,Debt,expense,1
viện phí 925k,Health,expense,1
quỹ khuyến học 25k,Charity,expense,1
mua vở bút +171 nghìn,Business,income,1
trip cuối tuần 776k,Entertainment,expense,1
cmt giup tui cai,Business,income,0
transaction fee +9tr,Business,income,1
oke de toi check,Business,income,0
support fee 731k,Others,expense,1
khoản về từ random charge 380k,Business,income,1
escape room 9.8củ,Entertainment,expense,1
mua sách +3.302 nghìn,Business,income,1
be car 4183k,Transport,expense,1
skincare set 6tr,Beauty,expense,1
phí nhỏ 5.2tr,Others,expense,1
mua serum 17.4củ,Beauty,expense,1
làm nail 4226 nghìn,Beauty,expense,1
để dành mua nhà 3144 nghìn,Savings,expense,1
tiệc bạn bè 4047k,Social,expense,1
sushi 24củ,Food,expense,1
mua cổ phiếu 30củ,Investment,expense,1
đồ ăn dự trữ 20 nghìn,Essentials,expense,1
mua thịt 3.602k,Essentials,expense,1
bún bò 30tr,Food,expense,1
gia sư +6587k,Business,income,1
app nay lag qua troi,Business,income,0
mua ETF 5.774 ngàn,Business,income,1
đi pub 332k,Entertainment,expense,1
siêu thị tuần 6256 nghìn,Essentials,expense,1
ủng hộ 18k,Charity,expense,1
đi spa 25k,Entertainment,expense,1
thanh toán nợ thẻ 924k,Business,income,1
random charge 378k,Business,income,1
chot keo luc toi #1419,Business,income,0
mua ETF 29.9củ,Investment,expense,1
mua serum 69k,Beauty,expense,1
phở gà 69k,Food,expense,1
sửa máy lạnh 3705k,Housing,expense,1
mua tài khoản học online 15.6tr,Business,income,1
đầu tư quỹ mở 5.005k,Investment,expense,1
gift card +549 ngàn,Salary,income,1
quỹ dự phòng 2406k,Savings,expense,1
escape room 20k,Entertainment,expense,1
vay tạm 88k,Debt,expense,1
đòi nợ 28tr,Debt,expense,1
bỏ heo 241k,Savings,expense,1
góp quỹ lớp 4.2củ,Social,expense,1
mừng cưới 9.437k,Social,expense,1
đóng học phí 1.4tr,Education,expense,1
escape room 4.415 nghìn,Entertainment,expense,1
đòi nợ 3củ,Business,income,1
quà handmade 7.632k,Business,income,1
taxi 19tr,Transport,expense,1
mì cay 12k,Food,expense,1
bảo hiểm y tế 22.3tr,Health,expense,1
phí nhỏ 99 nghìn,Others,expense,1
hùn vốn 27tr,Investment,expense,1
workshop 20k,Business,income,1
quỹ du lịch 7củ,Business,income,1
mua phụ kiện 25k,Shopping,expense,1
thanh toán nợ thẻ 45 ngàn,Business,income,1
misc payment 4990 nghìn,Others,expense,1
gửi xe 99k,Transport,expense,1
trip cuối tuần 9022k,Entertainment,expense,1
mua phụ kiện 12 nghìn,Shopping,expense,1
để dành mua nhà 12 ngàn,Business,income,1
mua đèn 512 nghìn,Housing,expense,1
quà handmade 306k,Social,expense,1
tiền nước 928k,Housing,expense,1
hom nay troi oi la troi #1458,Business,income,0
trả nợ ngân hàng +55k,Business,income,1
trái cây 521 ngàn,Essentials,expense,1
tiệc bạn bè 12.3củ,Business,income,1
mua giày 1.141k,Shopping,expense,1
đi pub 31.4tr,Entertainment,expense,1
trà sữa 4208k,Food,expense,1
thu hồi khoản vay 45k,Debt,expense,1
khám nha 2197 nghìn,Health,expense,1
săn sale 2803 nghìn,Shopping,expense,1
bỏ heo 879k,Business,income,1
mua thuốc 20 nghìn,Health,expense,1
bún bò 2882k,Food,expense,1
tiền mừng +955 nghìn,Salary,income,1
mua balo 20k,Shopping,expense,1
gift card 297k,Social,expense,1
mua tài khoản học online 29tr,Education,expense,1
hoàn tiền mượn 3.527 nghìn,Business,income,1
thu hồi tiền cọc 8.570k,Business,income,1
xét nghiệm 927k,Health,expense,1
tiệc bạn bè 21.7tr,Business,income,1
mua quần 386k,Shopping,expense,1
transaction fee 1.452k,Others,expense,1
support fee +764 ngàn,Business,income,1
mua ETF 2.987k,Business,income,1
ship hàng 20k,Transport,expense,1
tiền mừng 205 ngàn,Social,expense,1
trip cuối tuần 25 ngàn,Entertainment,expense,1
mua kem chống nắng 99 ngàn,Beauty,expense,1
đi pub 99 ngàn,Entertainment,expense,1
nạp game 32.3tr,Entertainment,expense,1
"Case văn phòng: đi spa tại mall lunch zone, trả 20 nghìn qua scan qr",Entertainment,expense,1
"Nay quán cóc có vụ trả nợ hết 45k vnđ, thanh toán tiền mặt",Debt,expense,1
"Teencode mode on: khám mắt 16.8tr ở chung cư, khum",Health,expense,1
"Story time 1493: chợ đêm vé lễ hội xong, mất 15k, chill",Entertainment,expense,1
"Story time 1494: food court trung tâm thương mại mua ETF xong, mất 113 ngàn, okela",Investment,expense,1
"Thu nhập hôm nay: mua quà sinh nhật 2027 ngàn, bắn qua banking app",Business,income,1
"Boi tien roi ne: tiết kiệm định kỳ +621 ngàn, nhà ngoại",Investment,income,1
"Boi tien roi ne: mua tài khoản học online +12k vnđ, sảnh tòa nhà, hóa đơn định kỳ",Business,income,1
"Teencode mode on: đi concert 12 ngàn ở vỉa hè, gấp gấp",Entertainment,expense,1
"Cash-in from trả nợ ngân hàng at coworking: 12 ngàn, done by quẹt thẻ",Business,income,1
"Nay chợ đêm có vụ đi pub hết 3880k vnđ, thanh toán banking app",Entertainment,expense,1
"Lương thưởng style genz: trả nợ ngân hàng +20k vnđ, nhận tại mall lunch zone",Salary,income,1
"Nhận tiền từ bỏ heo ở chung cư: +794k, về ví qua quẹt thẻ",Business,income,1
"Case văn phòng: góp quỹ từ thiện tại ở nhà, trả 24.8tr qua scan qr",Charity,expense,1
"Story time 1505: ở nhà siêu thị tuần xong, mất 950k, gấp gấp",Essentials,expense,1
"Story time 1506: chung cư khám tổng quát xong, mất 5.7tr, flex nhẹ",Health,expense,1
"Nhận tiền từ tiết kiệm học phí ở chợ đêm: +18k đồng, về ví qua chuyển khoản",Investment,income,1
"An sang khong dau: nạp crypto 277 ngàn tai chung cư, tra scan qr",Investment,expense,1
"English boi: thu hồi khoản vay in nhà ngoại, pay 15tr by chuyển khoản",Debt,expense,1
nhà nội làm combo góp quỹ từ thiện; chốt 796k vnđ bằng tiền mặt,Charity,expense,1
"Story time 1511: nhà ngoại phí nhỏ xong, mất 9689k vnđ, chill",Others,expense,1
"Nay nhà nội có vụ gia vị hết 24củ, thanh toán banking app",Essentials,expense,1
"Gia đình ở chợ đêm: vé lễ hội tổng 88k đồng, xử lý bằng chuyển khoản",Entertainment,expense,1
"Gia đình ở vỉa hè: đi concert tổng 3.7tr, xử lý bằng quẹt thẻ",Entertainment,expense,1
"mua vàng ở nhà ngoại, scan qr 7.534k đồng, gấp gấp",Investment,expense,1
"Cash-in from mua quà sinh nhật at food court trung tâm thương mại: 34.7củ, done by tiền mặt",Bonus,income,1
"Story time 1517: nhà nội mua gạo xong, mất 715 nghìn, gấp gấp",Essentials,expense,1
pantry văn phòng làm combo dịch vụ phát sinh; chốt 3.569k bằng quẹt thẻ,Others,expense,1
"Nhận tiền từ hoàn tiền mượn ở vỉa hè: +25 nghìn, về ví qua quẹt thẻ",Business,income,1
"English boi: workshop in coworking, pay 446 ngàn by scan qr",Education,expense,1
ở nhà làm combo mua rau; chốt 6.4củ bằng banking app,Essentials,expense,1
"Nay khu trọ có vụ tiền nước hết 27củ, thanh toán scan qr",Housing,expense,1
"Boi tien roi ne: phí nhỏ +198 nghìn, food court trung tâm thương mại",Bonus,income,1
"Nhận tiền từ quỹ khẩn cấp ở nhà ngoại: +45 ngàn, về ví qua quẹt thẻ",Business,income,1
"Nay hẻm nhỏ có vụ gửi xe hết 10.7củ, thanh toán tiền mặt, 1 lít",Transport,expense,1
nhà ngoại làm combo mua đồ gia dụng; chốt 4798k bằng quẹt thẻ,Housing,expense,1
"Thu nhập hôm nay: mua tài khoản học online 5338k đồng, bắn qua quẹt thẻ",Business,income,1
"Đi mall lunch zone rồi quỹ khuyến học, bay 13củ, cảm giác gấp gấp",Charity,expense,1
"Nay có khoản về từ nạp crypto, 8.207k chuyển khoản cái rẹt",Investment,income,1
"dang o van phong roi, khum",Business,income,0
nhà nội làm combo tiền nước; chốt 538k đồng bằng banking app,Housing,expense,1
"Cash-in from transaction fee at coworking: 27.6tr, done by tiền mặt",Business,income,1
"Nay chung cư có vụ bỏ heo hết 27củ, thanh toán chuyển khoản",Savings,expense,1
cho xin review nhe #1534,Business,income,0
"Story time 1535: nhà nội khám mắt xong, mất 21tr, lụm",Health,expense,1
"Case văn phòng: gội dưỡng sinh tại sảnh tòa nhà, trả 640k đồng qua quẹt thẻ",Beauty,expense,1
"Nay có khoản về từ mua quà sinh nhật, 20 ngàn chuyển khoản cái rẹt",Business,income,1
khu trọ làm combo xét nghiệm; chốt 6137k đồng bằng quẹt thẻ,Health,expense,1
"Nay chung cư có vụ khác hết 33.7tr, thanh toán tiền mặt",Others,expense,1
"Cash-in from góp quỹ lớp at vỉa hè: 15.5củ, done by scan qr",Business,income,1
"English boi: sushi in chợ đêm, pay 69k vnđ by scan qr",Food,expense,1
"Teencode mode on: mừng cưới 25.6tr ở vỉa hè, okela",Social,expense,1
"Nay có khoản về từ tiết kiệm định kỳ, 3.1củ chuyển khoản cái rẹt",Investment,income,1
"Teencode mode on: mua trái phiếu 617k đồng ở pantry văn phòng, okela",Investment,expense,1
"Nhận tiền từ mua tài khoản học online ở food court trung tâm thương mại: +3518k vnđ, về ví qua scan qr, hóa đơn định kỳ",Bonus,income,1
"Teencode mode on: đồ pet 45 nghìn ở ở nhà, flex nhẹ",Essentials,expense,1
"Đòi được tiền: mua quà sinh nhật, vào tài khoản 16củ, khum",Business,income,1
"Nay sảnh tòa nhà có vụ đi spa hết 6.9củ, thanh toán chuyển khoản",Entertainment,expense,1
"Story time 1549: quán cóc mua trái phiếu xong, mất 188 nghìn, gấp gấp",Investment,expense,1
"Đi nhà nội rồi sửa ống nước, bay 4.1củ, cảm giác vibe ổn",Housing,expense,1
"Case văn phòng: cho tặng bữa ăn tại khu trọ, trả 406k qua tiền mặt",Charity,expense,1
"Đòi được tiền: quỹ dự phòng, vào tài khoản 8.012k đồng, căng phết",Business,income,1
"Teencode mode on: đóng học phí 45 nghìn ở coworking, mlem, hóa đơn định kỳ",Education,expense,1
"Gia đình ở nhà ngoại: bỏ heo tổng 4.4tr, xử lý bằng banking app",Savings,expense,1
"Story time 1555: khu trọ mua đồ gia dụng xong, mất 4.898 nghìn, mlem",Housing,expense,1
"Case văn phòng: hùn vốn tại nhà nội, trả 952k qua quẹt thẻ",Investment,expense,1
"Đi food court trung tâm thương mại rồi mua kem chống nắng, bay 10củ, cảm giác hơi cấn",Beauty,expense,1
"English boi: mua quà sinh nhật in mall lunch zone, pay 45 nghìn by quẹt thẻ",Social,expense,1
"English boi: lẩu mini in vỉa hè, pay 29.3củ by scan qr",Food,expense,1
"Cash-in from vay tạm at pantry văn phòng: 15 nghìn, done by banking app",Business,income,1
"An sang khong dau: đòi nợ 6500 nghìn tai nhà nội, tra scan qr",Debt,expense,1
"Gia đình ở coworking: gội dưỡng sinh tổng 3.273k, xử lý bằng chuyển khoản",Beauty,expense,1
"Story time 1564: chợ đêm nạp game xong, mất 88k, mlem",Entertainment,expense,1
"English boi: đi spa in mall lunch zone, pay 26củ by banking app",Entertainment,expense,1
"vitamin ở ở nhà, quẹt thẻ 51k, chill",Health,expense,1
mall lunch zone làm combo đóng học phí; chốt 8.841k bằng chuyển khoản,Education,expense,1
"Case văn phòng: tiền thuê nhà tại ở nhà, trả 7tr qua banking app",Housing,expense,1
"Story time 1569: chợ đêm mì cay xong, mất 4.031 ngàn, lụm",Food,expense,1
"Nay sảnh tòa nhà có vụ mua quần hết 540 nghìn, thanh toán quẹt thẻ",Shopping,expense,1
"Đi food court trung tâm thương mại rồi mua quần, bay 99 nghìn, cảm giác căng phết",Shopping,expense,1
"Teencode mode on: taxi 7.791k ở vỉa hè, hơi cấn",Transport,expense,1
"Đòi được tiền: support fee, vào tài khoản 8củ, vibe ổn",Business,income,1
"Case văn phòng: tiền điện tại chung cư, trả 3.002 ngàn qua chuyển khoản",Housing,expense,1
"Case văn phòng: mua đồ gia dụng tại ở nhà, trả 5.245k vnđ qua tiền mặt",Housing,expense,1
"Nay nhà nội có vụ tiết kiệm online hết 439 nghìn, thanh toán chuyển khoản",Savings,expense,1
"Case văn phòng: đóng học phí tại mall lunch zone, trả 66k vnđ qua banking app",Education,expense,1
"Boi tien roi ne: mua tài liệu +12tr, food court trung tâm thương mại, hóa đơn định kỳ",Bonus,income,1
"Thu nhập hôm nay: thanh toán nợ thẻ 1.079 nghìn, bắn qua scan qr",Business,income,1
"Case văn phòng: khám nha tại nhà ngoại, trả 33k đồng qua scan qr",Health,expense,1
"An sang khong dau: mua nhu yếu phẩm tặng 33k đồng tai chung cư, tra scan qr",Charity,expense,1
"Lương thưởng style genz: nạp crypto +8620 ngàn, nhận tại food court trung tâm thương mại",Salary,income,1
"Nay có khoản về từ bỏ heo, 20k vnđ chuyển khoản cái rẹt",Business,income,1
"English boi: lệ phí thi in mall lunch zone, pay 23tr by quẹt thẻ",Education,expense,1
khu trọ làm combo tiền thuê nhà; chốt 69k vnđ bằng quẹt thẻ,Housing,expense,1
"Gia đình ở nhà ngoại: mua gạo tổng 7.342 nghìn, xử lý bằng quẹt thẻ",Essentials,expense,1
"An sang khong dau: đòi nợ 512 ngàn tai ở nhà, tra tiền mặt",Debt,expense,1
"Gia đình ở chung cư: mua gạo tổng 18k vnđ, xử lý bằng scan qr",Essentials,expense,1
"Đòi được tiền: lệ phí thi, vào tài khoản 4.981 ngàn, hơi cấn",Business,income,1
"Boi tien roi ne: hoàn tiền mượn +35củ, chung cư",Business,income,1
"Nay coworking có vụ mua chăn ấm hết 1.884k vnđ, thanh toán tiền mặt",Charity,expense,1
"English boi: vay tạm in hẻm nhỏ, pay 67 ngàn by chuyển khoản",Debt,expense,1
"Gia đình ở nhà ngoại: mua sữa tổng 24củ, xử lý bằng quẹt thẻ",Essentials,expense,1
"Nay coworking có vụ lặt vặt hết 3.827 nghìn, thanh toán tiền mặt",Others,expense,1
"Teencode mode on: mua cổ phiếu 3122k vnđ ở chung cư, hơi cấn",Investment,expense,1
"tiết kiệm định kỳ ở mall lunch zone, chuyển khoản 22củ, mlem",Savings,expense,1
"Nhận tiền từ mua cổ phiếu ở pantry văn phòng: +7.555 ngàn, về ví qua banking app",Business,income,1
"Đi coworking rồi săn sale, bay 446 ngàn, cảm giác xỉu up xỉu down",Shopping,expense,1
"Thu nhập hôm nay: trả nợ 847 nghìn, bắn qua scan qr",Business,income,1
"Nhận tiền từ đầu tư đất nền ở chung cư: +449 nghìn, về ví qua chuyển khoản",Investment,income,1
"Đòi được tiền: mua tài khoản học online, vào tài khoản 25 ngàn, flex nhẹ",Business,income,1
"Đi pantry văn phòng rồi skincare set, bay 35củ, cảm giác chill",Beauty,expense,1
"An sang khong dau: mua giày 21tr tai mall lunch zone, tra banking app",Shopping,expense,1
"Nay có khoản về từ thu hồi khoản vay, 20 nghìn chuyển khoản cái rẹt",Business,income,1
"xong viec ping toi, vibe ổn",Business,income,0
"Nay vỉa hè có vụ cơm tấm hết 5344 nghìn, thanh toán quẹt thẻ",Food,expense,1
"Cash-in from mua quà sinh nhật at khu trọ: 28củ, done by banking app",Business,income,1
"Nhận tiền từ gửi tiết kiệm ở coworking: +69k, về ví qua scan qr",Investment,income,1
"Đi quán cóc rồi du lịch ngắn ngày, bay 33 ngàn, cảm giác xỉu up xỉu down",Entertainment,expense,1
"English boi: khám mắt in chung cư, pay 1.769 nghìn by chuyển khoản",Health,expense,1
"English boi: khám nha in nhà ngoại, pay 27.5củ by chuyển khoản",Health,expense,1
"Story time 1613: coworking mua đồ tech xong, mất 12k vnđ, xỉu up xỉu down",Shopping,expense,1
"Thu nhập hôm nay: thanh toán nợ thẻ 69k vnđ, bắn qua quẹt thẻ",Business,income,1
pantry văn phòng làm combo ủng hộ; chốt 6335k vnđ bằng chuyển khoản,Charity,expense,1
"Gia đình ở chung cư: trái cây tổng 4.6tr, xử lý bằng tiền mặt",Essentials,expense,1
"Teencode mode on: mua vàng 809k ở nhà ngoại, căng phết",Investment,expense,1
"Case văn phòng: gội dưỡng sinh tại sảnh tòa nhà, trả 2367k đồng qua banking app",Beauty,expense,1
"Lương thưởng style genz: workshop +35.1củ, nhận tại sảnh tòa nhà, hóa đơn định kỳ",Salary,income,1
"Đòi được tiền: lặt vặt, vào tài khoản 6.2tr, mlem",Business,income,1
"Thu nhập hôm nay: trả nợ ngân hàng 25k, bắn qua tiền mặt",Business,income,1
"mua sách ở coworking, quẹt thẻ 69k, gấp gấp",Education,expense,1
"Boi tien roi ne: khác +1513k, chung cư",Business,income,1
"mua nhu yếu phẩm tặng ở hẻm nhỏ, scan qr 5.056k vnđ, xỉu up xỉu down",Charity,expense,1
"Đi quán cóc rồi phở gà, bay 45k, cảm giác căng phết",Food,expense,1
vỉa hè làm combo cho tặng bữa ăn; chốt 833k đồng bằng quẹt thẻ,Bonus,income,1
"Nhận tiền từ misc payment ở xe đẩy đầu ngõ: +35củ, về ví qua quẹt thẻ",Business,income,1
"Case văn phòng: đóng học phí tại pantry văn phòng, trả 15 nghìn qua chuyển khoản, hóa đơn định kỳ",Education,expense,1
"Story time 1630: food court trung tâm thương mại workshop xong, mất 15k, vibe ổn",Education,expense,1
"Gia đình ở chợ đêm: mì cay tổng 9.855k đồng, xử lý bằng scan qr",Food,expense,1
"Cash-in from khác at sảnh tòa nhà: 2tr, done by banking app",Business,income,1
"Nhận tiền từ lệ phí thi ở mall lunch zone: +9.860 ngàn, về ví qua banking app",Business,income,1
"Gia đình ở chợ đêm: cơm tấm tổng 831k, xử lý bằng banking app",Food,expense,1
"Đòi được tiền: thu hồi khoản vay, vào tài khoản 557 nghìn, hơi cấn",Business,income,1
"Boi tien roi ne: quỹ khẩn cấp +27k, xe đẩy đầu ngõ",Business,income,1
"săn sale ở coworking, quẹt thẻ 23củ, khum",Shopping,expense,1
"Gia đình ở nhà nội: mua đèn tổng 624 ngàn, xử lý bằng quẹt thẻ, order trên Lazada, hóa đơn định kỳ",Housing,expense,1
"Đi xe đẩy đầu ngõ rồi tiệc bạn bè, bay 950k, cảm giác căng phết",Social,expense,1
"Nay có khoản về từ tiền mừng, 5củ chuyển khoản cái rẹt",Business,income,1
"Teencode mode on: gửi xe 69 ngàn ở chợ đêm, okela",Transport,expense,1
"Đi food court trung tâm thương mại rồi tiền mừng, bay 45k, cảm giác khum",Social,expense,1
"Story time 1644: chung cư trả góp xong, mất 88k đồng, xỉu up xỉu down",Debt,expense,1
"Gia đình ở chợ đêm: taxi tổng 2củ, xử lý bằng tiền mặt",Transport,expense,1
"Case văn phòng: mua vàng tại chợ đêm, trả 4449 nghìn qua quẹt thẻ",Investment,expense,1
quán cóc làm combo trà sữa; chốt 15 nghìn bằng tiền mặt,Food,expense,1
"Đi pantry văn phòng rồi ủng hộ bão lũ, bay 843 nghìn, cảm giác gấp gấp",Charity,expense,1
"Gia đình ở xe đẩy đầu ngõ: mua cổ phiếu tổng 5696k đồng, xử lý bằng chuyển khoản",Investment,expense,1
"Nay có khoản về từ mua sách, 8tr chuyển khoản cái rẹt",Business,income,1
"Lương thưởng style genz: để dành mua nhà +2tr, nhận tại nhà nội",Salary,income,1
"Thu nhập hôm nay: đăng ký khóa học 9.931 ngàn, bắn qua chuyển khoản",Business,income,1
"An sang khong dau: phí nhỏ 45k đồng tai quán cóc, tra chuyển khoản",Others,expense,1
"Lương thưởng style genz: tiết kiệm học phí +937k đồng, nhận tại hẻm nhỏ",Salary,income,1
"English boi: tiền nước in khu trọ, pay 3258k by tiền mặt, order trên Shopee",Housing,expense,1
"Story time 1657: ở nhà khám nha xong, mất 259k, vibe ổn",Health,expense,1
"Nay pantry văn phòng có vụ ủng hộ bão lũ hết 13.4tr, thanh toán scan qr",Charity,expense,1
quán cóc làm combo be car; chốt 451 ngàn bằng chuyển khoản,Transport,expense,1
"Case văn phòng: bảo hiểm y tế tại nhà nội, trả 27củ qua quẹt thẻ",Health,expense,1
"Story time 1661: xe đẩy đầu ngõ gửi xe xong, mất 29.3tr, gấp gấp, 1 lít",Transport,expense,1
"English boi: hùn vốn in nhà ngoại, pay 2.9củ by quẹt thẻ",Investment,expense,1
"Nay chợ đêm có vụ support fee hết 88k đồng, thanh toán banking app",Others,expense,1
"Case văn phòng: phí cầu đường tại hẻm nhỏ, trả 5582 ngàn qua chuyển khoản",Transport,expense,1
"mua sữa ở chung cư, scan qr 761 nghìn, flex nhẹ",Essentials,expense,1
"English boi: tiết kiệm online in mall lunch zone, pay 15k vnđ by scan qr",Savings,expense,1
"English boi: transaction fee in chung cư, pay 14tr by banking app",Others,expense,1
sảnh tòa nhà làm combo nhuộm tóc; chốt 184k vnđ bằng tiền mặt,Beauty,expense,1
"Cash-in from đòi nợ at coworking: 912 nghìn, done by quẹt thẻ",Business,income,1
"Lương thưởng style genz: chi phí linh tinh +18 ngàn, nhận tại hẻm nhỏ",Salary,income,1
"An sang khong dau: đi spa 65k vnđ tai coworking, tra quẹt thẻ",Entertainment,expense,1
"English boi: mua tai nghe in mall lunch zone, pay 3446 ngàn by tiền mặt",Shopping,expense,1
cmt giup tui cai #1673,Business,income,0
"Boi tien roi ne: mua cổ phiếu +69k đồng, chung cư",Business,income,1
"Nay có khoản về từ tiệc bạn bè, 6.770k chuyển khoản cái rẹt",Business,income,1
"Nhận tiền từ mua cổ phiếu ở coworking: +6tr, về ví qua quẹt thẻ",Business,income,1
"Đòi được tiền: khác, vào tài khoản 20củ, xỉu up xỉu down",Business,income,1
"Teencode mode on: lệ phí thi 2252 ngàn ở coworking, flex nhẹ",Education,expense,1
"viện phí ở chung cư, tiền mặt 7.8củ, căng phết",Health,expense,1
"Đòi được tiền: bỏ heo, vào tài khoản 151k, gấp gấp",Business,income,1
"Case văn phòng: mua tài liệu tại coworking, trả 2889 ngàn qua tiền mặt",Education,expense,1
"Teencode mode on: góp quỹ lớp 31củ ở chợ đêm, căng phết",Social,expense,1
"Story time 1684: sảnh tòa nhà quỹ du lịch xong, mất 3.018 ngàn, xỉu up xỉu down",Savings,expense,1
coworking làm combo mua đồ tech; chốt 13tr bằng banking app,Shopping,expense,1
"Story time 1686: sảnh tòa nhà mua tài khoản học online xong, mất 88k vnđ, flex nhẹ",Education,expense,1
"Nhận tiền từ mua tài khoản học online ở mall lunch zone: +99 ngàn, về ví qua tiền mặt, hóa đơn định kỳ",Business,income,1
"An sang khong dau: nhuộm tóc 14củ tai mall lunch zone, tra tiền mặt",Beauty,expense,1
"Nhận tiền từ hoàn tiền mượn ở chung cư: +1.3củ, về ví qua banking app",Business,income,1
vỉa hè ơi toi ve nha day,Business,income,0
"Case văn phòng: mua tài liệu tại food court trung tâm thương mại, trả 28củ qua quẹt thẻ",Education,expense,1
"siêu thị tuần ở ở nhà, quẹt thẻ 4.053 ngàn, okela",Essentials,expense,1
"Case văn phòng: mua quần tại sảnh tòa nhà, trả 8tr qua scan qr",Shopping,expense,1
"Story time 1695: vỉa hè phở gà xong, mất 35củ, căng phết",Food,expense,1
"sảnh tòa nhà làm combo đăng ký khóa học; chốt 8.064 ngàn bằng tiền mặt, hóa đơn định kỳ",Education,expense,1
pantry văn phòng làm combo mua toner; chốt 12k bằng tiền mặt,Beauty,expense,1
"Gia đình ở chợ đêm: trip cuối tuần tổng 18tr, xử lý bằng chuyển khoản",Entertainment,expense,1
"Teencode mode on: hùn vốn 12 ngàn ở ở nhà, okela",Investment,expense,1
"Cash-in from hoàn tiền mượn at nhà ngoại: 252k đồng, done by quẹt thẻ",Business,income,1
"trip cuối tuần ở chợ đêm, chuyển khoản 461k đồng, lụm",Entertainment,expense,1
"An sang khong dau: mừng cưới 69 ngàn tai sảnh tòa nhà, tra quẹt thẻ",Social,expense,1
"Nay chung cư có vụ tiêm ngừa hết 17củ, thanh toán tiền mặt",Health,expense,1
"Nay có khoản về từ đầu tư quỹ mở, 9củ chuyển khoản cái rẹt",Business,income,1
"Story time 1705: chung cư dọn nhà xong, mất 330k, lụm, order trên Lazada",Housing,expense,1
"Gia đình ở ở nhà: dọn nhà tổng 31củ, xử lý bằng chuyển khoản",Housing,expense,1
"Đi ở nhà rồi tiêm ngừa, bay 3246k vnđ, cảm giác gấp gấp",Health,expense,1
"Boi tien roi ne: quỹ khẩn cấp +45k đồng, food court trung tâm thương mại",Bonus,income,1
"English boi: khám mắt in nhà ngoại, pay 627 ngàn by banking app",Health,expense,1
hẻm nhỏ làm combo cơm tấm; chốt 18k vnđ bằng scan qr,Food,expense,1
"Lương thưởng style genz: đòi nợ +969k đồng, nhận tại khu trọ",Salary,income,1
"Case văn phòng: gà rán combo tại xe đẩy đầu ngõ, trả 14tr qua quẹt thẻ",Food,expense,1
"Nay có khoản về từ trả nợ, 206 nghìn chuyển khoản cái rẹt",Business,income,1
"An sang khong dau: misc payment 8.5tr tai food court trung tâm thương mại, tra banking app",Others,expense,1
"Nay có khoản về từ quỹ khẩn cấp, 12tr chuyển khoản cái rẹt",Business,income,1
"xong viec ping toi, khum",Business,income,0
"English boi: để dành mua nhà in nhà ngoại, pay 10.6tr by scan qr",Savings,expense,1
"mua chăn ấm ở ở nhà, chuyển khoản 9.622k đồng, căng phết",Charity,expense,1
"An sang khong dau: đồ pet 261k vnđ tai ở nhà, tra banking app",Essentials,expense,1
"Đi chợ đêm rồi tiết kiệm online, bay 1.108k vnđ, cảm giác gấp gấp",Savings,expense,1
"mua ốp lưng ở mall lunch zone, tiền mặt 35.1củ, okela",Shopping,expense,1
"Nay có khoản về từ thu hồi khoản vay, 16củ chuyển khoản cái rẹt",Business,income,1
"Gia đình ở nhà ngoại: mua hoa tổng 2195k, xử lý bằng chuyển khoản",Social,expense,1
"Thu nhập hôm nay: hùn vốn 5206 nghìn, bắn qua tiền mặt",Business,income,1
"Nay có khoản về từ misc payment, 8220k đồng chuyển khoản cái rẹt",Business,income,1
"Nay có khoản về từ misc payment, 6tr chuyển khoản cái rẹt",Business,income,1
"Lương thưởng style genz: gửi phong bì +993 ngàn, nhận tại food court trung tâm thương mại",Salary,income,1
"Đi nhà ngoại rồi đòi nợ, bay 88 nghìn, cảm giác mlem",Debt,expense,1
"Story time 1730: ở nhà tiêm ngừa xong, mất 20tr, gấp gấp",Health,expense,1
"Story time 1731: food court trung tâm thương mại mua ốp lưng xong, mất 7.459k, okela, order trên Tiki",Shopping,expense,1
"Nay nhà ngoại có vụ quỹ du lịch hết 233k, thanh toán quẹt thẻ",Savings,expense,1
"gia vị ở khu trọ, scan qr 599k vnđ, flex nhẹ",Essentials,expense,1
"Teencode mode on: gia sư 32.7củ ở food court trung tâm thương mại, khum",Education,expense,1
"Cash-in from tiền mừng at chợ đêm: 1961 ngàn, done by quẹt thẻ",Business,income,1
"Lương thưởng style genz: khác +25k đồng, nhận tại ở nhà",Salary,income,1
"Case văn phòng: nạp margin tại sảnh tòa nhà, trả 88k đồng qua banking app",Investment,expense,1
"Gia đình ở chợ đêm: trả nợ tổng 31tr, xử lý bằng scan qr",Debt,expense,1
"Nhận tiền từ nạp crypto ở chợ đêm: +15củ, về ví qua tiền mặt",Investment,income,1
"Story time 1740: khu trọ trái cây xong, mất 812 ngàn, chill",Essentials,expense,1
"Case văn phòng: mua đồ tech tại coworking, trả 3.660k vnđ qua scan qr",Shopping,expense,1
"Đi chung cư rồi trả góp, bay 13củ, cảm giác vibe ổn",Debt,expense,1
"Nay sảnh tòa nhà có vụ mua đồ tech hết 25.4tr, thanh toán tiền mặt",Shopping,expense,1
"English boi: mua sách in mall lunch zone, pay 33 ngàn by quẹt thẻ",Education,expense,1
"Nhận tiền từ khác ở khu trọ: +15k đồng, về ví qua banking app",Business,income,1
"lẩu mini ở xe đẩy đầu ngõ, scan qr 30tr, hơi cấn",Food,expense,1
"viện phí ở nhà ngoại, quẹt thẻ 3376 ngàn, mlem",Health,expense,1
food court trung tâm thương mại làm combo mua phụ kiện; chốt 23.5củ bằng quẹt thẻ,Shopping,expense,1
"Boi tien roi ne: gift card +88k, quán cóc",Business,income,1
"Nay có khoản về từ tiền mừng, 25 ngàn chuyển khoản cái rẹt",Business,income,1
"An sang khong dau: mua tài liệu 20k vnđ tai coworking, tra banking app, hóa đơn định kỳ",Education,expense,1
"Case văn phòng: mua tài khoản học online tại sảnh tòa nhà, trả 258k qua chuyển khoản",Education,expense,1
"mua áo ở sảnh tòa nhà, chuyển khoản 5603 ngàn, chill",Shopping,expense,1
"Đòi được tiền: đăng ký khóa học, vào tài khoản 20 nghìn, chill",Business,income,1
nhà ngoại làm combo khám mắt; chốt 651k bằng scan qr,Health,expense,1
"English boi: mua tài khoản học online in food court trung tâm thương mại, pay 7756k by quẹt thẻ",Education,expense,1
"Gia đình ở vỉa hè: gift card tổng 354k vnđ, xử lý bằng scan qr",Social,expense,1
"Teencode mode on: khám nha 2.2củ ở nhà ngoại, hơi cấn",Health,expense,1
"Story time 1759: mall lunch zone đi spa xong, mất 88 nghìn, mlem",Entertainment,expense,1
"English boi: tiền điện in nhà nội, pay 415k đồng by quẹt thẻ",Housing,expense,1
quán cóc ơi nha co ai onl hem,Business,income,0
"Gia đình ở mall lunch zone: wax tổng 2.571 ngàn, xử lý bằng quẹt thẻ",Beauty,expense,1
"An sang khong dau: nạp crypto 8.050k đồng tai vỉa hè, tra banking app",Investment,expense,1
"Đi vỉa hè rồi phở gà, bay 34.1tr, cảm giác gấp gấp",Food,expense,1
"Nay sảnh tòa nhà có vụ phí nhỏ hết 7.711 nghìn, thanh toán chuyển khoản",Others,expense,1
chợ đêm làm combo lặt vặt; chốt 32.4tr bằng banking app,Others,expense,1
"Case văn phòng: mua gạo tại nhà nội, trả 541k vnđ qua banking app",Essentials,expense,1
"Đòi được tiền: mua tài liệu, vào tài khoản 7.270 ngàn, khum",Business,income,1
"Nay sảnh tòa nhà có vụ đầu tư đất nền hết 24.3củ, thanh toán scan qr",Investment,expense,1
"Boi tien roi ne: quỹ khẩn cấp +7580 nghìn, pantry văn phòng",Business,income,1
"Teencode mode on: mua chăn ấm 8.373k ở nhà nội, gấp gấp",Charity,expense,1
"Cash-in from transaction fee at food court trung tâm thương mại: 6.740 nghìn, done by scan qr",Bonus,income,1
"Nay coworking có vụ đóng học phí hết 33.2tr, thanh toán quẹt thẻ",Education,expense,1
"An sang khong dau: tiết kiệm định kỳ 15k vnđ tai pantry văn phòng, tra tiền mặt",Savings,expense,1
"Nay sảnh tòa nhà có vụ lặt vặt hết 631 ngàn, thanh toán tiền mặt",Others,expense,1
"Gia đình ở food court trung tâm thương mại: tiết kiệm học phí tổng 69k, xử lý bằng scan qr",Savings,expense,1
"Nay coworking có vụ misc payment hết 4.707k vnđ, thanh toán tiền mặt",Others,expense,1
"Nhận tiền từ workshop ở coworking: +33k, về ví qua chuyển khoản",Business,income,1
"English boi: grab bike in quán cóc, pay 9.078 ngàn by tiền mặt, 1 lít",Transport,expense,1
"English boi: cơm tấm in hẻm nhỏ, pay 8999 nghìn by chuyển khoản",Food,expense,1
"Cash-in from mua cổ phiếu at mall lunch zone: 4tr, done by chuyển khoản",Business,income,1
quán cóc làm combo ship hàng; chốt 493 nghìn bằng quẹt thẻ,Transport,expense,1
"Nay có khoản về từ misc payment, 3.943 ngàn chuyển khoản cái rẹt",Business,income,1
"Boi tien roi ne: quà handmade +22.1củ, chợ đêm",Business,income,1
"dịch vụ phát sinh ở xe đẩy đầu ngõ, tiền mặt 2tr, khum",Others,expense,1
"để dành mua nhà ở mall lunch zone, banking app 790k vnđ, chill",Savings,expense,1
"English boi: mua nhu yếu phẩm tặng in coworking, pay 311 nghìn by quẹt thẻ",Charity,expense,1
"Case văn phòng: tiêm ngừa tại nhà ngoại, trả 313k vnđ qua quẹt thẻ",Health,expense,1
"Thu nhập hôm nay: dịch vụ phát sinh 5.152k vnđ, bắn qua chuyển khoản",Business,income,1
"nhà nội làm combo tiền thuê nhà; chốt 960k đồng bằng scan qr, order trên Lazada",Housing,expense,1
"Đi quán cóc rồi đầu tư quỹ mở, bay 4493k vnđ, cảm giác hơi cấn",Investment,expense,1
"Story time 1792: nhà nội đồ ăn dự trữ xong, mất 6củ, gấp gấp",Essentials,expense,1
"Nay có khoản về từ dịch vụ phát sinh, 18 ngàn chuyển khoản cái rẹt",Business,income,1
"Đòi được tiền: support fee, vào tài khoản 2.741k vnđ, gấp gấp",Business,income,1
"An sang khong dau: trip cuối tuần 316k tai xe đẩy đầu ngõ, tra tiền mặt",Entertainment,expense,1
"Case văn phòng: nạp game tại xe đẩy đầu ngõ, trả 1.282k đồng qua quẹt thẻ",Entertainment,expense,1
"mua giày ở pantry văn phòng, tiền mặt 5.112k đồng, hơi cấn, order trên Tiki",Shopping,expense,1
"Gia đình ở quán cóc: phí cầu đường tổng 8.634k, xử lý bằng chuyển khoản, 1 lít",Transport,expense,1
"Đòi được tiền: nạp crypto, vào tài khoản 33 ngàn, căng phết",Investment,income,1
"An sang khong dau: mua sách 12k tai sảnh tòa nhà, tra quẹt thẻ",Education,expense,1
dang o van phong roi #1801,Business,income,0
"Gia đình ở hẻm nhỏ: cho tặng bữa ăn tổng 390k đồng, xử lý bằng scan qr",Charity,expense,1
"Nay nhà nội có vụ wifi tháng hết 18 ngàn, thanh toán scan qr, hóa đơn định kỳ",Housing,expense,1
"Thu nhập hôm nay: mua ETF 69k vnđ, bắn qua chuyển khoản",Business,income,1
ở nhà làm combo phí nhỏ; chốt 1.3củ bằng tiền mặt,Others,expense,1
"mua giày ở coworking, scan qr 510k, chill",Shopping,expense,1
"Story time 1807: xe đẩy đầu ngõ đi pub xong, mất 128k vnđ, flex nhẹ",Entertainment,expense,1
"mua vở bút ở food court trung tâm thương mại, quẹt thẻ 3000 nghìn, lụm",Education,expense,1
"Đòi được tiền: tiết kiệm định kỳ, vào tài khoản 15 nghìn, khum",Investment,income,1
"An sang khong dau: mua toner 34củ tai food court trung tâm thương mại, tra banking app",Beauty,expense,1
"Gia đình ở coworking: transaction fee tổng 5củ, xử lý bằng banking app",Others,expense,1
"Nay ở nhà có vụ mua cổ phiếu hết 31.9tr, thanh toán tiền mặt",Investment,expense,1
chợ đêm làm combo gửi xe; chốt 214 nghìn bằng scan qr,Bonus,income,1
"Story time 1814: vỉa hè quỹ du lịch xong, mất 22.3tr, xỉu up xỉu down",Savings,expense,1
"Đi chợ đêm rồi cơm tấm, bay 20k vnđ, cảm giác flex nhẹ",Food,expense,1
"Lương thưởng style genz: vay tạm +29k vnđ, nhận tại quán cóc",Salary,income,1
"Teencode mode on: karaoke 33k đồng ở xe đẩy đầu ngõ, hơi cấn",Entertainment,expense,1
"Case văn phòng: bánh mì tại chợ đêm, trả 2.494 ngàn qua chuyển khoản",Food,expense,1
"An sang khong dau: đầu tư đất nền 4.980k đồng tai sảnh tòa nhà, tra tiền mặt",Investment,expense,1
"Story time 1820: chợ đêm vé lễ hội xong, mất 88k đồng, mlem",Entertainment,expense,1
"An sang khong dau: đổ xăng 158 ngàn tai xe đẩy đầu ngõ, tra quẹt thẻ",Transport,expense,1
"Case văn phòng: gift card tại sảnh tòa nhà, trả 15k vnđ qua tiền mặt",Social,expense,1
"Nay vỉa hè có vụ grab bike hết 477 ngàn, thanh toán scan qr",Transport,expense,1
"Đi khu trọ rồi góp quỹ lớp, bay 3.880k, cảm giác mlem",Social,expense,1
"Nay nhà nội có vụ mua đèn hết 23củ, thanh toán banking app, hóa đơn định kỳ",Housing,expense,1
"Gia đình ở nhà ngoại: mua nhu yếu phẩm tặng tổng 985k, xử lý bằng scan qr",Charity,expense,1
"tiền mừng ở khu trọ, banking app 13tr, mlem",Social,expense,1
"siêu thị tuần ở ở nhà, chuyển khoản 946 ngàn, okela",Essentials,expense,1
"Case văn phòng: sửa máy lạnh tại khu trọ, trả 69 nghìn qua quẹt thẻ, order trên Shopee",Housing,expense,1
"Nay xe đẩy đầu ngõ có vụ đầu tư đất nền hết 9.745k, thanh toán scan qr",Investment,expense,1
"Story time 1831: food court trung tâm thương mại mua đồ tech xong, mất 623k đồng, flex nhẹ",Shopping,expense,1
sảnh tòa nhà làm combo wax; chốt 783k đồng bằng chuyển khoản,Beauty,expense,1
"Nhận tiền từ mua trái phiếu ở quán cóc: +9.627k, về ví qua scan qr",Business,income,1
"Đòi được tiền: vay tạm, vào tài khoản 2856k vnđ, flex nhẹ",Business,income,1
"Đòi được tiền: chi phí linh tinh, vào tài khoản 3.056k vnđ, hơi cấn",Business,income,1
vỉa hè ơi off 1 bua nha team,Business,income,0
"Gia đình ở xe đẩy đầu ngõ: mua hoa tổng 799 nghìn, xử lý bằng tiền mặt",Social,expense,1
"Thu nhập hôm nay: trả nợ 468k, bắn qua banking app",Business,income,1
"Teencode mode on: thay nhớt 521k ở quán cóc, okela, 3 lít",Transport,expense,1
"Nhận tiền từ mua tài liệu ở sảnh tòa nhà: +18.3tr, về ví qua banking app",Business,income,1
"Nay vỉa hè có vụ đi concert hết 35củ, thanh toán chuyển khoản",Entertainment,expense,1
mall lunch zone làm combo mua serum; chốt 6.688 nghìn bằng scan qr,Beauty,expense,1
"Đi coworking rồi mua ETF, bay 897k đồng, cảm giác gấp gấp",Investment,expense,1
"Case văn phòng: hùn vốn tại vỉa hè, trả 88k đồng qua tiền mặt",Investment,expense,1
"English boi: skincare set in pantry văn phòng, pay 12.5tr by tiền mặt",Beauty,expense,1
"Nay chợ đêm có vụ thuê xe hết 20 ngàn, thanh toán scan qr",Transport,expense,1
"Gia đình ở coworking: mua sách tổng 45k vnđ, xử lý bằng banking app",Education,expense,1
"Thu nhập hôm nay: trả nợ 21củ, bắn qua quẹt thẻ",Business,income,1
"English boi: dọn nhà in nhà nội, pay 105 nghìn by scan qr",Housing,expense,1
"Nay nhà ngoại có vụ siêu thị tuần hết 894k, thanh toán chuyển khoản",Essentials,expense,1
"Đi chung cư rồi đồ ăn dự trữ, bay 775 nghìn, cảm giác căng phết",Essentials,expense,1
"Đi vỉa hè rồi trả nợ, bay 9.924k vnđ, cảm giác xỉu up xỉu down",Debt,expense,1
"đi concert ở hẻm nhỏ, banking app 858k đồng, lụm",Entertainment,expense,1
"Thu nhập hôm nay: đầu tư quỹ mở 7.375k, bắn qua banking app",Business,income,1
"English boi: bánh mì in xe đẩy đầu ngõ, pay 960 nghìn by banking app",Food,expense,1
"An sang khong dau: mua vàng 99k đồng tai pantry văn phòng, tra quẹt thẻ",Investment,expense,1
"Gia đình ở vỉa hè: vé lễ hội tổng 1.409 nghìn, xử lý bằng banking app",Entertainment,expense,1
"Case văn phòng: đi concert tại hẻm nhỏ, trả 33.3củ qua chuyển khoản",Entertainment,expense,1
"Thu nhập hôm nay: nạp margin 15củ, bắn qua chuyển khoản",Business,income,1
"Đi xe đẩy đầu ngõ rồi trip cuối tuần, bay 6.1củ, cảm giác gấp gấp",Entertainment,expense,1
"English boi: tiền mừng in coworking, pay 20k đồng by banking app",Social,expense,1
"Thu nhập hôm nay: trả nợ ngân hàng 18.2củ, bắn qua banking app",Business,income,1
"Nay mall lunch zone có vụ gội dưỡng sinh hết 4258 ngàn, thanh toán quẹt thẻ",Beauty,expense,1
"Nay hẻm nhỏ có vụ hùn vốn hết 5tr, thanh toán banking app",Investment,expense,1
"hello ae, nay mood sao roi #1868",Business,income,0
"An sang khong dau: xét nghiệm 133 ngàn tai khu trọ, tra chuyển khoản",Health,expense,1
"mua quần ở coworking, quẹt thẻ 12k, khum",Shopping,expense,1
"Đòi được tiền: tiết kiệm học phí, vào tài khoản 129k vnđ, căng phết",Investment,income,1
"Case văn phòng: gia vị tại nhà nội, trả 7796k qua scan qr",Essentials,expense,1
"English boi: tiền nước in ở nhà, pay 10tr by tiền mặt, hóa đơn định kỳ",Housing,expense,1
"Nay sảnh tòa nhà có vụ gội dưỡng sinh hết 6578k vnđ, thanh toán scan qr",Beauty,expense,1
"Teencode mode on: săn sale 45k ở mall lunch zone, xỉu up xỉu down",Shopping,expense,1
"An sang khong dau: tiết kiệm định kỳ 411k vnđ tai sảnh tòa nhà, tra scan qr",Savings,expense,1
"Gia đình ở ở nhà: đầu tư quỹ mở tổng 446 ngàn, xử lý bằng quẹt thẻ",Investment,expense,1
"Cash-in from đầu tư đất nền at xe đẩy đầu ngõ: 440 nghìn, done by chuyển khoản",Business,income,1
khu trọ ơi xong viec ping toi,Business,income,0
"Nay sảnh tòa nhà có vụ gia sư hết 99k đồng, thanh toán banking app",Education,expense,1
"Lương thưởng style genz: trả nợ +292k đồng, nhận tại sảnh tòa nhà",Salary,income,1
"Gia đình ở ở nhà: xét nghiệm tổng 512k, xử lý bằng quẹt thẻ",Health,expense,1
"Case văn phòng: tiền điện tại nhà nội, trả 25k qua scan qr",Housing,expense,1
"Story time 1884: ở nhà tiết kiệm online xong, mất 2.548 nghìn, okela",Savings,expense,1
"Thu nhập hôm nay: mua tài liệu 506k vnđ, bắn qua chuyển khoản",Business,income,1
"Boi tien roi ne: lặt vặt +719 nghìn, pantry văn phòng",Business,income,1
"Nay có khoản về từ gửi phong bì, 410k vnđ chuyển khoản cái rẹt",Business,income,1
"Story time 1888: chung cư tiền thuê nhà xong, mất 80k, lụm, order trên Shopee",Housing,expense,1
"Case văn phòng: làm nail tại pantry văn phòng, trả 8.260k vnđ qua scan qr",Beauty,expense,1
"English boi: transaction fee in sảnh tòa nhà, pay 9136 ngàn by banking app",Others,expense,1
"Nay quán cóc có vụ lặt vặt hết 10tr, thanh toán chuyển khoản",Others,expense,1
"Cash-in from quà handmade at mall lunch zone: 372 nghìn, done by chuyển khoản",Business,income,1
"Nay food court trung tâm thương mại có vụ đăng ký khóa học hết 9.840k, thanh toán scan qr",Education,expense,1
"Gia đình ở xe đẩy đầu ngõ: đầu tư đất nền tổng 88 ngàn, xử lý bằng tiền mặt",Investment,expense,1
"An sang khong dau: phí cầu đường 25k tai chợ đêm, tra chuyển khoản",Transport,expense,1
"grab bike ở chợ đêm, banking app 613k, xỉu up xỉu down",Transport,expense,1
"Nay khu trọ có vụ đòi nợ hết 1.575 ngàn, thanh toán scan qr",Debt,expense,1
"Nay có khoản về từ mua trái phiếu, 12 ngàn chuyển khoản cái rẹt",Business,income,1
"đầu tư quỹ mở ở khu trọ, scan qr 14tr, lụm",Investment,expense,1
"Cash-in from tiết kiệm học phí at coworking: 6tr, done by chuyển khoản",Investment,income,1
"English boi: siêu thị tuần in khu trọ, pay 15k đồng by banking app",Essentials,expense,1
misc payment 26.2tr,Business,income,1
mua ETF 3tr,Investment,expense,1
mua trái phiếu 11tr,Business,income,1
chợ đêm ơi dang o van phong roi,Business,income,0
trái cây 108 ngàn,Essentials,expense,1
tiền điện 48k vnđ,Housing,expense,1
hoàn tiền mượn 1649 ngàn,Debt,expense,1
gửi xe 7.2tr,Transport,expense,1
xét nghiệm 2141k,Health,expense,1
tiền điện 45 nghìn,Housing,expense,1
du lịch ngắn ngày 933 ngàn,Entertainment,expense,1
mua sữa 2235 ngàn,Essentials,expense,1
đầu tư đất nền +14k vnđ,Business,income,1
mua quà sinh nhật +816 nghìn,Business,income,1
lệ phí thi 7359k,Education,expense,1
mua thịt 2.162 ngàn,Essentials,expense,1
ủng hộ bão lũ 335k,Charity,expense,1
mua ETF 35tr,Investment,expense,1
wax 6979k đồng,Beauty,expense,1
trả nợ ngân hàng 99 nghìn,Debt,expense,1
transaction fee 33k vnđ,Business,income,1
tiết kiệm học phí 967 ngàn,Investment,income,1
mua tài liệu 118k vnđ,Education,expense,1
phí nhỏ 23củ,Business,income,1
thu hồi khoản vay 20 ngàn,Debt,expense,1
tiết kiệm định kỳ 562k vnđ,Savings,expense,1
gửi xe 31.5tr,Transport,expense,1
mua tài liệu 33k đồng,Business,income,1
tiền điện 464k đồng,Housing,expense,1
mua áo 15củ,Shopping,expense,1
bảo hiểm y tế 69k,Health,expense,1
gửi phong bì 69 ngàn,Bonus,income,1
support fee 21củ,Others,expense,1
sushi 7.819k,Food,expense,1
mua hoa 34.5củ,Social,expense,1
grab bike 628 nghìn,Transport,expense,1
lẩu mini 88 nghìn,Food,expense,1
mua thuốc 475k vnđ,Health,expense,1
vitamin 9.653 ngàn,Health,expense,1
vay tạm 27tr,Business,income,1
gia sư 2.895 nghìn,Business,income,1
quỹ dự phòng 225 nghìn,Savings,expense,1
đi spa 7tr,Entertainment,expense,1
random charge 797 ngàn,Business,income,1
trả nợ 15 nghìn,Debt,expense,1
gift card 45k đồng,Business,income,1
lệ phí thi 7.589k đồng,Education,expense,1
mua kem chống nắng 99 ngàn,Beauty,expense,1
mừng cưới 899k vnđ,Social,expense,1
đầu tư đất nền 931 ngàn,Business,income,1
mua vàng 259 ngàn,Investment,expense,1
mua vàng 20 ngàn,Investment,expense,1
chi phí linh tinh 253 ngàn,Others,expense,1
tiết kiệm học phí 69k,Investment,income,1
gà rán combo 88 ngàn,Food,expense,1
nạp crypto +4.6củ,Salary,income,1
quỹ khẩn cấp +12k đồng,Bonus,income,1
gia sư 99k vnđ,Education,expense,1
tiền mừng 99k vnđ,Social,expense,1
mừng cưới 3.983k,Social,expense,1
tiệc bạn bè 88k,Social,expense,1
sửa máy lạnh 13.5củ,Housing,expense,1
chi phí linh tinh 33k đồng,Others,expense,1
mua hoa 409k vnđ,Business,income,1
mua tài liệu 8604 nghìn,Business,income,1
tiệc bạn bè 133k vnđ,Business,income,1
mua vàng +22.2củ,Investment,income,1
mua giày 31.4tr,Shopping,expense,1
làm nail 2733k vnđ,Beauty,expense,1
skincare set 6củ,Beauty,expense,1
mua cổ phiếu 26tr,Investment,expense,1
phí nhỏ 25củ,Others,expense,1
wax 7077 ngàn,Beauty,expense,1
gửi phong bì 4963k vnđ,Business,income,1
mua trái phiếu 9.818k,Business,income,1
mua ETF +20 nghìn,Business,income,1
thanh toán nợ thẻ +3419 nghìn,Business,income,1
thanh toán nợ thẻ 4166k vnđ,Debt,expense,1
mua đồ gia dụng 7205k đồng,Housing,expense,1
gia sư +2tr,Business,income,1
"Case văn phòng: để dành mua nhà tại quán cóc, trả 275 nghìn qua banking app",Savings,expense,1
"Story time 1986: mall lunch zone skincare set xong, mất 13tr, chill",Beauty,expense,1
"Boi tien roi ne: đầu tư quỹ mở +630 ngàn, mall lunch zone",Business,income,1
"Story time 1988: coworking ủng hộ xong, mất 7.9tr, flex nhẹ",Charity,expense,1
"phí nhỏ ở nhà ngoại, scan qr 33k, chill",Others,expense,1
"Boi tien roi ne: mua vàng +368 ngàn, khu trọ",Investment,income,1
"khám mắt ở chung cư, banking app 433 nghìn, lụm",Health,expense,1
"Story time 1992: xe đẩy đầu ngõ tiết kiệm định kỳ xong, mất 69k đồng, chill",Savings,expense,1
"Nhận tiền từ quỹ khẩn cấp ở quán cóc: +1.778k, về ví qua quẹt thẻ",Business,income,1
"Teencode mode on: bánh mì 6củ ở chợ đêm, gấp gấp",Food,expense,1
"Teencode mode on: gia sư 20.3củ ở mall lunch zone, flex nhẹ",Education,expense,1
"An sang khong dau: escape room 27.1tr tai vỉa hè, tra tiền mặt",Entertainment,expense,1
"Teencode mode on: đi spa 336 nghìn ở mall lunch zone, okela",Entertainment,expense,1
"Nay food court trung tâm thương mại có vụ wax hết 21.6củ, thanh toán banking app",Beauty,expense,1
"Gia đình ở pantry văn phòng: mua đồ tech tổng 7.431k vnđ, xử lý bằng tiền mặt",Shopping,expense,1
"Teencode mode on: mua trái phiếu 88 ngàn ở sảnh tòa nhà, chill",Investment,expense,1
"Cash-in from quỹ dự phòng at chợ đêm: 3.132k vnđ, done by quẹt thẻ",Business,income,1
"quà handmade ở coworking, quẹt thẻ 15 nghìn, flex nhẹ",Social,expense,1
"Gia đình ở food court trung tâm thương mại: ủng hộ bão lũ tổng 17củ, xử lý bằng scan qr",Charity,expense,1
"Teencode mode on: mua balo 70 ngàn ở pantry văn phòng, okela",Shopping,expense,1
"Teencode mode on: mua gạo 8.174k ở nhà ngoại, mlem",Essentials,expense,1
"Nhận tiền từ đầu tư đất nền ở food court trung tâm thương mại: +4.618k đồng, về ví qua scan qr",Bonus,income,1
"Teencode mode on: quỹ khuyến học 31củ ở ở nhà, gấp gấp",Charity,expense,1
"Nay quán cóc có vụ gà rán combo hết 30.8tr, thanh toán chuyển khoản",Food,expense,1
"Nay pantry văn phòng có vụ khác hết 4.714k vnđ, thanh toán chuyển khoản",Others,expense,1
"Nay nhà ngoại có vụ mua đồ gia dụng hết 8.072k đồng, thanh toán scan qr",Housing,expense,1
"Lương thưởng style genz: nạp crypto +9.083 nghìn, nhận tại nhà ngoại",Salary,income,1
"đồ pet ở nhà nội, tiền mặt 20k đồng, chill",Essentials,expense,1
"vé lễ hội ở vỉa hè, chuyển khoản 15 nghìn, khum",Entertainment,expense,1
vỉa hè làm combo gửi xe; chốt 4424k vnđ bằng quẹt thẻ,Bonus,income,1
di choi khong ne #2015,Business,income,0
"Story time 2016: chung cư sửa máy lạnh xong, mất 595k, khum",Housing,expense,1
mall lunch zone làm combo làm nail; chốt 31củ bằng chuyển khoản,Beauty,expense,1
"Đi pantry văn phòng rồi mua vở bút, bay 18tr, cảm giác vibe ổn",Education,expense,1
"English boi: mua tài liệu in pantry văn phòng, pay 9703k vnđ by chuyển khoản",Education,expense,1
"Đi quán cóc rồi phở gà, bay 88 nghìn, cảm giác vibe ổn",Food,expense,1
"Nhận tiền từ quỹ dự phòng ở mall lunch zone: +34củ, về ví qua banking app",Business,income,1
"Nay mall lunch zone có vụ mua đồ tech hết 27tr, thanh toán tiền mặt",Shopping,expense,1
"Teencode mode on: mua rau 1997k ở nhà nội, okela",Essentials,expense,1
"Nhận tiền từ trả góp ở nhà ngoại: +9.914 nghìn, về ví qua quẹt thẻ",Business,income,1
chung cư làm combo phí nhỏ; chốt 8.090k đồng bằng quẹt thẻ,Others,expense,1
"Gia đình ở xe đẩy đầu ngõ: nạp crypto tổng 3.386 nghìn, xử lý bằng quẹt thẻ",Investment,expense,1
"Nay pantry văn phòng có vụ lặt vặt hết 397 nghìn, thanh toán chuyển khoản",Others,expense,1
"Case văn phòng: nạp crypto tại ở nhà, trả 6.471k vnđ qua scan qr",Investment,expense,1
"Case văn phòng: ủng hộ y tế tại nhà ngoại, trả 13tr qua quẹt thẻ",Charity,expense,1
"Thu nhập hôm nay: tiệc bạn bè 5261k vnđ, bắn qua tiền mặt",Business,income,1
"An sang khong dau: cho tặng bữa ăn 33 nghìn tai food court trung tâm thương mại, tra banking app",Charity,expense,1
"Cash-in from quỹ dự phòng at khu trọ: 35.6tr, done by quẹt thẻ",Business,income,1
"Nhận tiền từ gửi tiết kiệm ở quán cóc: +1481k đồng, về ví qua tiền mặt",Investment,income,1
"English boi: phí cầu đường in quán cóc, pay 8405 ngàn by quẹt thẻ, 1 lít",Transport,expense,1
"Nay pantry văn phòng có vụ mua balo hết 30.3tr, thanh toán tiền mặt, order trên Tiki",Shopping,expense,1
"Story time 2036: pantry văn phòng gift card xong, mất 88k đồng, chill",Social,expense,1
"Cash-in from đòi nợ at khu trọ: 813k vnđ, done by tiền mặt",Business,income,1
"Nay nhà ngoại có vụ gửi phong bì hết 9.507 nghìn, thanh toán banking app",Social,expense,1
"An sang khong dau: tiền thuê nhà 7745 nghìn tai ở nhà, tra scan qr",Housing,expense,1
"Nay vỉa hè có vụ ship hàng hết 28.3tr, thanh toán scan qr",Transport,expense,1
oke de toi check #2042,Business,income,0
"Case văn phòng: mua áo tại mall lunch zone, trả 824k vnđ qua quẹt thẻ",Shopping,expense,1
"Cash-in from thu hồi tiền cọc at vỉa hè: 990 nghìn, done by quẹt thẻ",Business,income,1
"Boi tien roi ne: mua vàng +18k vnđ, nhà nội",Investment,income,1
"English boi: karaoke in quán cóc, pay 935k đồng by scan qr",Entertainment,expense,1
"An sang khong dau: lặt vặt 980 nghìn tai quán cóc, tra quẹt thẻ",Others,expense,1
"Story time 2048: coworking mua đồ tech xong, mất 3.223k đồng, vibe ổn",Shopping,expense,1
"Đi sảnh tòa nhà rồi tiền mừng, bay 12k đồng, cảm giác hơi cấn",Social,expense,1
"Gia đình ở sảnh tòa nhà: mua giày tổng 15 nghìn, xử lý bằng chuyển khoản",Shopping,expense,1
"Nhận tiền từ workshop ở sảnh tòa nhà: +28.8tr, về ví qua banking app",Business,income,1
sảnh tòa nhà làm combo gửi phong bì; chốt 8235k bằng banking app,Bonus,income,1
"Nay có khoản về từ transaction fee, 2376 nghìn chuyển khoản cái rẹt",Business,income,1
"Gia đình ở sảnh tòa nhà: mua balo tổng 3574k, xử lý bằng chuyển khoản",Shopping,expense,1
"Đòi được tiền: gửi phong bì, vào tài khoản 99k đồng, mlem",Business,income,1
"Nay có khoản về từ random charge, 33k vnđ chuyển khoản cái rẹt",Business,income,1
nhà ngoại làm combo mua đèn; chốt 151 ngàn bằng scan qr,Housing,expense,1
"An sang khong dau: tiền nước 18tr tai ở nhà, tra tiền mặt",Housing,expense,1
"Đi ở nhà rồi thu hồi khoản vay, bay 9973 ngàn, cảm giác gấp gấp",Debt,expense,1
"cho em xin slot voi, gặp ở chung cư",Business,income,0
"An sang khong dau: trả nợ ngân hàng 28.2củ tai food court trung tâm thương mại, tra scan qr",Debt,expense,1
"hom nay troi oi la troi, hơi cấn",Business,income,0
"English boi: cơm tấm in vỉa hè, pay 9.055k vnđ by quẹt thẻ",Food,expense,1
"Nay vỉa hè có vụ be car hết 220k, thanh toán quẹt thẻ",Transport,expense,1
"Đi pantry văn phòng rồi mua serum, bay 7.195 ngàn, cảm giác chill",Beauty,expense,1
"Nhận tiền từ dịch vụ phát sinh ở coworking: +916 nghìn, về ví qua tiền mặt",Business,income,1
"Case văn phòng: thanh toán nợ thẻ tại coworking, trả 17tr qua scan qr",Debt,expense,1
"An sang khong dau: trả góp 10củ tai khu trọ, tra scan qr",Debt,expense,1
"Nay nhà nội có vụ xét nghiệm hết 6390 nghìn, thanh toán tiền mặt",Health,expense,1
xe đẩy đầu ngõ ơi chot keo luc toi,Business,income,0
"Lương thưởng style genz: gift card +528k vnđ, nhận tại quán cóc",Salary,income,1
"An sang khong dau: góp quỹ lớp 8.144k đồng tai quán cóc, tra quẹt thẻ",Social,expense,1
"English boi: chi phí linh tinh in quán cóc, pay 2.603k by quẹt thẻ",Others,expense,1
"tiết kiệm online ở pantry văn phòng, scan qr 18tr, vibe ổn",Savings,expense,1
"English boi: phí cầu đường in hẻm nhỏ, pay 121k đồng by quẹt thẻ",Transport,expense,1
"hello ae, nay mood sao roi #2077",Business,income,0
"Đòi được tiền: mua trái phiếu, vào tài khoản 20 ngàn, chill",Business,income,1
"Lương thưởng style genz: mua quà sinh nhật +9.306k vnđ, nhận tại nhà ngoại",Salary,income,1
"Nhận tiền từ tiệc bạn bè ở vỉa hè: +2712k vnđ, về ví qua banking app",Business,income,1
"Nay có khoản về từ mua vở bút, 6củ chuyển khoản cái rẹt, hóa đơn định kỳ",Business,income,1
"Teencode mode on: wax 2.3củ ở coworking, mlem",Beauty,expense,1
"Case văn phòng: sửa ống nước tại nhà nội, trả 18 nghìn qua chuyển khoản, order trên Shopee",Housing,expense,1
"Đi sảnh tòa nhà rồi quà handmade, bay 25 ngàn, cảm giác okela",Social,expense,1
"Case văn phòng: đi concert tại vỉa hè, trả 193k vnđ qua scan qr",Entertainment,expense,1
"Story time 2086: xe đẩy đầu ngõ quỹ du lịch xong, mất 3.324k vnđ, xỉu up xỉu down",Savings,expense,1
pantry văn phòng làm combo bỏ heo; chốt 69k bằng scan qr,Savings,expense,1
"Teencode mode on: trả nợ ngân hàng 7136k ở chợ đêm, lụm",Debt,expense,1
"mua đồ tech ở mall lunch zone, chuyển khoản 7795k đồng, xỉu up xỉu down",Shopping,expense,1
"Cash-in from phí nhỏ at chợ đêm: 6.983k đồng, done by chuyển khoản",Business,income,1
"Đòi được tiền: transaction fee, vào tài khoản 20k đồng, xỉu up xỉu down",Business,income,1
"Thu nhập hôm nay: đầu tư đất nền 3củ, bắn qua chuyển khoản",Business,income,1
"An sang khong dau: bỏ heo 33k vnđ tai nhà ngoại, tra quẹt thẻ",Savings,expense,1
mai tinh tiep nha #2094,Business,income,0
"Story time 2095: quán cóc trả nợ ngân hàng xong, mất 28.6tr, flex nhẹ",Debt,expense,1
"Đi quán cóc rồi bỏ heo, bay 8.363k, cảm giác mlem",Savings,expense,1
"Cash-in from quỹ du lịch at pantry văn phòng: 334k vnđ, done by tiền mặt",Business,income,1
"Nay vỉa hè có vụ góp quỹ từ thiện hết 26củ, thanh toán banking app",Charity,expense,1
"Đòi được tiền: khác, vào tài khoản 9.9củ, gấp gấp",Business,income,1
"mua chăn ấm ở coworking, quẹt thẻ 9.3tr, lụm",Charity,expense,1
"An sang khong dau: escape room 20 nghìn tai xe đẩy đầu ngõ, tra quẹt thẻ",Entertainment,expense,1
"skincare set ở food court trung tâm thương mại, scan qr 26.2tr, hơi cấn",Beauty,expense,1
"Lương thưởng style genz: dịch vụ phát sinh +341 nghìn, nhận tại vỉa hè",Salary,income,1
"Story time 2105: quán cóc mua quà sinh nhật xong, mất 55 nghìn, xỉu up xỉu down",Social,expense,1
"Cash-in from lặt vặt at nhà nội: 9913 nghìn, done by tiền mặt",Business,income,1
"English boi: đi concert in hẻm nhỏ, pay 858k đồng by scan qr",Entertainment,expense,1
"Nay ở nhà có vụ tiền nước hết 751k vnđ, thanh toán banking app",Housing,expense,1
"An sang khong dau: đầu tư quỹ mở 99k vnđ tai nhà ngoại, tra banking app",Investment,expense,1
"Nay chợ đêm có vụ trả nợ ngân hàng hết 976k, thanh toán tiền mặt",Debt,expense,1
"làm nail ở sảnh tòa nhà, tiền mặt 890k vnđ, căng phết",Beauty,expense,1
chợ đêm ơi chot keo luc toi,Business,income,0
"Nay có khoản về từ dịch vụ phát sinh, 15k đồng chuyển khoản cái rẹt",Business,income,1
"Đi pantry văn phòng rồi đăng ký khóa học, bay 5.939k vnđ, cảm giác mlem, hóa đơn định kỳ",Education,expense,1
"Teencode mode on: viện phí 69 ngàn ở chung cư, xỉu up xỉu down",Health,expense,1
"Đi khu trọ rồi quà handmade, bay 101k đồng, cảm giác chill",Social,expense,1
"Teencode mode on: đòi nợ 3187k vnđ ở nhà ngoại, okela",Debt,expense,1
"An sang khong dau: ủng hộ y tế 2.3tr tai quán cóc, tra scan qr",Charity,expense,1
"thu hồi tiền cọc ở nhà nội, quẹt thẻ 6.845k đồng, gấp gấp",Debt,expense,1
"Lương thưởng style genz: đòi nợ +3.147k vnđ, nhận tại nhà ngoại",Salary,income,1
"An sang khong dau: trả nợ ngân hàng 612 ngàn tai chợ đêm, tra scan qr",Debt,expense,1
"Nay xe đẩy đầu ngõ có vụ đổ xăng hết 6.3củ, thanh toán tiền mặt",Transport,expense,1
"An sang khong dau: mua sách 25k tai mall lunch zone, tra banking app",Education,expense,1
"Đi pantry văn phòng rồi mua toner, bay 12tr, cảm giác hơi cấn",Beauty,expense,1
"Đi food court trung tâm thương mại rồi mua tài liệu, bay 22.9củ, cảm giác chill",Education,expense,1
"mua phụ kiện ở pantry văn phòng, tiền mặt 12k vnđ, khum",Shopping,expense,1
"Cash-in from thu hồi tiền cọc at ở nhà: 8785k vnđ, done by chuyển khoản",Business,income,1
"Đi chợ đêm rồi lẩu mini, bay 492k, cảm giác xỉu up xỉu down",Food,expense,1
"xong viec ping toi, xỉu up xỉu down",Business,income,0
"Gia đình ở chung cư: tiền thuê nhà tổng 2.279 ngàn, xử lý bằng scan qr",Housing,expense,1
"Case văn phòng: trip cuối tuần tại xe đẩy đầu ngõ, trả 529k qua chuyển khoản",Entertainment,expense,1
"Nay có khoản về từ quỹ khẩn cấp, 88k chuyển khoản cái rẹt",Business,income,1
"góp quỹ lớp ở mall lunch zone, quẹt thẻ 18k, gấp gấp",Social,expense,1
"Case văn phòng: thu hồi khoản vay tại chung cư, trả 305 nghìn qua tiền mặt",Debt,expense,1
"Thu nhập hôm nay: quỹ dự phòng 2965k đồng, bắn qua chuyển khoản",Business,income,1
"Teencode mode on: mua thịt 6.004 nghìn ở nhà ngoại, hơi cấn",Essentials,expense,1
"Nay nhà ngoại có vụ support fee hết 38 nghìn, thanh toán quẹt thẻ",Others,expense,1
"An sang khong dau: be car 14củ tai chợ đêm, tra tiền mặt",Transport,expense,1
"Gia đình ở khu trọ: tiết kiệm định kỳ tổng 9củ, xử lý bằng chuyển khoản",Savings,expense,1
"Story time 2141: hẻm nhỏ thuê xe xong, mất 88 nghìn, lụm",Transport,expense,1
"An sang khong dau: cơm tấm 582k tai hẻm nhỏ, tra banking app",Food,expense,1
coworking làm combo mua ốp lưng; chốt 1055k vnđ bằng quẹt thẻ,Shopping,expense,1
"mua tài liệu ở coworking, scan qr 4944 nghìn, hơi cấn",Education,expense,1
"Story time 2145: quán cóc du lịch ngắn ngày xong, mất 200 ngàn, khum",Entertainment,expense,1
"Boi tien roi ne: vay tạm +471k vnđ, quán cóc",Business,income,1
"Đòi được tiền: đầu tư quỹ mở, vào tài khoản 437k vnđ, căng phết",Business,income,1
"Đi xe đẩy đầu ngõ rồi phí cầu đường, bay 701k vnđ, cảm giác okela, 4 lít",Transport,expense,1
nhà ngoại làm combo nạp crypto; chốt 13.8tr bằng quẹt thẻ,Investment,expense,1
"Gia đình ở quán cóc: thu hồi tiền cọc tổng 136k đồng, xử lý bằng chuyển khoản",Debt,expense,1
"Lương thưởng style genz: khác +32.7tr, nhận tại xe đẩy đầu ngõ",Salary,income,1
di choi khong ne #2153,Business,income,0
"Gia đình ở vỉa hè: gà rán combo tổng 2439k đồng, xử lý bằng quẹt thẻ",Food,expense,1
"An sang khong dau: du lịch ngắn ngày 99k tai chợ đêm, tra scan qr",Entertainment,expense,1
"Lương thưởng style genz: random charge +3.4tr, nhận tại chung cư",Salary,income,1
"Đòi được tiền: gia sư, vào tài khoản 8965 nghìn, khum",Business,income,1
"English boi: đi spa in coworking, pay 6.968 ngàn by banking app",Entertainment,expense,1
"Thu nhập hôm nay: hoàn tiền mượn 7571k đồng, bắn qua tiền mặt",Business,income,1
"Đi chợ đêm rồi thanh toán nợ thẻ, bay 21tr, cảm giác hơi cấn",Debt,expense,1
"Teencode mode on: góp quỹ lớp 930k vnđ ở food court trung tâm thương mại, chill",Social,expense,1
"Story time 2162: nhà nội mua nhu yếu phẩm tặng xong, mất 69 nghìn, flex nhẹ",Charity,expense,1
"Nay xe đẩy đầu ngõ có vụ gửi xe hết 8269k đồng, thanh toán banking app",Transport,expense,1
"Đi pantry văn phòng rồi bỏ heo, bay 2052 ngàn, cảm giác gấp gấp",Savings,expense,1
"Gia đình ở food court trung tâm thương mại: mua tai nghe tổng 8824 nghìn, xử lý bằng scan qr",Shopping,expense,1
"Boi tien roi ne: tiết kiệm định kỳ +9133 ngàn, chợ đêm",Investment,income,1
"Nay có khoản về từ đầu tư đất nền, 968 ngàn chuyển khoản cái rẹt",Business,income,1
"Case văn phòng: dịch vụ phát sinh tại vỉa hè, trả 15 ngàn qua chuyển khoản",Others,expense,1
"Nay khu trọ có vụ tiền thuê nhà hết 22tr, thanh toán quẹt thẻ, hóa đơn định kỳ",Housing,expense,1
"khu trọ làm combo tiền nước; chốt 9309 ngàn bằng chuyển khoản, order trên Lazada",Housing,expense,1
"An sang khong dau: tiền điện 25.8củ tai nhà nội, tra scan qr, order trên Lazada, hóa đơn định kỳ",Housing,expense,1
"Story time 2172: pantry văn phòng ủng hộ y tế xong, mất 19.7tr, flex nhẹ",Charity,expense,1
"English boi: viện phí in nhà nội, pay 20k vnđ by tiền mặt",Health,expense,1
"Case văn phòng: trả nợ tại nhà ngoại, trả 32.9tr qua banking app",Debt,expense,1
"Gia đình ở nhà ngoại: tiền điện tổng 946k đồng, xử lý bằng tiền mặt, order trên Lazada",Housing,expense,1
"Gia đình ở vỉa hè: hoàn tiền mượn tổng 9320k vnđ, xử lý bằng scan qr",Debt,expense,1
"Nay có khoản về từ hoàn tiền mượn, 3977 ngàn chuyển khoản cái rẹt",Business,income,1
"Nhận tiền từ vay tạm ở chợ đêm: +69 nghìn, về ví qua banking app",Business,income,1
"Nay ở nhà có vụ ủng hộ y tế hết 9.492k, thanh toán banking app",Charity,expense,1
"Teencode mode on: gửi xe 34.7tr ở hẻm nhỏ, vibe ổn",Transport,expense,1
"English boi: viện phí in chung cư, pay 8.873k đồng by chuyển khoản",Health,expense,1
"Gia đình ở chợ đêm: mì cay tổng 69 ngàn, xử lý bằng scan qr",Food,expense,1
"gửi phong bì ở xe đẩy đầu ngõ, banking app 5.294 ngàn, chill",Social,expense,1
"English boi: mua balo in pantry văn phòng, pay 15 nghìn by quẹt thẻ",Shopping,expense,1
"Teencode mode on: du lịch ngắn ngày 11củ ở chợ đêm, gấp gấp",Entertainment,expense,1
"Teencode mode on: khám mắt 69k đồng ở nhà ngoại, khum",Health,expense,1
"Case văn phòng: khám nha tại chung cư, trả 8củ qua quẹt thẻ",Health,expense,1
sảnh tòa nhà làm combo thu hồi tiền cọc; chốt 5.250k bằng scan qr,Debt,expense,1
"Cash-in from dịch vụ phát sinh at hẻm nhỏ: 7.985 nghìn, done by banking app",Business,income,1
"bảo hiểm y tế ở ở nhà, quẹt thẻ 13.5tr, xỉu up xỉu down",Health,expense,1
"Đi khu trọ rồi tiền thuê nhà, bay 69 nghìn, cảm giác flex nhẹ",Housing,expense,1
"Story time 2194: ở nhà dọn nhà xong, mất 45k vnđ, gấp gấp",Housing,expense,1
"Nay vỉa hè có vụ du lịch ngắn ngày hết 69 nghìn, thanh toán scan qr",Entertainment,expense,1
"Teencode mode on: mua hoa 11.3củ ở food court trung tâm thương mại, flex nhẹ",Social,expense,1
"vitamin ở khu trọ, banking app 15củ, xỉu up xỉu down",Health,expense,1
"Nhận tiền từ để dành mua nhà ở mall lunch zone: +6củ, về ví qua tiền mặt",Business,income,1
"Gia đình ở hẻm nhỏ: cơm tấm tổng 3211 ngàn, xử lý bằng banking app",Food,expense,1
"Gia đình ở quán cóc: thuê xe tổng 9453k vnđ, xử lý bằng chuyển khoản",Transport,expense,1
"An sang khong dau: dịch vụ phát sinh 33k tai nhà nội, tra quẹt thẻ",Others,expense,1
"Teencode mode on: quà handmade 2.1tr ở nhà nội, chill",Social,expense,1
chợ đêm làm combo thuê xe; chốt 200k vnđ bằng quẹt thẻ,Transport,expense,1
"Boi tien roi ne: quà handmade +1.297k đồng, pantry văn phòng",Business,income,1
"Nay food court trung tâm thương mại có vụ mua tai nghe hết 24.6tr, thanh toán chuyển khoản",Shopping,expense,1
"Nay nhà nội có vụ mua đèn hết 485k đồng, thanh toán banking app",Housing,expense,1
"Teencode mode on: thu hồi khoản vay 215k ở sảnh tòa nhà, hơi cấn",Debt,expense,1
mai tinh tiep nha #2210,Business,income,0
"Lương thưởng style genz: trả nợ ngân hàng +1.964 ngàn, nhận tại sảnh tòa nhà",Salary,income,1
"Teencode mode on: đầu tư quỹ mở 23.7củ ở ở nhà, vibe ổn",Investment,expense,1
"English boi: escape room in chợ đêm, pay 25 nghìn by scan qr",Entertainment,expense,1
"Thu nhập hôm nay: đăng ký khóa học 13tr, bắn qua scan qr",Business,income,1
"Đòi được tiền: lệ phí thi, vào tài khoản 54 ngàn, flex nhẹ",Business,income,1
"Đòi được tiền: quà handmade, vào tài khoản 18k vnđ, mlem",Business,income,1
"Đòi được tiền: mừng cưới, vào tài khoản 12 ngàn, khum",Business,income,1
"Case văn phòng: gia vị tại nhà nội, trả 20.1tr qua scan qr",Essentials,expense,1
"Thu nhập hôm nay: mua trái phiếu 12tr, bắn qua chuyển khoản",Business,income,1
nhà nội làm combo mua ETF; chốt 8989 ngàn bằng quẹt thẻ,Investment,expense,1
"Nhận tiền từ góp quỹ lớp ở chung cư: +69k đồng, về ví qua chuyển khoản",Investment,income,1
"Nay có khoản về từ để dành mua nhà, 31k chuyển khoản cái rẹt",Business,income,1
"Gia đình ở chợ đêm: quỹ du lịch tổng 69k vnđ, xử lý bằng quẹt thẻ",Savings,expense,1
"Đi ở nhà rồi mừng cưới, bay 17.4củ, cảm giác okela",Social,expense,1
nhà ngoại làm combo thanh toán nợ thẻ; chốt 303k bằng scan qr,Debt,expense,1
"English boi: wifi tháng in nhà ngoại, pay 99k by tiền mặt, hóa đơn định kỳ",Housing,expense,1
"An sang khong dau: gift card 116k vnđ tai quán cóc, tra tiền mặt",Social,expense,1
"Teencode mode on: gia vị 5tr ở nhà nội, chill",Essentials,expense,1
"Cash-in from gia sư at sảnh tòa nhà: 2673 ngàn, done by scan qr",Business,income,1
"Teencode mode on: nạp crypto 5.968 nghìn ở coworking, gấp gấp",Investment,expense,1
"Boi tien roi ne: tiết kiệm định kỳ +13.7củ, mall lunch zone",Investment,income,1
"Teencode mode on: mua balo 192k ở sảnh tòa nhà, vibe ổn",Shopping,expense,1
"Teencode mode on: karaoke 69 ngàn ở vỉa hè, okela",Entertainment,expense,1
"Nay nhà nội có vụ mua thuốc hết 27.5tr, thanh toán scan qr",Health,expense,1
"Thu nhập hôm nay: đầu tư quỹ mở 69k, bắn qua quẹt thẻ",Business,income,1
vỉa hè ơi chot keo luc toi,Business,income,0
"English boi: bảo hiểm y tế in chung cư, pay 22.9tr by tiền mặt",Health,expense,1
"English boi: góp quỹ từ thiện in khu trọ, pay 421 ngàn by banking app",Charity,expense,1
"Nay food court trung tâm thương mại có vụ chi phí linh tinh hết 33 ngàn, thanh toán banking app",Others,expense,1
"An sang khong dau: quỹ du lịch 28.3củ tai xe đẩy đầu ngõ, tra quẹt thẻ",Savings,expense,1
"Thu nhập hôm nay: lặt vặt 8391k vnđ, bắn qua scan qr",Business,income,1
"English boi: tiền nước in nhà ngoại, pay 18củ by tiền mặt",Housing,expense,1
"Thu nhập hôm nay: gửi tiết kiệm 25.8củ, bắn qua chuyển khoản",Investment,income,1
"Teencode mode on: đi pub 6878k đồng ở hẻm nhỏ, lụm",Entertainment,expense,1
"An sang khong dau: mua rau 772k đồng tai khu trọ, tra quẹt thẻ",Essentials,expense,1
"Đi hẻm nhỏ rồi vé lễ hội, bay 8.7tr, cảm giác chill",Entertainment,expense,1
"Lương thưởng style genz: góp quỹ lớp +7.036k vnđ, nhận tại coworking",Salary,income,1
"Story time 2248: xe đẩy đầu ngõ sushi xong, mất 792 ngàn, mlem",Food,expense,1
xe đẩy đầu ngõ làm combo thanh toán nợ thẻ; chốt 17.6củ bằng banking app,Debt,expense,1
"Đòi được tiền: mua tài khoản học online, vào tài khoản 69 ngàn, chill",Business,income,1
"Nay có khoản về từ tiền mừng, 298k chuyển khoản cái rẹt",Business,income,1
"Nhận tiền từ nạp crypto ở sảnh tòa nhà: +8.207k, về ví qua scan qr",Investment,income,1
"làm nail ở sảnh tòa nhà, scan qr 19.4củ, hơi cấn",Beauty,expense,1
"Teencode mode on: xét nghiệm 69 ngàn ở nhà ngoại, xỉu up xỉu down",Health,expense,1
"Case văn phòng: support fee tại coworking, trả 33k qua banking app",Others,expense,1
"Cash-in from thanh toán nợ thẻ at pantry văn phòng: 4173 nghìn, done by banking app",Business,income,1
"Teencode mode on: mua vở bút 33.2củ ở mall lunch zone, hơi cấn",Education,expense,1
"Boi tien roi ne: lệ phí thi +33k, sảnh tòa nhà",Business,income,1
"Đi nhà ngoại rồi vay tạm, bay 9635 ngàn, cảm giác xỉu up xỉu down",Debt,expense,1
"Gia đình ở nhà ngoại: mua gạo tổng 404k vnđ, xử lý bằng chuyển khoản",Essentials,expense,1
"Nhận tiền từ misc payment ở food court trung tâm thương mại: +17.2củ, về ví qua scan qr",Bonus,income,1
"Boi tien roi ne: tiết kiệm định kỳ +13.1củ, mall lunch zone",Investment,income,1
"nạp crypto ở vỉa hè, chuyển khoản 15.2tr, căng phết",Investment,expense,1
"Đòi được tiền: phí nhỏ, vào tài khoản 18k đồng, xỉu up xỉu down",Business,income,1
"Nay chung cư có vụ quỹ dự phòng hết 1376k vnđ, thanh toán chuyển khoản",Savings,expense,1
"Đi hẻm nhỏ rồi be car, bay 231 nghìn, cảm giác gấp gấp",Transport,expense,1
"English boi: mừng cưới in chung cư, pay 9.227 nghìn by tiền mặt",Social,expense,1
"An sang khong dau: mua thịt 4.507k vnđ tai nhà nội, tra tiền mặt",Essentials,expense,1
"Story time 2269: food court trung tâm thương mại đăng ký khóa học xong, mất 99k, flex nhẹ",Education,expense,1
"English boi: gia vị in chung cư, pay 8238 ngàn by banking app",Essentials,expense,1
"Nay nhà nội có vụ trái cây hết 12tr, thanh toán banking app",Essentials,expense,1
"Nhận tiền từ thanh toán nợ thẻ ở nhà nội: +4751 ngàn, về ví qua quẹt thẻ",Business,income,1
"Thu nhập hôm nay: random charge 15k đồng, bắn qua tiền mặt",Business,income,1
"Thu nhập hôm nay: hoàn tiền mượn 5967k, bắn qua banking app",Business,income,1
"Cash-in from vay tạm at hẻm nhỏ: 3325k đồng, done by quẹt thẻ",Business,income,1
"Boi tien roi ne: mua sách +69 nghìn, pantry văn phòng, hóa đơn định kỳ",Business,income,1
"Gia đình ở chợ đêm: đổ xăng tổng 33.9tr, xử lý bằng tiền mặt",Transport,expense,1
"Story time 2279: ở nhà quỹ khuyến học xong, mất 11củ, khum",Charity,expense,1
"Thu nhập hôm nay: dịch vụ phát sinh 1.066 ngàn, bắn qua scan qr",Business,income,1
"English boi: mua toner in pantry văn phòng, pay 8.407 nghìn by chuyển khoản",Beauty,expense,1
"Case văn phòng: mua đèn tại nhà ngoại, trả 11.6tr qua scan qr",Housing,expense,1
xe đẩy đầu ngõ làm combo đi pub; chốt 20 ngàn bằng quẹt thẻ,Entertainment,expense,1
"mua sách ở food court trung tâm thương mại, scan qr 33k vnđ, khum, hóa đơn định kỳ",Education,expense,1
"An sang khong dau: hoàn tiền mượn 14củ tai ở nhà, tra banking app",Debt,expense,1
"Đi pantry văn phòng rồi skincare set, bay 9.355k đồng, cảm giác mlem",Beauty,expense,1
"An sang khong dau: phở gà 419k tai xe đẩy đầu ngõ, tra chuyển khoản",Food,expense,1
"Nay có khoản về từ gửi phong bì, 873 nghìn chuyển khoản cái rẹt",Business,income,1
"Teencode mode on: trả nợ 4960k ở nhà ngoại, flex nhẹ",Debt,expense,1
"nạp crypto ở quán cóc, scan qr 34.5tr, gấp gấp",Investment,expense,1
"di choi khong ne, gặp ở coworking",Business,income,0
"An sang khong dau: mua gạo 655 nghìn tai ở nhà, tra banking app",Essentials,expense,1
"Story time 2293: coworking mua ốp lưng xong, mất 110k, flex nhẹ",Shopping,expense,1
"trái cây ở nhà nội, quẹt thẻ 34.1củ, lụm",Essentials,expense,1
"Cash-in from nạp crypto at hẻm nhỏ: 5841k vnđ, done by tiền mặt",Investment,income,1
"Case văn phòng: thuê xe tại hẻm nhỏ, trả 25tr qua banking app",Transport,expense,1
"Thu nhập hôm nay: mua ETF 12.5tr, bắn qua chuyển khoản",Business,income,1
"English boi: wax in sảnh tòa nhà, pay 12 ngàn by scan qr",Beauty,expense,1
"Thu nhập hôm nay: trả nợ ngân hàng 549k, bắn qua tiền mặt",Business,income,1
"An sang khong dau: đi spa 4210 nghìn tai mall lunch zone, tra tiền mặt",Entertainment,expense,1
"Đòi được tiền: workshop, vào tài khoản 959 nghìn, vibe ổn, hóa đơn định kỳ",Business,income,1
"Case văn phòng: quỹ khẩn cấp tại sảnh tòa nhà, trả 88 ngàn qua quẹt thẻ",Savings,expense,1
"Story time 2303: ở nhà sửa máy lạnh xong, mất 15 ngàn, căng phết",Housing,expense,1
"cho em xin slot voi, gặp ở xe đẩy đầu ngõ",Business,income,0
"An sang khong dau: đòi nợ 24tr tai mall lunch zone, tra tiền mặt",Debt,expense,1
"Teencode mode on: escape room 4.1tr ở xe đẩy đầu ngõ, xỉu up xỉu down",Entertainment,expense,1
"An sang khong dau: phở gà 11.2củ tai hẻm nhỏ, tra tiền mặt",Food,expense,1
"chot keo luc toi, gặp ở vỉa hè",Business,income,0
"Boi tien roi ne: trả góp +6357 nghìn, chung cư",Business,income,1
"Đi mall lunch zone rồi mua áo, bay 29tr, cảm giác lụm, order trên Lazada",Shopping,expense,1
"Boi tien roi ne: nạp margin +33k vnđ, vỉa hè",Business,income,1
"Nay có khoản về từ random charge, 13củ chuyển khoản cái rẹt",Business,income,1
"Nay có khoản về từ phí nhỏ, 6.482k vnđ chuyển khoản cái rẹt",Business,income,1
"pantry văn phòng làm combo mua balo; chốt 7726k bằng tiền mặt, order trên Shopee",Shopping,expense,1
nạp game 21.7củ,Entertainment,expense,1
cho xin review nhe,Business,income,0
mua sách 1.1tr,Education,expense,1
phở gà 7.7tr,Food,expense,1
gà rán combo 5480k,Food,expense,1
be car 45k đồng,Transport,expense,1
tiền mua vàng 88 nghìn,Investment,income,1
thay nhớt 668k đồng,Transport,expense,1
tiền mua sách +88k đồng,Business,income,1
góp quỹ lớp 29.8củ,Social,expense,1
khác 25k vnđ,Others,expense,1
trả nợ 19.7củ,Debt,expense,1
đồ pet 20k đồng,Essentials,expense,1
gặp,Business,income,0
để dành mua nhà 12k,Savings,expense,1
lệ phí thi 18 ngàn,Education,expense,1
trả nợ ngân hàng 12k,Debt,expense,1
đi pub 8 nghìn,Entertainment,expense,1
tiền mua ETF 93k đồng,Business,income,1
nha co ai onl hem,Business,income,0
mừng cưới 14.9củ,Social,expense,1
mua tài liệu 10củ,Education,expense,1
tiền hùn vốn 25 ngàn,Business,income,1
gift card 17.1củ,Social,expense,1
tiền mua quà sinh nhật 410k,Business,income,1
mua toner 941 nghìn,Beauty,expense,1
mua thịt 902 nghìn,Essentials,expense,1
đi spa 4756k,Entertainment,expense,1
gửi xe 25k đồng,Transport,expense,1
lệ phí thi 605 nghìn,Education,expense,1
gia sư 12k đồng,Education,expense,1
mai tinh tiep nha,Business,income,0
quỹ khuyến học 502 nghìn,Charity,expense,1
tiết kiệm định kỳ 69 ngàn,Savings,expense,1
be car 4671k,Transport,expense,1
mua sách 99k vnđ,Education,expense,1
chot keo luc toi,Business,income,0
tiền lệ phí thi +88k vnđ,Business,income,1
nha co ai onl hem,Business,income,0
trà sữa 15 ngàn,Food,expense,1
tiền misc payment 5476k đồng,Business,income,1
gia vị 729k vnđ,Essentials,expense,1
gia vị 99k vnđ,Essentials,expense,1
thuê xe 10.1tr,Transport,expense,1
mua trái phiếu 15 ngàn,Investment,expense,1
cơm tấm 177 ngàn,Food,expense,1
mua tai nghe 2.727k,Shopping,expense,1
tiền quỹ khẩn cấp 5.745k,Business,income,1
transaction fee 34.7tr,Others,expense,1
tiền mua hoa +900k đồng,Business,income,1
wax 545k,Beauty,expense,1
trà sữa 99k,Food,expense,1
gia sư 3443 ngàn,Education,expense,1
wifi tháng 628 nghìn,Housing,expense,1
tiền misc payment 6.3tr,Business,income,1
quỹ khuyến học 3.717k,Charity,expense,1
mua thuốc 8.823 nghìn,Health,expense,1
chot keo luc toi,Business,income,0
mua sách 17.2củ,Education,expense,1
gửi phong bì 23tr,Bonus,income,1
sửa máy lạnh 18k,Housing,expense,1
đồ ăn dự trữ 254k đồng,Essentials,expense,1
xem phim 88 nghìn,Entertainment,expense,1
grab bike 99k vnđ,Transport,expense,1
nạp margin 18k,Investment,expense,1
mua tài khoản học online 12k,Education,expense,1
mua tai nghe 572 ngàn,Shopping,expense,1
siêu thị tuần 25k,Essentials,expense,1
đi spa 2.6tr,Entertainment,expense,1
tiền tiệc bạn bè +12k vnđ,Business,income,1
gift card 447k đồng,Social,expense,1
hùn vốn 389 nghìn,Investment,expense,1
thu hồi khoản vay 19tr,Debt,expense,1
thay nhớt 15k,Transport,expense,1
tiền mua vàng +1.148 nghìn,Investment,income,1
mua tài khoản học online 985k đồng,Education,expense,1
skincare set 2.425 nghìn,Beauty,expense,1
thay nhớt 20củ,Transport,expense,1
mua tai nghe 687k,Shopping,expense,1
misc payment 172 nghìn,Others,expense,1
"Case văn phòng: sửa ống nước tại chung cư, trả 1441 nghìn qua banking app",Housing,expense,1
"English boi: đi pub in xe đẩy đầu ngõ, pay 2củ by banking app",Entertainment,expense,1
"Gia đình ở ở nhà: mua thuốc tổng 5.316 ngàn, xử lý bằng scan qr",Health,expense,1
"Thu nhập hôm nay: random charge 1.297 nghìn, bắn qua scan qr",Business,income,1
"di choi khong ne, mlem",Business,income,0
"English boi: tiền mừng in pantry văn phòng, pay 26củ by scan qr",Social,expense,1
"Gia đình ở hẻm nhỏ: chi phí linh tinh tổng 657k vnđ, xử lý bằng scan qr",Others,expense,1
"An sang khong dau: chi phí linh tinh 99k tai coworking, tra banking app",Others,expense,1
cho xin review nhe #2410,Business,income,0
"Cash-in from gửi tiết kiệm at nhà nội: 15 nghìn, done by chuyển khoản",Investment,income,1
"mua nhu yếu phẩm tặng ở nhà ngoại, quẹt thẻ 34.8củ, okela",Charity,expense,1
"English boi: xem phim in xe đẩy đầu ngõ, pay 12 nghìn by chuyển khoản",Entertainment,expense,1
"Nhận tiền từ tiết kiệm định kỳ ở pantry văn phòng: +4.836k vnđ, về ví qua banking app",Investment,income,1
"Nhận tiền từ mua hoa ở nhà ngoại: +10k, về ví qua quẹt thẻ",Business,income,1
"English boi: mua gạo in ở nhà, pay 8452k đồng by quẹt thẻ",Essentials,expense,1
"An sang khong dau: wifi tháng 6.9củ tai khu trọ, tra chuyển khoản",Housing,expense,1
"Teencode mode on: mua thuốc 32.8tr ở nhà ngoại, gấp gấp",Health,expense,1
nhà nội làm combo viện phí; chốt 622 nghìn bằng tiền mặt,Health,expense,1
"Boi tien roi ne: đăng ký khóa học +1.695 ngàn, sảnh tòa nhà, hóa đơn định kỳ",Business,income,1
"Đi coworking rồi mua ốp lưng, bay 45k đồng, cảm giác flex nhẹ",Shopping,expense,1
"An sang khong dau: gửi tiết kiệm 4.229k đồng tai mall lunch zone, tra quẹt thẻ",Savings,expense,1
"English boi: trà sữa in quán cóc, pay 370 nghìn by banking app",Food,expense,1
"Thu nhập hôm nay: bỏ heo 4.941k đồng, bắn qua scan qr",Business,income,1
"Story time 2426: chợ đêm nạp crypto xong, mất 14.6tr, gấp gấp",Investment,expense,1
"An sang khong dau: quỹ dự phòng 27củ tai mall lunch zone, tra scan qr",Savings,expense,1
"skincare set ở pantry văn phòng, banking app 16.7củ, mlem",Beauty,expense,1
"Case văn phòng: escape room tại hẻm nhỏ, trả 2309k vnđ qua quẹt thẻ",Entertainment,expense,1
"English boi: góp quỹ từ thiện in ở nhà, pay 745 ngàn by chuyển khoản",Charity,expense,1
"An sang khong dau: đổ xăng 838 ngàn tai chợ đêm, tra quẹt thẻ",Transport,expense,1
"Case văn phòng: góp quỹ lớp tại hẻm nhỏ, trả 328 ngàn qua scan qr",Social,expense,1
"Thu nhập hôm nay: gửi phong bì 12k vnđ, bắn qua banking app",Business,income,1
"Lương thưởng style genz: trả nợ ngân hàng +413k đồng, nhận tại nhà ngoại",Salary,income,1
"Case văn phòng: gia sư tại coworking, trả 9002 ngàn qua scan qr",Education,expense,1
"Teencode mode on: wifi tháng 399 nghìn ở khu trọ, vibe ổn",Housing,expense,1
"English boi: ủng hộ y tế in ở nhà, pay 4.035 ngàn by scan qr",Charity,expense,1
"Teencode mode on: mua quần 34củ ở coworking, căng phết",Shopping,expense,1
"Lương thưởng style genz: thanh toán nợ thẻ +115k vnđ, nhận tại sảnh tòa nhà",Salary,income,1
"app nay lag qua troi, gặp ở hẻm nhỏ",Business,income,0
"Nay có khoản về từ mua vàng, 3.750k đồng chuyển khoản cái rẹt",Investment,income,1
pantry văn phòng làm combo bỏ heo; chốt 12k đồng bằng tiền mặt,Savings,expense,1
"Nay mall lunch zone có vụ mua trái phiếu hết 33k đồng, thanh toán chuyển khoản",Investment,expense,1
"Đi mall lunch zone rồi mua tai nghe, bay 21củ, cảm giác okela, order trên Lazada",Shopping,expense,1
chợ đêm làm combo escape room; chốt 605 ngàn bằng tiền mặt,Entertainment,expense,1
"Story time 2450: nhà nội tiền điện xong, mất 18 ngàn, chill",Housing,expense,1
"Đi food court trung tâm thương mại rồi mua serum, bay 8.444k đồng, cảm giác lụm",Beauty,expense,1
"Case văn phòng: mua quần tại coworking, trả 5767 nghìn qua tiền mặt",Shopping,expense,1
"Boi tien roi ne: mua vàng +2.1củ, coworking",Investment,income,1
"Thu nhập hôm nay: transaction fee 727k, bắn qua banking app",Business,income,1
xe đẩy đầu ngõ làm combo nạp game; chốt 757k vnđ bằng quẹt thẻ,Entertainment,expense,1
"Boi tien roi ne: tiền mừng +12 nghìn, vỉa hè",Business,income,1
"Gia đình ở chợ đêm: hùn vốn tổng 17.6tr, xử lý bằng tiền mặt",Investment,expense,1
"off 1 bua nha team, mlem",Business,income,0
"Đòi được tiền: quỹ khẩn cấp, vào tài khoản 69 nghìn, okela",Business,income,1
"Nay hẻm nhỏ có vụ hùn vốn hết 7423k, thanh toán quẹt thẻ",Investment,expense,1
"Đòi được tiền: gia sư, vào tài khoản 30tr, gấp gấp",Business,income,1
"Thu nhập hôm nay: support fee 726k, bắn qua banking app",Business,income,1
"Nay có khoản về từ gửi phong bì, 8648 ngàn chuyển khoản cái rẹt",Business,income,1
"English boi: đầu tư quỹ mở in food court trung tâm thương mại, pay 88 ngàn by banking app",Investment,expense,1
"An sang khong dau: wifi tháng 69 nghìn tai khu trọ, tra quẹt thẻ, order trên Lazada",Housing,expense,1
"viện phí ở nhà ngoại, chuyển khoản 88k, chill",Health,expense,1
"An sang khong dau: ủng hộ bão lũ 702k tai quán cóc, tra quẹt thẻ",Charity,expense,1
sảnh tòa nhà làm combo mua tài liệu; chốt 7.039k đồng bằng scan qr,Education,expense,1
"Teencode mode on: vé lễ hội 33củ ở quán cóc, mlem",Entertainment,expense,1
"Nay food court trung tâm thương mại có vụ wax hết 3.014k đồng, thanh toán chuyển khoản",Beauty,expense,1
"Story time 2471: chợ đêm hoàn tiền mượn xong, mất 13.5củ, okela",Debt,expense,1
"Story time 2472: ở nhà mua rau xong, mất 100k đồng, mlem",Essentials,expense,1
"Case văn phòng: mua trái phiếu tại chợ đêm, trả 7.891k đồng qua tiền mặt",Investment,expense,1
"An sang khong dau: khám mắt 45 nghìn tai ở nhà, tra quẹt thẻ",Health,expense,1
"Đi food court trung tâm thương mại rồi mua đồ tech, bay 3019k vnđ, cảm giác okela",Shopping,expense,1
"Story time 2476: ở nhà tiền thuê nhà xong, mất 25 ngàn, flex nhẹ, hóa đơn định kỳ",Housing,expense,1
"Nay có khoản về từ mua vở bút, 69k chuyển khoản cái rẹt",Business,income,1
"Đi coworking rồi wax, bay 1.177 ngàn, cảm giác xỉu up xỉu down",Beauty,expense,1
"Case văn phòng: mua quà sinh nhật tại chung cư, trả 48 ngàn qua quẹt thẻ",Social,expense,1
"bảo hiểm y tế ở chung cư, scan qr 5.161 ngàn, hơi cấn",Health,expense,1
"Thu nhập hôm nay: đầu tư đất nền 558k vnđ, bắn qua scan qr",Business,income,1
"Đi hẻm nhỏ rồi cơm tấm, bay 99 ngàn, cảm giác chill",Food,expense,1
"Nay vỉa hè có vụ nạp margin hết 9090 nghìn, thanh toán tiền mặt",Investment,expense,1
"mua chăn ấm ở sảnh tòa nhà, chuyển khoản 15k, chill",Charity,expense,1
"đầu tư đất nền ở sảnh tòa nhà, banking app 20 ngàn, hơi cấn",Investment,expense,1
"English boi: trip cuối tuần in hẻm nhỏ, pay 30.8tr by tiền mặt",Entertainment,expense,1
"Teencode mode on: lệ phí thi 25tr ở pantry văn phòng, chill",Education,expense,1
"Nhận tiền từ tiệc bạn bè ở chung cư: +99 ngàn, về ví qua tiền mặt",Business,income,1
"Teencode mode on: đi spa 35.5tr ở food court trung tâm thương mại, xỉu up xỉu down",Entertainment,expense,1
"Teencode mode on: quyên góp 18 nghìn ở vỉa hè, lụm",Charity,expense,1
"English boi: karaoke in hẻm nhỏ, pay 12k đồng by quẹt thẻ",Entertainment,expense,1
"Nhận tiền từ mua hoa ở sảnh tòa nhà: +33k vnđ, về ví qua quẹt thẻ",Business,income,1
"English boi: mua phụ kiện in pantry văn phòng, pay 14.7củ by chuyển khoản",Shopping,expense,1
"Nhận tiền từ tiết kiệm học phí ở sảnh tòa nhà: +367k vnđ, về ví qua banking app",Investment,income,1
"săn sale ở mall lunch zone, quẹt thẻ 790 ngàn, hơi cấn, order trên Shopee",Shopping,expense,1
"gift card ở food court trung tâm thương mại, banking app 3.2củ, căng phết",Social,expense,1
"Teencode mode on: mua balo 33 ngàn ở mall lunch zone, chill, order trên Lazada",Shopping,expense,1
"Nay có khoản về từ để dành mua nhà, 69 nghìn chuyển khoản cái rẹt",Business,income,1
"Đi nhà nội rồi mua ETF, bay 174k, cảm giác căng phết",Investment,expense,1
"mua ốp lưng ở coworking, banking app 6699k vnđ, gấp gấp, order trên Shopee",Shopping,expense,1
"Nay xe đẩy đầu ngõ có vụ phở gà hết 39 ngàn, thanh toán banking app",Food,expense,1
"English boi: mua ETF in nhà nội, pay 99 ngàn by chuyển khoản",Investment,expense,1
"Nhận tiền từ lệ phí thi ở sảnh tòa nhà: +8314k đồng, về ví qua quẹt thẻ, hóa đơn định kỳ",Business,income,1
"An sang khong dau: mua tài liệu 2.042k tai mall lunch zone, tra scan qr",Education,expense,1
"Đòi được tiền: tiền mừng, vào tài khoản 8.838k đồng, gấp gấp",Business,income,1
chung cư làm combo khám mắt; chốt 45 ngàn bằng banking app,Health,expense,1
"hom nay troi oi la troi, chill",Business,income,0
"English boi: gia sư in sảnh tòa nhà, pay 7.471k đồng by chuyển khoản, hóa đơn định kỳ",Education,expense,1
"Nay khu trọ có vụ đồ pet hết 12k đồng, thanh toán chuyển khoản",Essentials,expense,1
"Case văn phòng: gửi phong bì tại khu trọ, trả 25củ qua quẹt thẻ",Social,expense,1
"Gia đình ở ở nhà: mua thịt tổng 679 ngàn, xử lý bằng tiền mặt",Essentials,expense,1
"Lương thưởng style genz: thu hồi tiền cọc +28.8tr, nhận tại vỉa hè",Salary,income,1
"Đi nhà nội rồi khám nha, bay 23tr, cảm giác gấp gấp",Health,expense,1
"Teencode mode on: xét nghiệm 9.576 nghìn ở ở nhà, chill",Health,expense,1
"Đòi được tiền: góp quỹ lớp, vào tài khoản 591k vnđ, lụm",Business,income,1
"Nhận tiền từ mua ETF ở mall lunch zone: +25 ngàn, về ví qua banking app",Business,income,1
cmt giup tui cai #2519,Business,income,0
xong viec ping toi #2520,Business,income,0
"Đi nhà nội rồi mua ETF, bay 18 nghìn, cảm giác gấp gấp",Investment,expense,1
"Cash-in from mừng cưới at nhà ngoại: 7291 ngàn, done by tiền mặt",Business,income,1
"Cash-in from quỹ dự phòng at mall lunch zone: 2201 ngàn, done by scan qr",Business,income,1
"An sang khong dau: wax 45 ngàn tai sảnh tòa nhà, tra chuyển khoản",Beauty,expense,1
quán cóc ơi xong viec ping toi,Business,income,0
"bún bò ở hẻm nhỏ, quẹt thẻ 28củ, lụm",Food,expense,1
"Lương thưởng style genz: tiền mừng +554 nghìn, nhận tại chợ đêm",Salary,income,1
"Cash-in from quỹ dự phòng at food court trung tâm thương mại: 662k đồng, done by scan qr",Bonus,income,1
"Case văn phòng: săn sale tại food court trung tâm thương mại, trả 9.544k vnđ qua scan qr",Shopping,expense,1
"English boi: gift card in vỉa hè, pay 715k đồng by scan qr",Social,expense,1
chợ đêm làm combo mua hoa; chốt 7.274k đồng bằng chuyển khoản,Social,expense,1
"An sang khong dau: ủng hộ y tế 6383k tai ở nhà, tra quẹt thẻ",Charity,expense,1
"Case văn phòng: mua ETF tại khu trọ, trả 69 nghìn qua quẹt thẻ",Investment,expense,1
"Thu nhập hôm nay: transaction fee 619 ngàn, bắn qua banking app",Business,income,1
"Story time 2536: quán cóc đổ xăng xong, mất 12k, chill, 2 lít",Transport,expense,1
"Teencode mode on: mua đồ tech 21.8tr ở sảnh tòa nhà, okela",Shopping,expense,1
"Thu nhập hôm nay: mừng cưới 8316k, bắn qua scan qr",Business,income,1
"Teencode mode on: mua gạo 721k vnđ ở ở nhà, khum",Essentials,expense,1
"Thu nhập hôm nay: tiền mừng 27củ, bắn qua quẹt thẻ",Business,income,1
"Nay có khoản về từ tiết kiệm học phí, 12k đồng chuyển khoản cái rẹt",Investment,income,1
"An sang khong dau: mua cổ phiếu 72k vnđ tai nhà nội, tra quẹt thẻ",Investment,expense,1
"Nhận tiền từ misc payment ở quán cóc: +25k đồng, về ví qua chuyển khoản",Business,income,1
"Cash-in from góp quỹ lớp at sảnh tòa nhà: 28.6củ, done by scan qr",Business,income,1
"Gia đình ở hẻm nhỏ: mua cổ phiếu tổng 15k vnđ, xử lý bằng tiền mặt",Investment,expense,1
"Gia đình ở coworking: nhuộm tóc tổng 18 nghìn, xử lý bằng scan qr",Beauty,expense,1
"An sang khong dau: ship hàng 7.091 nghìn tai vỉa hè, tra banking app",Transport,expense,1
"Gia đình ở mall lunch zone: thu hồi tiền cọc tổng 7tr, xử lý bằng tiền mặt",Debt,expense,1
"Nay sảnh tòa nhà có vụ wax hết 6củ, thanh toán scan qr",Beauty,expense,1
"Nhận tiền từ mua cổ phiếu ở hẻm nhỏ: +24.6tr, về ví qua scan qr",Business,income,1
"food court trung tâm thương mại làm combo mua phụ kiện; chốt 16.2tr bằng tiền mặt, order trên Lazada",Shopping,expense,1
"Story time 2552: mall lunch zone lệ phí thi xong, mất 276k vnđ, vibe ổn",Education,expense,1
"du lịch ngắn ngày ở xe đẩy đầu ngõ, scan qr 5301k đồng, lụm",Entertainment,expense,1
"Đi chung cư rồi mua đèn, bay 15.7tr, cảm giác mlem, order trên Shopee, hóa đơn định kỳ",Housing,expense,1
"Story time 2555: sảnh tòa nhà nhuộm tóc xong, mất 93k vnđ, khum",Beauty,expense,1
"tiết kiệm định kỳ ở vỉa hè, banking app 510 nghìn, chill",Savings,expense,1
"Đi nhà nội rồi mua đèn, bay 17.5củ, cảm giác căng phết, hóa đơn định kỳ",Housing,expense,1
mall lunch zone làm combo mua ốp lưng; chốt 5114k đồng bằng tiền mặt,Shopping,expense,1
"Nay ở nhà có vụ mua thuốc hết 5.490 nghìn, thanh toán scan qr",Health,expense,1
"Teencode mode on: gửi xe 9.127k ở vỉa hè, chill, 10 lít",Transport,expense,1
"Đòi được tiền: nạp crypto, vào tài khoản 88k đồng, gấp gấp",Investment,income,1
"Boi tien roi ne: support fee +69 nghìn, vỉa hè",Business,income,1
"Case văn phòng: hoàn tiền mượn tại xe đẩy đầu ngõ, trả 12k qua banking app",Debt,expense,1
"Story time 2564: sảnh tòa nhà gội dưỡng sinh xong, mất 6760k vnđ, căng phết",Beauty,expense,1
"Cash-in from misc payment at nhà nội: 52 nghìn, done by banking app",Business,income,1
"Thu nhập hôm nay: random charge 771 nghìn, bắn qua tiền mặt",Business,income,1
"Đòi được tiền: hoàn tiền mượn, vào tài khoản 9.783 nghìn, vibe ổn",Business,income,1
"Thu nhập hôm nay: khác 25 ngàn, bắn qua banking app",Business,income,1
"Gia đình ở chợ đêm: bún bò tổng 8.046k vnđ, xử lý bằng chuyển khoản",Food,expense,1
"English boi: khám tổng quát in nhà ngoại, pay 25 ngàn by chuyển khoản",Health,expense,1
"Nay có khoản về từ vay tạm, 30tr chuyển khoản cái rẹt",Business,income,1
"Boi tien roi ne: tiết kiệm định kỳ +33.2tr, pantry văn phòng",Investment,income,1
"Nay có khoản về từ đòi nợ, 3319k chuyển khoản cái rẹt",Business,income,1
"Nhận tiền từ trả nợ ngân hàng ở nhà ngoại: +4465 nghìn, về ví qua quẹt thẻ",Business,income,1
"mua vàng ở coworking, tiền mặt 33k, chill",Investment,expense,1
"Nay ở nhà có vụ vitamin hết 2.236 nghìn, thanh toán chuyển khoản",Health,expense,1
"Nay có khoản về từ trả nợ, 3.943 nghìn chuyển khoản cái rẹt",Business,income,1
"Thu nhập hôm nay: thanh toán nợ thẻ 1095 nghìn, bắn qua quẹt thẻ",Business,income,1
"Thu nhập hôm nay: quà handmade 31củ, bắn qua banking app",Business,income,1
"English boi: quỹ khuyến học in vỉa hè, pay 518 nghìn by chuyển khoản",Charity,expense,1
"Nay sảnh tòa nhà có vụ mua tài liệu hết 579k đồng, thanh toán quẹt thẻ",Education,expense,1
"Boi tien roi ne: support fee +12k, quán cóc",Business,income,1
"Teencode mode on: mua đồ gia dụng 99k vnđ ở ở nhà, khum, hóa đơn định kỳ",Housing,expense,1
"English boi: thu hồi tiền cọc in nhà ngoại, pay 684k by quẹt thẻ",Debt,expense,1
"Gia đình ở nhà nội: sửa ống nước tổng 18tr, xử lý bằng quẹt thẻ",Housing,expense,1
"Story time 2587: quán cóc phở gà xong, mất 41k đồng, chill",Food,expense,1
"Teencode mode on: nạp crypto 69k ở coworking, okela",Investment,expense,1
"Cash-in from tiền mừng at sảnh tòa nhà: 1204k vnđ, done by banking app",Business,income,1
"English boi: phí cầu đường in chợ đêm, pay 490k by banking app",Transport,expense,1
"Lương thưởng style genz: vay tạm +7683 ngàn, nhận tại quán cóc",Salary,income,1
"Boi tien roi ne: đòi nợ +351k, mall lunch zone",Business,income,1
"Teencode mode on: mua kem chống nắng 24củ ở coworking, hơi cấn",Beauty,expense,1
"Gia đình ở khu trọ: tiêm ngừa tổng 35tr, xử lý bằng tiền mặt",Health,expense,1
"English boi: mua vàng in vỉa hè, pay 31.2tr by banking app",Investment,expense,1
"Nay ở nhà có vụ góp quỹ từ thiện hết 69k, thanh toán chuyển khoản",Charity,expense,1
"An sang khong dau: sushi 4.601 ngàn tai chợ đêm, tra banking app",Food,expense,1
"Boi tien roi ne: gift card +34củ, hẻm nhỏ",Business,income,1
"Case văn phòng: dịch vụ phát sinh tại pantry văn phòng, trả 920 ngàn qua tiền mặt",Others,expense,1
"Nhận tiền từ quỹ dự phòng ở sảnh tòa nhà: +375 nghìn, về ví qua scan qr",Business,income,1
"An sang khong dau: mua gạo 755 ngàn tai ở nhà, tra quẹt thẻ",Essentials,expense,1
"Teencode mode on: trả nợ 17củ ở nhà nội, vibe ổn",Debt,expense,1
"Đòi được tiền: mua vàng, vào tài khoản 2.618k, chill",Investment,income,1
food court trung tâm thương mại làm combo góp quỹ lớp; chốt 4.8tr bằng tiền mặt,Social,expense,1
"bánh mì ở vỉa hè, quẹt thẻ 35.8củ, hơi cấn",Food,expense,1
"Story time 2606: nhà ngoại mua quà sinh nhật xong, mất 12k vnđ, flex nhẹ",Social,expense,1
"Nhận tiền từ mừng cưới ở nhà nội: +22tr, về ví qua scan qr",Business,income,1
"Đòi được tiền: nạp crypto, vào tài khoản 939 ngàn, vibe ổn",Investment,income,1
quán cóc làm combo mừng cưới; chốt 24.2tr bằng banking app,Social,expense,1
"wifi tháng ở nhà nội, banking app 443k, mlem, order trên Tiki",Housing,expense,1
hom nay troi oi la troi #2611,Business,income,0
"Case văn phòng: cơm tấm tại vỉa hè, trả 7883k đồng qua quẹt thẻ",Food,expense,1
"English boi: đăng ký khóa học in pantry văn phòng, pay 283 ngàn by scan qr",Education,expense,1
"Lương thưởng style genz: thu hồi khoản vay +527 nghìn, nhận tại nhà ngoại",Salary,income,1
"English boi: tiết kiệm online in nhà ngoại, pay 1.255k by quẹt thẻ",Savings,expense,1
"Lương thưởng style genz: mua vở bút +10.1tr, nhận tại pantry văn phòng, hóa đơn định kỳ",Salary,income,1
"Đi hẻm nhỏ rồi ship hàng, bay 5củ, cảm giác xỉu up xỉu down",Transport,expense,1
"Nhận tiền từ mua tài khoản học online ở food court trung tâm thương mại: +99k, về ví qua quẹt thẻ",Bonus,income,1
xe đẩy đầu ngõ ơi off 1 bua nha team,Business,income,0
"Case văn phòng: mua quà sinh nhật tại xe đẩy đầu ngõ, trả 31.1củ qua quẹt thẻ",Social,expense,1
"Story time 2621: nhà ngoại đồ pet xong, mất 317k vnđ, vibe ổn",Essentials,expense,1
mall lunch zone làm combo mua cổ phiếu; chốt 2867 ngàn bằng tiền mặt,Investment,expense,1
"Đòi được tiền: bỏ heo, vào tài khoản 443 ngàn, khum",Business,income,1
"Thu nhập hôm nay: góp quỹ lớp 84k đồng, bắn qua banking app",Business,income,1
chợ đêm làm combo vé lễ hội; chốt 12 ngàn bằng quẹt thẻ,Entertainment,expense,1
khu trọ ơi app nay lag qua troi,Business,income,0
"thuê xe ở hẻm nhỏ, quẹt thẻ 25củ, lụm",Transport,expense,1
"Story time 2628: vỉa hè thanh toán nợ thẻ xong, mất 194k, khum",Debt,expense,1
"An sang khong dau: tiết kiệm online 686 ngàn tai nhà ngoại, tra chuyển khoản",Savings,expense,1
"Story time 2630: mall lunch zone nhuộm tóc xong, mất 8.396k đồng, okela",Beauty,expense,1
"Story time 2631: nhà nội tiêm ngừa xong, mất 8273 ngàn, gấp gấp",Health,expense,1
"Gia đình ở nhà nội: đồ pet tổng 69k đồng, xử lý bằng scan qr",Essentials,expense,1
"Cash-in from tiết kiệm online at xe đẩy đầu ngõ: 20tr, done by banking app",Investment,income,1
"English boi: ủng hộ in hẻm nhỏ, pay 15.9tr by chuyển khoản",Charity,expense,1
"Story time 2635: chợ đêm lẩu mini xong, mất 12 ngàn, khum",Food,expense,1
"Lương thưởng style genz: trả góp +9401k vnđ, nhận tại food court trung tâm thương mại",Salary,income,1
"mua thuốc ở nhà ngoại, chuyển khoản 7củ, khum",Health,expense,1
"Đi pantry văn phòng rồi mua ốp lưng, bay 2430k, cảm giác chill, order trên Shopee",Shopping,expense,1
"quyên góp ở chung cư, tiền mặt 669k vnđ, lụm",Charity,expense,1
"English boi: mua thuốc in nhà ngoại, pay 25 ngàn by banking app",Health,expense,1
"English boi: khám tổng quát in nhà ngoại, pay 18 nghìn by chuyển khoản",Health,expense,1
"An sang khong dau: gửi phong bì 20k tai khu trọ, tra scan qr",Social,expense,1
"An sang khong dau: gia vị 6307k tai ở nhà, tra chuyển khoản",Essentials,expense,1
"Nay mall lunch zone có vụ quyên góp hết 7k vnđ, thanh toán scan qr",Charity,expense,1
"English boi: gửi tiết kiệm in xe đẩy đầu ngõ, pay 1.495k đồng by quẹt thẻ",Savings,expense,1
"Story time 2646: xe đẩy đầu ngõ tiết kiệm định kỳ xong, mất 8532k vnđ, vibe ổn",Savings,expense,1
"Thu nhập hôm nay: random charge 33củ, bắn qua scan qr",Business,income,1
"An sang khong dau: mua gạo 5.9củ tai chung cư, tra scan qr",Essentials,expense,1
"Teencode mode on: mua cổ phiếu 23tr ở hẻm nhỏ, xỉu up xỉu down",Investment,expense,1
"An sang khong dau: tiền thuê nhà 12 nghìn tai khu trọ, tra tiền mặt, hóa đơn định kỳ",Housing,expense,1
"góp quỹ lớp ở nhà ngoại, banking app 927 nghìn, gấp gấp",Social,expense,1
"gội dưỡng sinh ở mall lunch zone, chuyển khoản 33tr, gấp gấp",Beauty,expense,1
"Thu nhập hôm nay: mua tài liệu 23.8củ, bắn qua chuyển khoản",Business,income,1
"Boi tien roi ne: gửi tiết kiệm +18.4củ, xe đẩy đầu ngõ",Investment,income,1
"Teencode mode on: sushi 355k vnđ ở quán cóc, hơi cấn",Food,expense,1
"Nay xe đẩy đầu ngõ có vụ trip cuối tuần hết 12k, thanh toán scan qr",Entertainment,expense,1
"An sang khong dau: nạp crypto 88 nghìn tai khu trọ, tra tiền mặt",Investment,expense,1
xe đẩy đầu ngõ làm combo ship hàng; chốt 33 nghìn bằng scan qr,Transport,expense,1
"Story time 2659: ở nhà gia vị xong, mất 3.171 ngàn, gấp gấp",Essentials,expense,1
"Đi quán cóc rồi tiền mừng, bay 25k đồng, cảm giác chill",Social,expense,1
"mua thuốc ở khu trọ, banking app 22tr, xỉu up xỉu down",Health,expense,1
"Đi khu trọ rồi mua rau, bay 20 nghìn, cảm giác mlem",Essentials,expense,1
"Boi tien roi ne: mua tài khoản học online +9526 ngàn, pantry văn phòng",Business,income,1
"Thu nhập hôm nay: mua tài khoản học online 6.754 ngàn, bắn qua banking app",Business,income,1
"Teencode mode on: khám nha 16.7tr ở nhà nội, flex nhẹ",Health,expense,1
"Đòi được tiền: đầu tư đất nền, vào tài khoản 33 ngàn, lụm",Business,income,1
"Đi coworking rồi mua tai nghe, bay 33k vnđ, cảm giác okela, order trên Lazada",Shopping,expense,1
"Teencode mode on: quỹ khuyến học 5tr ở mall lunch zone, mlem",Charity,expense,1
"tiền thuê nhà ở ở nhà, banking app 8củ, okela",Housing,expense,1
nhà ngoại làm combo đồ ăn dự trữ; chốt 99 nghìn bằng banking app,Essentials,expense,1
"Gia đình ở sảnh tòa nhà: mua đồ tech tổng 45 nghìn, xử lý bằng tiền mặt",Shopping,expense,1
"Đòi được tiền: góp quỹ lớp, vào tài khoản 99 nghìn, gấp gấp",Business,income,1
"app nay lag qua troi, vibe ổn",Business,income,0
"khác ở mall lunch zone, tiền mặt 23.4tr, hơi cấn",Others,expense,1
"Nay có khoản về từ đòi nợ, 5735k đồng chuyển khoản cái rẹt",Business,income,1
"Story time 2677: nhà ngoại trái cây xong, mất 25k đồng, hơi cấn",Essentials,expense,1
"Teencode mode on: quyên góp 983k ở coworking, xỉu up xỉu down",Charity,expense,1
"Boi tien roi ne: support fee +234 ngàn, pantry văn phòng",Business,income,1
"Teencode mode on: gửi xe 25 nghìn ở xe đẩy đầu ngõ, mlem, 1 lít",Transport,expense,1
"Nay xe đẩy đầu ngõ có vụ quà handmade hết 25k vnđ, thanh toán banking app",Social,expense,1
"Boi tien roi ne: quỹ dự phòng +953 ngàn, sảnh tòa nhà",Business,income,1
"Teencode mode on: bún bò 57k ở chợ đêm, chill",Food,expense,1
"Case văn phòng: mua chăn ấm tại nhà nội, trả 20k qua chuyển khoản",Charity,expense,1
"An sang khong dau: vay tạm 9củ tai coworking, tra tiền mặt",Debt,expense,1
"Cash-in from phí nhỏ at food court trung tâm thương mại: 15 nghìn, done by scan qr",Bonus,income,1
"English boi: để dành mua nhà in food court trung tâm thương mại, pay 69 nghìn by quẹt thẻ",Savings,expense,1
"Teencode mode on: mua kem chống nắng 7.044 nghìn ở mall lunch zone, mlem",Beauty,expense,1
"Teencode mode on: cơm tấm 626k vnđ ở vỉa hè, xỉu up xỉu down",Food,expense,1
"Gia đình ở chợ đêm: mì cay tổng 572 nghìn, xử lý bằng banking app",Food,expense,1
"Gia đình ở xe đẩy đầu ngõ: trà sữa tổng 785k, xử lý bằng banking app",Food,expense,1
"Thu nhập hôm nay: lặt vặt 9củ, bắn qua quẹt thẻ",Business,income,1
pantry văn phòng làm combo quyên góp; chốt 4134 nghìn bằng banking app,Charity,expense,1
"Nay có khoản về từ trả nợ, 14.9củ chuyển khoản cái rẹt",Business,income,1
"Story time 2697: nhà nội mua thuốc xong, mất 12 nghìn, gấp gấp",Health,expense,1
"Teencode mode on: trà sữa 12.3củ ở vỉa hè, flex nhẹ",Food,expense,1
"Story time 2699: ở nhà nạp crypto xong, mất 160 ngàn, okela",Investment,expense,1
"Nay có khoản về từ đóng học phí, 30.4củ chuyển khoản cái rẹt",Business,income,1
"Nay có khoản về từ random charge, 4củ chuyển khoản cái rẹt",Business,income,1
"Gia đình ở ở nhà: xét nghiệm tổng 15củ, xử lý bằng tiền mặt",Health,expense,1
"Nay xe đẩy đầu ngõ có vụ thay nhớt hết 34.4củ, thanh toán tiền mặt",Transport,expense,1
"Lương thưởng style genz: mua quà sinh nhật +498k, nhận tại nhà nội",Salary,income,1
"An sang khong dau: sushi 3.706k tai hẻm nhỏ, tra banking app",Food,expense,1
"Lương thưởng style genz: mua hoa +28củ, nhận tại food court trung tâm thương mại",Salary,income,1
"English boi: mua trái phiếu in vỉa hè, pay 1775 ngàn by scan qr",Investment,expense,1
"trả nợ ngân hàng ở mall lunch zone, scan qr 12 ngàn, chill",Debt,expense,1
"Case văn phòng: đòi nợ tại coworking, trả 20.9củ qua banking app",Debt,expense,1
"Cash-in from đầu tư quỹ mở at hẻm nhỏ: 12 ngàn, done by quẹt thẻ",Business,income,1
"Nhận tiền từ mua tài liệu ở coworking: +251 ngàn, về ví qua tiền mặt, hóa đơn định kỳ",Business,income,1
"Teencode mode on: mua hoa 806k ở xe đẩy đầu ngõ, hơi cấn",Social,expense,1
"Gia đình ở vỉa hè: gửi tiết kiệm tổng 25 ngàn, xử lý bằng tiền mặt",Savings,expense,1
"Teencode mode on: mua vở bút 88k vnđ ở food court trung tâm thương mại, chill",Education,expense,1
"Lương thưởng style genz: mua tài khoản học online +29.6tr, nhận tại mall lunch zone",Salary,income,1
"Case văn phòng: mua quần tại pantry văn phòng, trả 3.228k đồng qua tiền mặt",Shopping,expense,1
"Story time 2717: pantry văn phòng quà handmade xong, mất 13tr, gấp gấp",Social,expense,1
mall lunch zone làm combo workshop; chốt 335 ngàn bằng quẹt thẻ,Education,expense,1
"Đi nhà nội rồi đồ ăn dự trữ, bay 792k đồng, cảm giác vibe ổn",Essentials,expense,1
"quỹ dự phòng ở ở nhà, quẹt thẻ 989 nghìn, khum",Savings,expense,1
"Gia đình ở nhà nội: trả nợ ngân hàng tổng 69k vnđ, xử lý bằng quẹt thẻ",Debt,expense,1
"Nay có khoản về từ thu hồi tiền cọc, 2.950 nghìn chuyển khoản cái rẹt",Business,income,1
"Case văn phòng: khám mắt tại khu trọ, trả 605 nghìn qua banking app",Health,expense,1
"Teencode mode on: mua ốp lưng 45k đồng ở sảnh tòa nhà, xỉu up xỉu down",Shopping,expense,1
"Cash-in from mua vàng at nhà ngoại: 348k, done by chuyển khoản",Investment,income,1
"Case văn phòng: random charge tại chung cư, trả 6tr qua quẹt thẻ",Others,expense,1
"Boi tien roi ne: trả góp +20k vnđ, food court trung tâm thương mại",Bonus,income,1
"Cash-in from mua tài khoản học online at sảnh tòa nhà: 69 nghìn, done by quẹt thẻ",Business,income,1
"Boi tien roi ne: mừng cưới +726 nghìn, xe đẩy đầu ngõ",Business,income,1
"Teencode mode on: mua thuốc 15k vnđ ở ở nhà, flex nhẹ",Health,expense,1
"Boi tien roi ne: nạp crypto +639k vnđ, vỉa hè",Investment,income,1
chung cư làm combo trái cây; chốt 20 ngàn bằng chuyển khoản,Essentials,expense,1
"gửi tiết kiệm ở sảnh tòa nhà, chuyển khoản 10củ, hơi cấn",Savings,expense,1
tiền mừng +88 nghìn,Salary,income,1
phí cầu đường 143k,Transport,expense,1
nạp game 337 ngàn,Entertainment,expense,1
mai tinh tiep nha #2737,Business,income,0
mua serum 2127 nghìn,Beauty,expense,1
quà handmade 5027 nghìn,Social,expense,1
trà sữa 26.7tr,Food,expense,1
khác 20tr,Others,expense,1
để dành mua nhà 20k vnđ,Business,income,1
phí cầu đường 4662 nghìn,Transport,expense,1
xét nghiệm 33k đồng,Health,expense,1
xem phim 3.245k vnđ,Entertainment,expense,1
đầu tư đất nền 18 ngàn,Investment,expense,1
quỹ khẩn cấp 26.8củ,Savings,expense,1
hùn vốn 901 ngàn,Investment,expense,1
ủng hộ y tế 2tr,Charity,expense,1
mua đồ gia dụng 3753k đồng,Housing,expense,1
tiền điện 99k vnđ,Housing,expense,1
mua nhu yếu phẩm tặng 21tr,Charity,expense,1
đồ pet 9694k,Essentials,expense,1
nha co ai onl hem,Business,income,0
đầu tư đất nền 1502k vnđ,Investment,expense,1
vé lễ hội 132 ngàn,Entertainment,expense,1
bỏ heo +16.1củ,Business,income,1
mua phụ kiện 23tr,Shopping,expense,1
đăng ký khóa học +25 ngàn,Business,income,1
gà rán 325k,Food,expense,1
đổ xăng 7củ,Transport,expense,1
dọn nhà 234k đồng,Housing,expense,1
mua rau 4500 ngàn,Essentials,expense,1
đi pub 45k,Entertainment,expense,1
khám tổng quát 3tr,Health,expense,1
mua hoa +6865 ngàn,Salary,income,1
vé lễ hội 25k vnđ,Entertainment,expense,1
mua vàng 12k,Investment,expense,1
đăng ký khóa học +30.9tr,Business,income,1
đăng ký khóa học 1.679k vnđ,Business,income,1
trả nợ 3tr,Debt,expense,1
tiết kiệm online +4tr,Investment,income,1
mall lunch zone ơi dang o van phong roi,Business,income,0
hoàn tiền mượn 17.3tr,Debt,expense,1
cơm tấm 202 ngàn,Food,expense,1
trip cuối tuần 88k vnđ,Entertainment,expense,1
để dành mua nhà 369 nghìn,Business,income,1
support fee 8tr,Others,expense,1
lệ phí thi 24.7tr,Business,income,1
quà handmade 22.6tr,Business,income,1
thanh toán nợ thẻ 4341 ngàn,Debt,expense,1
xem phim 521k đồng,Entertainment,expense,1
mua toner 558 nghìn,Beauty,expense,1
mua cổ phiếu +26củ,Business,income,1
nạp game 5.638 ngàn,Entertainment,expense,1
thu hồi khoản vay 7673 nghìn,Debt,expense,1
be car 20k vnđ,Transport,expense,1
gội dưỡng sinh 32tr,Beauty,expense,1
tiệc bạn bè 11tr,Social,expense,1
sửa ống nước 7.568 ngàn,Housing,expense,1
hoàn tiền mượn 13.7tr,Debt,expense,1
mua quà sinh nhật 28củ,Social,expense,1
trả nợ 444k,Debt,expense,1
random charge 7698k,Business,income,1
mua vở bút 907 nghìn,Business,income,1
thanh toán nợ thẻ 15k,Business,income,1
khu trọ làm combo cho tặng bữa ăn; chốt 31.6tr bằng tiền mặt,Bonus,income,1
"Story time 2802: chợ đêm tiết kiệm online xong, mất 858 nghìn, khum",Savings,expense,1
"Lương thưởng style genz: để dành mua nhà +20 ngàn, nhận tại quán cóc",Salary,income,1
"Gia đình ở nhà nội: hoàn tiền mượn tổng 85k vnđ, xử lý bằng banking app",Debt,expense,1
"Gia đình ở quán cóc: cho tặng bữa ăn tổng 6959k vnđ, xử lý bằng scan qr",Charity,expense,1
"Đòi được tiền: đầu tư quỹ mở, vào tài khoản 6.013 nghìn, lụm",Business,income,1
"Đi ở nhà rồi mua gạo, bay 23.6củ, cảm giác vibe ổn",Essentials,expense,1
"Story time 2808: khu trọ mua thịt xong, mất 293k đồng, hơi cấn",Essentials,expense,1
"An sang khong dau: mua giày 4.5củ tai pantry văn phòng, tra chuyển khoản",Shopping,expense,1
"Nay có khoản về từ gửi tiết kiệm, 708k vnđ chuyển khoản cái rẹt",Investment,income,1
"English boi: đòi nợ in chung cư, pay 15k by quẹt thẻ",Debt,expense,1
"Đòi được tiền: mua tài khoản học online, vào tài khoản 6.373 ngàn, xỉu up xỉu down",Business,income,1
"Teencode mode on: mua nhu yếu phẩm tặng 18.2củ ở chung cư, chill",Charity,expense,1
quán cóc làm combo nạp game; chốt 35.5tr bằng quẹt thẻ,Entertainment,expense,1
"Nay có khoản về từ trả nợ ngân hàng, 20k đồng chuyển khoản cái rẹt",Business,income,1
"Cash-in from trả nợ at sảnh tòa nhà: 18k vnđ, done by quẹt thẻ",Business,income,1
"Lương thưởng style genz: mua ETF +467 nghìn, nhận tại hẻm nhỏ",Salary,income,1
"Nay khu trọ có vụ bỏ heo hết 15k đồng, thanh toán quẹt thẻ",Savings,expense,1
"Story time 2819: xe đẩy đầu ngõ quà handmade xong, mất 425k vnđ, lụm",Social,expense,1
"English boi: gửi phong bì in pantry văn phòng, pay 9.775 nghìn by tiền mặt",Social,expense,1
hom nay troi oi la troi #2821,Business,income,0
coworking làm combo vay tạm; chốt 45 ngàn bằng scan qr,Debt,expense,1
"Nay food court trung tâm thương mại có vụ đóng học phí hết 3.870 nghìn, thanh toán scan qr",Education,expense,1
"Đòi được tiền: mua sách, vào tài khoản 838k vnđ, mlem, hóa đơn định kỳ",Business,income,1
"Đòi được tiền: misc payment, vào tài khoản 3.1củ, gấp gấp",Business,income,1
"Đi nhà ngoại rồi siêu thị tuần, bay 1053 nghìn, cảm giác xỉu up xỉu down",Essentials,expense,1
"Story time 2827: nhà nội ủng hộ xong, mất 29.9củ, flex nhẹ",Charity,expense,1
"Story time 2828: ở nhà mua đèn xong, mất 15k, hơi cấn",Housing,expense,1
"Đi quán cóc rồi mì cay, bay 7.261 nghìn, cảm giác căng phết",Food,expense,1
"Case văn phòng: gift card tại food court trung tâm thương mại, trả 12.6tr qua quẹt thẻ",Social,expense,1
"Boi tien roi ne: nạp margin +4.767 ngàn, khu trọ",Business,income,1
"Lương thưởng style genz: chi phí linh tinh +4củ, nhận tại coworking",Salary,income,1
"Nhận tiền từ quỹ dự phòng ở ở nhà: +2367 nghìn, về ví qua quẹt thẻ",Business,income,1
food court trung tâm thương mại làm combo đòi nợ; chốt 1238k bằng scan qr,Debt,expense,1
"An sang khong dau: cơm tấm 32tr tai hẻm nhỏ, tra tiền mặt",Food,expense,1
"Nay có khoản về từ đầu tư quỹ mở, 99 nghìn chuyển khoản cái rẹt",Business,income,1
"Teencode mode on: xét nghiệm 9623 nghìn ở khu trọ, lụm",Health,expense,1
"An sang khong dau: quỹ khẩn cấp 1830k đồng tai vỉa hè, tra banking app",Savings,expense,1
"An sang khong dau: nạp crypto 29.5củ tai coworking, tra banking app",Investment,expense,1
"Đi chợ đêm rồi sushi, bay 9004 nghìn, cảm giác lụm",Food,expense,1
"Nay ở nhà có vụ tiết kiệm định kỳ hết 996k, thanh toán quẹt thẻ",Savings,expense,1
"An sang khong dau: lẩu mini 13củ tai hẻm nhỏ, tra tiền mặt",Food,expense,1
"Nay có khoản về từ trả góp, 88k đồng chuyển khoản cái rẹt",Business,income,1
"chung cư làm combo tiền điện; chốt 707k đồng bằng tiền mặt, hóa đơn định kỳ",Housing,expense,1
"Lương thưởng style genz: thu hồi tiền cọc +30củ, nhận tại xe đẩy đầu ngõ",Salary,income,1
"Đi nhà ngoại rồi mua nhu yếu phẩm tặng, bay 560k, cảm giác okela",Charity,expense,1
"Teencode mode on: tiết kiệm online 16củ ở nhà ngoại, okela",Savings,expense,1
"wax ở food court trung tâm thương mại, quẹt thẻ 913k, hơi cấn",Beauty,expense,1
"An sang khong dau: tiền mừng 9.225 ngàn tai quán cóc, tra quẹt thẻ",Social,expense,1
"Case văn phòng: đồ ăn dự trữ tại nhà ngoại, trả 303k qua quẹt thẻ",Essentials,expense,1
"Teencode mode on: mua sách 401k đồng ở food court trung tâm thương mại, mlem",Education,expense,1
"Đi chợ đêm rồi thay nhớt, bay 12.1tr, cảm giác mlem",Transport,expense,1
"Đòi được tiền: misc payment, vào tài khoản 475k, hơi cấn",Business,income,1
"Nay vỉa hè có vụ mì cay hết 15 ngàn, thanh toán banking app",Food,expense,1
"Story time 2855: pantry văn phòng mua balo xong, mất 6củ, gấp gấp",Shopping,expense,1
"Gia đình ở vỉa hè: nạp game tổng 8581k vnđ, xử lý bằng scan qr",Entertainment,expense,1
"An sang khong dau: bún bò 582 nghìn tai vỉa hè, tra quẹt thẻ",Food,expense,1
"Story time 2858: xe đẩy đầu ngõ ủng hộ xong, mất 1.689k, vibe ổn",Charity,expense,1
"An sang khong dau: mua phụ kiện 9689k đồng tai sảnh tòa nhà, tra chuyển khoản",Shopping,expense,1
"Nay chợ đêm có vụ chi phí linh tinh hết 27.9củ, thanh toán banking app",Others,expense,1
"An sang khong dau: trái cây 2.5tr tai chung cư, tra scan qr",Essentials,expense,1
chung cư làm combo mừng cưới; chốt 154k bằng tiền mặt,Social,expense,1
"English boi: đòi nợ in khu trọ, pay 8.287k đồng by quẹt thẻ",Debt,expense,1
"Teencode mode on: skincare set 2.297k vnđ ở mall lunch zone, okela",Beauty,expense,1
"Nhận tiền từ hoàn tiền mượn ở food court trung tâm thương mại: +20.2tr, về ví qua quẹt thẻ",Bonus,income,1
"Boi tien roi ne: mừng cưới +9504 nghìn, food court trung tâm thương mại",Bonus,income,1
"Nay xe đẩy đầu ngõ có vụ đổ xăng hết 635k đồng, thanh toán scan qr",Transport,expense,1
"Lương thưởng style genz: workshop +949k, nhận tại pantry văn phòng",Salary,income,1
"English boi: mua giày in coworking, pay 9326 nghìn by scan qr, order trên Tiki",Shopping,expense,1
"wifi tháng ở nhà nội, quẹt thẻ 688 ngàn, hơi cấn",Housing,expense,1
"mua sữa ở nhà ngoại, banking app 6củ, chill",Essentials,expense,1
"Nay nhà nội có vụ mua rau hết 973k, thanh toán scan qr",Essentials,expense,1
"Boi tien roi ne: tiết kiệm online +2.7củ, xe đẩy đầu ngõ",Investment,income,1
food court trung tâm thương mại làm combo khác; chốt 26tr bằng tiền mặt,Others,expense,1
"Teencode mode on: escape room 300 ngàn ở vỉa hè, khum",Entertainment,expense,1
"đi pub ở xe đẩy đầu ngõ, quẹt thẻ 8725k đồng, okela",Entertainment,expense,1
"Đòi được tiền: tiết kiệm online, vào tài khoản 20 ngàn, xỉu up xỉu down",Investment,income,1
"quỹ du lịch ở nhà ngoại, banking app 27củ, khum",Savings,expense,1
"Teencode mode on: quỹ du lịch 18.6củ ở mall lunch zone, chill",Savings,expense,1
"Case văn phòng: viện phí tại chung cư, trả 69k đồng qua chuyển khoản",Health,expense,1
"Teencode mode on: siêu thị tuần 45 nghìn ở nhà ngoại, gấp gấp",Essentials,expense,1
"Teencode mode on: gửi xe 88 nghìn ở hẻm nhỏ, mlem",Transport,expense,1
"Teencode mode on: skincare set 13 ngàn ở sảnh tòa nhà, xỉu up xỉu down",Beauty,expense,1
"di choi khong ne, gặp ở food court trung tâm thương mại",Bonus,income,0
"Teencode mode on: be car 26.3củ ở chợ đêm, hơi cấn, 10 lít",Transport,expense,1
"oke de toi check, gặp ở chợ đêm",Business,income,0
"Đi khu trọ rồi mua thuốc, bay 18 ngàn, cảm giác khum",Health,expense,1
"Gia đình ở quán cóc: đổ xăng tổng 20k đồng, xử lý bằng quẹt thẻ, 1 lít",Transport,expense,1
"Nay có khoản về từ trả góp, 17tr chuyển khoản cái rẹt",Business,income,1
"Story time 2891: nhà nội vitamin xong, mất 33củ, flex nhẹ",Health,expense,1
xe đẩy đầu ngõ làm combo mừng cưới; chốt 429k vnđ bằng quẹt thẻ,Social,expense,1
"Đi hẻm nhỏ rồi bỏ heo, bay 4.9tr, cảm giác khum",Savings,expense,1
xong viec ping toi #2894,Business,income,0
"mua vở bút ở food court trung tâm thương mại, quẹt thẻ 45k vnđ, gấp gấp",Education,expense,1
"Teencode mode on: để dành mua nhà 5.505 nghìn ở ở nhà, flex nhẹ",Savings,expense,1
"Cash-in from random charge at ở nhà: 92 nghìn, done by tiền mặt",Business,income,1
"Case văn phòng: chi phí linh tinh tại quán cóc, trả 17.3củ qua chuyển khoản",Others,expense,1
"An sang khong dau: thu hồi khoản vay 2.545k đồng tai xe đẩy đầu ngõ, tra tiền mặt",Debt,expense,1
"Case văn phòng: bún bò tại hẻm nhỏ, trả 9.291k qua tiền mặt",Food,expense,1
"An sang khong dau: mua nhu yếu phẩm tặng 9.273k vnđ tai ở nhà, tra banking app",Charity,expense,1
"Gia đình ở vỉa hè: nạp game tổng 19.1tr, xử lý bằng quẹt thẻ",Entertainment,expense,1
"Đi quán cóc rồi đổ xăng, bay 4.363 ngàn, cảm giác hơi cấn",Transport,expense,1
"English boi: bánh mì in xe đẩy đầu ngõ, pay 3.137k đồng by banking app",Food,expense,1
"Thu nhập hôm nay: random charge 18 ngàn, bắn qua chuyển khoản",Business,income,1
"Gia đình ở ở nhà: wifi tháng tổng 12k vnđ, xử lý bằng tiền mặt, order trên Shopee",Housing,expense,1
sảnh tòa nhà làm combo wax; chốt 20k vnđ bằng scan qr,Beauty,expense,1
"Gia đình ở quán cóc: ship hàng tổng 12củ, xử lý bằng quẹt thẻ",Transport,expense,1
"Case văn phòng: xét nghiệm tại nhà nội, trả 28củ qua tiền mặt",Health,expense,1
"Lương thưởng style genz: đăng ký khóa học +273k đồng, nhận tại food court trung tâm thương mại",Salary,income,1
"English boi: gội dưỡng sinh in food court trung tâm thương mại, pay 13củ by quẹt thẻ",Beauty,expense,1
"Nay sảnh tòa nhà có vụ trả góp hết 5.5tr, thanh toán banking app",Debt,expense,1
"mai tinh tiep nha, chill",Business,income,0
"Đi food court trung tâm thương mại rồi bỏ heo, bay 3.909 ngàn, cảm giác hơi cấn",Savings,expense,1
"Gia đình ở khu trọ: viện phí tổng 2347 ngàn, xử lý bằng quẹt thẻ",Health,expense,1
pantry văn phòng làm combo gửi phong bì; chốt 18k vnđ bằng banking app,Bonus,income,1
"Đòi được tiền: chi phí linh tinh, vào tài khoản 2.007k đồng, flex nhẹ",Business,income,1
ở nhà làm combo mua sữa; chốt 9964k bằng chuyển khoản,Essentials,expense,1
"Teencode mode on: ủng hộ y tế 23củ ở mall lunch zone, vibe ổn",Charity,expense,1
"Cash-in from random charge at xe đẩy đầu ngõ: 22tr, done by chuyển khoản",Business,income,1
"Đòi được tiền: quỹ khẩn cấp, vào tài khoản 911k vnđ, lụm",Business,income,1
"mua thịt ở khu trọ, scan qr 12 ngàn, chill",Essentials,expense,1
"khu trọ làm combo sửa ống nước; chốt 7855k đồng bằng quẹt thẻ, hóa đơn định kỳ",Housing,expense,1
"An sang khong dau: ủng hộ y tế 8.4tr tai chợ đêm, tra banking app",Charity,expense,1
"Case văn phòng: trả góp tại pantry văn phòng, trả 879k đồng qua tiền mặt",Debt,expense,1
"Đi sảnh tòa nhà rồi mua tài khoản học online, bay 99k đồng, cảm giác hơi cấn",Education,expense,1
"Story time 2927: chung cư thu hồi khoản vay xong, mất 1565k đồng, khum",Debt,expense,1
"Thu nhập hôm nay: gửi tiết kiệm 639 nghìn, bắn qua scan qr",Investment,income,1
"Case văn phòng: vitamin tại nhà ngoại, trả 4.103 nghìn qua tiền mặt",Health,expense,1
"An sang khong dau: lẩu mini 1củ tai vỉa hè, tra quẹt thẻ",Food,expense,1
"Đòi được tiền: mừng cưới, vào tài khoản 152 ngàn, căng phết",Business,income,1
"Case văn phòng: vay tạm tại sảnh tòa nhà, trả 25 nghìn qua tiền mặt",Debt,expense,1
"Đi pantry văn phòng rồi làm nail, bay 2.1tr, cảm giác khum",Beauty,expense,1
"Đi nhà nội rồi tiền nước, bay 256 ngàn, cảm giác okela, hóa đơn định kỳ",Housing,expense,1
"Gia đình ở coworking: đóng học phí tổng 854k, xử lý bằng scan qr",Education,expense,1
"Gia đình ở hẻm nhỏ: dịch vụ phát sinh tổng 26.4tr, xử lý bằng banking app",Others,expense,1
"English boi: lặt vặt in chung cư, pay 5củ by quẹt thẻ",Others,expense,1
"Case văn phòng: đầu tư đất nền tại nhà ngoại, trả 702 ngàn qua banking app",Investment,expense,1
"Teencode mode on: mua tài khoản học online 33 ngàn ở pantry văn phòng, xỉu up xỉu down, hóa đơn định kỳ",Education,expense,1
"An sang khong dau: cho tặng bữa ăn 7.463 nghìn tai chợ đêm, tra banking app",Charity,expense,1
"Teencode mode on: bảo hiểm y tế 10tr ở khu trọ, lụm",Health,expense,1
"Đi quán cóc rồi chi phí linh tinh, bay 441k vnđ, cảm giác mlem",Others,expense,1
"Thu nhập hôm nay: mua tài khoản học online 680 ngàn, bắn qua chuyển khoản",Business,income,1
hẻm nhỏ làm combo taxi; chốt 4914k đồng bằng tiền mặt,Transport,expense,1
"Nhận tiền từ đòi nợ ở vỉa hè: +20.6củ, về ví qua chuyển khoản",Business,income,1
"Lương thưởng style genz: chi phí linh tinh +18 nghìn, nhận tại coworking",Salary,income,1
"Teencode mode on: mua thuốc 612 nghìn ở khu trọ, chill",Health,expense,1
off 1 bua nha team #2948,Business,income,0
"cho xin review nhe, chill",Business,income,0
"Nay có khoản về từ quà handmade, 9.7củ chuyển khoản cái rẹt",Business,income,1
"Cash-in from gia sư at coworking: 537k đồng, done by quẹt thẻ, hóa đơn định kỳ",Business,income,1
"Nay khu trọ có vụ siêu thị tuần hết 330 nghìn, thanh toán quẹt thẻ",Essentials,expense,1
"An sang khong dau: để dành mua nhà 682 nghìn tai khu trọ, tra scan qr",Savings,expense,1
"mua trái phiếu ở quán cóc, scan qr 532k đồng, vibe ổn",Investment,expense,1
"Story time 2955: xe đẩy đầu ngõ phở gà xong, mất 4866 nghìn, căng phết",Food,expense,1
"Gia đình ở ở nhà: để dành mua nhà tổng 278k đồng, xử lý bằng banking app",Savings,expense,1
"Case văn phòng: taxi tại quán cóc, trả 1589k đồng qua scan qr",Transport,expense,1
"Case văn phòng: để dành mua nhà tại sảnh tòa nhà, trả 2974 nghìn qua tiền mặt",Savings,expense,1
"An sang khong dau: lệ phí thi 16.1tr tai coworking, tra quẹt thẻ",Education,expense,1
hẻm nhỏ ơi di choi khong ne,Business,income,0
"An sang khong dau: quỹ du lịch 29củ tai hẻm nhỏ, tra chuyển khoản",Savings,expense,1
"An sang khong dau: mua toner 88k vnđ tai coworking, tra tiền mặt",Beauty,expense,1
"Nay có khoản về từ nạp margin, 6203 nghìn chuyển khoản cái rẹt",Business,income,1
"English boi: đồ pet in nhà ngoại, pay 24củ by scan qr",Essentials,expense,1
"Teencode mode on: trip cuối tuần 99k đồng ở xe đẩy đầu ngõ, chill",Entertainment,expense,1
"Gia đình ở ở nhà: khám nha tổng 25k đồng, xử lý bằng tiền mặt",Health,expense,1
"Nay hẻm nhỏ có vụ quà handmade hết 8.9tr, thanh toán tiền mặt",Social,expense,1
"Nay có khoản về từ mua hoa, 1580k đồng chuyển khoản cái rẹt",Business,income,1
"English boi: trip cuối tuần in quán cóc, pay 33k by chuyển khoản",Entertainment,expense,1
"Teencode mode on: mua chăn ấm 35.4củ ở khu trọ, okela",Charity,expense,1
"Nay vỉa hè có vụ đầu tư đất nền hết 9157k, thanh toán scan qr",Investment,expense,1
food court trung tâm thương mại làm combo mua toner; chốt 468k vnđ bằng tiền mặt,Beauty,expense,1
"Cash-in from mua trái phiếu at quán cóc: 28tr, done by chuyển khoản",Business,income,1
"Thu nhập hôm nay: bỏ heo 2tr, bắn qua scan qr",Business,income,1
"đi spa ở mall lunch zone, scan qr 11.4tr, xỉu up xỉu down",Entertainment,expense,1
"An sang khong dau: lẩu mini 88 nghìn tai vỉa hè, tra scan qr",Food,expense,1
"Boi tien roi ne: lặt vặt +20k, mall lunch zone",Business,income,1
"Nhận tiền từ misc payment ở coworking: +866 ngàn, về ví qua quẹt thẻ",Business,income,1
"Đòi được tiền: tiết kiệm học phí, vào tài khoản 6.877 ngàn, flex nhẹ",Investment,income,1
"Nay có khoản về từ tiền mừng, 45k chuyển khoản cái rẹt",Business,income,1
"Cash-in from mua tài liệu at sảnh tòa nhà: 12k vnđ, done by quẹt thẻ, hóa đơn định kỳ",Business,income,1
"Boi tien roi ne: gửi tiết kiệm +2tr, sảnh tòa nhà",Investment,income,1
"Đòi được tiền: khác, vào tài khoản 12 ngàn, hơi cấn",Business,income,1
"Nay nhà ngoại có vụ đòi nợ hết 916k đồng, thanh toán scan qr",Debt,expense,1
"Teencode mode on: xem phim 18.9củ ở xe đẩy đầu ngõ, lụm",Entertainment,expense,1
food court trung tâm thương mại làm combo wax; chốt 69k bằng quẹt thẻ,Beauty,expense,1
"Nay có khoản về từ workshop, 7.754k đồng chuyển khoản cái rẹt, hóa đơn định kỳ",Business,income,1
"Cash-in from đầu tư đất nền at quán cóc: 33.8tr, done by tiền mặt",Business,income,1
"xong viec ping toi, gặp ở quán cóc",Business,income,0
"thu hồi khoản vay ở nhà nội, quẹt thẻ 99 nghìn, lụm",Debt,expense,1
"English boi: gội dưỡng sinh in mall lunch zone, pay 10củ by chuyển khoản",Beauty,expense,1
"Đòi được tiền: tiệc bạn bè, vào tài khoản 26.9tr, hơi cấn",Business,income,1
"Nay nhà nội có vụ khám nha hết 601k, thanh toán tiền mặt",Health,expense,1
"Đi vỉa hè rồi trà sữa, bay 8347 nghìn, cảm giác okela",Food,expense,1
"Nay có khoản về từ mua tài liệu, 1570k vnđ chuyển khoản cái rẹt",Business,income,1
"Boi tien roi ne: chi phí linh tinh +7.519k đồng, mall lunch zone",Business,income,1
"Story time 0: quán cóc mừng cưới xong, mất 11tr, lụm",Social,expense,1
"Lương thưởng style genz: transaction fee +280k đồng, nhận tại xe đẩy đầu ngõ",Salary,income,1
"Story time 2: ở nhà mua vàng xong, mất 25k, flex nhẹ",Investment,expense,1
"để dành mua nhà ở chung cư, scan qr 382 nghìn, lụm",Savings,expense,1
"Boi tien roi ne: trả góp +25tr, food court trung tâm thương mại",Bonus,income,1
xe đẩy đầu ngõ làm combo vé lễ hội; chốt 33 nghìn bằng banking app,Entertainment,expense,1
"Story time 6: chung cư đồ ăn dự trữ xong, mất 19tr, okela",Essentials,expense,1
"Nay xe đẩy đầu ngõ có vụ phí cầu đường hết 23củ, thanh toán quẹt thẻ",Transport,expense,1
"Nay pantry văn phòng có vụ mua serum hết 9602k đồng, thanh toán chuyển khoản",Beauty,expense,1
"Story time 10: chung cư tiêm ngừa xong, mất 9.160k, chill",Health,expense,1
"Gia đình ở food court trung tâm thương mại: mua tài khoản học online tổng 913k, xử lý bằng tiền mặt, hóa đơn định kỳ",Education,expense,1
"Nay có khoản về từ ủng hộ bão lũ, 613 ngàn chuyển khoản cái rẹt",Business,income,1
