bảo hiểm y tế 29.2củ,Health,expense,1
gia sư 6446k,Education,expense,1
nhận tiền lẩu mini +12củ,Business,income,1
mua đồ tech 35tr,Shopping,expense,1
support fee 423k,Others,expense,1
đi spa 2tr,Entertainment,expense,1
thu hồi khoản vay 88 ngàn,Debt,expense,1
du lịch ngắn ngày 99k,Entertainment,expense,1
phí cầu đường 23.7tr,Transport,expense,1
mua cổ phiếu 3463k,Investment,expense,1
góp quỹ từ thiện 3878k,Charity,expense,1
mua rau 9.144 nghìn,Essentials,expense,1
tiền thuê nhà 16.7tr,Housing,expense,1
mua hoa 1707k,Social,expense,1
đầu tư đất nền 88 ngàn,Investment,expense,1
transaction fee 22.2củ,Others,expense,1
misc payment +20 nghìn,Business,income,1
mua ETF 4518k,Business,income,1
làm nail 28củ,Beauty,expense,1
tiệc bạn bè 27.1củ,Social,expense,1
thu hồi khoản vay 12tr,Business,income,1
cho tặng bữa ăn 15 ngàn,Charity,expense,1
xem phim 6củ,Entertainment,expense,1
nhận tiền góp quỹ lớp +4841 ngàn,Business,income,1
nạp margin 28củ,Investment,expense,1
trả nợ ngân hàng 20 nghìn,Debt,expense,1
mua giày 18củ,Shopping,expense,1
phí nhỏ 979k,Business,income,1
support fee 24.9tr,Business,income,1
gia vị 20k,Essentials,expense,1
trả nợ 99 ngàn,Debt,expense,1
vay tạm +45k,Business,income,1
gift card 26.5tr,Social,expense,1
cho tặng bữa ăn 5692k,Charity,expense,1
đi pub 20k,Entertainment,expense,1
tiền mừng 16tr,Business,income,1
trả góp 1.796k,Debt,expense,1
gift card 532k,Social,expense,1
thuê xe 9564k,Transport,expense,1
hoàn tiền mượn 1.514 nghìn,Debt,expense,1
lệ phí thi 629k,Business,income,1
phí cầu đường 575k,Transport,expense,1
tiền mừng 3.7củ,Social,expense,1
mua kem chống nắng 768k,Beauty,expense,1
du lịch ngắn ngày 5.650 nghìn,Entertainment,expense,1
phí cầu đường 45 ngàn,Transport,expense,1
mua rau 12k,Essentials,expense,1
trái cây 23.1củ,Essentials,expense,1
tiết kiệm online 5củ,Savings,expense,1
trip cuối tuần 255k,Entertainment,expense,1
mua hoa 11tr,Social,expense,1
mừng cưới 20.1củ,Business,income,1
dịch vụ phát sinh 20 ngàn,Others,expense,1
nạp crypto 6.494k,Investment,expense,1
lệ phí thi 18.9củ,Business,income,1
đóng học phí 5.738k,Business,income,1
bánh mì 33 ngàn,Food,expense,1
cơm tấm 28củ,Food,expense,1
quà handmade 15củ,Social,expense,1
sushi 1943k,Food,expense,1
gift card 28củ,Business,income,1
nạp margin 4664k,Investment,expense,1
quỹ khẩn cấp 69 ngàn,Savings,expense,1
mua balo 20k,Shopping,expense,1
mua quần 9.298k,Shopping,expense,1
support fee 23tr,Others,expense,1
nhận tiền mua hoa +9.057 nghìn,Business,income,1
vay tạm 5814 ngàn,Debt,expense,1
bún bò 45 ngàn,Food,expense,1
tiền điện 4515k,Housing,expense,1
bỏ heo 3tr,Business,income,1
thuê xe 12củ,Transport,expense,1
mua tài khoản học online 565k,Education,expense,1
góp quỹ từ thiện 8.610k,Charity,expense,1
vé lễ hội 370k,Entertainment,expense,1
đầu tư đất nền 12k,Business,income,1
trả nợ 21.1củ,Business,income,1
nhận tiền quỹ dự phòng +710 nghìn,Business,income,1
ủng hộ 5.715k,Charity,expense,1
mì cay 33 ngàn,Food,expense,1
tiền điện 3314k,Housing,expense,1
gia vị 181k,Essentials,expense,1
transaction fee 9.596 ngàn,Business,income,1
nhuộm tóc 18k,Beauty,expense,1
ủng hộ 13củ,Charity,expense,1
quỹ khẩn cấp 586k,Savings,expense,1
săn sale 25k,Shopping,expense,1
để dành mua nhà 456 nghìn,Savings,expense,1
khác 3.652k,Business,income,1
trái cây 84k,Essentials,expense,1
tiêm ngừa 19tr,Health,expense,1
gia vị 2849k,Essentials,expense,1
mua chăn ấm 25k,Charity,expense,1
bảo hiểm y tế 7củ,Health,expense,1
escape room 25k,Entertainment,expense,1
gửi tiết kiệm 9.6củ,Savings,expense,1
phí nhỏ 9.517k,Others,expense,1
sửa ống nước 7.187k,Housing,expense,1
mua ETF 197k,Investment,expense,1
nhận tiền quỹ khẩn cấp +7.5tr,Business,income,1
dịch vụ phát sinh 20k,Business,income,1
nạp margin 450k,Business,income,1
hùn vốn 7.972 nghìn,Business,income,1
bỏ heo 26.3củ,Savings,expense,1
mua cổ phiếu +2279k,Business,income,1
xem phim 5.5củ,Entertainment,expense,1
chi phí linh tinh 69k,Others,expense,1
sushi 8tr,Food,expense,1
mì cay 32tr,Food,expense,1
mua giày 898k,Shopping,expense,1
ủng hộ bão lũ 31tr,Charity,expense,1
hùn vốn 1.688k,Business,income,1
mua vở bút 20 ngàn,Education,expense,1
tiết kiệm học phí 25 ngàn,Investment,income,1
đầu tư quỹ mở 29tr,Investment,expense,1
ủng hộ bão lũ 4483k,Charity,expense,1
quỹ dự phòng 99k,Savings,expense,1
ship hàng 325k,Transport,expense,1
nhận tiền mua sách +2tr,Bonus,income,1
quỹ khẩn cấp +18k,Salary,income,1
thanh toán nợ thẻ 88k,Debt,expense,1
quà handmade 1.250 nghìn,Social,expense,1
mua sách 20.8tr,Education,expense,1
mua áo 8.589 nghìn,Shopping,expense,1
nhận tiền đầu tư quỹ mở +25k,Business,income,1
sửa ống nước 2374k,Housing,expense,1
be car 5.284k,Transport,expense,1
tiết kiệm online 23.5tr,Savings,expense,1
khám tổng quát 88k,Health,expense,1
tiết kiệm học phí 7.472k,Investment,income,1
bỏ heo 6tr,Savings,expense,1
góp quỹ từ thiện 7516k,Charity,expense,1
gia sư 3.825k,Business,income,1
cơm tấm 33 nghìn,Food,expense,1
bún bò 700k,Food,expense,1
nạp crypto 130k,Investment,expense,1
workshop 4củ,Education,expense,1
khám tổng quát 26.4tr,Health,expense,1
nhận tiền bỏ heo +1.055k,Bonus,income,1
phở gà 7.379k,Food,expense,1
quỹ du lịch 4.548 nghìn,Business,income,1
dịch vụ phát sinh +88k,Business,income,1
mua toner 8.718k,Beauty,expense,1
dọn nhà 11.1củ,Housing,expense,1
mua vàng 18k,Investment,income,1
tiết kiệm học phí 2.640k,Savings,expense,1
quà handmade 45 ngàn,Social,expense,1
nhận tiền tiết kiệm học phí +565k,Investment,income,1
bỏ heo 28tr,Savings,expense,1
ship hàng 12k,Transport,expense,1
bỏ heo 542k,Business,income,1
cho tặng bữa ăn 192k,Charity,expense,1
đi pub 906k,Entertainment,expense,1
mua kem chống nắng 12tr,Beauty,expense,1
tiệc bạn bè 15.9củ,Social,expense,1
workshop +694k,Business,income,1
gội dưỡng sinh 4.8củ,Beauty,expense,1
góp quỹ từ thiện 21tr,Charity,expense,1
thu hồi tiền cọc 2.140 ngàn,Debt,expense,1
mua đèn 3.554k,Housing,expense,1
lặt vặt 650 nghìn,Others,expense,1
lệ phí thi +18.8tr,Business,income,1
trả nợ 45 nghìn,Debt,expense,1
ship hàng 88k,Transport,expense,1
mua áo 23.5tr,Shopping,expense,1
trả nợ ngân hàng 763k,Debt,expense,1
gift card +9.099k,Business,income,1
trà sữa 2.452k,Food,expense,1
mua cổ phiếu +3289k,Business,income,1
trà sữa 15k,Food,expense,1
be car 15k,Transport,expense,1
vitamin 5715k,Health,expense,1
để dành mua nhà 9.761k,Savings,expense,1
nhuộm tóc 6322k,Beauty,expense,1
hùn vốn 21.5củ,Investment,expense,1
grab bike 12 nghìn,Transport,expense,1
tiền tiết kiệm định kỳ +900 ngàn,Investment,income,1
quỹ du lịch +356k,Salary,income,1
gift card +4.6củ,Business,income,1
trả góp +28tr,Business,income,1
để dành mua nhà +12.7củ,Business,income,1
tiết kiệm học phí 142k,Savings,expense,1
trà sữa 8138k,Food,expense,1
sửa ống nước 3.5tr,Housing,expense,1
vé lễ hội 480k,Entertainment,expense,1
mua cổ phiếu +18k,Business,income,1
nạp game 88 ngàn,Entertainment,expense,1
lệ phí thi 10củ,Education,expense,1
săn sale 99k,Shopping,expense,1
bảo hiểm y tế 5017 ngàn,Health,expense,1
đồ ăn dự trữ 3tr,Essentials,expense,1
săn sale 6.868k,Shopping,expense,1
dịch vụ phát sinh 216k,Others,expense,1
mua đồ gia dụng 58 ngàn,Housing,expense,1
tiền quỹ du lịch +99k,Business,income,1
vay tạm 8450 nghìn,Debt,expense,1
lặt vặt 4.6tr,Others,expense,1
tiết kiệm học phí +21tr,Investment,income,1
quyên góp 27.5củ,Charity,expense,1
nạp margin 7714 ngàn,Investment,expense,1
mua cổ phiếu 25 nghìn,Investment,expense,1
chi phí linh tinh 33k,Others,expense,1
mua ETF 18 ngàn,Investment,expense,1
gội dưỡng sinh 69k,Beauty,expense,1
đóng học phí 20củ,Education,expense,1
mua quần 3.5củ,Shopping,expense,1
quỹ khẩn cấp 45k,Savings,expense,1
trả góp +6232 ngàn,Business,income,1
mua ETF 580k,Investment,expense,1
quỹ khẩn cấp +4.800k,Salary,income,1
đầu tư quỹ mở 18k,Investment,expense,1
bánh mì 32củ,Food,expense,1
sushi 1430 ngàn,Food,expense,1
mua quần 156k,Shopping,expense,1
support fee 673 nghìn,Others,expense,1
mua giày 20k,Shopping,expense,1
trả góp +8.371 nghìn,Salary,income,1
vitamin 6củ,Health,expense,1
hoàn tiền mượn +7.320k,Business,income,1
mua quần 15 ngàn,Shopping,expense,1
đòi nợ +585k,Business,income,1
phí cầu đường 2.913k,Transport,expense,1
mua tài liệu +20.8tr,Business,income,1
thuê xe 783 ngàn,Transport,expense,1
thu hồi tiền cọc +10củ,Business,income,1
để dành mua nhà +555k,Salary,income,1
mua giày 45k,Shopping,expense,1
đổ xăng 33củ,Transport,expense,1
mua vàng +99 ngàn,Investment,income,1
tiền mừng 294k,Social,expense,1
trả góp 25k,Debt,expense,1
gift card 14tr,Social,expense,1
trái cây 99k,Essentials,expense,1
thu hồi tiền cọc 13.4củ,Debt,expense,1
quà handmade +20k,Business,income,1
workshop 33.7tr,Education,expense,1
mua gạo 21.4tr,Essentials,expense,1
đi spa 2.781k,Entertainment,expense,1
misc payment 69k,Others,expense,1
mua tài khoản học online 25 nghìn,Business,income,1
đầu tư quỹ mở 3.506 ngàn,Investment,expense,1
support fee 33 ngàn,Others,expense,1
gửi tiết kiệm +25tr,Salary,income,1
siêu thị tuần 7tr,Essentials,expense,1
nạp crypto 226 nghìn,Investment,expense,1
ủng hộ 25.2tr,Charity,expense,1
mua cổ phiếu 2.592k,Business,income,1
mua rau 8031 nghìn,Essentials,expense,1
thuê xe 20.2tr,Transport,expense,1
mua giày 33tr,Shopping,expense,1
đóng học phí 88k,Business,income,1
để dành mua nhà 5.9tr,Savings,expense,1
đồ pet 15 nghìn,Essentials,expense,1
quỹ khẩn cấp 15k,Savings,expense,1
gửi phong bì 20 nghìn,Social,expense,1
góp quỹ từ thiện 1.7tr,Charity,expense,1
nạp margin 69k,Investment,expense,1
gift card 69k,Business,income,1
quỹ du lịch +1966 ngàn,Business,income,1
tiệc bạn bè +10tr,Business,income,1
mua sữa 6.5tr,Essentials,expense,1
bánh mì 727k,Food,expense,1
nạp margin 708k,Investment,expense,1
khám nha 5.439k,Health,expense,1
tiết kiệm online 14.3tr,Savings,expense,1
transaction fee 2.861k,Business,income,1
đi concert 20k,Entertainment,expense,1
ủng hộ bão lũ 34tr,Charity,expense,1
đồ pet 435k,Essentials,expense,1
tiết kiệm định kỳ +25k,Investment,income,1
trả góp 1868k,Debt,expense,1
random charge 25tr,Business,income,1
nạp crypto 816k,Investment,expense,1
quỹ dự phòng 20 ngàn,Savings,expense,1
grab bike 18k,Transport,expense,1
săn sale 262k,Shopping,expense,1
du lịch ngắn ngày 387k,Entertainment,expense,1
mua vở bút 12tr,Education,expense,1
trả nợ ngân hàng 516k,Business,income,1
chi phí linh tinh 25 nghìn,Business,income,1
gửi phong bì 244k,Social,expense,1
xem phim 991k,Entertainment,expense,1
ủng hộ y tế 30.7tr,Charity,expense,1
đồ pet 34.1tr,Essentials,expense,1
quỹ du lịch +715k,Business,income,1
support fee 9.4tr,Business,income,1
skincare set 704 nghìn,Beauty,expense,1
thu hồi tiền cọc 7458 nghìn,Business,income,1
vitamin 8.067k,Health,expense,1
tiệc bạn bè 13tr,Social,expense,1
quỹ dự phòng 333k,Savings,expense,1
nạp crypto +99 nghìn,Investment,income,1
khám nha 15k,Health,expense,1
để dành mua nhà 725k,Business,income,1
mua đồ tech 4684k,Shopping,expense,1
ship hàng 27tr,Transport,expense,1
bánh mì 10tr,Food,expense,1
mua hoa +4.1tr,Salary,income,1
dọn nhà 8.869k,Housing,expense,1
trái cây 5567k,Essentials,expense,1
thay nhớt 2tr,Transport,expense,1
support fee 33k,Others,expense,1
bỏ heo 9tr,Savings,expense,1
escape room 15k,Entertainment,expense,1
mua serum 12tr,Beauty,expense,1
mua balo 14.7tr,Shopping,expense,1
mua tài khoản học online 18k,Education,expense,1
tiệc bạn bè 7.674 ngàn,Social,expense,1
be car 3.6tr,Transport,expense,1
khám tổng quát 20k,Health,expense,1
mua quà sinh nhật +313k,Salary,income,1
mua vở bút 45 ngàn,Education,expense,1
thuê xe 20.8tr,Transport,expense,1
khám mắt 10.5tr,Health,expense,1
gift card 2.243 nghìn,Social,expense,1
trả nợ 3.306k,Debt,expense,1
quỹ dự phòng +88 ngàn,Salary,income,1
mua vàng +15k,Bonus,income,1
đổ xăng 1.068k,Transport,expense,1
lệ phí thi 10.9tr,Education,expense,1
vay tạm 26tr,Debt,expense,1
mua sách 23củ,Education,expense,1
misc payment 187k,Others,expense,1
du lịch ngắn ngày 354k,Entertainment,expense,1
wax 20k,Beauty,expense,1
trả nợ 707k,Debt,expense,1
tiền thuê nhà 4.7tr,Housing,expense,1
random charge +13củ,Salary,income,1
quỹ du lịch +9củ,Business,income,1
đăng ký khóa học +8củ,Salary,income,1
vitamin 22tr,Health,expense,1
sushi 12 ngàn,Food,expense,1
mua chăn ấm 328k,Charity,expense,1
gia sư 5839k,Education,expense,1
misc payment +1.2tr,Business,income,1
dịch vụ phát sinh +11củ,Business,income,1
tiết kiệm online 47k,Savings,expense,1
trả nợ +2.975k,Business,income,1
tiết kiệm online 76k,Savings,expense,1
tiết kiệm định kỳ +8.426k,Investment,income,1
mua cổ phiếu 783k,Investment,expense,1
thanh toán nợ thẻ 20k,Debt,expense,1
khám mắt 30.7tr,Health,expense,1
transaction fee 14.8tr,Others,expense,1
nạp margin 88 ngàn,Investment,expense,1
support fee +8093k,Others,expense,1
mua đồ tech 8tr,Shopping,expense,1
tiền mừng +419k,Salary,income,1
mua vàng 892k,Investment,expense,1
săn sale 11tr,Shopping,expense,1
đầu tư quỹ mở +3.636k,Business,income,1
vitamin 619k,Health,expense,1
quỹ khẩn cấp 8453k,Savings,expense,1
đồ pet 34.3tr,Essentials,expense,1
nạp crypto 12 ngàn,Investment,expense,1
mua quà sinh nhật +1.378 nghìn,Business,income,1
đầu tư đất nền +29.6tr,Business,income,1
skincare set 293 ngàn,Beauty,expense,1
tiền điện 6.225k,Housing,expense,1
mua nhu yếu phẩm tặng 14.4củ,Charity,expense,1
bánh mì 3.577 ngàn,Food,expense,1
săn sale 3.7củ,Shopping,expense,1
phở gà 16củ,Food,expense,1
tiền điện 69 ngàn,Housing,expense,1
mua giày 2483 ngàn,Shopping,expense,1
vay tạm 5củ,Debt,expense,1
hoàn tiền mượn 69k,Debt,expense,1
phí nhỏ +389k,Investment,income,1
quà handmade 33k,Social,expense,1
quỹ du lịch 69 nghìn,Savings,expense,1
mua rau 81 nghìn,Essentials,expense,1
ủng hộ y tế 6326k,Charity,expense,1
mua đồ tech 2397 ngàn,Shopping,expense,1
nạp game 20 nghìn,Entertainment,expense,1
mua gạo 7134k,Essentials,expense,1
mua quà sinh nhật 900 nghìn,Social,expense,1
mừng cưới 33 ngàn,Social,expense,1
trà sữa 983k,Food,expense,1
nạp crypto 14củ,Investment,expense,1
mua hoa 205k,Social,expense,1
quà handmade +33 nghìn,Business,income,1
tiệc bạn bè +565k,Bonus,income,1
bỏ heo 8.972k,Savings,expense,1
tiền mừng +399k,Business,income,1
hùn vốn +20 ngàn,Business,income,1
transaction fee 7.4củ,Others,expense,1
khác in xe 292 ngàn,Others,expense,1
đòi nợ 7095k,Debt,expense,1
phở gà 6602 ngàn,Food,expense,1
mua cổ phiếu 15.5củ,Investment,expense,1
khám tổng quát 3871k,Health,expense,1
mua balo 34.7củ,Shopping,expense,1
nạp crypto +9663k vnđ,Salary,income,1
mua quà sinh nhật 45k đồng,Business,income,1
nạp margin 2.748 ngàn,Investment,expense,1
mua hoa 23tr,Social,expense,1
mua hoa +22.4củ,Business,income,1
để dành mua nhà 906 ngàn,Savings,expense,1
sửa ống nước 1636 ngàn,Housing,expense,1
khám tổng quát 34.1tr,Health,expense,1
bún bò 813k vnđ,Food,expense,1
đóng học phí 304k,Education,expense,1
đầu tư quỹ mở +8.293 ngàn,Business,income,1
gift card 18k,Social,expense,1
mua tài liệu 19.4tr,Education,expense,1
đổ xăng 8.5củ,Transport,expense,1
nhuộm tóc 16.5tr,Beauty,expense,1
vay tạm +20k đồng,Business,income,1
quyên góp 464k vnđ,Charity,expense,1
mua kem chống nắng 99 ngàn,Beauty,expense,1
bỏ heo +32.5tr,Salary,income,1
quỹ du lịch 20 ngàn,Savings,expense,1
trả nợ ngân hàng 22.2củ,Debt,expense,1
tiền mừng 33 nghìn,Social,expense,1
mua toner 33 ngàn,Beauty,expense,1
mua thịt 760 ngàn,Essentials,expense,1
mua toner 33 ngàn,Beauty,expense,1
ủng hộ y tế 17củ,Charity,expense,1
dịch vụ phát sinh 9244 ngàn,Others,expense,1
mua hoa 88 nghìn,Social,expense,1
mua tai nghe 3củ,Shopping,expense,1
misc payment +5056k vnđ,Business,income,1
mua balo 4.476 ngàn,Shopping,expense,1
quà handmade +10củ,Business,income,1
mua toner 6658 nghìn,Beauty,expense,1
mua cổ phiếu +6củ,Salary,income,1
mua thuốc 14tr,Health,expense,1
trái cây 45 nghìn,Essentials,expense,1
cơm tấm 4.4củ,Food,expense,1
đăng ký khóa học 826 ngàn,Education,expense,1
mì cay 241 nghìn,Food,expense,1
gia sư +4.894k vnđ,Business,income,1
thu hồi khoản vay +81 ngàn,Business,income,1
quỹ khẩn cấp 910 ngàn,Savings,expense,1
quỹ khẩn cấp +272k,Salary,income,1
phở gà 8.951 nghìn,Food,expense,1
bỏ heo 601 ngàn,Savings,expense,1
gia vị 69 nghìn,Essentials,expense,1
cho tặng bữa ăn 1.2củ,Charity,expense,1
đăng ký khóa học +7.643k đồng,Bonus,income,1
mua balo 424 ngàn,Shopping,expense,1
tiền mừng 327 ngàn,Social,expense,1
góp quỹ lớp 4020 nghìn,Social,expense,1
đồ pet 99k vnđ,Essentials,expense,1
thanh toán nợ thẻ +22tr,Business,income,1
gửi tiết kiệm +8củ,Investment,income,1
tiệc bạn bè +18tr,Business,income,1
góp quỹ lớp 6.518k đồng,Social,expense,1
gà rán combo 728k,Food,expense,1
đồ pet 3.7củ,Essentials,expense,1
quỹ khẩn cấp +21.1tr,Business,income,1
mua tài liệu 32tr,Education,expense,1
mua rau 45k vnđ,Essentials,expense,1
mua chăn ấm 25 nghìn,Charity,expense,1
mua vàng 10củ,Investment,expense,1
mua quà sinh nhật +7018 ngàn,Business,income,1
ủng hộ y tế 88k đồng,Charity,expense,1
thu hồi tiền cọc 516 ngàn,Debt,expense,1
quỹ du lịch 4.197k đồng,Savings,expense,1
mua trái phiếu 17củ,Investment,expense,1
sửa ống nước 5.880k vnđ,Housing,expense,1
ship hàng 839k,Transport,expense,1
support fee +1193 nghìn,Business,income,1
mua trái phiếu 16.4tr,Investment,expense,1
đăng ký khóa học +17.2củ,Business,income,1
mua toner 3củ,Beauty,expense,1
đóng học phí 5946k,Education,expense,1
tiền thuê nhà 4.222 ngàn,Housing,expense,1
phở gà 67k,Food,expense,1
phí nhỏ 33.3tr,Others,expense,1
bún bò 117k,Food,expense,1
đầu tư đất nền +22củ,Salary,income,1
mua nhu yếu phẩm 7.007 nghìn,Charity,expense,1
trả nợ ngân hàng +9củ,Business,income,1
đòi nợ 936 nghìn,Debt,expense,1
mua đồ tech 9.265 ngàn,Shopping,expense,1
quỹ du lịch +6.127 nghìn,Business,income,1
mua cổ phiếu 986 ngàn,Investment,expense,1
góp quỹ lớp 99k,Social,expense,1
gift card 741 nghìn,Social,expense,1
vé lễ hội 18k,Entertainment,expense,1
bỏ heo 7.257k,Savings,expense,1
tiền mừng +7tr,Business,income,1
trái cây 5k,Essentials,expense,1
chi phí linh tinh 25.8củ,Others,expense,1
hoàn tiền mượn +88 nghìn,Business,income,1
trả góp 88k,Debt,expense,1
misc payment 35.3củ,Others,expense,1
mua phụ kiện 287 ngàn,Shopping,expense,1
trà sữa 30củ,Food,expense,1
đóng học phí 856k,Education,expense,1
mua giày 31.2tr,Shopping,expense,1
wifi tháng 12k,Housing,expense,1
xem phim 20k,Entertainment,expense,1
nạp game 15 nghìn,Entertainment,expense,1
quỹ khẩn cấp 18k,Savings,expense,1
góp quỹ lớp 3.169 ngàn,Social,expense,1
để dành mua nhà +787 ngàn,Business,income,1
support fee +896 nghìn,Business,income,1
bỏ heo 722 nghìn,Savings,expense,1
mừng cưới +6975 nghìn,Business,income,1
đóng học phí 759k,Education,expense,1
mua phụ kiện 88k,Shopping,expense,1
dịch vụ phát sinh +27.6củ,Business,income,1
đi concert 779 nghìn,Entertainment,expense,1
mua giày 20k,Shopping,expense,1
transaction fee +55k,Business,income,1
xét nghiệm 45 ngàn,Health,expense,1
bún bò 8.9tr,Food,expense,1
đầu tư đất nền +6150k,Business,income,1
mì cay 18k,Food,expense,1
tiết kiệm định kỳ 947 nghìn,Savings,expense,1
ủng hộ 27.3củ,Charity,expense,1
mì cay 30.5củ,Food,expense,1
mua ETF +1.446 nghìn,Salary,income,1
mua tài liệu 522k,Education,expense,1
mua balo 5.718 ngàn,Shopping,expense,1
gift card 25k,Social,expense,1
mừng cưới +18.8tr,Salary,income,1
random charge 8.475k,Others,expense,1
gift card +20k,Business,income,1
bỏ heo 99 ngàn,Savings,expense,1
gia sư 9821k,Education,expense,1
misc payment +20 ngàn,Business,income,1
mua sách 513 ngàn,Education,expense,1
ủng hộ bão lũ 12 ngàn,Charity,expense,1
tiền thuê nhà 282 ngàn,Housing,expense,1
quà handmade +498k,Salary,income,1
đóng học phí 629 nghìn,Education,expense,1
phí nhỏ 978k,Others,expense,1
góp quỹ lớp 25k,Social,expense,1
để dành mua nhà +26củ,Bonus,income,1
mua ETF +20 ngàn,Bonus,income,1
đồ ăn dự trữ 9.851k,Essentials,expense,1
mua serum 465 ngàn,Beauty,expense,1
gửi phong bì 88 ngàn,Social,expense,1
mua quà sinh nhật +5.632k,Business,income,1
trái cây 45k,Essentials,expense,1
tiền nước 4.780k,Housing,expense,1
mua tài liệu 33k,Education,expense,1
tiết kiệm định kỳ +6.335k,Investment,income,1
taxi 665k,Transport,expense,1
mua ETF +10.8tr,Business,income,1
vitamin 25k,Health,expense,1
mua tai nghe 818k,Shopping,expense,1
nạp margin 231k,Investment,expense,1
mua toner 2683k,Beauty,expense,1
ủng hộ 88k,Charity,expense,1
be car 15k,Transport,expense,1
sushi 23tr,Food,expense,1
tiền bỏ heo 262k,Business,income,1
mua quần 1670k,Shopping,expense,1
nhận tiền gia sư +11.7tr,Bonus,income,1
tiền gift card 5702k,Business,income,1
mua tai nghe 25k,Shopping,expense,1
vay tạm 17tr,Debt,expense,1
nhận tiền chi phí linh tinh +5tr,Business,income,1
gửi phong bì 7.944k,Social,expense,1
gift card 1707k,Social,expense,1
gia sư 79k,Education,expense,1
tiền tiết kiệm học phí 7461k,Bonus,income,1
tiền khác 18k,Business,income,1
khám mắt 959k,Health,expense,1
trip cuối tuần 20k,Entertainment,expense,1
mua kem chống nắng 27tr,Beauty,expense,1
quỹ dự phòng 612k,Savings,expense,1
tiền đăng ký khóa học 6164k,Business,income,1
góp quỹ từ thiện 15k,Charity,expense,1
quyên góp 45k,Charity,expense,1
grab bike 9.094k,Transport,expense,1
đổ xăng 265k,Transport,expense,1
đồ ăn dự trữ 12k,Essentials,expense,1
nạp crypto 15k,Investment,expense,1
bỏ heo 3.3tr,Savings,expense,1
thay nhớt 15k,Transport,expense,1
thu hồi tiền cọc 6229k,Debt,expense,1
trái cây 34.7tr,Essentials,expense,1
tiền mua sách 6.319k,Business,income,1
nhận tiền gia sư +27.4tr,Business,income,1
viện phí 291k,Health,expense,1
mua ốp lưng 25.6tr,Shopping,expense,1
mừng cưới 69k,Social,expense,1
quỹ khẩn cấp 978k,Savings,expense,1
dịch vụ phát sinh 18k,Others,expense,1
tiêm ngừa 4.252k,Health,expense,1
mua rau 171k,Essentials,expense,1
đầu tư đất nền 99k,Investment,expense,1
tiền mua trái phiếu 19tr,Business,income,1
ship hàng 99k,Transport,expense,1
be car 1tr,Transport,expense,1
trả góp +96k,Business,income,1
đồ pet 8tr,Essentials,expense,1
mua nhu yếu phẩm tặng 12k,Charity,expense,1
quyên góp 17.2tr,Charity,expense,1
thu hồi tiền cọc 338k,Debt,expense,1
wax 33k,Beauty,expense,1
bỏ heo 30.8tr,Savings,expense,1
đăng ký khóa học 26.9tr,Education,expense,1
mua vàng +9.860k,Investment,income,1
grab bike 32.3tr,Transport,expense,1
quỹ khuyến học 25k,Charity,expense,1
thay nhớt 25tr,Transport,expense,1
bảo hiểm y tế 88k,Health,expense,1
mua serum 88k,Beauty,expense,1
sửa máy lạnh 24.5tr,Housing,expense,1
cho tặng bữa ăn 25k,Charity,expense,1
đóng học phí 25k,Education,expense,1
tiền thu hồi tiền cọc 161k,Business,income,1
mua giày 7518k,Shopping,expense,1
quỹ du lịch +125k,Bonus,income,1
nhận tiền mua sách +32.8tr,Business,income,1
quỹ du lịch 952k,Savings,expense,1
vé lễ hội 32.5tr,Entertainment,expense,1
tiền gửi phong bì 25.3tr,Business,income,1
tiết kiệm online 24.8tr,Savings,expense,1
cơm tấm 9121k,Food,expense,1
trip cuối tuần 19.3tr,Entertainment,expense,1
khám nha 99k,Health,expense,1
tiết kiệm online +5.747k,Salary,income,1
tiệc bạn bè 15k,Social,expense,1
thu hồi tiền cọc 1663k,Debt,expense,1
vé lễ hội 4tr,Entertainment,expense,1
trả góp 12k,Debt,expense,1
tiệc bạn bè 4267k,Social,expense,1
wax 4.445k,Beauty,expense,1
thay nhớt 96 nghìn,Transport,expense,1
mua ETF 35.8tr,Business,income,1
mua áo 88 ngàn,Shopping,expense,1
góp quỹ từ thiện 18 nghìn,Charity,expense,1
gội dưỡng sinh 45 nghìn,Beauty,expense,1
mua phụ kiện 99 nghìn,Shopping,expense,1
mua ốp lưng 10.7củ,Shopping,expense,1
thay nhớt 930 ngàn,Transport,expense,1
góp quỹ từ thiện 6.120k,Charity,expense,1
dọn nhà 45 nghìn,Housing,expense,1
mua gia vị 69k,Essentials,expense,1
mua thịt 29.4củ,Essentials,expense,1
gửi tiết kiệm 45 nghìn,Savings,expense,1
khác +8489 ngàn,Business,income,1
mua chăn ấm 278 nghìn,Charity,expense,1
đi concert 15 nghìn,Entertainment,expense,1
tiết kiệm online +297k,Investment,income,1
gửi tiết kiệm 15 nghìn,Savings,expense,1
đổ xăng 69 ngàn,Transport,expense,1
mua giày 9củ,Shopping,expense,1
xem phim 33 ngàn,Entertainment,expense,1
mua cổ phiếu 3253k,Business,income,1
gift card +5195k,Business,income,1
nạp game 26tr,Entertainment,expense,1
quà handmade +709 ngàn,Business,income,1
đóng học phí 30.4củ,Business,income,1
quà handmade 35củ,Social,expense,1
đồ pet 2.666k,Essentials,expense,1
dọn nhà 4895 nghìn,Housing,expense,1
bỏ heo +23.5củ,Business,income,1
cho tặng bữa ăn 25.5tr,Bonus,income,1
vitamin 1066k,Health,expense,1
mua sách 917 nghìn,Business,income,1
trả góp +8557 ngàn,Business,income,1
góp quỹ từ thiện 725k,Charity,expense,1
tiết kiệm định kỳ +2.671k,Salary,income,1
mua quần 5.010k,Shopping,expense,1
gửi xe 99k,Transport,expense,1
gửi phong bì +15k,Business,income,1
đổ xăng 1củ,Transport,expense,1
trái cây 20 ngàn,Essentials,expense,1
cho tặng bữa ăn 12 ngàn,Charity,expense,1
nạp margin 22k,Investment,expense,1
xét nghiệm 758 nghìn,Health,expense,1
ủng hộ y tế 25.6tr,Charity,expense,1
mua toner 104 ngàn,Beauty,expense,1
lệ phí thi 939k,Education,expense,1
phí cầu đường 359k,Transport,expense,1
sửa ống nước 20k,Housing,expense,1
góp quỹ lớp 8811k,Social,expense,1
đăng ký khóa học 13tr,Education,expense,1
mua rau 355 ngàn,Essentials,expense,1
dịch vụ phát sinh +2.545k,Business,income,1
ủng hộ y tế 935k,Charity,expense,1
wifi tháng 34tr,Housing,expense,1
mì cay 4680 nghìn,Food,expense,1
khác 3.2tr,Others,expense,1
chot keo luc toi,Business,income,0
chi phí linh tinh 2.436k,Others,expense,1
mua tai nghe 3tr,Shopping,expense,1
quỹ dự phòng 18 nghìn,Savings,expense,1
viện phí 25k,Health,expense,1
mua đồ tech 907k,Shopping,expense,1
tiền thuê nhà 3.726k,Housing,expense,1
quyên góp 257 ngàn,Charity,expense,1
mua toner 69k,Beauty,expense,1
đầu tư đất nền 31 ngàn,Investment,expense,1
sushi 3231 ngàn,Food,expense,1
mua đồ gia dụng 4tr,Housing,expense,1
chi phí linh tinh +6673k,Business,income,1
trái cây 33củ,Essentials,expense,1
gift card 4557k,Social,expense,1
trái cây 29.9củ,Essentials,expense,1
check #741,Business,income,0
đi spa 4.476 nghìn,Entertainment,expense,1
để dành mua nhà +45 ngàn,Business,income,1
workshop +26củ,Business,income,1
để dành mua nhà 23củ,Savings,expense,1
mừng cưới +33 nghìn,Investment,income,1
khác 820k,Others,expense,1
sửa máy lạnh 99 ngàn,Housing,expense,1
nạp margin 12k vnđ,Business,income,1
nhận tiền vay tạm +3tr,Business,income,1
thu hồi khoản vay 9.663k,Business,income,1
bỏ heo 35tr,Savings,expense,1
chot keo luc toi,Business,income,0
quà handmade 33k đồng,Social,expense,1
tiết kiệm định kỳ 15 ngàn,Investment,income,1
mua serum 15 nghìn,Beauty,expense,1
nhuộm tóc 14tr,Beauty,expense,1
quỹ khẩn cấp 4củ,Savings,expense,1
mua đồ tech 6706k,Shopping,expense,1
quỹ khẩn cấp 203k,Business,income,1
đi concert 45 ngàn,Entertainment,expense,1
trà sữa 218k vnđ,Food,expense,1
dịch vụ phát sinh 187 nghìn,Others,expense,1
khám mắt 69 nghìn,Health,expense,1
thu hồi tiền cọc 636k vnđ,Debt,expense,1
escape room 18 nghìn,Entertainment,expense,1
phí nhỏ 4.009k vnđ,Others,expense,1
gia sư +16củ,Salary,income,1
săn sale 25k đồng,Shopping,expense,1
nạp game 30tr,Entertainment,expense,1
trip cuối tuần 8.334 ngàn,Entertainment,expense,1
dịch vụ phát sinh +7.449 ngàn,Salary,income,1
mua trái phiếu 1.720k vnđ,Investment,expense,1
thu hồi khoản vay +56k vnđ,Salary,income,1
tiền mừng 6tr,Business,income,1
nạp game 12 nghìn,Entertainment,expense,1
lệ phí thi 88 nghìn,Education,expense,1
xem phim 33.7củ,Entertainment,expense,1
sửa máy lạnh 5921k đồng,Housing,expense,1
mua sách 622k đồng,Education,expense,1
bún bò 6.836 nghìn,Food,expense,1
support fee 20k vnđ,Business,income,1
mua quần 25 nghìn,Shopping,expense,1
xong viec ping toi,Business,income,0
tiệc bạn bè 772k,Business,income,1
xem phim 7.519k,Entertainment,expense,1
chi phí linh tinh 20tr,Others,expense,1
support fee +45 ngàn,Business,income,1
thanh toán nợ thẻ +88k đồng,Salary,income,1
siêu thị tuần 390k đồng,Essentials,expense,1
bỏ heo 16.7tr,Savings,expense,1
tiền mừng +465k,Business,income,1
chi phí linh tinh 20k vnđ,Others,expense,1
chi phí linh tinh 9tr,Business,income,1
mua serum 69k,Beauty,expense,1
tiết kiệm online 837 nghìn,Investment,income,1
transaction fee 226 nghìn,Others,expense,1
nạp margin +15 nghìn,Business,income,1
mua thịt 3613 nghìn,Essentials,expense,1
xét nghiệm 9.903 nghìn,Health,expense,1
trà sữa 99 nghìn,Food,expense,1
mua cổ phiếu 6047k đồng,Investment,expense,1
mua ốp lưng 3429k vnđ,Shopping,expense,1
mì cay 20k vnđ,Food,expense,1
gia vị 12k đồng,Essentials,expense,1
nhận tiền lệ phí thi +27.4tr,Business,income,1
karaoke 12k vnđ,Entertainment,expense,1
tiết kiệm online 93 ngàn,Investment,income,1
phí nhỏ 4.792k đồng,Others,expense,1
gửi tiết kiệm 947 nghìn,Investment,income,1
trả nợ 275k,Debt,expense,1
trà sữa 4tr,Food,expense,1
lẩu mini 16.8củ,Food,expense,1
bảo hiểm y tế 3.741 ngàn,Health,expense,1
mua vở bút 8củ,Education,expense,1
gửi tiết kiệm 3.8củ,Investment,income,1
quỹ khẩn cấp 99 nghìn,Business,income,1
mua hoa 904 nghìn,Business,income,1
xem phim 2củ,Entertainment,expense,1
thu hồi tiền cọc 667k vnđ,Debt,expense,1
mua ốp lưng 99k vnđ,Shopping,expense,1
nạp crypto 120 nghìn,Investment,income,1
đăng ký khóa học 687k vnđ,Education,expense,1
mua vở bút 881k vnđ,Education,expense,1
gội dưỡng sinh 5.862 nghìn,Beauty,expense,1
wax 30củ,Beauty,expense,1
góp quỹ lớp 25k,Business,income,1
mall lunch zone skincare set 741k,Beauty,expense,1
mua quà sinh nhật 775 nghìn,Business,income,1
bánh mì 5767k,Food,expense,1
nạp crypto 69k,Investment,expense,1
nạp crypto 288k,Investment,expense,1
siêu thị tuần 20k,Essentials,expense,1
mua rau 550k,Essentials,expense,1
mua cổ phiếu +88k,Business,income,1
mua quà sinh nhật 12k,Social,expense,1
mua đồ tech 2.422 nghìn,Shopping,expense,1
hùn vốn +202 ngàn,Business,income,1
thanh toán nợ thẻ 27tr,Debt,expense,1
cmt giup tui cai,Business,income,0
lặt vặt 18k,Others,expense,1
tiết kiệm định kỳ 15k,Savings,expense,1
tiền điện 26tr,Housing,expense,1
tiết kiệm học phí 7.200 nghìn,Investment,income,1
ủng hộ y tế 291 nghìn,Charity,expense,1
lẩu mini 6.331k,Food,expense,1
phí nhỏ 32.4củ,Business,income,1
sửa máy lạnh 69 nghìn,Housing,expense,1
cho xin review nhe,Business,income,0
đòi nợ 8258k,Debt,expense,1
mua thịt 8.363 ngàn,Essentials,expense,1
gửi phong bì 1611k,Bonus,income,1
mua vở bút 27tr,Education,expense,1
phí nhỏ 25k,Business,income,1
gửi phong bì 69k,Business,income,1
bỏ heo 2tr,Savings,expense,1
mua cổ phiếu 26tr,Business,income,1
gửi tiết kiệm 3531k,Savings,expense,1
cmt giup tui cai #862,Business,income,0
tiết kiệm học phí +8.468k,Investment,income,1
đòi nợ +369 ngàn,Business,income,1
karaoke 3.568k,Entertainment,expense,1
tiền điện 15k,Housing,expense,1
mua vàng 905k,Investment,expense,1
bánh mì 69 nghìn,Food,expense,1
đóng học phí 7717k,Education,expense,1
mua đồ tech 2598 ngàn,Shopping,expense,1
wax 517 ngàn,Beauty,expense,1
quà handmade 7.811 ngàn,Social,expense,1
mua serum 842k,Beauty,expense,1
mì cay 354 nghìn,Food,expense,1
tiền thuê nhà 20 nghìn,Housing,expense,1
bỏ heo +31.9tr,Salary,income,1
mua chăn ấm 245 nghìn,Charity,expense,1
khám mắt 8361k,Health,expense,1
đòi nợ +69 nghìn,Salary,income,1
mừng cưới 140 ngàn,Business,income,1
support fee +10.9củ,Business,income,1
misc payment 33k,Others,expense,1
thu hồi tiền cọc 4.1củ,Debt,expense,1
nạp crypto +7.085 ngàn,Investment,income,1
trả góp 9630 nghìn,Debt,expense,1
mua balo 15 nghìn,Shopping,expense,1
bỏ heo 25.6củ,Savings,expense,1
tiền nước 9.816k,Housing,expense,1
sửa máy lạnh 4320 nghìn,Housing,expense,1
đầu tư đất nền 99k,Investment,expense,1
bỏ heo 20củ,Savings,expense,1
lệ phí thi 27.2tr,Business,income,1
đầu tư đất nền +32củ,Business,income,1
mua thuốc 8.926k,Health,expense,1
random charge 266k,Others,expense,1
tiết kiệm online 907k,Investment,income,1
mua vàng 9.593k,Investment,expense,1
tiết kiệm định kỳ 490k,Investment,income,1
nha co ai onl hem,Business,income,0
tiết kiệm định kỳ 20k,Savings,expense,1
trả góp 14củ,Debt,expense,1
sushi 21tr,Food,expense,1
đóng học phí +27.9củ,Business,income,1
mua áo 8củ,Shopping,expense,1
cơm tấm 3củ,Food,expense,1
mua ốp lưng 622 nghìn,Shopping,expense,1
đóng học phí 131 ngàn,Education,expense,1
mua ETF +25k,Business,income,1
khác +30tr,Business,income,1
mua toner 439 ngàn,Beauty,expense,1
mua thịt 33k,Essentials,expense,1
mua sách in 501k,Education,expense,1
support fee 238k vnđ,Others,expense,1
đổ xăng 17.5củ,Transport,expense,1
skincare set 18.6tr,Beauty,expense,1
mua đồ tech 22tr,Shopping,expense,1
mua gạo 69k đồng,Essentials,expense,1
quỹ dự phòng 302k đồng,Savings,expense,1
mua thuốc 15k,Health,expense,1
mua chăn ấm 328 nghìn,Charity,expense,1
chi phí linh tinh 272k đồng,Others,expense,1
quà handmade 45k đồng,Social,expense,1
để dành mua nhà 4củ,Savings,expense,1
mua sách +25củ,Business,income,1
trả nợ 88k đồng,Debt,expense,1
trả góp 8tr,Debt,expense,1
để dành mua nhà 196k,Business,income,1
mua ốp lưng 29tr,Shopping,expense,1
trà sữa 20k,Food,expense,1
mua sách +7524 ngàn,Salary,income,1
tiền từ tiệc bạn bè 21củ,Business,income,1
gửi tiết kiệm 86k,Savings,expense,1
cho tặng bữa ăn 195 nghìn,Charity,expense,1
gia vị 9159k đồng,Essentials,expense,1
mua thịt 5.3tr,Essentials,expense,1
ship hàng 7.508 nghìn,Transport,expense,1
thuê xe 23.5củ,Transport,expense,1
gia sư 33k đồng,Education,expense,1
cho tặng bữa ăn 45k vnđ,Charity,expense,1
nhận tiền hùn vốn +12 nghìn,Business,income,1
thu hồi tiền cọc +997 ngàn,Business,income,1
bỏ heo 4.6tr,Savings,expense,1
mua giày 21.7củ,Shopping,expense,1
cơm tấm 221 ngàn,Food,expense,1
mua trái phiếu 27.9củ,Investment,expense,1
tiền điện 4củ,Housing,expense,1
nạp game 384 ngàn,Entertainment,expense,1
trà sữa 45k đồng,Food,expense,1
mua vàng 5.1tr,Investment,expense,1
tiền từ misc payment 122k đồng,Business,income,1
đồ pet 2578 nghìn,Essentials,expense,1
dịch vụ phát sinh 33k,Business,income,1
mua trái phiếu 20k đồng,Business,income,1
nạp crypto 3.3tr,Investment,expense,1
cho tặng bữa ăn 16.3tr,Charity,expense,1
sushi 8504k đồng,Food,expense,1
phí nhỏ 27.4củ,Others,expense,1
mua vàng 32củ,Investment,expense,1
tiết kiệm định kỳ +34củ,Investment,income,1
tiền mừng 2263k vnđ,Social,expense,1
skincare set 499k đồng,Beauty,expense,1
trip cuối tuần 37 ngàn,Entertainment,expense,1
ủng hộ 1.1củ,Charity,expense,1
lệ phí thi 88 ngàn,Education,expense,1
mừng cưới 984k,Social,expense,1
mua sách 140 nghìn,Education,expense,1
làm nail 88 ngàn,Beauty,expense,1
mua sữa 28.7củ,Essentials,expense,1
đòi nợ 9.052 ngàn,Debt,expense,1
gift card 24củ,Social,expense,1
random charge 88 ngàn,Business,income,1
mua thịt 17tr,Essentials,expense,1
sửa máy lạnh 33.9củ,Housing,expense,1
transaction fee 24.4tr,Others,expense,1
quỹ du lịch 1.299 nghìn,Savings,expense,1
đi pub 89k vnđ,Entertainment,expense,1
nạp margin 25 ngàn,Investment,expense,1
mua gạo 3790k,Essentials,expense,1
nhận tiền misc payment +8.250 ngàn,Business,income,1
tiền từ đầu tư đất nền 20 ngàn,Business,income,1
mua gạo 208 nghìn,Essentials,expense,1
mua trái phiếu +33 nghìn,Business,income,1
mua chăn ấm 70k,Charity,expense,1
trả nợ ngân hàng 17củ,Debt,expense,1
thay nhớt 892k,Transport,expense,1
tiền từ mừng cưới 12 ngàn,Business,income,1
sửa ống nước 919 ngàn,Housing,expense,1
đi concert 18k đồng,Entertainment,expense,1
gửi xe 608 ngàn,Transport,expense,1
"tiệc bạn bè 638k vnđ, bắn qua banking app",Business,income,1
"khu trọ đồ pet , 99k đồng, gấp gấp",Essentials,expense,1
quỹ dự phòng 226k,Business,income,1
tiết kiệm online 20tr,Savings,expense,1
đầu tư quỹ mở 509k,Investment,expense,1
"mua du lịch ngắn ngày tại chợ đêm, trả 870 ngàn",Entertainment,expense,1
tiền mừng 45 ngàn,Business,income,1
"Boi tien roi ne: gia sư +35củ, coworking",Business,income,1
siêu thị tuần 1tr tai ở nhà,Essentials,expense,1
"Đi chợ đêm rồi đầu tư quỹ mở, bay 19.3củ, cảm giác",Investment,expense,1
"sảnh tòa nhà nail , 23 nghìn, gấp gấp",Beauty,expense,1
sảnh tòa nhà: đóng học phí 11.3củ,Education,expense,1
lệ phí thi 5củ,Education,expense,1
trái cây 4.416k đồng,Essentials,expense,1
"ủng hộ bão lũ, 872k đồng by quẹt thẻ",Charity,expense,1
quán cóc: đi concert 696k,Entertainment,expense,1
"quán cóc nạp game , 15k, hơi cấn",Entertainment,expense,1
"mua rau ở ở nhà, quẹt thẻ 12k đồng, mlem",Essentials,expense,1
mua quán cóc du lịch ngắn ngày; ngàn bằ 3.978 ngàn,Entertainment,expense,1
"gift card 1củ, hơi cấn",Social,expense,1
mua thuốc 745 nghìn,Health,expense,1
"mua toner, scan qr 16tr",Beauty,expense,1
"lệ phí thi, 678k by scan qr",Education,expense,1
mua sữa 28.9tr,Essentials,expense,1
"đầu tư đất nền 512k, bắn qua chuyển khoản",Business,income,1
khu trọ mua gạo; 3.796k bằng scan qr,Essentials,expense,1
mua tài khoản học online 99 ngàn,Business,income,1
quán cóc mua trái phiếu; 8259 nghìn,Investment,expense,1
góp quỹ lớp 3.671k đồng ở chợ đêm,Social,expense,1
"tiền nước, trả 15 nghìn",Housing,expense,1
sửa máy lạnh 33k đồng,Housing,expense,1
mua hoa 853k,Business,income,1
"đổ xăng, 852 ngàn by banking app",Transport,expense,1
nạp margin 243k,Business,income,1
"đi sảnh tòa nhà rồi mua serum, bay ngà 8505 ngàn",Beauty,expense,1
"trả góp in ở nhà, 4.5củ by chuyển khoản",Debt,expense,1
"mua sữa, trả 1714k qua scan qr",Essentials,expense,1
"đi chung cư rồi tiền nước, bay ngàn, c 2.627 ngàn",Housing,expense,1
"đi khu trọ rồi khám mắt, bay đồng, cảm 396k",Health,expense,1
mua vở bút 26củ,Education,expense,1
"trả nợ, tiền mặt 25k, mlem",Debt,expense,1
mua gội 18tr,Beauty,expense,1
pantry văn phòng: mua tài khoản học online 7.9củ,Education,expense,1
"gia sư, 2tr by tiền mặt",Education,expense,1
"be car tại chợ đêm, trả 596k vnđ qua scan qr",Transport,expense,1
"trả nợ ngân hàng 15k vnđ, bắn qua tiền mặt",Business,income,1
trả nợ 34.5tr,Debt,expense,1
bonus +34.2củ,Bonus,income,1
mua ốp lưng 11.8củ,Shopping,expense,1
vé lễ hội 7.849k vnđ tai chợ đêm,Entertainment,expense,1
mall lunch zone mua balo; 9585k đồng bằng scan qr,Shopping,expense,1
"nạp crypto 11.3củ, mlem",Investment,expense,1
"ủng hộ, trả 33k qua chuyển khoản",Charity,expense,1
khám quát 8351 ngàn,Health,expense,1
"tiết kiệm học phí, vào tài khoản 12k đồng, mlem",Investment,income,1
"quỹ du lịch, 69k by quẹt thẻ",Savings,expense,1
đòi nợ 33k đồng,Debt,expense,1
trả nợ 15k,Business,income,1
"12củ, done by chuyển khoản",Investment,income,1
"chung cư đòi nợ , 810k",Debt,expense,1
đi concert 5tr ở chợ đêm,Entertainment,expense,1
"Boi tien roi ne: trả nợ +432k, nhà nội",Business,income,1
xe đẩy đầu ngõ: đi pub 20k đồng,Entertainment,expense,1
"đi nhà nội rồi mua đồ gia dụng, bay ảm 21tr",Housing,expense,1
"hùn vốn 238k vnđ, bắn qua tiền mặt",Business,income,1
"mua áo, 13.4củ by quẹt thẻ",Shopping,expense,1
săn sale 241k,Shopping,expense,1
"Đi nhà ngoại rồi mua thuốc, bay 6củ, cảm giác khum",Health,expense,1
"trả góp +32tr, sảnh tòa nhà",Business,income,1
nhà nội: đồ pet 4605 nghìn,Essentials,expense,1
mall lunch zone: nhuộm tóc 5.667 ngàn,Beauty,expense,1
"quỹ khuyến học, 2.7củ by scan qr",Charity,expense,1
sảnh tòa nhà gửi tiết kiệm; 25 nghìn bằng banking app,Bonus,income,1
"Đi quán cóc rồi be car, bay 20k vnđ, cảm giác",Transport,expense,1
"ủng hộ bão lũ, trả 5.4tr qua banking app",Charity,expense,1
"mua thay nhớt ai chợ đêm, tra banking a 32.8củ",Transport,expense,1
chung cư bảo hiểm y tế; 8488 nghìn bằng scan qr,Health,expense,1
"gia sư, vào tài khoản 5182 ngàn, mlem",Business,income,1
"quán cóc taxi; 6.6củ bằng chuyển khoản, 2 lít",Transport,expense,1
đòi nợ 2.042k,Business,income,1
mua sữa 18k,Essentials,expense,1
combo đi concert 45 nghìn,Entertainment,expense,1
đi concert 5.475k,Entertainment,expense,1
mua hoa 45 nghìn,Social,expense,1
nhận tiền đầu tư đất nền +25k,Business,income,1
mua thuốc 29tr,Health,expense,1
gia sư 15 nghìn,Education,expense,1
viện phí 4củ,Health,expense,1
mua hoa 2.534k vnđ,Social,expense,1
khám nha 9744k,Health,expense,1
support fee 99k,Business,income,1
gia vị 69 nghìn,Essentials,expense,1
khám tổng quát 9.753k,Health,expense,1
mua toner 12.8tr,Beauty,expense,1
vitamin 24.9củ,Health,expense,1
mua rau 523k,Essentials,expense,1
khám nha 25củ,Health,expense,1
tiệc bạn bè +33 nghìn,Business,income,1
mua tài khoản học online 1.478k đồng,Business,income,1
gia vị 9.423k vnđ,Essentials,expense,1
thu hồi khoản vay 267 nghìn,Debt,expense,1
quỹ du lịch 88k đồng,Savings,expense,1
mua tài khoản học online 6108 ngàn,Education,expense,1
quỹ khẩn cấp +190k đồng,Business,income,1
cơm tấm 12k vnđ,Food,expense,1
mua balo 18k đồng,Shopping,expense,1
mì cay 11.9củ,Food,expense,1
lệ phí thi 4.567k đồng,Education,expense,1
mừng cưới 18.1củ,Business,income,1
trả nợ ngân hàng +88 ngàn,Salary,income,1
nạp margin 8770 ngàn,Investment,expense,1
tiền điện 373 ngàn,Housing,expense,1
góp quỹ từ thiện 69k vnđ,Charity,expense,1
tiền thuê nhà 520k vnđ,Housing,expense,1
nạp game 111k đồng,Entertainment,expense,1
góp quỹ từ thiện 15 ngàn,Charity,expense,1
tiết kiệm online 25k,Savings,expense,1
mua đèn 29tr,Housing,expense,1
sửa máy lạnh 554 ngàn,Housing,expense,1
khác 586k đồng,Others,expense,1
ủng hộ 45k vnđ,Charity,expense,1
escape room 88k,Entertainment,expense,1
tiết kiệm định kỳ 34 nghìn,Investment,income,1
ủng hộ bão lũ 19k đồng,Charity,expense,1
sửa ống nước 26.3củ,Housing,expense,1
bỏ heo 7tr,Business,income,1
du lịch ngắn ngày 69k vnđ,Entertainment,expense,1
phở gà 88 nghìn,Food,expense,1
off 1 bua nha team,Business,income,0
thu hồi khoản vay 69k đồng,Debt,expense,1
grab bike 4104 ngàn,Transport,expense,1
quỹ dự phòng 7649k vnđ,Business,income,1
mua sữa 6140 ngàn,Essentials,expense,1
hùn vốn 19tr,Investment,expense,1
bánh mì 5tr,Food,expense,1
nhận tiền gia sư +42 nghìn,Business,income,1
gội dưỡng sinh 468k đồng,Beauty,expense,1
mai tinh tiep nha #1133,Business,income,0
gia sư 6củ,Education,expense,1
mua vở bút 947 ngàn,Education,expense,1
nạp margin +406 nghìn,Business,income,1
vay tạm 13 ngàn,Debt,expense,1
thu hồi khoản vay 24.1củ,Business,income,1
nạp crypto 22tr,Investment,expense,1
nạp crypto 18củ,Investment,expense,1
wifi tháng 99 ngàn,Housing,expense,1
cho em xin slot voi,Business,income,0
quỹ khuyến học 25k đồng,Charity,expense,1
làm nail 411k đồng,Beauty,expense,1
quyên góp 24.5củ,Charity,expense,1
random charge +11.6tr,Business,income,1
quỹ khẩn cấp 33 nghìn,Savings,expense,1
quỹ du lịch 12.4củ,Savings,expense,1
mua trái phiếu 567 nghìn,Investment,expense,1
để dành mua nhà 6060k đồng,Business,income,1
đi pub 15củ,Entertainment,expense,1
đồ ăn dự trữ 1.709k,Essentials,expense,1
support fee 187k,Business,income,1
hùn vốn 10củ,Investment,expense,1
wifi tháng 732 nghìn,Housing,expense,1
thu hồi khoản vay 434k,Business,income,1
tiết kiệm học phí 12k,Investment,income,1
phí nhỏ 527k,Others,expense,1
mua quà sinh nhật 69k,Business,income,1
random charge 74k,Others,expense,1
gift card 25k,Social,expense,1
nạp crypto +26tr,Investment,income,1
quỹ du lịch 99k,Business,income,1
phí nhỏ +30.5tr,Business,income,1
mua thuốc 12tr,Health,expense,1
combo đi concert 360k,Entertainment,expense,1
quỹ dự phòng 12k,Savings,expense,1
gift card 34.6tr,Social,expense,1
trip cuối tuần 507k,Entertainment,expense,1
mua trái phiếu +764k,Salary,income,1
combo nhuộm tóc 513k,Beauty,expense,1
mua serum 981k,Beauty,expense,1
mua quà sinh nhật 18k,Business,income,1
đầu tư quỹ mở 30tr,Investment,expense,1
trái cây 20k,Essentials,expense,1
viện phí 19.4tr,Health,expense,1
thu hồi tiền cọc 12k,Debt,expense,1
săn sale 437k,Shopping,expense,1
hùn vốn +3265k,Business,income,1
gift card +69k,Business,income,1
mua toner 25.5tr,Beauty,expense,1
chi phí linh tinh 17tr,Others,expense,1
hoàn tiền mượn +45k,Bonus,income,1
mua sách 20.8tr,Education,expense,1
mua balo 9.204k,Shopping,expense,1
thu hồi khoản vay 12k,Debt,expense,1
dịch vụ phát sinh 992k,Business,income,1
trái cây 29tr,Essentials,expense,1
lệ phí thi 12k,Education,expense,1
gà rán combo 2.381k,Food,expense,1
mua tai nghe 4.514k,Shopping,expense,1
vay tạm 25k,Debt,expense,1
đi pub 8406k,Entertainment,expense,1
tiết kiệm online 2.705k,Savings,expense,1
nhuộm tóc 69k,Beauty,expense,1
vay tạm 4.8tr,Debt,expense,1
grab bike 960k,Transport,expense,1
đầu tư quỹ mở 15k,Investment,expense,1
hùn vốn 9169k,Investment,expense,1
combo phở gà 4.989k,Food,expense,1
tiết kiệm định kỳ 18k,Investment,income,1
quỹ dự phòng 99k,Savings,expense,1
nạp crypto +790k,Salary,income,1
thanh toán nợ thẻ 150k,Debt,expense,1
mua đồ tech 2tr,Shopping,expense,1
di choi khong ne #1208,Business,income,0
trả góp 12k,Debt,expense,1
xong viec ping toi #1210,Business,income,0
nạp margin 88k,Bonus,income,1
combo quỹ du lịch 28tr,Savings,expense,1
trà sữa 88k,Food,expense,1
tiết kiệm học phí 34tr,Investment,income,1
mua hoa 99k,Social,expense,1
mua tài khoản học online 32.6tr,Education,expense,1
quỹ khẩn cấp +35tr,Salary,income,1
phí nhỏ 24tr,Others,expense,1
thanh toán nợ thẻ 1.742k,Debt,expense,1
đi concert 7.572k,Entertainment,expense,1
quà handmade +2197k,Business,income,1
gift card +99k,Business,income,1
escape room 10tr,Entertainment,expense,1
khác 8654k,Business,income,1
đầu tư quỹ mở +20tr,Business,income,1
tiêm ngừa 5.214k,Health,expense,1
quyên góp 1.9tr,Charity,expense,1
gia sư 14.3tr,Education,expense,1
misc payment 8.556k,Others,expense,1
đăng ký khóa học +33tr,Business,income,1
mua kem chống nắng 145k,Beauty,expense,1
mua giày 3975k,Shopping,expense,1
combo sửa máy lạnh 69k,Housing,expense,1
đi pub 25k,Entertainment,expense,1
hùn vốn 29tr,Investment,expense,1
ủng hộ bão lũ 12k,Charity,expense,1
khám tổng quát 12k,Health,expense,1
transaction fee 1.559k,Business,income,1
mua tài liệu +853k,Business,income,1
hoàn tiền mượn 69k,Debt,expense,1
combo support fee 5574k,Others,expense,1
quỹ dự phòng 542k,Savings,expense,1
wax 8.863k,Beauty,expense,1
bún bò 88k,Food,expense,1
trả nợ +5.1tr,Business,income,1
phí nhỏ 899k,Business,income,1
du lịch ngắn ngày 677k,Entertainment,expense,1
grab bike 634k,Transport,expense,1
bún bò 445k,Food,expense,1
lặt vặt 88k,Others,expense,1
mì cay 18k,Food,expense,1
săn sale 4419k,Shopping,expense,1
bỏ heo 14.8tr,Savings,expense,1
oke de toi check #1259,Business,income,0
grab bike 12tr,Transport,expense,1
mì cay 69k,Food,expense,1
mua rau 1.3tr,Essentials,expense,1
chợ đêm ơi mai tinh tiep nha,Business,income,0
đòi nợ +18củ,Business,income,1
mua ETF 5743k,Investment,expense,1
nạp margin 26k,Investment,expense,1
thay nhớt 25.3củ,Transport,expense,1
transaction fee +31tr,Business,income,1
mua hoa +35củ,Bonus,income,1
đăng ký khóa học 6.905k,Education,expense,1
góp quỹ lớp 99k,Social,expense,1
siêu thị tuần 15k,Essentials,expense,1
sushi 9củ,Food,expense,1
tiêm ngừa 88k,Health,expense,1
dịch vụ phát sinh 829k,Others,expense,1
làm nail 18k,Beauty,expense,1
nạp crypto +15k,Investment,income,1
góp quỹ từ thiện 888k,Charity,expense,1
combo quyên góp 5củ,Charity,expense,1
bánh mì 249k,Food,expense,1
trà sữa 11.2tr,Food,expense,1
trái cây 20k,Essentials,expense,1
đầu tư đất nền +903k,Business,income,1
sushi 99k,Food,expense,1
mua vở bút 3.3tr,Education,expense,1
lặt vặt +15k,Business,income,1
đòi nợ +99k,Salary,income,1
mua sách +9.5củ,Bonus,income,1
wax 8.837k,Beauty,expense,1
khác +32.8củ,Business,income,1
combo mua tài khoản học online 45k,Education,expense,1
tiền mừng 30.2củ,Social,expense,1
gift card 33k,Social,expense,1
tiết kiệm học phí +144k,Investment,income,1
tiền nước 45k,Housing,expense,1
thu hồi tiền cọc +16.2tr,Business,income,1
thu hồi tiền cọc 806k,Debt,expense,1
mua ETF 15k,Investment,expense,1
tiền thuê nhà 15k,Housing,expense,1
góp quỹ lớp 18k,Social,expense,1
sửa máy lạnh 630k,Housing,expense,1
xét nghiệm 99k,Health,expense,1
thanh toán nợ thẻ 3782k,Business,income,1
lệ phí thi 566k,Education,expense,1
tiệc bạn bè 983k,Social,expense,1
để dành mua nhà 7.769k,Savings,expense,1
nạp crypto 660k,Investment,expense,1
để dành mua nhà 144k,Savings,expense,1
thu hồi khoản vay +437k,Salary,income,1
tiệc bạn bè 22củ,Social,expense,1
đầu tư quỹ mở 1.353k,Investment,expense,1
combo mua tai nghe 4480k,Shopping,expense,1
combo tiền điện 10.3củ,Housing,expense,1
đầu tư đất nền 1.799k,Investment,expense,1
mua vàng 27tr,Investment,expense,1
taxi 9121k,Transport,expense,1
trả nợ +9củ,Business,income,1
tiệc bạn bè 7tr,Social,expense,1
tiền mừng +252k,Salary,income,1
"di choi khong ne, lụm",Business,income,0
gửi tiết kiệm 14củ,Savings,expense,1
mua serum 14.8tr,Beauty,expense,1
trả góp +5.1tr,Business,income,1
mua giày 4tr,Shopping,expense,1
bỏ heo +9994k,Salary,income,1
support fee 633 nghìn,Others,expense,1
khoản về từ lặt vặt 57k,Business,income,1
workshop 13.8tr,Education,expense,1
mua hoa 7.045 ngàn,Social,expense,1
phí cầu đường 69k,Transport,expense,1
mua ETF 15k,Business,income,1
quỹ du lịch 1.4tr,Savings,expense,1
xin slot,Business,income,0
sửa máy lạnh 4.380 nghìn,Housing,expense,1
bỏ heo 9tr,Savings,expense,1
gia sư 30.7củ,Education,expense,1
đăng ký khóa học 513k,Education,expense,1
nạp crypto 18k,Investment,expense,1
nhận tiền dịch vụ phát sinh +159 nghìn,Business,income,1
đổ xăng 231k,Transport,expense,1
khoản về từ tiết kiệm online 6.050 ngàn,Investment,income,1
đóng học phí 1873 nghìn,Education,expense,1
du lịch ngắn ngày 7741k,Entertainment,expense,1
nhận tiền quà handmade +1.276k,Business,income,1
gửi tiết kiệm 656k,Savings,expense,1
mua áo 4tr,Shopping,expense,1
đăng ký khóa học 9.481 ngàn,Education,expense,1
nạp margin +8.499k,Bonus,income,1
nhận tiền mua vàng +69k,Investment,income,1
nhận tiền tiết kiệm học phí +18.8củ,Bonus,income,1
mua rau 19tr,Essentials,expense,1
hoàn tiền mượn 975k,Debt,expense,1
thuê xe 11củ,Transport,expense,1
đòi nợ 7129k,Debt,expense,1
nạp margin +45k,Salary,income,1
bảo hiểm y tế 15 nghìn,Health,expense,1
phí nhỏ 909k,Others,expense,1
mua sách 2.8củ,Education,expense,1
mừng cưới +15.2củ,Business,income,1
thu hồi khoản vay 9047 ngàn,Debt,expense,1
làm nail 9580k,Beauty,expense,1
tiệc bạn bè 18 nghìn,Social,expense,1
xem phim 4.085k,Entertainment,expense,1
tiền thuê nhà 15 nghìn,Housing,expense,1
mua sữa 6667k,Essentials,expense,1
tiết kiệm online +18tr,Investment,income,1
gửi tiết kiệm 23tr,Savings,expense,1
xong viec ping toi,Business,income,0
khoản về từ gửi tiết kiệm 16 ngàn,Investment,income,1
mừng cưới 9.161 ngàn,Social,expense,1
karaoke 7626 nghìn,Entertainment,expense,1
mua phụ kiện 27.1củ,Shopping,expense,1
random charge 5 ngàn,Others,expense,1
mua trái phiếu 2.967k,Investment,expense,1
nhận tiền mua vàng +30.4tr,Investment,income,1
nhận tiền gửi phong bì +31k,Bonus,income,1
dọn nhà 1560k,Housing,expense,1
mua sữa 325k,Essentials,expense,1
quyên góp 450k,Charity,expense,1
làm nail 4.284k,Beauty,expense,1
mua kem chống nắng 812 nghìn,Beauty,expense,1
thay nhớt 110 ngàn,Transport,expense,1
thu hồi tiền cọc 99 nghìn,Debt,expense,1
viện phí 925k,Health,expense,1
quỹ khuyến học 25k,Charity,expense,1
mua vở bút +171 nghìn,Business,income,1
trip cuối tuần 776k,Entertainment,expense,1
cmt giup tui cai,Business,income,0
transaction fee +9tr,Business,income,1
oke de toi check,Business,income,0
support fee 731k,Others,expense,1
khoản về từ random charge 380k,Business,income,1
escape room 9.8củ,Entertainment,expense,1
mua sách +3.302 nghìn,Business,income,1
be car 4183k,Transport,expense,1
skincare set 6tr,Beauty,expense,1
phí nhỏ 5.2tr,Others,expense,1
mua serum 17.4củ,Beauty,expense,1
làm nail 4226 nghìn,Beauty,expense,1
để dành mua nhà 3144 nghìn,Savings,expense,1
tiệc bạn bè 4047k,Social,expense,1
sushi 24củ,Food,expense,1
mua cổ phiếu 30củ,Investment,expense,1
đồ ăn dự trữ 20 nghìn,Essentials,expense,1
mua thịt 3.602k,Essentials,expense,1
bún bò 30tr,Food,expense,1
gia sư +6587k,Business,income,1
app nay lag qua troi,Business,income,0
mua ETF 5.774 ngàn,Business,income,1
đi pub 332k,Entertainment,expense,1
siêu thị tuần 6256 nghìn,Essentials,expense,1
ủng hộ 18k,Charity,expense,1
đi spa 25k,Entertainment,expense,1
thanh toán nợ thẻ 924k,Business,income,1
random charge 378k,Business,income,1
chot keo luc toi #1419,Business,income,0
mua ETF 29.9củ,Investment,expense,1
mua serum 69k,Beauty,expense,1
phở gà 69k,Food,expense,1
sửa máy lạnh 3705k,Housing,expense,1
mua tài khoản học online 15.6tr,Business,income,1
đầu tư quỹ mở 5.005k,Investment,expense,1
gift card +549 ngàn,Salary,income,1
quỹ dự phòng 2406k,Savings,expense,1
escape room 20k,Entertainment,expense,1
vay tạm 88k,Debt,expense,1
đòi nợ 28tr,Debt,expense,1
bỏ heo 241k,Savings,expense,1
góp quỹ lớp 4.2củ,Social,expense,1
mừng cưới 9.437k,Social,expense,1
đóng học phí 1.4tr,Education,expense,1
escape room 4.415 nghìn,Entertainment,expense,1
đòi nợ 3củ,Business,income,1
quà handmade 7.632k,Business,income,1
taxi 19tr,Transport,expense,1
mì cay 12k,Food,expense,1
bảo hiểm y tế 22.3tr,Health,expense,1
phí nhỏ 99 nghìn,Others,expense,1
hùn vốn 27tr,Investment,expense,1
workshop 20k,Business,income,1
quỹ du lịch 7củ,Business,income,1
mua phụ kiện 25k,Shopping,expense,1
thanh toán nợ thẻ 45 ngàn,Business,income,1
misc payment 4990 nghìn,Others,expense,1
gửi xe 99k,Transport,expense,1
trip cuối tuần 9022k,Entertainment,expense,1
mua phụ kiện 12 nghìn,Shopping,expense,1
để dành mua nhà 12 ngàn,Business,income,1
mua đèn 512 nghìn,Housing,expense,1
quà handmade 306k,Social,expense,1
tiền nước 928k,Housing,expense,1
hom nay troi oi la troi #1458,Business,income,0
trả nợ ngân hàng +55k,Business,income,1
trái cây 521 ngàn,Essentials,expense,1
tiệc bạn bè 12.3củ,Business,income,1
mua giày 1.141k,Shopping,expense,1
đi pub 31.4tr,Entertainment,expense,1
trà sữa 4208k,Food,expense,1
thu hồi khoản vay 45k,Debt,expense,1
khám nha 2197 nghìn,Health,expense,1
săn sale 2803 nghìn,Shopping,expense,1
bỏ heo 879k,Business,income,1
mua thuốc 20 nghìn,Health,expense,1
bún bò 2882k,Food,expense,1
tiền mừng +955 nghìn,Salary,income,1
mua balo 20k,Shopping,expense,1
gift card 297k,Social,expense,1
mua tài khoản học online 29tr,Education,expense,1
hoàn tiền mượn 3.527 nghìn,Business,income,1
thu hồi tiền cọc 8.570k,Business,income,1
xét nghiệm 927k,Health,expense,1
tiệc bạn bè 21.7tr,Business,income,1
mua quần 386k,Shopping,expense,1
transaction fee 1.452k,Others,expense,1
support fee +764 ngàn,Business,income,1
mua ETF 2.987k,Business,income,1
ship hàng 20k,Transport,expense,1
tiền mừng 205 ngàn,Social,expense,1
trip cuối tuần 25 ngàn,Entertainment,expense,1
mua kem chống nắng 99 ngàn,Beauty,expense,1
đi pub 99 ngàn,Entertainment,expense,1
nạp game 32.3tr,Entertainment,expense,1
"đi spa, trả 20 nghìn qua scan qr",Entertainment,expense,1
trả nợ 45k vnđ,Debt,expense,1
"khám mắt 16.8tr, khum",Health,expense,1
"chợ đêm vé lễ hội , 15k",Entertainment,expense,1
"food court trung tâm thương mại mua ETF , 113 ngàn",Investment,expense,1
"mua quà sinh nhật 2027 ngàn, bắn qua banking app",Business,income,1
"tiết kiệm định kỳ +621 ngàn, nhà ngoại",Investment,income,1
"mua tài khoản học online +12k vnđ, sảnh tòa nhà",Business,income,1
"đi concert 12 ngàn ở vỉa hè, gấp gấp",Entertainment,expense,1
"12 ngàn, done by quẹt thẻ",Business,income,1
đi pub 3880k vnđ,Entertainment,expense,1
"trả nợ ngân hàng +20k vnđ, nhận",Salary,income,1
business +794k,Business,income,1
"góp quỹ từ thiện tại ở nhà, trả 24.8tr qua scan qr",Charity,expense,1
"ở nhà siêu thị tuần , 950k, gấp gấp",Essentials,expense,1
"chung cư khám quát , 5.7tr",Health,expense,1
đồng +18k,Investment,income,1
nạp crypto 277 ngàn,Investment,expense,1
"thu hồi khoản vay, 15tr by chuyển khoản",Debt,expense,1
nhà nội góp quỹ từ thiện; 796k vnđ,Charity,expense,1
"nhà ngoại phí nhỏ , 9689k vnđ",Others,expense,1
gia vị 24củ,Essentials,expense,1
chợ đêm: vé lễ hội 88k đồng,Entertainment,expense,1
vỉa hè: đi concert 3.7tr,Entertainment,expense,1
"mua vàng, scan qr 7.534k đồng, gấp gấp",Investment,expense,1
"34.7củ, done by tiền mặt",Bonus,income,1
"nhà nội mua gạo , 715 nghìn, gấp gấp",Essentials,expense,1
pantry văn phòng dịch vụ phát sinh; 3.569k,Others,expense,1
nghìn +25 nghìn,Business,income,1
"workshop, 446 ngàn by scan qr",Education,expense,1
ở nhà mua rau; 6.4củ bằng banking app,Essentials,expense,1
tiền nước 27củ,Housing,expense,1
phí nhỏ +198 nghìn,Bonus,income,1
ngàn +45 ngàn,Business,income,1
"gửi xe 10.7củ, thanh toán tiền mặt, 1 lít",Transport,expense,1
nhà ngoại mua đồ gia dụng; 4798k,Housing,expense,1
"mua tài khoản học online 5338k đồng, bắn qua quẹt thẻ",Business,income,1
"đi mall lunch zone rồi quỹ khuyến học, 13củ",Charity,expense,1
nạp crypto 8.207k,Investment,income,1
"dang o van phong roi, khum",Business,income,0
nhà nội tiền nước; 538k đồng bằng banking app,Housing,expense,1
"27.6tr, done by tiền mặt",Business,income,1
bỏ heo 27củ,Savings,expense,1
cho xin review nhe #1534,Business,income,0
"nhà nội khám mắt , 21tr, lụm",Health,expense,1
"gội dưỡng sinh, trả 640k đồng",Beauty,expense,1
mua quà sinh nhật 20 ngàn,Business,income,1
khu trọ xét nghiệm; 6137k đồng,Health,expense,1
khác 33.7tr,Others,expense,1
"15.5củ, done by scan qr",Business,income,1
"sushi in chợ đêm, 69k vnđ by scan qr",Food,expense,1
mừng cưới 25.6tr ở vỉa hè,Social,expense,1
tiết kiệm định kỳ 3.1củ,Investment,income,1
mua trái phiếu 617k đồng,Investment,expense,1
vnđ +3518k,Bonus,income,1
đồ pet 45 nghìn ở ở nhà,Essentials,expense,1
"mua quà sinh nhật, vào tài khoản 16củ, khum",Business,income,1
đi spa 6.9củ,Entertainment,expense,1
"quán cóc mua trái phiếu , 188 nghìn, gấp gấp",Investment,expense,1
"Đi nhà nội rồi sửa ống nước, bay 4.1củ, cảm giác",Housing,expense,1
"cho tặng bữa ăn, trả 406k",Charity,expense,1
"quỹ dự phòng, vào tài khoản 8.012k đồng",Business,income,1
"đóng học phí 45 nghìn, mlem",Education,expense,1
nhà ngoại: bỏ heo 4.4tr,Savings,expense,1
"khu trọ mua đồ gia dụng , 4.898 nghìn, mlem",Housing,expense,1
"hùn vốn, trả 952k",Investment,expense,1
"đi rồi mua kem chống nắng, bay ảm giác 10củ",Beauty,expense,1
"mua quà sinh nhật, 45 nghìn by quẹt thẻ",Social,expense,1
"lẩu mini in vỉa hè, 29.3củ by scan qr",Food,expense,1
"15 nghìn, done by banking app",Business,income,1
đòi nợ 6500 nghìn,Debt,expense,1
coworking: gội dưỡng sinh 3.273k,Beauty,expense,1
"chợ đêm nạp game , 88k, mlem",Entertainment,expense,1
"đi spa, 26củ by banking app",Entertainment,expense,1
"vitamin ở ở nhà, quẹt thẻ 51k, chill",Health,expense,1
mua mall lunch zone đóng học phí; bằng 8.841k,Education,expense,1
"tiền thuê nhà tại ở nhà, trả 7tr qua banking app",Housing,expense,1
"chợ đêm mì cay , 4.031 ngàn, lụm",Food,expense,1
mua quần 540 nghìn,Shopping,expense,1
"Đi rồi mua quần, bay 99 nghìn, cảm giác",Shopping,expense,1
"taxi 7.791k ở vỉa hè, hơi cấn",Transport,expense,1
"support fee, vào tài khoản 8củ",Business,income,1
"tiền điện, trả 3.002 ngàn qua chuyển khoản",Housing,expense,1
"mua đồ gia dụng tại ở nhà, trả 5.245k vnđ",Housing,expense,1
tiết kiệm online 439 nghìn,Savings,expense,1
"đóng học phí, trả 66k vnđ qua banking app",Education,expense,1
mua tài liệu +12tr,Bonus,income,1
"thanh toán nợ thẻ 1.079 nghìn, bắn qua scan qr",Business,income,1
"khám nha, trả 33k đồng qua scan qr",Health,expense,1
mua nhu yếu phẩm tặng 33k đồng,Charity,expense,1
"nạp crypto +8620 ngàn, nhận",Salary,income,1
bỏ heo 20k,Business,income,1
"lệ phí thi, 23tr by quẹt thẻ",Education,expense,1
khu trọ tiền thuê nhà; 69k vnđ,Housing,expense,1
nhà ngoại: mua gạo 7.342 nghìn,Essentials,expense,1
đòi nợ 512 ngàn tai ở nhà,Debt,expense,1
chung cư: mua gạo 18k vnđ,Essentials,expense,1
"lệ phí thi, vào tài khoản 4.981 ngàn, hơi cấn",Business,income,1
"hoàn tiền mượn +35củ, chung cư",Business,income,1
mua chăn ấm 1.884k vnđ,Charity,expense,1
"vay tạm in hẻm nhỏ, 67 ngàn by chuyển khoản",Debt,expense,1
nhà ngoại: mua sữa 24củ,Essentials,expense,1
lặt vặt 3.827 nghìn,Others,expense,1
"mua cổ phiếu 3122k vnđ, hơi cấn",Investment,expense,1
"tiết kiệm định kỳ, chuyển khoản 22củ, mlem",Savings,expense,1
ngàn +7.555 ngàn,Business,income,1
"Đi coworking rồi săn sale, bay 446 ngàn, cảm giác",Shopping,expense,1
"trả nợ 847 nghìn, bắn qua scan qr",Business,income,1
nghìn +449 nghìn,Investment,income,1
"mua tài khoản học online, vào tài khoản 25 ngàn",Business,income,1
"đi pantry văn phòng rồi skincare set, 35củ",Beauty,expense,1
mua giày 21tr,Shopping,expense,1
thu hồi khoản vay 20 nghìn,Business,income,1
"xong viec ping toi, vibe ổn",Business,income,0
cơm tấm 5344 nghìn,Food,expense,1
"28củ, done by banking app",Business,income,1
investment +69k,Investment,income,1
"đi quán cóc rồi du lịch ngắn ngày, bay 33 ngàn",Entertainment,expense,1
"khám mắt, 1.769 nghìn by chuyển khoản",Health,expense,1
"khám nha, 27.5củ by chuyển khoản",Health,expense,1
"coworking mua đồ tech , 12k vnđ",Shopping,expense,1
"thanh toán nợ thẻ 69k vnđ, bắn qua quẹt thẻ",Business,income,1
mua pantry văn phòng ủng hộ; vnđ bằng c 6335k,Charity,expense,1
chung cư: trái cây 4.6tr,Essentials,expense,1
mua vàng 809k,Investment,expense,1
"gội dưỡng sinh, trả 2367k đồng qua banking app",Beauty,expense,1
"workshop +35.1củ, nhận",Salary,income,1
"lặt vặt, vào tài khoản 6.2tr, mlem",Business,income,1
"trả nợ ngân hàng 25k, bắn qua tiền mặt",Business,income,1
"mua sách, quẹt thẻ 69k, gấp gấp",Education,expense,1
"Boi tien roi ne: khác +1513k, chung cư",Business,income,1
"mua nhu yếu phẩm tặng ở hẻm nhỏ, scan q 5.056k",Charity,expense,1
"Đi quán cóc rồi phở gà, bay 45k, cảm giác",Food,expense,1
vỉa hè cho tặng bữa ăn; 833k đồng bằng quẹt thẻ,Bonus,income,1
business +35củ,Business,income,1
"đóng học phí, trả 15 nghìn qua chuyển khoản",Education,expense,1
"food court trung tâm thương mại workshop , 15k",Education,expense,1
chợ đêm: mì cay 9.855k đồng,Food,expense,1
"2tr, done by banking app",Business,income,1
ngàn +9.860 ngàn,Business,income,1
chợ đêm: cơm tấm 831k,Food,expense,1
"thu hồi khoản vay, vào tài khoản 557 nghìn, hơi cấn",Business,income,1
"quỹ khẩn cấp +27k, xe đẩy đầu ngõ",Business,income,1
"săn sale, quẹt thẻ 23củ, khum",Shopping,expense,1
nhà nội: mua đèn 624 ngàn,Housing,expense,1
"đi xe đẩy đầu ngõ rồi tiệc bạn bè, bay 950k",Social,expense,1
tiền mừng 5củ,Business,income,1
gửi xe 69 ngàn ở chợ đêm,Transport,expense,1
"Đi rồi tiền mừng, bay 45k, cảm giác khum",Social,expense,1
"chung cư trả góp , 88k đồng",Debt,expense,1
chợ đêm: taxi 2củ,Transport,expense,1
"mua vàng tại chợ đêm, trả 4449 nghìn",Investment,expense,1
quán cóc trà sữa; 15 nghìn,Food,expense,1
"đi pantry văn phòng rồi ủng hộ bão lũ, 843 nghìn",Charity,expense,1
xe đẩy đầu ngõ: mua cổ phiếu 5696k đồng,Investment,expense,1
mua sách 8tr,Business,income,1
"để dành mua nhà +2tr, nhận",Salary,income,1
"đăng ký khóa học 9.931 ngàn, bắn qua chuyển khoản",Business,income,1
phí nhỏ 45k đồng,Others,expense,1
"tiết kiệm học phí +937k đồng, nhận tại hẻm nhỏ",Salary,income,1
"tiền nước, 3258k by tiền mặt",Housing,expense,1
"ở nhà khám nha , 259k",Health,expense,1
ủng hộ bão lũ 13.4tr,Charity,expense,1
quán cóc be car; 451 ngàn bằng chuyển khoản,Transport,expense,1
"bảo hiểm y tế, trả 27củ",Health,expense,1
"xe đẩy đầu ngõ gửi xe , 29.3tr, gấp gấp, 1 lít",Transport,expense,1
"hùn vốn, 2.9củ by quẹt thẻ",Investment,expense,1
support fee 88k đồng,Others,expense,1
Transport,Transport,expense,1
"mua sữa, scan qr 761 nghìn",Essentials,expense,1
"tiết kiệm online, 15k vnđ by scan qr",Savings,expense,1
"transaction fee, 14tr by banking app",Others,expense,1
sảnh tòa nhà nhuộm tóc; 184k vnđ,Beauty,expense,1
"912 nghìn, done by quẹt thẻ",Business,income,1
"chi phí linh tinh +18 ngàn, nhận tại hẻm nhỏ",Salary,income,1
đi spa 65k vnđ,Entertainment,expense,1
"mua tai nghe, 3446 ngàn by tiền mặt",Shopping,expense,1
cmt giup tui cai #1673,Business,income,0
"mua cổ phiếu +69k đồng, chung cư",Business,income,1
tiệc bạn bè 6.770k,Business,income,1
business +6tr,Business,income,1
"khác, vào tài khoản 20củ",Business,income,1
lệ phí thi 2252 ngàn,Education,expense,1
"viện phí, tiền mặt 7.8củ",Health,expense,1
"bỏ heo, vào tài khoản 151k, gấp gấp",Business,income,1
"mua tài liệu, trả 2889 ngàn",Education,expense,1
góp quỹ lớp 31củ ở chợ đêm,Social,expense,1
"sảnh tòa nhà quỹ du lịch , 3.018 ngàn",Savings,expense,1
coworking mua đồ tech; 13tr bằng banking app,Shopping,expense,1
Education,Education,expense,1
ngàn +99 ngàn,Business,income,1
nhuộm tóc 14củ,Beauty,expense,1
business +1.3củ,Business,income,1
vỉa hè ơi toi ve nha day,Business,income,0
"mua tài liệu, trả 28củ",Education,expense,1
"siêu thị tuần ở ở nhà, quẹt thẻ 4.053 ngàn",Essentials,expense,1
"mua quần, trả 8tr qua scan qr",Shopping,expense,1
"vỉa hè phở gà , 35củ",Food,expense,1
sảnh tòa nhà đăng ký khóa học; 8.064 ngàn,Education,expense,1
pantry văn phòng mua toner; 12k,Beauty,expense,1
chợ đêm: trip cuối tuần 18tr,Entertainment,expense,1
hùn vốn 12 ngàn ở ở nhà,Investment,expense,1
"252k đồng, done by quẹt thẻ",Business,income,1
"mua trip cuối tuần ở chợ đêm, chuyển kh 461k",Entertainment,expense,1
mừng cưới 69 ngàn,Social,expense,1
tiêm ngừa 17củ,Health,expense,1
đầu tư quỹ mở 9củ,Business,income,1
"chung cư dọn nhà , 330k, lụm",Housing,expense,1
ở nhà: dọn nhà 31củ,Housing,expense,1
"đi ở nhà rồi tiêm ngừa, bay vnđ, cảm g 3246k",Health,expense,1
quỹ khẩn cấp +45k đồng,Bonus,income,1
"khám mắt, 627 ngàn by banking app",Health,expense,1
hẻm nhỏ cơm tấm; 18k vnđ bằng scan qr,Food,expense,1
"đòi nợ +969k đồng, nhận",Salary,income,1
"gà rán tại xe đẩy đầu ngõ, trả 14tr",Food,expense,1
trả nợ 206 nghìn,Business,income,1
misc payment 8.5tr,Others,expense,1
quỹ khẩn cấp 12tr,Business,income,1
"xong viec ping toi, khum",Business,income,0
"để dành mua nhà, 10.6tr by scan qr",Savings,expense,1
"mua chăn ấm ở ở nhà, chuyển khoản 9.622k đồng",Charity,expense,1
đồ pet 261k vnđ tai ở nhà,Essentials,expense,1
"đi chợ đêm rồi tiết kiệm online, bay v 1.108k",Savings,expense,1
"mua ốp lưng, tiền mặt 35.1củ",Shopping,expense,1
thu hồi khoản vay 16củ,Business,income,1
nhà ngoại: mua hoa 2195k,Social,expense,1
"hùn vốn 5206 nghìn, bắn qua tiền mặt",Business,income,1
misc payment 8220k,Business,income,1
misc payment 6tr,Business,income,1
"gửi phong bì +993 ngàn, nhận",Salary,income,1
Debt,Debt,expense,1
"ở nhà tiêm ngừa , 20tr, gấp gấp",Health,expense,1
mua mua 7.459k,Shopping,expense,1
quỹ du lịch 233k,Savings,expense,1
"gia vị, scan qr 599k vnđ",Essentials,expense,1
"gia sư 32.7củ, khum",Education,expense,1
"1961 ngàn, done by quẹt thẻ",Business,income,1
"khác +25k đồng, nhận tại ở nhà",Salary,income,1
"nạp margin, trả 88k đồng qua banking app",Investment,expense,1
chợ đêm: trả nợ 31tr,Debt,expense,1
investment +15củ,Investment,income,1
"khu trọ trái cây , 812 ngàn",Essentials,expense,1
"mua đồ tech, trả 3.660k vnđ qua scan qr",Shopping,expense,1
"Đi chung cư rồi trả góp, bay 13củ, cảm giác",Debt,expense,1
mua đồ tech 25.4tr,Shopping,expense,1
"mua sách, 33 ngàn by quẹt thẻ",Education,expense,1
đồng +15k,Business,income,1
Food,Food,expense,1
"viện phí, quẹt thẻ 3376 ngàn, mlem",Health,expense,1
mua mua 23.5củ,Shopping,expense,1
"gift card +88k, quán cóc",Business,income,1
tiền mừng 25 ngàn,Business,income,1
mua tài liệu 20k vnđ,Education,expense,1
"mua tài khoản học online, trả qua chuyể 258k",Education,expense,1
"mua áo, chuyển khoản 5603 ngàn",Shopping,expense,1
"đăng ký khóa học, vào tài khoản 20 nghìn",Business,income,1
nhà ngoại khám mắt; 651k bằng scan qr,Health,expense,1
"mua tài khoản học online, 7756k by quẹt thẻ",Education,expense,1
vỉa hè: gift card 354k vnđ,Social,expense,1
"khám nha 2.2củ, hơi cấn",Health,expense,1
"mall lunch zone đi spa , 88 nghìn, mlem",Entertainment,expense,1
"tiền điện, 415k đồng by quẹt thẻ",Housing,expense,1
quán cóc ơi nha co ai onl hem,Business,income,0
mall lunch zone: wax 2.571 ngàn,Beauty,expense,1
nạp crypto 8.050k đồng tai vỉa hè,Investment,expense,1
Business,Food,expense,1
phí nhỏ 7.711 nghìn,Others,expense,1
chợ đêm lặt vặt; 32.4tr bằng banking app,Others,expense,1
"mua gạo, trả 541k vnđ qua banking app",Essentials,expense,1
"mua tài liệu, vào tài khoản 7.270 ngàn, khum",Business,income,1
đầu tư đất nền 24.3củ,Investment,expense,1
"quỹ khẩn cấp +7580 nghìn, pantry văn phòng",Business,income,1
"mua chăn ấm 8.373k, gấp gấp",Charity,expense,1
"6.740 nghìn, done by scan qr",Bonus,income,1
đóng học phí 33.2tr,Education,expense,1
tiết kiệm định kỳ 15k vnđ,Savings,expense,1
lặt vặt 631 ngàn,Others,expense,1
mua: ti 69k,Savings,expense,1
misc payment 4.707k vnđ,Others,expense,1
business +33k,Business,income,1
"grab bike, 9.078 ngàn by tiền mặt, 1 lít",Transport,expense,1
Business,Food,expense,1
"4tr, done by chuyển khoản",Business,income,1
quán cóc ship hàng; 493 nghìn,Transport,expense,1
misc payment 3.943 ngàn,Business,income,1
"quà handmade +22.1củ, chợ đêm",Business,income,1
"mua dịch vụ phát sinh ở xe đẩy đầu ngõ, 2tr",Others,expense,1
"để dành mua nhà, banking app 790k vnđ",Savings,expense,1
"mua nhu yếu phẩm tặng, 311 nghìn by quẹt thẻ",Charity,expense,1
"tiêm ngừa, trả 313k vnđ",Health,expense,1
Business,Business,income,1
nhà nội tiền thuê nhà; 960k đồng bằng scan qr,Housing,expense,1
"đi quán cóc rồi đầu tư quỹ mở, bay vnđ 4493k",Investment,expense,1
"nhà nội đồ ăn dự trữ , 6củ, gấp gấp",Essentials,expense,1
dịch vụ phát sinh 18 ngàn,Business,income,1
Food,Business,income,1
trip cuối tuần 316k tai xe đẩy đầu ngõ,Entertainment,expense,1
"nạp game tại xe đẩy đầu ngõ, trả 1.282k đồng",Entertainment,expense,1
"mua giày, tiền mặt 5.112k đồng, hơi cấn",Shopping,expense,1
mua quán cóc: phí cầu đường xử lý bằng 8.634k,Transport,expense,1
"nạp crypto, vào tài khoản 33 ngàn",Investment,income,1
mua sách 12k,Education,expense,1
dang o van phong roi #1801,Business,income,0
hẻm nhỏ: cho tặng bữa ăn 390k đồng,Charity,expense,1
wifi tháng 18 ngàn,Housing,expense,1
"mua ETF 69k vnđ, bắn qua chuyển khoản",Business,income,1
ở nhà phí nhỏ; 1.3củ,Others,expense,1
"mua giày, scan qr 510k",Shopping,expense,1
"xe đẩy đầu ngõ đi pub , 128k vnđ",Entertainment,expense,1
"mua vở bút, quẹt thẻ 3000 nghìn, lụm",Education,expense,1
"tiết kiệm định kỳ, vào tài khoản 15 nghìn, khum",Investment,income,1
mua toner 34củ,Beauty,expense,1
coworking: transaction fee 5củ,Others,expense,1
mua cổ phiếu 31.9tr,Investment,expense,1
chợ đêm gửi xe; 214 nghìn bằng scan qr,Bonus,income,1
"vỉa hè quỹ du lịch , 22.3tr",Savings,expense,1
"Đi chợ đêm rồi cơm tấm, bay 20k vnđ, cảm giác",Food,expense,1
"vay tạm +29k vnđ, nhận",Salary,income,1
"karaoke 33k đồng ở xe đẩy đầu ngõ, hơi cấn",Entertainment,expense,1
"mua bánh mì tại chợ đêm, trả ngàn qua c 2.494 ngàn",Food,expense,1
đầu tư đất nền 4.980k đồng,Investment,expense,1
"chợ đêm vé lễ hội , 88k đồng, mlem",Entertainment,expense,1
đổ xăng 158 ngàn tai xe đẩy đầu ngõ,Transport,expense,1
"gift card, trả 15k vnđ",Social,expense,1
grab bike 477 ngàn,Transport,expense,1
"đi khu trọ rồi góp quỹ lớp, bay ảm giá 3.880k",Social,expense,1
mua đèn 23củ,Housing,expense,1
nhà ngoại: mua nhu yếu phẩm tặng 985k,Charity,expense,1
"tiền mừng, banking app 13tr, mlem",Social,expense,1
"siêu thị tuần ở ở nhà, chuyển khoản 946 ngàn",Essentials,expense,1
"sửa máy lạnh, trả 69 nghìn",Housing,expense,1
đầu tư đất nền 9.745k,Investment,expense,1
mua mua 623k,Shopping,expense,1
sảnh tòa nhà wax; 783k đồng bằng chuyển khoản,Beauty,expense,1
business +9.627k,Business,income,1
"vay tạm, vào tài khoản 2856k vnđ",Business,income,1
"chi phí linh tinh, vào tài khoản 3.056k vnđ, hơi cấn",Business,income,1
vỉa hè ơi off 1 bua nha team,Business,income,0
xe đẩy đầu ngõ: mua hoa 799 nghìn,Social,expense,1
"trả nợ 468k, bắn qua banking app",Business,income,1
"thay nhớt 521k, okela, 3 lít",Transport,expense,1
business +18.3tr,Business,income,1
đi concert 35củ,Entertainment,expense,1
mua mall lunch zone mua serum; nghìn bằ 6.688 nghìn,Beauty,expense,1
"đi coworking rồi mua ETF, bay đồng, cả 897k",Investment,expense,1
"hùn vốn tại vỉa hè, trả 88k đồng",Investment,expense,1
"skincare set, 12.5tr by tiền mặt",Beauty,expense,1
thuê xe 20 ngàn,Transport,expense,1
coworking: mua sách 45k vnđ,Education,expense,1
"trả nợ 21củ, bắn qua quẹt thẻ",Business,income,1
"dọn nhà, 105 nghìn by scan qr",Housing,expense,1
siêu thị tuần 894k,Essentials,expense,1
"đi chung cư rồi đồ ăn dự trữ, bay nghì 775 nghìn",Essentials,expense,1
"Đi vỉa hè rồi trả nợ, bay 9.924k vnđ, cảm giác",Debt,expense,1
"đi concert ở hẻm nhỏ, banking app 858k đồng, lụm",Entertainment,expense,1
"đầu tư quỹ mở 7.375k, bắn qua banking app",Business,income,1
"mua bánh mì in xe đẩy đầu ngõ, nghìn by 960 nghìn",Food,expense,1
mua vàng 99k đồng,Investment,expense,1
vỉa hè: vé lễ hội 1.409 nghìn,Entertainment,expense,1
"mua concert tại hẻm nhỏ, trả qua chuyển 33.3củ",Entertainment,expense,1
"nạp margin 15củ, bắn qua chuyển khoản",Business,income,1
"đi xe đẩy đầu ngõ rồi trip cuối tuần, 6.1củ",Entertainment,expense,1
"tiền mừng, 20k đồng by banking app",Social,expense,1
"trả nợ ngân hàng 18.2củ, bắn qua banking app",Business,income,1
gội dưỡng sinh 4258 ngàn,Beauty,expense,1
hùn vốn 5tr,Investment,expense,1
"hello ae, nay mood sao roi #1868",Business,income,0
xét nghiệm 133 ngàn,Health,expense,1
"mua quần ở coworking, quẹt thẻ 12k, khum",Shopping,expense,1
"tiết kiệm học phí, vào tài khoản 129k vnđ",Investment,income,1
"gia vị, trả 7796k qua scan qr",Essentials,expense,1
"tiền nước in ở nhà, 10tr by tiền mặt",Housing,expense,1
gội dưỡng sinh 6578k vnđ,Beauty,expense,1
săn sale 45k,Shopping,expense,1
tiết kiệm định kỳ 411k vnđ,Savings,expense,1
ở nhà: đầu tư quỹ mở 446 ngàn,Investment,expense,1
"440 nghìn, done by chuyển khoản",Business,income,1
khu trọ ơi xong viec ping toi,Business,income,0
gia sư 99k đồng,Education,expense,1
"trả nợ +292k đồng, nhận",Salary,income,1
ở nhà: xét nghiệm 512k,Health,expense,1
"tiền điện, trả 25k qua scan qr",Housing,expense,1
"ở nhà tiết kiệm online , 2.548 nghìn",Savings,expense,1
"mua tài liệu 506k vnđ, bắn qua chuyển khoản",Business,income,1
"lặt vặt +719 nghìn, pantry văn phòng",Business,income,1
gửi phong bì 410k,Business,income,1
"chung cư tiền thuê nhà , 80k, lụm",Housing,expense,1
"nail, trả 8.260k vnđ qua scan qr",Beauty,expense,1
"transaction fee, 9136 ngàn by banking app",Others,expense,1
lặt vặt 10tr,Others,expense,1
"372 nghìn, done by chuyển khoản",Business,income,1
đăng ký khóa học 9.840k,Education,expense,1
xe đẩy đầu ngõ: đầu tư đất nền 88 ngàn,Investment,expense,1
phí cầu đường 25k tai chợ đêm,Transport,expense,1
"grab bike ở chợ đêm, banking app 613k",Transport,expense,1
đòi nợ 1.575 ngàn,Debt,expense,1
mua trái phiếu 12 ngàn,Business,income,1
"đầu tư quỹ mở, scan qr 14tr, lụm",Investment,expense,1
"6tr, done by chuyển khoản",Investment,income,1
"siêu thị tuần, 15k đồng by banking app",Essentials,expense,1
misc payment 26.2tr,Business,income,1
mua ETF 3tr,Investment,expense,1
mua trái phiếu 11tr,Business,income,1
chợ đêm ơi dang o van phong roi,Business,income,0
trái cây 108 ngàn,Essentials,expense,1
tiền điện 48k vnđ,Housing,expense,1
hoàn tiền mượn 1649 ngàn,Debt,expense,1
gửi xe 7.2tr,Transport,expense,1
xét nghiệm 2141k,Health,expense,1
tiền điện 45 nghìn,Housing,expense,1
du lịch ngắn ngày 933 ngàn,Entertainment,expense,1
mua sữa 2235 ngàn,Essentials,expense,1
đầu tư đất nền +14k vnđ,Business,income,1
mua quà sinh nhật +816 nghìn,Business,income,1
lệ phí thi 7359k,Education,expense,1
mua thịt 2.162 ngàn,Essentials,expense,1
ủng hộ bão lũ 335k,Charity,expense,1
mua ETF 35tr,Investment,expense,1
wax 6979k đồng,Beauty,expense,1
trả nợ ngân hàng 99 nghìn,Debt,expense,1
transaction fee 33k vnđ,Business,income,1
tiết kiệm học phí 967 ngàn,Investment,income,1
mua tài liệu 118k vnđ,Education,expense,1
phí nhỏ 23củ,Business,income,1
thu hồi khoản vay 20 ngàn,Debt,expense,1
tiết kiệm định kỳ 562k vnđ,Savings,expense,1
gửi xe 31.5tr,Transport,expense,1
mua tài liệu 33k đồng,Business,income,1
tiền điện 464k đồng,Housing,expense,1
mua áo 15củ,Shopping,expense,1
bảo hiểm y tế 69k,Health,expense,1
gửi phong bì 69 ngàn,Bonus,income,1
support fee 21củ,Others,expense,1
sushi 7.819k,Food,expense,1
mua hoa 34.5củ,Social,expense,1
grab bike 628 nghìn,Transport,expense,1
lẩu mini 88 nghìn,Food,expense,1
mua thuốc 475k vnđ,Health,expense,1
vitamin 9.653 ngàn,Health,expense,1
vay tạm 27tr,Business,income,1
gia sư 2.895 nghìn,Business,income,1
quỹ dự phòng 225 nghìn,Savings,expense,1
đi spa 7tr,Entertainment,expense,1
random charge 797 ngàn,Business,income,1
trả nợ 15 nghìn,Debt,expense,1
gift card 45k đồng,Business,income,1
lệ phí thi 7.589k đồng,Education,expense,1
mua kem chống nắng 99 ngàn,Beauty,expense,1
mừng cưới 899k vnđ,Social,expense,1
đầu tư đất nền 931 ngàn,Business,income,1
mua vàng 259 ngàn,Investment,expense,1
mua vàng 20 ngàn,Investment,expense,1
chi phí linh tinh 253 ngàn,Others,expense,1
tiết kiệm học phí 69k,Investment,income,1
gà rán combo 88 ngàn,Food,expense,1
nạp crypto +4.6củ,Salary,income,1
quỹ khẩn cấp +12k đồng,Bonus,income,1
gia sư 99k vnđ,Education,expense,1
tiền mừng 99k vnđ,Social,expense,1
mừng cưới 3.983k,Social,expense,1
tiệc bạn bè 88k,Social,expense,1
sửa máy lạnh 13.5củ,Housing,expense,1
chi phí linh tinh 33k đồng,Others,expense,1
mua hoa 409k vnđ,Business,income,1
mua tài liệu 8604 nghìn,Business,income,1
tiệc bạn bè 133k vnđ,Business,income,1
mua vàng +22.2củ,Investment,income,1
mua giày 31.4tr,Shopping,expense,1
làm nail 2733k vnđ,Beauty,expense,1
skincare set 6củ,Beauty,expense,1
mua cổ phiếu 26tr,Investment,expense,1
phí nhỏ 25củ,Others,expense,1
wax 7077 ngàn,Beauty,expense,1
gửi phong bì 4963k vnđ,Business,income,1
mua trái phiếu 9.818k,Business,income,1
mua ETF +20 nghìn,Business,income,1
thanh toán nợ thẻ +3419 nghìn,Business,income,1
thanh toán nợ thẻ 4166k vnđ,Debt,expense,1
mua đồ gia dụng 7205k đồng,Housing,expense,1
gia sư +2tr,Business,income,1
"để dành mua nhà, trả 275 nghìn qua banking app",Savings,expense,1
"mall lunch zone skincare set , 13tr",Beauty,expense,1
"đầu tư quỹ mở +630 ngàn, mall lunch zone",Business,income,1
"coworking ủng hộ , 7.9tr",Charity,expense,1
"phí nhỏ ở nhà ngoại, scan qr 33k, chill",Others,expense,1
"mua vàng +368 ngàn, khu trọ",Investment,income,1
"khám mắt, banking app 433 nghìn, lụm",Health,expense,1
"xe đẩy đầu ngõ tiết kiệm định kỳ , 69k đồng",Savings,expense,1
business +1.778k,Business,income,1
"bánh mì 6củ ở chợ đêm, gấp gấp",Food,expense,1
gia sư 20.3củ,Education,expense,1
escape room 27.1tr tai vỉa hè,Entertainment,expense,1
đi spa 336 nghìn,Entertainment,expense,1
wax 21.6củ,Beauty,expense,1
pantry văn phòng: mua đồ tech 7.431k vnđ,Shopping,expense,1
mua trái phiếu 88 ngàn,Investment,expense,1
"3.132k vnđ, done by quẹt thẻ",Business,income,1
"quà handmade, quẹt thẻ 15 nghìn",Social,expense,1
mua: ủn 17củ,Charity,expense,1
mua balo 70 ngàn,Shopping,expense,1
"mua gạo 8.174k, mlem",Essentials,expense,1
đồng +4.618k,Bonus,income,1
"quỹ khuyến học 31củ ở ở nhà, gấp gấp",Charity,expense,1
gà rán 30.8tr,Food,expense,1
khác 4.714k vnđ,Others,expense,1
mua đồ gia dụng 8.072k đồng,Housing,expense,1
"nạp crypto +9.083 nghìn, nhận",Salary,income,1
"đồ pet, tiền mặt 20k đồng",Essentials,expense,1
"vé lễ hội ở vỉa hè, chuyển khoản 15 nghìn, khum",Entertainment,expense,1
vỉa hè gửi xe; 4424k vnđ bằng quẹt thẻ,Bonus,income,1
di choi khong ne #2015,Business,income,0
"chung cư sửa máy lạnh , 595k, khum",Housing,expense,1
mall lunch zone nail; 31củ bằng chuyển khoản,Beauty,expense,1
"đi pantry văn phòng rồi mua vở bút, ba 18tr",Education,expense,1
"mua tài liệu, 9703k vnđ by chuyển khoản",Education,expense,1
"Đi quán cóc rồi phở gà, bay 88 nghìn, cảm giác",Food,expense,1
business +34củ,Business,income,1
mua đồ tech 27tr,Shopping,expense,1
mua rau 1997k,Essentials,expense,1
nghìn +9.914 nghìn,Business,income,1
chung cư phí nhỏ; 8.090k đồng,Others,expense,1
xe đẩy đầu ngõ: nạp crypto 3.386 nghìn,Investment,expense,1
lặt vặt 397 nghìn,Others,expense,1
"nạp crypto tại ở nhà, trả 6.471k vnđ qua scan qr",Investment,expense,1
"ủng hộ y tế, trả 13tr",Charity,expense,1
"tiệc bạn bè 5261k vnđ, bắn qua tiền mặt",Business,income,1
cho tặng bữa ăn 33 nghìn,Charity,expense,1
"35.6tr, done by quẹt thẻ",Business,income,1
đồng +1481k,Investment,income,1
"phí cầu đường, 8405 ngàn by quẹt thẻ, 1 lít",Transport,expense,1
mua balo 30.3tr,Shopping,expense,1
"pantry văn phòng gift card , 88k đồng",Social,expense,1
"813k vnđ, done by tiền mặt",Business,income,1
gửi phong bì 9.507 nghìn,Social,expense,1
tiền thuê nhà 7745 nghìn tai ở nhà,Housing,expense,1
ship hàng 28.3tr,Transport,expense,1
oke de toi check #2042,Business,income,0
"mua áo, trả 824k vnđ",Shopping,expense,1
"990 nghìn, done by quẹt thẻ",Business,income,1
"mua vàng +18k vnđ, nhà nội",Investment,income,1
"karaoke, 935k đồng by scan qr",Entertainment,expense,1
lặt vặt 980 nghìn,Others,expense,1
"coworking mua đồ tech , 3.223k đồng",Shopping,expense,1
"đi sảnh tòa nhà rồi tiền mừng, bay đồn 12k",Social,expense,1
sảnh tòa nhà: mua giày 15 nghìn,Shopping,expense,1
business +28.8tr,Business,income,1
sảnh tòa nhà gửi phong bì; 8235k bằng banking app,Bonus,income,1
transaction fee 2376 nghìn,Business,income,1
sảnh tòa nhà: mua balo 3574k,Shopping,expense,1
"gửi phong bì, vào tài khoản 99k đồng, mlem",Business,income,1
random charge 33k,Business,income,1
nhà ngoại mua đèn; 151 ngàn bằng scan qr,Housing,expense,1
tiền nước 18tr tai ở nhà,Housing,expense,1
"đi ở nhà rồi thu hồi khoản vay, bay ng 9973 ngàn",Debt,expense,1
"cho em xin slot voi, gặp ở chung cư",Business,income,0
trả nợ ngân hàng 28.2củ,Debt,expense,1
"hom nay troi oi la troi, hơi cấn",Business,income,0
"cơm tấm in vỉa hè, 9.055k vnđ by quẹt thẻ",Food,expense,1
be car 220k,Transport,expense,1
"đi pantry văn phòng rồi mua serum, bay 7.195 ngàn",Beauty,expense,1
nghìn +916 nghìn,Business,income,1
"thanh toán nợ thẻ, trả 17tr qua scan qr",Debt,expense,1
trả góp 10củ,Debt,expense,1
xét nghiệm 6390 nghìn,Health,expense,1
xe đẩy đầu ngõ ơi chot keo luc toi,Business,income,0
"gift card +528k vnđ, nhận",Salary,income,1
góp quỹ lớp 8.144k đồng,Social,expense,1
"chi phí linh tinh, 2.603k by quẹt thẻ",Others,expense,1
"tiết kiệm online, scan qr 18tr",Savings,expense,1
"phí cầu đường in hẻm nhỏ, 121k đồng by quẹt thẻ",Transport,expense,1
"hello ae, nay mood sao roi #2077",Business,income,0
"mua trái phiếu, vào tài khoản 20 ngàn",Business,income,1
"mua quà sinh nhật +9.306k vnđ, nhận",Salary,income,1
vnđ +2712k,Business,income,1
mua vở bút 6củ,Business,income,1
"wax 2.3củ, mlem",Beauty,expense,1
"sửa ống nước, trả 18 nghìn qua chuyển khoản",Housing,expense,1
"đi sảnh tòa nhà rồi quà handmade, bay 25 ngàn",Social,expense,1
"đi concert tại vỉa hè, trả 193k vnđ qua scan qr",Entertainment,expense,1
"xe đẩy đầu ngõ quỹ du lịch , 3.324k vnđ",Savings,expense,1
pantry văn phòng bỏ heo; 69k bằng scan qr,Savings,expense,1
"trả nợ ngân hàng 7136k ở chợ đêm, lụm",Debt,expense,1
"mua đồ tech, chuyển khoản 7795k đồng",Shopping,expense,1
"6.983k đồng, done by chuyển khoản",Business,income,1
"transaction fee, vào tài khoản 20k đồng",Business,income,1
"đầu tư đất nền 3củ, bắn qua chuyển khoản",Business,income,1
bỏ heo 33k vnđ,Savings,expense,1
mai tinh tiep nha #2094,Business,income,0
"quán cóc trả nợ ngân hàng , 28.6tr",Debt,expense,1
"Đi quán cóc rồi bỏ heo, bay 8.363k, cảm giác mlem",Savings,expense,1
"334k vnđ, done by tiền mặt",Business,income,1
góp quỹ từ thiện 26củ,Charity,expense,1
"khác, vào tài khoản 9.9củ, gấp gấp",Business,income,1
"mua chăn ấm, quẹt thẻ 9.3tr, lụm",Charity,expense,1
escape room 20 nghìn tai xe đẩy đầu ngõ,Entertainment,expense,1
"skincare set, scan qr 26.2tr, hơi cấn",Beauty,expense,1
"dịch vụ phát sinh +341 nghìn, nhận tại vỉa hè",Salary,income,1
"quán cóc mua quà sinh nhật , 55 nghìn",Social,expense,1
"9913 nghìn, done by tiền mặt",Business,income,1
"đi concert in hẻm nhỏ, 858k đồng by scan qr",Entertainment,expense,1
tiền nước 751k vnđ,Housing,expense,1
đầu tư quỹ mở 99k vnđ,Investment,expense,1
trả nợ ngân hàng 976k,Debt,expense,1
"nail, tiền mặt 890k vnđ",Beauty,expense,1
chợ đêm ơi chot keo luc toi,Business,income,0
dịch vụ phát sinh 15k,Business,income,1
đi pantry văn phòng rồi đăng ký khóa h 5.939k,Education,expense,1
viện phí 69 ngàn,Health,expense,1
"đi khu trọ rồi quà handmade, bay đồng, 101k",Social,expense,1
đòi nợ 3187k vnđ,Debt,expense,1
ủng hộ y tế 2.3tr,Charity,expense,1
"thu hồi tiền cọc, quẹt thẻ 6.845k đồng, gấp gấp",Debt,expense,1
"đòi nợ +3.147k vnđ, nhận",Salary,income,1
trả nợ ngân hàng 612 ngàn tai chợ đêm,Debt,expense,1
đổ xăng 6.3củ,Transport,expense,1
mua sách 25k,Education,expense,1
"đi pantry văn phòng rồi mua toner, bay 12tr",Beauty,expense,1
"Đi rồi mua tài liệu, bay 22.9củ, cảm giác",Education,expense,1
"mua phụ kiện, tiền mặt 12k vnđ, khum",Shopping,expense,1
"8785k vnđ, done by chuyển khoản",Business,income,1
"Đi chợ đêm rồi lẩu mini, bay 492k, cảm giác",Food,expense,1
"xong viec ping toi, xỉu up xỉu down",Business,income,0
chung cư: tiền thuê nhà 2.279 ngàn,Housing,expense,1
"mua trip cuối tuần tại xe đẩy đầu ngõ, 529k",Entertainment,expense,1
quỹ khẩn cấp 88k,Business,income,1
"góp quỹ lớp, quẹt thẻ 18k, gấp gấp",Social,expense,1
"thu hồi khoản vay, trả 305 nghìn",Debt,expense,1
"quỹ dự phòng 2965k đồng, bắn qua chuyển khoản",Business,income,1
"mua thịt 6.004 nghìn, hơi cấn",Essentials,expense,1
support fee 38 nghìn,Others,expense,1
be car 14củ tai chợ đêm,Transport,expense,1
khu trọ: tiết kiệm định kỳ 9củ,Savings,expense,1
"hẻm nhỏ thuê xe , 88 nghìn, lụm",Transport,expense,1
cơm tấm 582k tai hẻm nhỏ,Food,expense,1
coworking mua ốp lưng; 1055k vnđ,Shopping,expense,1
"mua tài liệu, scan qr 4944 nghìn, hơi cấn",Education,expense,1
"quán cóc du lịch ngắn ngày , 200 ngàn, khum",Entertainment,expense,1
"vay tạm +471k vnđ, quán cóc",Business,income,1
"đầu tư quỹ mở, vào tài khoản 437k vnđ",Business,income,1
"đi xe đẩy đầu ngõ rồi phí cầu đường, b 701k",Transport,expense,1
nhà ngoại nạp crypto; 13.8tr,Investment,expense,1
quán cóc: thu hồi tiền cọc 136k đồng,Debt,expense,1
"khác +32.7tr, nhận tại xe đẩy đầu ngõ",Salary,income,1
di choi khong ne #2153,Business,income,0
vỉa hè: gà rán 2439k đồng,Food,expense,1
du lịch ngắn ngày 99k tai chợ đêm,Entertainment,expense,1
"random charge +3.4tr, nhận",Salary,income,1
"gia sư, vào tài khoản 8965 nghìn, khum",Business,income,1
"đi spa, 6.968 ngàn by banking app",Entertainment,expense,1
"hoàn tiền mượn 7571k đồng, bắn qua tiền mặt",Business,income,1
"đi chợ đêm rồi thanh toán nợ thẻ, bay 21tr",Debt,expense,1
góp quỹ lớp 930k vnđ,Social,expense,1
"nhà nội mua nhu yếu phẩm tặng , 69 nghìn",Charity,expense,1
gửi xe 8269k đồng,Transport,expense,1
"đi pantry văn phòng rồi bỏ heo, bay ng 2052 ngàn",Savings,expense,1
mua: mu 8824 nghìn,Shopping,expense,1
"tiết kiệm định kỳ +9133 ngàn, chợ đêm",Investment,income,1
đầu tư đất nền 968 ngàn,Business,income,1
"mua dịch vụ phát sinh tại vỉa hè, trả n 15 ngàn",Others,expense,1
tiền thuê nhà 22tr,Housing,expense,1
khu trọ tiền nước; 9309 ngàn bằng chuyển khoản,Housing,expense,1
tiền điện 25.8củ,Housing,expense,1
"pantry văn phòng ủng hộ y tế , 19.7tr",Charity,expense,1
"viện phí, 20k vnđ by tiền mặt",Health,expense,1
"trả nợ, trả 32.9tr qua banking app",Debt,expense,1
nhà ngoại: tiền điện 946k đồng,Housing,expense,1
vỉa hè: hoàn tiền mượn 9320k vnđ,Debt,expense,1
hoàn tiền mượn 3977 ngàn,Business,income,1
nghìn +69 nghìn,Business,income,1
ủng hộ y tế 9.492k,Charity,expense,1
gửi xe 34.7tr ở hẻm nhỏ,Transport,expense,1
"viện phí, 8.873k đồng by chuyển khoản",Health,expense,1
chợ đêm: mì cay 69 ngàn,Food,expense,1
"mua gửi phong bì ở xe đẩy đầu ngõ, bank 5.294 ngàn",Social,expense,1
"mua balo, 15 nghìn by quẹt thẻ",Shopping,expense,1
"du lịch ngắn ngày 11củ ở chợ đêm, gấp gấp",Entertainment,expense,1
"khám mắt 69k đồng, khum",Health,expense,1
"khám nha, trả 8củ",Health,expense,1
sảnh tòa nhà thu hồi tiền cọc; 5.250k bằng scan qr,Debt,expense,1
"7.985 nghìn, done by banking app",Business,income,1
"bảo hiểm y tế ở ở nhà, quẹt thẻ 13.5tr",Health,expense,1
"đi khu trọ rồi tiền thuê nhà, bay nghì 69 nghìn",Housing,expense,1
"ở nhà dọn nhà , 45k vnđ, gấp gấp",Housing,expense,1
du lịch ngắn ngày 69 nghìn,Entertainment,expense,1
mua hoa 11.3củ,Social,expense,1
"vitamin, banking app 15củ",Health,expense,1
business +6củ,Business,income,1
hẻm nhỏ: cơm tấm 3211 ngàn,Food,expense,1
quán cóc: thuê xe 9453k vnđ,Transport,expense,1
dịch vụ phát sinh 33k,Others,expense,1
quà handmade 2.1tr,Social,expense,1
chợ đêm thuê xe; 200k vnđ,Transport,expense,1
"quà handmade +1.297k đồng, pantry văn phòng",Business,income,1
mua tai nghe 24.6tr,Shopping,expense,1
mua đèn 485k đồng,Housing,expense,1
"thu hồi khoản vay 215k, hơi cấn",Debt,expense,1
mai tinh tiep nha #2210,Business,income,0
"trả nợ ngân hàng +1.964 ngàn, nhận",Salary,income,1
đầu tư quỹ mở 23.7củ ở ở nhà,Investment,expense,1
"escape room in chợ đêm, 25 nghìn by scan qr",Entertainment,expense,1
"đăng ký khóa học 13tr, bắn qua scan qr",Business,income,1
"lệ phí thi, vào tài khoản 54 ngàn",Business,income,1
"quà handmade, vào tài khoản 18k vnđ, mlem",Business,income,1
"mừng cưới, vào tài khoản 12 ngàn, khum",Business,income,1
"gia vị, trả 20.1tr qua scan qr",Essentials,expense,1
"mua trái phiếu 12tr, bắn qua chuyển khoản",Business,income,1
nhà nội mua ETF; 8989 ngàn,Investment,expense,1
đồng +69k,Investment,income,1
để dành mua nhà 31k,Business,income,1
chợ đêm: quỹ du lịch 69k vnđ,Savings,expense,1
"Đi ở nhà rồi mừng cưới, bay 17.4củ, cảm giác",Social,expense,1
nhà ngoại thanh toán nợ thẻ; 303k bằng scan qr,Debt,expense,1
"wifi tháng, 99k by tiền mặt",Housing,expense,1
gift card 116k vnđ,Social,expense,1
gia vị 5tr,Essentials,expense,1
"2673 ngàn, done by scan qr",Business,income,1
"nạp crypto 5.968 nghìn, gấp gấp",Investment,expense,1
"tiết kiệm định kỳ +13.7củ, mall lunch zone",Investment,income,1
mua balo 192k,Shopping,expense,1
karaoke 69 ngàn ở vỉa hè,Entertainment,expense,1
mua thuốc 27.5tr,Health,expense,1
"đầu tư quỹ mở 69k, bắn qua quẹt thẻ",Business,income,1
vỉa hè ơi chot keo luc toi,Business,income,0
"bảo hiểm y tế, 22.9tr by tiền mặt",Health,expense,1
"góp quỹ từ thiện, 421 ngàn by banking app",Charity,expense,1
chi phí linh tinh 33 ngàn,Others,expense,1
quỹ du lịch 28.3củ tai xe đẩy đầu ngõ,Savings,expense,1
"lặt vặt 8391k vnđ, bắn qua scan qr",Business,income,1
"tiền nước, 18củ by tiền mặt",Housing,expense,1
"gửi tiết kiệm 25.8củ, bắn qua chuyển khoản",Investment,income,1
"đi pub 6878k đồng ở hẻm nhỏ, lụm",Entertainment,expense,1
mua rau 772k đồng,Essentials,expense,1
"Đi hẻm nhỏ rồi vé lễ hội, bay 8.7tr, cảm giác",Entertainment,expense,1
"góp quỹ lớp +7.036k vnđ, nhận",Salary,income,1
"xe đẩy đầu ngõ sushi , 792 ngàn, mlem",Food,expense,1
mua xe đẩy đầu ngõ thanh toán nợ thẻ; b 17.6củ,Debt,expense,1
"mua tài khoản học online, vào tài khoản 69 ngàn",Business,income,1
tiền mừng 298k,Business,income,1
investment +8.207k,Investment,income,1
"nail, scan qr 19.4củ, hơi cấn",Beauty,expense,1
xét nghiệm 69 ngàn,Health,expense,1
"support fee, trả 33k qua banking app",Others,expense,1
"4173 nghìn, done by banking app",Business,income,1
"mua vở bút 33.2củ, hơi cấn",Education,expense,1
"lệ phí thi +33k, sảnh tòa nhà",Business,income,1
"Đi nhà ngoại rồi vay tạm, bay 9635 ngàn, cảm giác",Debt,expense,1
nhà ngoại: mua gạo 404k vnđ,Essentials,expense,1
bonus +17.2củ,Bonus,income,1
"tiết kiệm định kỳ +13.1củ, mall lunch zone",Investment,income,1
"nạp crypto ở vỉa hè, chuyển khoản 15.2tr",Investment,expense,1
"phí nhỏ, vào tài khoản 18k đồng",Business,income,1
quỹ dự phòng 1376k vnđ,Savings,expense,1
"đi hẻm nhỏ rồi be car, bay nghìn, cảm 231 nghìn",Transport,expense,1
"mừng cưới, 9.227 nghìn by tiền mặt",Social,expense,1
mua thịt 4.507k vnđ,Essentials,expense,1
mua đăn 99k,Education,expense,1
"gia vị, 8238 ngàn by banking app",Essentials,expense,1
trái cây 12tr,Essentials,expense,1
ngàn +4751 ngàn,Business,income,1
"random charge 15k đồng, bắn qua tiền mặt",Business,income,1
"hoàn tiền mượn 5967k, bắn qua banking app",Business,income,1
"3325k đồng, done by quẹt thẻ",Business,income,1
"mua sách +69 nghìn, pantry văn phòng",Business,income,1
chợ đêm: đổ xăng 33.9tr,Transport,expense,1
"ở nhà quỹ khuyến học , 11củ, khum",Charity,expense,1
"dịch vụ phát sinh 1.066 ngàn, bắn qua scan qr",Business,income,1
"mua toner, 8.407 nghìn by chuyển khoản",Beauty,expense,1
"mua đèn, trả 11.6tr qua scan qr",Housing,expense,1
xe đẩy đầu ngõ đi pub; 20 ngàn,Entertainment,expense,1
"mua sách, scan qr 33k vnđ, khum",Education,expense,1
hoàn tiền mượn 14củ tai ở nhà,Debt,expense,1
"đi pantry văn phòng rồi skincare set, 9.355k",Beauty,expense,1
phở gà 419k tai xe đẩy đầu ngõ,Food,expense,1
gửi phong bì 873 nghìn,Business,income,1
trả nợ 4960k,Debt,expense,1
"nạp crypto, scan qr 34.5tr, gấp gấp",Investment,expense,1
"di choi khong ne, gặp ở coworking",Business,income,0
mua gạo 655 nghìn tai ở nhà,Essentials,expense,1
"coworking mua ốp lưng , 110k",Shopping,expense,1
"trái cây ở nhà nội, quẹt thẻ 34.1củ, lụm",Essentials,expense,1
"5841k vnđ, done by tiền mặt",Investment,income,1
"thuê xe tại hẻm nhỏ, trả 25tr qua banking app",Transport,expense,1
"mua ETF 12.5tr, bắn qua chuyển khoản",Business,income,1
"wax, 12 ngàn by scan qr",Beauty,expense,1
"trả nợ ngân hàng 549k, bắn qua tiền mặt",Business,income,1
đi spa 4210 nghìn,Entertainment,expense,1
"workshop, vào tài khoản 959 nghìn",Business,income,1
"quỹ khẩn cấp, trả 88 ngàn",Savings,expense,1
"ở nhà sửa máy lạnh , 15 ngàn",Housing,expense,1
"cho em xin slot voi, gặp ở xe đẩy đầu ngõ",Business,income,0
đòi nợ 24tr,Debt,expense,1
escape room 4.1tr ở xe đẩy đầu ngõ,Entertainment,expense,1
phở gà 11.2củ tai hẻm nhỏ,Food,expense,1
"chot keo luc toi, gặp ở vỉa hè",Business,income,0
"trả góp +6357 nghìn, chung cư",Business,income,1
"đi mall lunch zone rồi mua áo, bay ảm 29tr",Shopping,expense,1
"nạp margin +33k vnđ, vỉa hè",Business,income,1
random charge 13củ,Business,income,1
phí nhỏ 6.482k,Business,income,1
pantry văn phòng mua balo; 7726k,Shopping,expense,1
nạp game 21.7củ,Entertainment,expense,1
cho xin review nhe,Business,income,0
mua sách 1.1tr,Education,expense,1
phở gà 7.7tr,Food,expense,1
gà rán combo 5480k,Food,expense,1
be car 45k đồng,Transport,expense,1
tiền mua vàng 88 nghìn,Investment,income,1
thay nhớt 668k đồng,Transport,expense,1
tiền mua sách +88k đồng,Business,income,1
góp quỹ lớp 29.8củ,Social,expense,1
khác 25k vnđ,Others,expense,1
trả nợ 19.7củ,Debt,expense,1
đồ pet 20k đồng,Essentials,expense,1
gặp,Business,income,0
để dành mua nhà 12k,Savings,expense,1
lệ phí thi 18 ngàn,Education,expense,1
trả nợ ngân hàng 12k,Debt,expense,1
đi pub 8 nghìn,Entertainment,expense,1
tiền mua ETF 93k đồng,Business,income,1
nha co ai onl hem,Business,income,0
mừng cưới 14.9củ,Social,expense,1
mua tài liệu 10củ,Education,expense,1
tiền hùn vốn 25 ngàn,Business,income,1
gift card 17.1củ,Social,expense,1
tiền mua quà sinh nhật 410k,Business,income,1
mua toner 941 nghìn,Beauty,expense,1
mua thịt 902 nghìn,Essentials,expense,1
đi spa 4756k,Entertainment,expense,1
gửi xe 25k đồng,Transport,expense,1
lệ phí thi 605 nghìn,Education,expense,1
gia sư 12k đồng,Education,expense,1
mai tinh tiep nha,Business,income,0
quỹ khuyến học 502 nghìn,Charity,expense,1
tiết kiệm định kỳ 69 ngàn,Savings,expense,1
be car 4671k,Transport,expense,1
mua sách 99k vnđ,Education,expense,1
chot keo luc toi,Business,income,0
tiền lệ phí thi +88k vnđ,Business,income,1
nha co ai onl hem,Business,income,0
trà sữa 15 ngàn,Food,expense,1
tiền misc payment 5476k đồng,Business,income,1
gia vị 729k vnđ,Essentials,expense,1
gia vị 99k vnđ,Essentials,expense,1
thuê xe 10.1tr,Transport,expense,1
mua trái phiếu 15 ngàn,Investment,expense,1
cơm tấm 177 ngàn,Food,expense,1
mua tai nghe 2.727k,Shopping,expense,1
tiền quỹ khẩn cấp 5.745k,Business,income,1
transaction fee 34.7tr,Others,expense,1
tiền mua hoa +900k đồng,Business,income,1
wax 545k,Beauty,expense,1
trà sữa 99k,Food,expense,1
gia sư 3443 ngàn,Education,expense,1
wifi tháng 628 nghìn,Housing,expense,1
tiền misc payment 6.3tr,Business,income,1
quỹ khuyến học 3.717k,Charity,expense,1
mua thuốc 8.823 nghìn,Health,expense,1
chot keo luc toi,Business,income,0
mua sách 17.2củ,Education,expense,1
gửi phong bì 23tr,Bonus,income,1
sửa máy lạnh 18k,Housing,expense,1
đồ ăn dự trữ 254k đồng,Essentials,expense,1
xem phim 88 nghìn,Entertainment,expense,1
grab bike 99k vnđ,Transport,expense,1
nạp margin 18k,Investment,expense,1
mua tài khoản học online 12k,Education,expense,1
mua tai nghe 572 ngàn,Shopping,expense,1
siêu thị tuần 25k,Essentials,expense,1
đi spa 2.6tr,Entertainment,expense,1
tiền tiệc bạn bè +12k vnđ,Business,income,1
gift card 447k đồng,Social,expense,1
hùn vốn 389 nghìn,Investment,expense,1
thu hồi khoản vay 19tr,Debt,expense,1
thay nhớt 15k,Transport,expense,1
tiền mua vàng +1.148 nghìn,Investment,income,1
mua tài khoản học online 985k đồng,Education,expense,1
skincare set 2.425 nghìn,Beauty,expense,1
thay nhớt 20củ,Transport,expense,1
mua tai nghe 687k,Shopping,expense,1
misc payment 172 nghìn,Others,expense,1
"sửa ống nước, trả 1441 nghìn qua banking app",Housing,expense,1
"đi pub in xe đẩy đầu ngõ, 2củ by banking app",Entertainment,expense,1
ở nhà: mua thuốc 5.316 ngàn,Health,expense,1
"random charge 1.297 nghìn, bắn qua scan qr",Business,income,1
"di choi khong ne, mlem",Business,income,0
"tiền mừng, 26củ by scan qr",Social,expense,1
hẻm nhỏ: chi phí linh tinh 657k vnđ,Others,expense,1
chi phí linh tinh 99k,Others,expense,1
cho xin review nhe #2410,Business,income,0
"15 nghìn, done by chuyển khoản",Investment,income,1
"mua nhu yếu phẩm tặng, quẹt thẻ 34.8củ",Charity,expense,1
"mua xem phim in xe đẩy đầu ngõ, nghìn b 12 nghìn",Entertainment,expense,1
vnđ +4.836k,Investment,income,1
business +10k,Business,income,1
"mua gạo in ở nhà, 8452k đồng by quẹt thẻ",Essentials,expense,1
wifi tháng 6.9củ,Housing,expense,1
"mua thuốc 32.8tr, gấp gấp",Health,expense,1
nhà nội viện phí; 622 nghìn,Health,expense,1
"đăng ký khóa học +1.695 ngàn, sảnh tòa nhà",Business,income,1
"đi coworking rồi mua ốp lưng, bay đồng 45k",Shopping,expense,1
gửi tiết kiệm 4.229k đồng,Savings,expense,1
"trà sữa, 370 nghìn by banking app",Food,expense,1
"bỏ heo 4.941k đồng, bắn qua scan qr",Business,income,1
"chợ đêm nạp crypto , 14.6tr, gấp gấp",Investment,expense,1
quỹ dự phòng 27củ,Savings,expense,1
"skincare set, banking app 16.7củ, mlem",Beauty,expense,1
"escape room tại hẻm nhỏ, trả 2309k vnđ",Entertainment,expense,1
"mua góp quỹ từ thiện in ở nhà, ngàn by 745 ngàn",Charity,expense,1
đổ xăng 838 ngàn tai chợ đêm,Transport,expense,1
"góp quỹ lớp tại hẻm nhỏ, trả 328 ngàn qua scan qr",Social,expense,1
"gửi phong bì 12k vnđ, bắn qua banking app",Business,income,1
"trả nợ ngân hàng +413k đồng, nhận",Salary,income,1
"gia sư, trả 9002 ngàn qua scan qr",Education,expense,1
wifi tháng 399 nghìn,Housing,expense,1
"ủng hộ y tế in ở nhà, 4.035 ngàn by scan qr",Charity,expense,1
mua quần 34củ,Shopping,expense,1
"thanh toán nợ thẻ +115k vnđ, nhận",Salary,income,1
"app nay lag qua troi, gặp ở hẻm nhỏ",Business,income,0
mua vàng 3.750k,Investment,income,1
pantry văn phòng bỏ heo; 12k đồng,Savings,expense,1
mua trái phiếu 33k đồng,Investment,expense,1
"đi mall lunch zone rồi mua tai nghe, b 21củ",Shopping,expense,1
chợ đêm escape room; 605 ngàn,Entertainment,expense,1
"nhà nội tiền điện , 18 ngàn",Housing,expense,1
"Đi rồi mua serum, bay 8.444k đồng, cảm giác lụm",Beauty,expense,1
"mua quần, trả 5767 nghìn",Shopping,expense,1
"mua vàng +2.1củ, coworking",Investment,income,1
"transaction fee 727k, bắn qua banking app",Business,income,1
xe đẩy đầu ngõ nạp game; 757k vnđ,Entertainment,expense,1
"tiền mừng +12 nghìn, vỉa hè",Business,income,1
chợ đêm: hùn vốn 17.6tr,Investment,expense,1
"off 1 bua nha team, mlem",Business,income,0
"quỹ khẩn cấp, vào tài khoản 69 nghìn",Business,income,1
hùn vốn 7423k,Investment,expense,1
"gia sư, vào tài khoản 30tr, gấp gấp",Business,income,1
"support fee 726k, bắn qua banking app",Business,income,1
gửi phong bì 8648 ngàn,Business,income,1
"đầu tư quỹ mở, 88 ngàn by banking app",Investment,expense,1
wifi tháng 69 nghìn,Housing,expense,1
"viện phí, chuyển khoản 88k",Health,expense,1
ủng hộ bão lũ 702k,Charity,expense,1
mua sảnh tòa nhà mua tài liệu; đồng bằn 7.039k,Education,expense,1
"vé lễ hội 33củ, mlem",Entertainment,expense,1
wax 3.014k đồng,Beauty,expense,1
"chợ đêm hoàn tiền mượn , 13.5củ",Debt,expense,1
"ở nhà mua rau , 100k đồng, mlem",Essentials,expense,1
"mua trái phiếu tại chợ đêm, trả 7.891k đồng",Investment,expense,1
khám mắt 45 nghìn tai ở nhà,Health,expense,1
"Đi rồi mua đồ tech, bay 3019k vnđ, cảm giác",Shopping,expense,1
"ở nhà tiền thuê nhà , 25 ngàn",Housing,expense,1
mua vở bút 69k,Business,income,1
"Đi coworking rồi wax, bay 1.177 ngàn, cảm giác",Beauty,expense,1
"mua quà sinh nhật, trả 48 ngàn",Social,expense,1
"bảo hiểm y tế, scan qr 5.161 ngàn, hơi cấn",Health,expense,1
"đầu tư đất nền 558k vnđ, bắn qua scan qr",Business,income,1
"Đi hẻm nhỏ rồi cơm tấm, bay 99 ngàn, cảm giác",Food,expense,1
nạp margin 9090 nghìn,Investment,expense,1
"mua chăn ấm, chuyển khoản 15k",Charity,expense,1
"đầu tư đất nền, banking app 20 ngàn, hơi cấn",Investment,expense,1
"trip cuối tuần in hẻm nhỏ, 30.8tr by tiền mặt",Entertainment,expense,1
lệ phí thi 25tr,Education,expense,1
ngàn +99 ngàn,Business,income,1
đi spa 35.5tr,Entertainment,expense,1
"quyên góp 18 nghìn ở vỉa hè, lụm",Charity,expense,1
"karaoke in hẻm nhỏ, 12k đồng by quẹt thẻ",Entertainment,expense,1
vnđ +33k,Business,income,1
"mua phụ kiện, 14.7củ by chuyển khoản",Shopping,expense,1
vnđ +367k,Investment,income,1
"săn sale, quẹt thẻ 790 ngàn, hơi cấn",Shopping,expense,1
"gift card, banking app 3.2củ",Social,expense,1
mua balo 33 ngàn,Shopping,expense,1
để dành mua nhà 69 nghìn,Business,income,1
"Đi nhà nội rồi mua ETF, bay 174k, cảm giác",Investment,expense,1
"mua ốp lưng, banking app 6699k vnđ, gấp gấp",Shopping,expense,1
phở gà 39 ngàn,Food,expense,1
"mua ETF, 99 ngàn by chuyển khoản",Investment,expense,1
đồng +8314k,Business,income,1
mua tài liệu 2.042k,Education,expense,1
"tiền mừng, vào tài khoản 8.838k đồng, gấp gấp",Business,income,1
chung cư khám mắt; 45 ngàn bằng banking app,Health,expense,1
"hom nay troi oi la troi, chill",Business,income,0
"gia sư, 7.471k đồng by chuyển khoản",Education,expense,1
đồ pet 12k đồng,Essentials,expense,1
"gửi phong bì, trả 25củ",Social,expense,1
ở nhà: mua thịt 679 ngàn,Essentials,expense,1
"thu hồi tiền cọc +28.8tr, nhận tại vỉa hè",Salary,income,1
"đi nhà nội rồi khám nha, bay ảm giác g 23tr",Health,expense,1
xét nghiệm 9.576 nghìn ở ở nhà,Health,expense,1
"góp quỹ lớp, vào tài khoản 591k vnđ, lụm",Business,income,1
ngàn +25 ngàn,Business,income,1
cmt giup tui cai #2519,Business,income,0
xong viec ping toi #2520,Business,income,0
"đi nhà nội rồi mua ETF, bay nghìn, cảm 18 nghìn",Investment,expense,1
"7291 ngàn, done by tiền mặt",Business,income,1
"2201 ngàn, done by scan qr",Business,income,1
wax 45 ngàn,Beauty,expense,1
quán cóc ơi xong viec ping toi,Business,income,0
"bún bò ở hẻm nhỏ, quẹt thẻ 28củ, lụm",Food,expense,1
"tiền mừng +554 nghìn, nhận tại chợ đêm",Salary,income,1
"662k đồng, done by scan qr",Bonus,income,1
"săn sale, trả 9.544k vnđ qua scan qr",Shopping,expense,1
"gift card in vỉa hè, 715k đồng by scan qr",Social,expense,1
chợ đêm mua hoa; 7.274k đồng bằng chuyển khoản,Social,expense,1
ủng hộ y tế 6383k tai ở nhà,Charity,expense,1
"mua ETF, trả 69 nghìn",Investment,expense,1
"transaction fee 619 ngàn, bắn qua banking app",Business,income,1
"quán cóc đổ xăng , 12k, chill, 2 lít",Transport,expense,1
mua đồ tech 21.8tr,Shopping,expense,1
"mừng cưới 8316k, bắn qua scan qr",Business,income,1
"mua gạo 721k vnđ ở ở nhà, khum",Essentials,expense,1
"tiền mừng 27củ, bắn qua quẹt thẻ",Business,income,1
tiết kiệm học phí 12k,Investment,income,1
mua cổ phiếu 72k vnđ,Investment,expense,1
"28.6củ, done by scan qr",Business,income,1
hẻm nhỏ: mua cổ phiếu 15k vnđ,Investment,expense,1
coworking: nhuộm tóc 18 nghìn,Beauty,expense,1
ship hàng 7.091 nghìn tai vỉa hè,Transport,expense,1
mall lunch zone: thu hồi tiền cọc 7tr,Debt,expense,1
wax 6củ,Beauty,expense,1
business +24.6tr,Business,income,1
mua mua 16.2tr,Shopping,expense,1
"mall lunch zone lệ phí thi , 276k vnđ",Education,expense,1
"mua du lịch ngắn ngày ở xe đẩy đầu ngõ, 5301k",Entertainment,expense,1
"Đi chung cư rồi mua đèn, bay 15.7tr, cảm giác mlem",Housing,expense,1
"sảnh tòa nhà nhuộm tóc , 93k vnđ, khum",Beauty,expense,1
"tiết kiệm định kỳ ở vỉa hè, banking app 510 nghìn",Savings,expense,1
"Đi nhà nội rồi mua đèn, bay 17.5củ, cảm giác",Housing,expense,1
mall lunch zone mua ốp lưng; 5114k đồng,Shopping,expense,1
mua thuốc 5.490 nghìn,Health,expense,1
"gửi xe 9.127k ở vỉa hè, chill, 10 lít",Transport,expense,1
"nạp crypto, vào tài khoản 88k đồng, gấp gấp",Investment,income,1
"support fee +69 nghìn, vỉa hè",Business,income,1
"mua hoàn tiền mượn tại xe đẩy đầu ngõ, 12k",Debt,expense,1
"sảnh tòa nhà gội dưỡng sinh , 6760k vnđ",Beauty,expense,1
"52 nghìn, done by banking app",Business,income,1
"random charge 771 nghìn, bắn qua tiền mặt",Business,income,1
"hoàn tiền mượn, vào tài khoản 9.783 nghìn",Business,income,1
"khác 25 ngàn, bắn qua banking app",Business,income,1
chợ đêm: bún bò 8.046k vnđ,Food,expense,1
"khám quát, 25 ngàn by chuyển khoản",Health,expense,1
vay tạm 30tr,Business,income,1
"tiết kiệm định kỳ +33.2tr, pantry văn phòng",Investment,income,1
đòi nợ 3319k,Business,income,1
nghìn +4465 nghìn,Business,income,1
"mua vàng, tiền mặt 33k",Investment,expense,1
vitamin 2.236 nghìn,Health,expense,1
trả nợ 3.943 nghìn,Business,income,1
"thanh toán nợ thẻ 1095 nghìn, bắn qua quẹt thẻ",Business,income,1
"quà handmade 31củ, bắn qua banking app",Business,income,1
"mua quỹ khuyến học in vỉa hè, nghìn by 518 nghìn",Charity,expense,1
mua tài liệu 579k đồng,Education,expense,1
"support fee +12k, quán cóc",Business,income,1
"mua đồ gia dụng 99k vnđ ở ở nhà, khum",Housing,expense,1
"thu hồi tiền cọc, 684k by quẹt thẻ",Debt,expense,1
nhà nội: sửa ống nước 18tr,Housing,expense,1
"quán cóc phở gà , 41k đồng",Food,expense,1
nạp crypto 69k,Investment,expense,1
"1204k vnđ, done by banking app",Business,income,1
"phí cầu đường in chợ đêm, 490k by banking app",Transport,expense,1
"vay tạm +7683 ngàn, nhận",Salary,income,1
"đòi nợ +351k, mall lunch zone",Business,income,1
"mua kem chống nắng 24củ, hơi cấn",Beauty,expense,1
khu trọ: tiêm ngừa 35tr,Health,expense,1
"mua vàng in vỉa hè, 31.2tr by banking app",Investment,expense,1
góp quỹ từ thiện 69k,Charity,expense,1
sushi 4.601 ngàn tai chợ đêm,Food,expense,1
"gift card +34củ, hẻm nhỏ",Business,income,1
"dịch vụ phát sinh, trả 920 ngàn",Others,expense,1
nghìn +375 nghìn,Business,income,1
mua gạo 755 ngàn tai ở nhà,Essentials,expense,1
trả nợ 17củ,Debt,expense,1
"mua vàng, vào tài khoản 2.618k",Investment,income,1
food court trung tâm thương mại góp quỹ lớp; 4.8tr,Social,expense,1
"bánh mì ở vỉa hè, quẹt thẻ 35.8củ, hơi cấn",Food,expense,1
"nhà ngoại mua quà sinh nhật , 12k vnđ",Social,expense,1
business +22tr,Business,income,1
"nạp crypto, vào tài khoản 939 ngàn",Investment,income,1
quán cóc mừng cưới; 24.2tr bằng banking app,Social,expense,1
"wifi tháng, banking app 443k, mlem",Housing,expense,1
hom nay troi oi la troi #2611,Business,income,0
"cơm tấm tại vỉa hè, trả 7883k đồng",Food,expense,1
"đăng ký khóa học, 283 ngàn by scan qr",Education,expense,1
"thu hồi khoản vay +527 nghìn, nhận",Salary,income,1
"tiết kiệm online, 1.255k by quẹt thẻ",Savings,expense,1
"mua vở bút +10.1tr, nhận",Salary,income,1
"Đi hẻm nhỏ rồi ship hàng, bay 5củ, cảm giác",Transport,expense,1
bonus +99k,Bonus,income,1
xe đẩy đầu ngõ ơi off 1 bua nha team,Business,income,0
"mua quà sinh nhật tại xe đẩy đầu ngõ, trả 31.1củ",Social,expense,1
"nhà ngoại đồ pet , 317k vnđ",Essentials,expense,1
mall lunch zone mua cổ phiếu; 2867 ngàn,Investment,expense,1
"bỏ heo, vào tài khoản 443 ngàn, khum",Business,income,1
"góp quỹ lớp 84k đồng, bắn qua banking app",Business,income,1
chợ đêm vé lễ hội; 12 ngàn,Entertainment,expense,1
khu trọ ơi app nay lag qua troi,Business,income,0
"thuê xe ở hẻm nhỏ, quẹt thẻ 25củ, lụm",Transport,expense,1
"vỉa hè thanh toán nợ thẻ , 194k, khum",Debt,expense,1
tiết kiệm online 686 ngàn,Savings,expense,1
"mall lunch zone nhuộm tóc , 8.396k đồng",Beauty,expense,1
"nhà nội tiêm ngừa , 8273 ngàn, gấp gấp",Health,expense,1
nhà nội: đồ pet 69k đồng,Essentials,expense,1
"20tr, done by banking app",Investment,income,1
"ủng hộ in hẻm nhỏ, 15.9tr by chuyển khoản",Charity,expense,1
"chợ đêm lẩu mini , 12 ngàn, khum",Food,expense,1
"trả góp +9401k vnđ, nhận",Salary,income,1
"mua thuốc, chuyển khoản 7củ, khum",Health,expense,1
"đi pantry văn phòng rồi mua ốp lưng, b 2430k",Shopping,expense,1
"quyên góp, tiền mặt 669k vnđ, lụm",Charity,expense,1
"mua thuốc, 25 ngàn by banking app",Health,expense,1
"khám quát, 18 nghìn by chuyển khoản",Health,expense,1
gửi phong bì 20k,Social,expense,1
gia vị 6307k tai ở nhà,Essentials,expense,1
quyên góp 7k vnđ,Charity,expense,1
"mua gửi tiết kiệm in xe đẩy đầu ngõ, đồ 1.495k",Savings,expense,1
"xe đẩy đầu ngõ tiết kiệm định kỳ , 8532k vnđ",Savings,expense,1
"random charge 33củ, bắn qua scan qr",Business,income,1
mua gạo 5.9củ,Essentials,expense,1
mua cổ phiếu 23tr ở hẻm nhỏ,Investment,expense,1
tiền thuê nhà 12 nghìn,Housing,expense,1
"góp quỹ lớp, banking app 927 nghìn, gấp gấp",Social,expense,1
"gội dưỡng sinh, chuyển khoản 33tr, gấp gấp",Beauty,expense,1
"mua tài liệu 23.8củ, bắn qua chuyển khoản",Business,income,1
"gửi tiết kiệm +18.4củ, xe đẩy đầu ngõ",Investment,income,1
"sushi 355k vnđ, hơi cấn",Food,expense,1
trip cuối tuần 12k,Entertainment,expense,1
nạp crypto 88 nghìn,Investment,expense,1
xe đẩy đầu ngõ ship hàng; 33 nghìn bằng scan qr,Transport,expense,1
"ở nhà gia vị , 3.171 ngàn, gấp gấp",Essentials,expense,1
"Đi quán cóc rồi tiền mừng, bay 25k đồng, cảm giác",Social,expense,1
"mua thuốc, banking app 22tr",Health,expense,1
"đi khu trọ rồi mua rau, bay nghìn, cảm 20 nghìn",Essentials,expense,1
"mua tài khoản học online +9526 ngàn, pantry văn phòng",Business,income,1
"mua tài khoản học online 6.754 ngàn, bắn qua banking app",Business,income,1
khám nha 16.7tr,Health,expense,1
"đầu tư đất nền, vào tài khoản 33 ngàn, lụm",Business,income,1
"đi coworking rồi mua tai nghe, bay vnđ 33k",Shopping,expense,1
"quỹ khuyến học 5tr, mlem",Charity,expense,1
"tiền thuê nhà ở ở nhà, banking app 8củ",Housing,expense,1
nhà ngoại đồ ăn dự trữ; 99 nghìn bằng banking app,Essentials,expense,1
sảnh tòa nhà: mua đồ tech 45 nghìn,Shopping,expense,1
"góp quỹ lớp, vào tài khoản 99 nghìn, gấp gấp",Business,income,1
"app nay lag qua troi, vibe ổn",Business,income,0
"khác, tiền mặt 23.4tr, hơi cấn",Others,expense,1
đòi nợ 5735k,Business,income,1
"nhà ngoại trái cây , 25k đồng, hơi cấn",Essentials,expense,1
quyên góp 983k,Charity,expense,1
"support fee +234 ngàn, pantry văn phòng",Business,income,1
"gửi xe 25 nghìn ở xe đẩy đầu ngõ, mlem, 1 lít",Transport,expense,1
quà handmade 25k vnđ,Social,expense,1
"quỹ dự phòng +953 ngàn, sảnh tòa nhà",Business,income,1
bún bò 57k ở chợ đêm,Food,expense,1
"mua chăn ấm, trả 20k qua chuyển khoản",Charity,expense,1
vay tạm 9củ,Debt,expense,1
"15 nghìn, done by scan qr",Bonus,income,1
"để dành mua nhà, 69 nghìn by quẹt thẻ",Savings,expense,1
"mua kem chống nắng 7.044 nghìn, mlem",Beauty,expense,1
cơm tấm 626k vnđ ở vỉa hè,Food,expense,1
chợ đêm: mì cay 572 nghìn,Food,expense,1
xe đẩy đầu ngõ: trà sữa 785k,Food,expense,1
"lặt vặt 9củ, bắn qua quẹt thẻ",Business,income,1
mua pantry văn phòng quyên góp; nghìn b 4134 nghìn,Charity,expense,1
trả nợ 14.9củ,Business,income,1
"nhà nội mua thuốc , 12 nghìn, gấp gấp",Health,expense,1
trà sữa 12.3củ ở vỉa hè,Food,expense,1
"ở nhà nạp crypto , 160 ngàn",Investment,expense,1
đóng học phí 30.4củ,Business,income,1
random charge 4củ,Business,income,1
ở nhà: xét nghiệm 15củ,Health,expense,1
thay nhớt 34.4củ,Transport,expense,1
"mua quà sinh nhật +498k, nhận",Salary,income,1
sushi 3.706k tai hẻm nhỏ,Food,expense,1
"mua hoa +28củ, nhận",Salary,income,1
"mua trái phiếu in vỉa hè, 1775 ngàn by scan qr",Investment,expense,1
"trả nợ ngân hàng, scan qr 12 ngàn",Debt,expense,1
"đòi nợ, trả 20.9củ qua banking app",Debt,expense,1
"12 ngàn, done by quẹt thẻ",Business,income,1
ngàn +251 ngàn,Business,income,1
"mua hoa 806k ở xe đẩy đầu ngõ, hơi cấn",Social,expense,1
vỉa hè: gửi tiết kiệm 25 ngàn,Savings,expense,1
mua vở bút 88k vnđ,Education,expense,1
"mua tài khoản học online +29.6tr, nhận",Salary,income,1
"mua quần, trả 3.228k đồng",Shopping,expense,1
"pantry văn phòng quà handmade , 13tr, gấp gấp",Social,expense,1
mall lunch zone workshop; 335 ngàn,Education,expense,1
"đi nhà nội rồi đồ ăn dự trữ, bay đồng, 792k",Essentials,expense,1
"quỹ dự phòng ở ở nhà, quẹt thẻ 989 nghìn, khum",Savings,expense,1
nhà nội: trả nợ ngân hàng 69k vnđ,Debt,expense,1
thu hồi tiền cọc 2.950 nghìn,Business,income,1
"khám mắt, trả 605 nghìn qua banking app",Health,expense,1
mua ốp lưng 45k đồng,Shopping,expense,1
"348k, done by chuyển khoản",Investment,income,1
"random charge, trả 6tr",Others,expense,1
trả góp +20k vnđ,Bonus,income,1
"69 nghìn, done by quẹt thẻ",Business,income,1
"mừng cưới +726 nghìn, xe đẩy đầu ngõ",Business,income,1
mua thuốc 15k vnđ ở ở nhà,Health,expense,1
"nạp crypto +639k vnđ, vỉa hè",Investment,income,1
chung cư trái cây; 20 ngàn bằng chuyển khoản,Essentials,expense,1
"gửi tiết kiệm, chuyển khoản 10củ, hơi cấn",Savings,expense,1
tiền mừng +88 nghìn,Salary,income,1
phí cầu đường 143k,Transport,expense,1
nạp game 337 ngàn,Entertainment,expense,1
mai tinh tiep nha #2737,Business,income,0
mua serum 2127 nghìn,Beauty,expense,1
quà handmade 5027 nghìn,Social,expense,1
trà sữa 26.7tr,Food,expense,1
khác 20tr,Others,expense,1
để dành mua nhà 20k vnđ,Business,income,1
phí cầu đường 4662 nghìn,Transport,expense,1
xét nghiệm 33k đồng,Health,expense,1
xem phim 3.245k vnđ,Entertainment,expense,1
đầu tư đất nền 18 ngàn,Investment,expense,1
quỹ khẩn cấp 26.8củ,Savings,expense,1
hùn vốn 901 ngàn,Investment,expense,1
ủng hộ y tế 2tr,Charity,expense,1
mua đồ gia dụng 3753k đồng,Housing,expense,1
tiền điện 99k vnđ,Housing,expense,1
mua nhu yếu phẩm tặng 21tr,Charity,expense,1
đồ pet 9694k,Essentials,expense,1
nha co ai onl hem,Business,income,0
đầu tư đất nền 1502k vnđ,Investment,expense,1
vé lễ hội 132 ngàn,Entertainment,expense,1
bỏ heo +16.1củ,Business,income,1
mua phụ kiện 23tr,Shopping,expense,1
đăng ký khóa học +25 ngàn,Business,income,1
gà rán 325k,Food,expense,1
đổ xăng 7củ,Transport,expense,1
dọn nhà 234k đồng,Housing,expense,1
mua rau 4500 ngàn,Essentials,expense,1
đi pub 45k,Entertainment,expense,1
khám tổng quát 3tr,Health,expense,1
mua hoa +6865 ngàn,Salary,income,1
vé lễ hội 25k vnđ,Entertainment,expense,1
mua vàng 12k,Investment,expense,1
đăng ký khóa học +30.9tr,Business,income,1
đăng ký khóa học 1.679k vnđ,Business,income,1
trả nợ 3tr,Debt,expense,1
tiết kiệm online +4tr,Investment,income,1
mall lunch zone ơi dang o van phong roi,Business,income,0
hoàn tiền mượn 17.3tr,Debt,expense,1
cơm tấm 202 ngàn,Food,expense,1
trip cuối tuần 88k vnđ,Entertainment,expense,1
để dành mua nhà 369 nghìn,Business,income,1
support fee 8tr,Others,expense,1
lệ phí thi 24.7tr,Business,income,1
quà handmade 22.6tr,Business,income,1
thanh toán nợ thẻ 4341 ngàn,Debt,expense,1
xem phim 521k đồng,Entertainment,expense,1
mua toner 558 nghìn,Beauty,expense,1
mua cổ phiếu +26củ,Business,income,1
nạp game 5.638 ngàn,Entertainment,expense,1
thu hồi khoản vay 7673 nghìn,Debt,expense,1
be car 20k vnđ,Transport,expense,1
gội dưỡng sinh 32tr,Beauty,expense,1
tiệc bạn bè 11tr,Social,expense,1
sửa ống nước 7.568 ngàn,Housing,expense,1
hoàn tiền mượn 13.7tr,Debt,expense,1
mua quà sinh nhật 28củ,Social,expense,1
trả nợ 444k,Debt,expense,1
random charge 7698k,Business,income,1
mua vở bút 907 nghìn,Business,income,1
thanh toán nợ thẻ 15k,Business,income,1
khu trọ cho tặng bữa ăn; 31.6tr bằng tiền mặt,Bonus,income,1
"chợ đêm tiết kiệm online , 858 nghìn, khum",Savings,expense,1
"để dành mua nhà +20 ngàn, nhận",Salary,income,1
nhà nội: hoàn tiền mượn 85k vnđ,Debt,expense,1
quán cóc: cho tặng bữa ăn 6959k vnđ,Charity,expense,1
"đầu tư quỹ mở, vào tài khoản 6.013 nghìn, lụm",Business,income,1
"Đi ở nhà rồi mua gạo, bay 23.6củ, cảm giác",Essentials,expense,1
"khu trọ mua thịt , 293k đồng, hơi cấn",Essentials,expense,1
mua giày 4.5củ,Shopping,expense,1
gửi tiết kiệm 708k,Investment,income,1
"đòi nợ, 15k by quẹt thẻ",Debt,expense,1
"mua tài khoản học online, vào tài khoản 6.373 ngàn",Business,income,1
mua nhu yếu phẩm tặng 18.2củ,Charity,expense,1
quán cóc nạp game; 35.5tr,Entertainment,expense,1
trả nợ ngân hàng 20k,Business,income,1
"18k vnđ, done by quẹt thẻ",Business,income,1
"mua ETF +467 nghìn, nhận tại hẻm nhỏ",Salary,income,1
bỏ heo 15k đồng,Savings,expense,1
"xe đẩy đầu ngõ quà handmade , 425k vnđ, lụm",Social,expense,1
"gửi phong bì, 9.775 nghìn by tiền mặt",Social,expense,1
hom nay troi oi la troi #2821,Business,income,0
coworking vay tạm; 45 ngàn bằng scan qr,Debt,expense,1
đóng học phí 3.870 nghìn,Education,expense,1
"mua sách, vào tài khoản 838k vnđ, mlem",Business,income,1
"misc payment, vào tài khoản 3.1củ, gấp gấp",Business,income,1
"đi nhà ngoại rồi siêu thị tuần, bay ng 1053 nghìn",Essentials,expense,1
"nhà nội ủng hộ , 29.9củ",Charity,expense,1
"ở nhà mua đèn , 15k, hơi cấn",Housing,expense,1
"Đi quán cóc rồi mì cay, bay 7.261 nghìn, cảm giác",Food,expense,1
"gift card, trả 12.6tr",Social,expense,1
"nạp margin +4.767 ngàn, khu trọ",Business,income,1
"chi phí linh tinh +4củ, nhận",Salary,income,1
nghìn +2367 nghìn,Business,income,1
mua đòi 1238k,Debt,expense,1
cơm tấm 32tr tai hẻm nhỏ,Food,expense,1
đầu tư quỹ mở 99 nghìn,Business,income,1
"xét nghiệm 9623 nghìn, lụm",Health,expense,1
quỹ khẩn cấp 1830k đồng tai vỉa hè,Savings,expense,1
nạp crypto 29.5củ,Investment,expense,1
"Đi chợ đêm rồi sushi, bay 9004 nghìn, cảm giác lụm",Food,expense,1
tiết kiệm định kỳ 996k,Savings,expense,1
lẩu mini 13củ tai hẻm nhỏ,Food,expense,1
trả góp 88k,Business,income,1
chung cư tiền điện; 707k đồng,Housing,expense,1
"thu hồi tiền cọc +30củ, nhận tại xe đẩy đầu ngõ",Salary,income,1
đi nhà ngoại rồi mua nhu yếu phẩm tặng 560k,Charity,expense,1
tiết kiệm online 16củ,Savings,expense,1
"wax, quẹt thẻ 913k, hơi cấn",Beauty,expense,1
tiền mừng 9.225 ngàn,Social,expense,1
"đồ ăn dự trữ, trả 303k",Essentials,expense,1
"mua sách 401k đồng, mlem",Education,expense,1
"đi chợ đêm rồi thay nhớt, bay ảm giác 12.1tr",Transport,expense,1
"misc payment, vào tài khoản 475k, hơi cấn",Business,income,1
mì cay 15 ngàn,Food,expense,1
"pantry văn phòng mua balo , 6củ, gấp gấp",Shopping,expense,1
vỉa hè: nạp game 8581k vnđ,Entertainment,expense,1
bún bò 582 nghìn tai vỉa hè,Food,expense,1
"xe đẩy đầu ngõ ủng hộ , 1.689k",Charity,expense,1
mua phụ kiện 9689k đồng,Shopping,expense,1
chi phí linh tinh 27.9củ,Others,expense,1
trái cây 2.5tr,Essentials,expense,1
chung cư mừng cưới; 154k,Social,expense,1
"đòi nợ, 8.287k đồng by quẹt thẻ",Debt,expense,1
skincare set 2.297k vnđ,Beauty,expense,1
bonus +20.2tr,Bonus,income,1
mừng cưới +9504 nghìn,Bonus,income,1
đổ xăng 635k đồng,Transport,expense,1
"workshop +949k, nhận",Salary,income,1
"mua giày, 9326 nghìn by scan qr",Shopping,expense,1
"wifi tháng, quẹt thẻ 688 ngàn, hơi cấn",Housing,expense,1
"mua sữa, banking app 6củ",Essentials,expense,1
mua rau 973k,Essentials,expense,1
"tiết kiệm online +2.7củ, xe đẩy đầu ngõ",Investment,income,1
food court trung tâm thương mại khác; 26tr,Others,expense,1
"escape room 300 ngàn ở vỉa hè, khum",Entertainment,expense,1
"đi pub ở xe đẩy đầu ngõ, quẹt thẻ 8725k đồng",Entertainment,expense,1
"tiết kiệm online, vào tài khoản 20 ngàn",Investment,income,1
"quỹ du lịch, banking app 27củ, khum",Savings,expense,1
quỹ du lịch 18.6củ,Savings,expense,1
"viện phí, trả 69k đồng qua chuyển khoản",Health,expense,1
"siêu thị tuần 45 nghìn, gấp gấp",Essentials,expense,1
"gửi xe 88 nghìn ở hẻm nhỏ, mlem",Transport,expense,1
skincare set 13 ngàn,Beauty,expense,1
"di choi khong ne, gặp",Bonus,income,0
"be car 26.3củ ở chợ đêm, hơi cấn, 10 lít",Transport,expense,1
"oke de toi check, gặp ở chợ đêm",Business,income,0
"đi khu trọ rồi mua thuốc, bay ngàn, cả 18 ngàn",Health,expense,1
"quán cóc: đổ xăng 20k đồng, xử lý, 1 lít",Transport,expense,1
trả góp 17tr,Business,income,1
"nhà nội vitamin , 33củ",Health,expense,1
xe đẩy đầu ngõ mừng cưới; 429k vnđ,Social,expense,1
"Đi hẻm nhỏ rồi bỏ heo, bay 4.9tr, cảm giác khum",Savings,expense,1
xong viec ping toi #2894,Business,income,0
"mua vở bút, quẹt thẻ 45k vnđ, gấp gấp",Education,expense,1
để dành mua nhà 5.505 nghìn ở ở nhà,Savings,expense,1
"92 nghìn, done by tiền mặt",Business,income,1
"chi phí linh tinh, trả 17.3củ qua chuyển khoản",Others,expense,1
thu hồi khoản vay 2.545k đồng tai xe đẩy đầu ngõ,Debt,expense,1
"bún bò tại hẻm nhỏ, trả 9.291k",Food,expense,1
mua nhu yếu phẩm tặng 9.273k vnđ tai ở nhà,Charity,expense,1
vỉa hè: nạp game 19.1tr,Entertainment,expense,1
"đi quán cóc rồi đổ xăng, bay ngàn, cảm 4.363 ngàn",Transport,expense,1
"mua bánh mì in xe đẩy đầu ngõ, đồng by 3.137k",Food,expense,1
"random charge 18 ngàn, bắn qua chuyển khoản",Business,income,1
ở nhà: wifi tháng 12k vnđ,Housing,expense,1
sảnh tòa nhà wax; 20k vnđ bằng scan qr,Beauty,expense,1
quán cóc: ship hàng 12củ,Transport,expense,1
"xét nghiệm, trả 28củ",Health,expense,1
"đăng ký khóa học +273k đồng, nhận",Salary,income,1
"gội dưỡng sinh, 13củ by quẹt thẻ",Beauty,expense,1
trả góp 5.5tr,Debt,expense,1
"mai tinh tiep nha, chill",Business,income,0
"Đi rồi bỏ heo, bay 3.909 ngàn, cảm giác hơi cấn",Savings,expense,1
khu trọ: viện phí 2347 ngàn,Health,expense,1
pantry văn phòng gửi phong bì; 18k vnđ bằng banking app,Bonus,income,1
"chi phí linh tinh, vào tài khoản 2.007k đồng",Business,income,1
ở nhà mua sữa; 9964k bằng chuyển khoản,Essentials,expense,1
ủng hộ y tế 23củ,Charity,expense,1
"22tr, done by chuyển khoản",Business,income,1
"quỹ khẩn cấp, vào tài khoản 911k vnđ, lụm",Business,income,1
"mua thịt, scan qr 12 ngàn",Essentials,expense,1
khu trọ sửa ống nước; 7855k đồng,Housing,expense,1
ủng hộ y tế 8.4tr tai chợ đêm,Charity,expense,1
"trả góp, trả 879k đồng",Debt,expense,1
đi sảnh tòa nhà rồi mua tài khoản học 99k,Education,expense,1
"chung cư thu hồi khoản vay , 1565k đồng, khum",Debt,expense,1
"gửi tiết kiệm 639 nghìn, bắn qua scan qr",Investment,income,1
"vitamin, trả 4.103 nghìn",Health,expense,1
lẩu mini 1củ tai vỉa hè,Food,expense,1
"mừng cưới, vào tài khoản 152 ngàn",Business,income,1
"vay tạm, trả 25 nghìn",Debt,expense,1
"đi pantry văn phòng rồi nail, bay ảm g 2.1tr",Beauty,expense,1
"Đi nhà nội rồi tiền nước, bay 256 ngàn, cảm giác",Housing,expense,1
coworking: đóng học phí 854k,Education,expense,1
hẻm nhỏ: dịch vụ phát sinh 26.4tr,Others,expense,1
"lặt vặt, 5củ by quẹt thẻ",Others,expense,1
"đầu tư đất nền, trả 702 ngàn qua banking app",Investment,expense,1
mua tài khoản học online 33 ngàn,Education,expense,1
cho tặng bữa ăn 7.463 nghìn tai chợ đêm,Charity,expense,1
"bảo hiểm y tế 10tr, lụm",Health,expense,1
"đi quán cóc rồi chi phí linh tinh, bay 441k",Others,expense,1
"mua tài khoản học online 680 ngàn, bắn qua chuyển khoản",Business,income,1
hẻm nhỏ taxi; 4914k đồng,Transport,expense,1
business +20.6củ,Business,income,1
"chi phí linh tinh +18 nghìn, nhận",Salary,income,1
mua thuốc 612 nghìn,Health,expense,1
off 1 bua nha team #2948,Business,income,0
"cho xin review nhe, chill",Business,income,0
quà handmade 9.7củ,Business,income,1
"537k đồng, done by quẹt thẻ",Business,income,1
siêu thị tuần 330 nghìn,Essentials,expense,1
để dành mua nhà 682 nghìn,Savings,expense,1
"mua trái phiếu, scan qr 532k đồng",Investment,expense,1
"xe đẩy đầu ngõ phở gà , 4866 nghìn",Food,expense,1
ở nhà: để dành mua nhà 278k đồng,Savings,expense,1
"taxi, trả 1589k đồng qua scan qr",Transport,expense,1
"để dành mua nhà, trả 2974 nghìn",Savings,expense,1
lệ phí thi 16.1tr,Education,expense,1
quỹ du lịch 29củ tai hẻm nhỏ,Savings,expense,1
mua toner 88k vnđ,Beauty,expense,1
nạp margin 6203 nghìn,Business,income,1
"đồ pet, 24củ by scan qr",Essentials,expense,1
trip cuối tuần 99k đồng ở xe đẩy đầu ngõ,Entertainment,expense,1
ở nhà: khám nha 25k đồng,Health,expense,1
quà handmade 8.9tr,Social,expense,1
mua hoa 1580k,Business,income,1
"trip cuối tuần, 33k by chuyển khoản",Entertainment,expense,1
mua chăn ấm 35.4củ,Charity,expense,1
đầu tư đất nền 9157k,Investment,expense,1
mua mua 468k,Beauty,expense,1
"28tr, done by chuyển khoản",Business,income,1
"bỏ heo 2tr, bắn qua scan qr",Business,income,1
"đi spa, scan qr 11.4tr",Entertainment,expense,1
lẩu mini 88 nghìn tai vỉa hè,Food,expense,1
"lặt vặt +20k, mall lunch zone",Business,income,1
ngàn +866 ngàn,Business,income,1
"tiết kiệm học phí, vào tài khoản 6.877 ngàn",Investment,income,1
tiền mừng 45k,Business,income,1
"12k vnđ, done by quẹt thẻ",Business,income,1
"gửi tiết kiệm +2tr, sảnh tòa nhà",Investment,income,1
"khác, vào tài khoản 12 ngàn, hơi cấn",Business,income,1
đòi nợ 916k đồng,Debt,expense,1
"xem phim 18.9củ ở xe đẩy đầu ngõ, lụm",Entertainment,expense,1
food court trung tâm thương mại wax; 69k,Beauty,expense,1
workshop 7.754k,Business,income,1
"thu hồi khoản vay, quẹt thẻ 99 nghìn, lụm",Debt,expense,1
"gội dưỡng sinh, 10củ by chuyển khoản",Beauty,expense,1
khám nha khoa 601k,Health,expense,1
"Đi vỉa hè rồi trà sữa, bay 8347 nghìn, cảm giác",Food,expense,1
mua tài liệu 1570k,Business,income,1
"chi phí linh tinh +7.519k đồng, mall lunch zone",Business,income,1
"quán cóc mừng cưới , 11tr, lụm",Social,expense,1
"transaction fee +280k đồng, nhận tại xe đẩy đầu ngõ",Salary,income,1
"ở nhà mua vàng , 25k",Investment,expense,1
"để dành mua nhà, scan qr 382 nghìn, lụm",Savings,expense,1
trả góp +25tr,Bonus,income,1
mua xe đẩy đầu ngõ vé lễ hội; nghìn bằn 33 nghìn,Entertainment,expense,1
"chung cư đồ ăn dự trữ , 19tr",Essentials,expense,1
phí cầu đường 23củ,Transport,expense,1
mua serum 9602k đồng,Beauty,expense,1
"chung cư tiêm ngừa , 9.160k",Health,expense,1
mua mũ 913k,Education,expense,1
ủng hộ bão lũ 613 ngàn,Business,income,1
